ticker,themes,score,setup,price,mcap_usd,rsi,macd_hist,chg_1d,chg_7d,chg_1m,avg_dollar_vol,dist_to_high_pct,base_depth_pct,bbwidth_pctile,vol_dryup,overext,c_trend,c_base,c_vcp,c_volume,c_pivot,c_momentum,c_rs,c_hi52,sector,first_scan_date,first_scan_price,pct_since_first,days_tracked
FRSH,,91.3,Squeeze / VCP prêt à casser,13.76,3590269823.0,64.6,0.082,4.08,9.38,8.09,64586364.0,1.6,22.6,16.0,1.0,0.0,0.834,1.0,0.631,1.0,1.0,0.864,0.968,0.859,Information Technology,2026-07-03,10.34,33.08,96
SXC,,89.6,Squeeze / VCP prêt à casser,10.04,852143494.0,57.4,0.016,1.01,7.61,-2.81,10255636.0,6.0,31.0,6.0,0.91,0.0,0.758,1.0,0.837,0.954,1.0,0.9,0.905,0.8,Materials,2026-07-03,7.82,28.39,96
NKSH,,89.0,Squeeze / VCP prêt à casser,43.18,275083372.0,60.1,-0.009,0.49,2.2,2.64,1400181.0,0.3,13.0,2.0,0.62,0.0,0.779,1.0,0.93,0.811,0.92,0.855,0.905,0.975,Financials,2026-07-03,36.55,18.14,96
EFSI,,88.5,Squeeze / VCP prêt à casser,45.76,247635502.0,59.6,-0.152,0.46,0.35,9.21,1854046.0,5.0,17.2,1.0,0.88,0.0,0.804,1.0,0.995,0.94,1.0,0.807,0.841,0.833,Financials,2026-07-03,40.91,11.86,96
GCT,,87.5,Squeeze / VCP prêt à casser,54.76,1955492578.0,61.1,-0.015,0.18,8.63,5.82,34600949.0,2.7,31.9,4.0,0.23,0.0,0.888,1.0,0.784,0.617,1.0,0.859,0.976,0.911,Information Technology,2026-07-03,33.21,64.89,96
RBKB,,87.3,Momentum en formation,13.22,206707471.0,61.9,0.024,-0.08,3.28,3.12,1958139.0,0.2,11.5,25.0,0.44,0.0,0.749,0.912,0.777,0.722,0.891,0.93,0.937,0.984,Financials,2026-07-23,12.04,9.8,76
LILA,,86.7,Fin d'accumulation,8.89,1741551000.0,59.7,0.005,0.91,5.33,4.34,3026103.0,1.1,13.5,31.0,0.94,0.0,0.775,1.0,0.56,0.645,1.0,0.927,0.944,0.965,Communication Services,2026-07-03,7.62,16.67,96
JAKK,,86.6,Cup & Handle probable,27.43,313936679.0,71.6,0.352,-1.26,8.29,11.59,1812133.0,1.8,16.0,89.0,1.0,0.0,0.825,1.0,0.17,1.0,1.0,0.684,0.96,0.939,Consumer Discretionary,2026-07-03,23.44,17.02,96
BWLP,,85.5,Squeeze / VCP prêt à casser,25.59,4076026380.0,61.6,-0.027,-1.35,3.69,7.03,9626019.0,3.3,24.5,2.0,0.27,0.0,0.886,1.0,0.697,0.636,1.0,0.847,0.913,0.889,Energy,2026-07-03,18.37,39.3,96
AMPL,,85.0,Squeeze / VCP prêt à casser,14.79,1847508616.0,66.4,0.083,-0.6,8.43,13.59,22794580.0,0.9,44.0,18.0,0.62,0.0,1.0,0.333,0.601,0.808,1.0,0.815,0.992,0.925,Information Technology,2026-07-03,8.84,67.31,96
TITN,,84.9,Setup en formation,25.2,593029004.0,64.1,-0.007,-0.51,7.33,-3.89,4660815.0,6.3,38.4,2.0,0.76,0.0,0.937,0.644,0.966,0.609,0.96,0.926,0.968,0.789,Industrials,2026-07-03,18.34,37.4,96
ITGR,,84.7,Squeeze / VCP prêt à casser,126.47,4298974311.0,74.4,-0.362,0.02,0.11,-0.02,94078903.0,0.3,22.4,3.0,1.0,0.0,0.817,1.0,0.981,1.0,0.904,0.639,0.675,0.991,Health Care,2026-07-03,95.14,32.93,96
HSTM,,84.2,Momentum en formation,31.31,957957222.0,70.9,0.226,-0.73,5.28,7.23,5559813.0,1.7,13.6,52.0,0.34,0.0,0.807,1.0,0.603,0.671,1.0,0.681,0.984,0.945,Health Care,2026-07-03,28.41,10.21,96
NUTX,,84.1,Squeeze / VCP prêt à casser,218.4,1495597303.0,59.0,0.024,-2.93,3.95,13.02,33520534.0,3.2,37.8,5.0,0.17,0.0,0.988,0.675,0.836,0.571,1.0,0.837,0.944,0.886,Health Care,2026-07-03,196.53,11.13,96
DMLP,,83.9,Cup & Handle probable,29.12,1429296344.0,53.9,-0.112,0.45,2.0,-0.31,2780772.0,4.6,17.0,40.0,1.0,0.0,0.739,1.0,0.362,1.0,1.0,0.899,0.706,0.845,Energy,2026-07-03,25.37,14.78,96
INFU,,83.8,Cup & Handle probable,13.27,264300992.0,64.5,0.02,-1.63,1.84,8.42,1857511.0,4.2,35.9,29.0,0.21,0.0,0.919,0.784,0.61,0.604,1.0,0.842,0.976,0.86,Health Care,2026-07-03,10.16,30.61,96
TK,,83.7,Squeeze / VCP prêt à casser,14.7,1275644420.0,62.7,0.017,-1.74,4.18,7.85,8472854.0,3.6,28.9,22.0,0.11,0.0,0.902,1.0,0.467,0.554,1.0,0.854,0.952,0.88,Energy,2026-07-03,10.31,42.58,96
HVT,,83.2,Squeeze / VCP prêt à casser,27.92,435374038.0,54.9,-0.012,0.11,1.53,-2.24,3348072.0,5.3,17.8,1.0,0.44,0.0,0.759,1.0,0.974,0.721,1.0,0.829,0.77,0.824,Consumer Discretionary,2026-07-03,24.97,11.81,96
BSVN,,83.0,Squeeze / VCP prêt à casser,55.68,530399662.0,60.7,-0.063,-0.16,0.72,-2.51,2955787.0,2.9,14.6,2.0,0.0,0.0,0.825,1.0,0.911,0.5,1.0,0.815,0.881,0.902,Financials,2026-07-03,49.59,12.28,96
LPG,,82.9,Squeeze / VCP prêt à casser,56.45,2415082342.0,59.4,-0.125,-2.06,4.09,2.26,35690331.0,5.9,29.8,8.0,0.11,0.0,0.918,1.0,0.552,0.556,1.0,0.852,0.929,0.804,Energy,2026-07-03,36.01,56.76,96
CYRX,,82.8,Cup & Handle probable,17.8,901553980.0,64.9,0.047,-1.87,2.77,12.59,12306256.0,2.4,21.5,57.0,0.0,0.0,0.891,1.0,0.464,0.487,1.0,0.804,0.992,0.898,Industrials,2026-07-03,15.49,14.91,96
RCMT,,82.8,Squeeze / VCP prêt à casser,41.31,293745454.0,58.7,-0.121,-0.67,0.27,0.81,3004465.0,4.1,35.0,23.0,0.19,0.0,0.952,0.832,0.861,0.595,1.0,0.814,0.841,0.862,Industrials,2026-07-03,28.5,44.95,96
ATKR,equipement_electrique,82.7,Squeeze / VCP prêt à casser,94.72,3198935936.0,70.4,-0.25,-0.06,-0.01,1.02,76387888.0,0.2,25.8,7.0,0.64,0.0,0.807,1.0,0.957,0.812,0.867,0.691,0.714,0.994,Industrials,2026-07-03,69.21,36.86,96
TNK,,82.5,Squeeze / VCP prêt à casser,101.24,3507344184.0,63.1,0.035,-2.07,4.58,8.43,49171272.0,4.0,29.9,13.0,0.0,0.0,0.922,1.0,0.524,0.488,1.0,0.865,0.921,0.865,Energy,2026-07-03,67.6,49.76,96
KN,,82.4,Cup & Handle probable,39.19,3347230676.0,63.7,0.376,-0.53,5.01,10.43,24975350.0,4.0,21.2,31.0,0.74,0.0,0.813,1.0,0.742,0.871,1.0,0.844,0.722,0.71,Information Technology,2026-07-03,36.78,6.55,96
CLDT,,82.1,Momentum en formation,13.71,638414568.0,65.4,0.077,-0.07,2.47,5.92,3846483.0,0.9,12.6,29.0,0.35,0.0,0.794,1.0,0.592,0.676,1.0,0.803,0.802,0.919,Real Estate,2026-07-03,13.04,5.14,96
SMTI,,81.9,Squeeze / VCP prêt à casser,35.0,321581225.0,61.9,-0.147,0.0,-0.26,0.78,6337588.0,1.0,26.3,2.0,1.0,0.0,0.845,1.0,0.99,0.5,1.0,0.845,0.722,0.968,Health Care,2026-07-03,24.84,40.9,96
ASC,,81.6,Squeeze / VCP prêt à casser,18.82,767905195.0,57.8,0.019,-2.69,2.06,3.58,11422753.0,5.4,23.6,11.0,0.2,0.0,0.848,1.0,0.635,0.6,1.0,0.831,0.849,0.819,Industrials,2026-07-03,14.86,26.65,96
CBZ,,81.5,Squeeze / VCP prêt à casser,54.74,2970404736.0,69.6,-0.152,0.04,0.09,-0.2,53489934.0,1.5,17.9,2.0,1.0,0.0,0.832,1.0,0.99,0.716,1.0,0.823,0.619,0.877,Industrials,2026-07-03,35.12,55.87,96
PARR,,81.4,Cup & Handle probable,86.91,4354158583.0,60.9,0.55,-0.7,10.98,6.87,79652488.0,1.6,26.4,32.0,0.34,0.0,0.818,1.0,0.619,0.352,1.0,0.872,0.944,0.928,Energy,2026-07-03,58.49,48.59,96
TWIN,,81.0,Cup & Handle probable,28.56,415231441.0,75.8,0.296,-0.56,7.98,19.75,2285661.0,2.3,24.6,56.0,0.41,0.0,0.981,1.0,0.504,0.639,1.0,0.461,0.984,0.922,Industrials,2026-07-03,22.86,24.93,96
UFCS,,81.0,Squeeze / VCP prêt à casser,54.87,1410457438.0,57.5,0.049,0.4,2.5,-1.98,7633504.0,3.3,10.7,5.0,0.47,0.0,0.731,0.783,0.583,0.735,1.0,0.864,0.794,0.89,Financials,2026-07-03,53.93,1.74,96
BTX,,81.0,Cup & Handle probable,9.49,2237705691.0,69.1,0.053,1.17,6.03,6.81,3788049.0,-1.2,19.5,30.0,0.75,0.0,0.797,1.0,0.759,0.728,0.331,0.748,0.976,1.0,Financials,2026-07-03,8.6,10.35,96
REPX,,80.9,Cup & Handle probable,42.87,949732763.0,60.5,-0.086,-0.14,7.74,2.24,15254422.0,5.4,28.4,35.0,0.0,0.0,0.819,1.0,0.448,0.5,1.0,0.933,0.881,0.82,Energy,2026-07-03,32.51,31.87,96
AMN,,80.8,Cup & Handle probable,36.73,1422552569.0,65.4,0.264,-0.3,5.09,8.67,22637697.0,1.3,18.9,26.0,0.38,0.0,0.819,1.0,0.843,0.327,1.0,0.833,0.952,0.852,Health Care,2026-07-03,34.75,5.7,96
DV,,80.8,Squeeze / VCP prêt à casser,13.48,2089222698.0,63.8,-0.032,0.3,0.6,0.9,49434144.0,1.2,20.8,6.0,0.28,0.0,0.799,1.0,0.967,0.428,1.0,0.884,0.73,0.958,Communication Services,2026-07-03,11.44,17.83,96
BST,,80.6,Cup & Handle probable,51.04,1130935643.0,63.8,0.164,1.03,2.2,5.92,6371995.0,2.4,20.6,33.0,0.0,0.0,0.828,1.0,0.405,0.413,1.0,0.807,0.976,0.918,Financials,2026-07-03,48.5,5.24,96
DAC,,80.6,Cup & Handle probable,165.94,3020684642.0,70.7,0.502,0.07,7.42,6.88,22693152.0,1.1,20.1,58.0,0.0,0.0,0.847,1.0,0.265,0.5,1.0,0.72,0.976,0.964,Industrials,2026-07-03,122.32,35.66,96
FMAO,,80.6,Squeeze / VCP prêt à casser,35.34,486743545.0,56.5,-0.053,-0.08,1.82,0.2,1775478.0,2.2,15.5,1.0,0.91,0.0,0.77,1.0,0.86,0.454,1.0,0.858,0.786,0.928,Financials,2026-07-03,30.67,15.23,96
ACCO,,80.4,Squeeze / VCP prêt à casser,4.37,403384072.0,57.6,0.006,0.69,3.31,-1.13,2717446.0,2.4,8.8,9.0,0.39,0.0,0.749,0.462,0.701,0.693,1.0,0.858,0.865,0.919,Industrials,2026-07-03,4.2,4.05,96
FLYW,,80.3,Setup en formation,18.22,2216176682.0,58.0,0.099,0.25,5.11,-1.81,25129037.0,7.7,20.9,2.0,0.77,0.0,0.7,1.0,0.938,0.887,0.79,0.901,0.635,0.744,Information Technology,2026-07-03,18.75,-2.83,96
CRCT,,80.0,Cup & Handle probable,6.38,1336255374.0,67.0,0.045,-1.39,-0.47,15.16,3912862.0,4.2,34.5,84.0,0.6,0.0,1.0,0.859,0.398,0.802,1.0,0.423,0.952,0.86,Information Technology,2026-07-03,4.46,43.05,96
SFL,,80.0,Cup & Handle probable,13.3,1768804027.0,57.8,-0.009,-1.48,1.84,5.26,19698369.0,4.9,19.7,33.0,0.04,0.0,0.837,1.0,0.4,0.518,1.0,0.82,0.905,0.838,Industrials,2026-07-03,10.59,25.59,96
PKOH,,80.0,Setup en formation,48.68,705373687.0,62.2,0.07,1.93,3.22,4.73,3365643.0,8.7,29.9,10.0,0.71,0.0,0.855,1.0,0.812,0.58,0.667,0.842,0.96,0.711,Industrials,2026-07-03,36.3,34.1,96
WEAV,,80.0,Squeeze / VCP prêt à casser,7.38,590393498.0,62.7,-0.026,0.27,0.27,0.68,11218064.0,0.3,37.2,13.0,1.0,0.0,0.829,0.713,0.924,0.783,0.908,0.823,0.683,0.861,Health Care,2026-07-03,6.58,12.16,96
NAT,,79.6,Cup & Handle probable,8.22,1740590450.0,65.9,0.007,-1.79,3.01,17.75,41833784.0,5.6,33.5,68.0,0.0,0.0,1.0,0.919,0.19,0.5,1.0,0.792,0.952,0.812,Energy,2026-07-03,5.81,41.48,96
TEN,,79.6,Setup en formation,50.47,1520540123.0,63.6,-0.036,-1.6,7.0,15.39,28345186.0,6.3,30.8,75.0,0.0,0.0,0.901,1.0,0.148,0.5,0.968,0.887,0.937,0.791,Energy,2026-07-03,37.37,35.05,96
CIX,,79.3,Cup & Handle probable,39.0,481129623.0,61.4,-0.163,2.01,3.26,11.43,1409313.0,3.2,37.3,40.0,0.0,0.0,0.999,0.704,0.357,0.386,1.0,0.832,0.976,0.893,Industrials,2026-09-22,38.49,1.33,15
GNE,,79.3,Squeeze / VCP prêt à casser,16.42,432168210.0,62.6,-0.012,1.92,1.67,5.87,1330150.0,2.4,19.5,7.0,0.01,0.0,0.826,1.0,0.753,0.237,1.0,0.81,0.944,0.919,Utilities,2026-07-03,14.62,12.31,96
DHT,,79.2,Cup & Handle probable,23.52,3787699302.0,68.0,0.045,-1.26,4.91,12.7,99622637.0,5.8,33.3,51.0,0.0,0.0,0.996,0.925,0.295,0.5,1.0,0.725,0.96,0.805,Energy,2026-07-03,17.18,36.9,96
MG,,79.1,Cup & Handle probable,21.03,669803250.0,61.0,-0.106,1.94,-1.45,9.99,11164835.0,3.4,32.2,33.0,0.0,0.0,0.938,0.989,0.8,0.5,1.0,0.5,0.929,0.887,Industrials,2026-07-03,16.69,26.0,96
OSPN,,79.1,Cup & Handle probable,18.38,677342940.0,67.3,0.015,-0.22,3.14,10.06,10373906.0,0.4,19.2,44.0,0.0,0.0,0.909,1.0,0.583,0.326,0.952,0.728,0.96,0.92,Information Technology,2026-07-03,14.44,27.29,96
BSTZ,,79.0,Cup & Handle probable,31.24,692210609.0,66.8,0.18,0.77,5.43,5.85,5840115.0,1.6,21.5,51.0,0.05,0.0,0.811,1.0,0.398,0.308,1.0,0.793,0.984,0.945,Financials,2026-07-03,29.39,6.29,96
GMAB,,78.9,Cup & Handle probable,37.8,4856423645.0,69.0,0.2,-1.77,6.27,12.5,128905133.0,5.9,30.2,79.0,0.0,0.0,0.916,1.0,0.129,0.5,1.0,0.742,0.992,0.803,Health Care,2026-07-15,28.73,31.57,84
MTW,,78.7,Cup & Handle probable,23.38,843128835.0,66.4,0.007,-0.55,5.7,9.2,11099883.0,2.1,44.2,35.0,0.0,0.0,1.0,0.325,0.434,0.5,1.0,0.811,0.984,0.914,Industrials,2026-07-03,12.52,86.74,96
KRT,,78.6,Cup & Handle probable,53.69,1070134100.0,65.4,0.03,-1.81,1.9,10.95,9927292.0,3.0,30.5,63.0,0.0,0.0,1.0,1.0,0.449,0.5,1.0,0.528,0.944,0.899,Consumer Discretionary,2026-07-03,34.25,56.76,96
PD,,78.6,Squeeze / VCP prêt à casser,15.44,1214354039.0,65.1,-0.001,-0.96,3.28,13.36,24235392.0,2.6,38.1,9.0,0.09,0.0,1.0,0.664,0.666,0.418,1.0,0.802,0.976,0.736,Information Technology,2026-07-03,9.98,54.71,96
WEYS,,78.6,Cup & Handle probable,50.96,486718094.0,72.1,0.448,1.53,5.14,12.32,1602169.0,1.0,26.1,89.0,0.0,0.0,0.953,1.0,0.209,0.5,1.0,0.542,0.984,0.965,Consumer Discretionary,2026-08-13,46.73,9.05,55
JILL,,78.6,Squeeze / VCP prêt à casser,24.76,368007311.0,70.4,-0.108,0.57,1.14,24.38,6823854.0,1.5,31.2,8.0,0.0,0.0,1.0,1.0,0.815,0.5,1.0,0.325,0.96,0.95,Consumer Discretionary,2026-07-03,16.49,50.15,96
MLAB,,78.5,Cup & Handle probable,136.06,761373936.0,59.3,0.028,-4.34,3.88,6.48,16301024.0,5.1,35.2,54.0,0.65,0.0,0.955,0.821,0.4,0.324,1.0,0.863,0.984,0.809,Information Technology,2026-07-03,105.54,28.92,96
UFPT,,78.5,En base (loin du pivot),302.87,2345967417.0,60.1,2.117,-1.45,2.0,4.88,32464745.0,10.6,26.5,41.0,1.0,0.0,0.82,1.0,0.716,0.971,0.427,0.821,0.802,0.647,Health Care,2026-07-03,272.36,11.2,96
BOX,,78.5,Cup & Handle probable,35.27,4839071264.0,60.9,0.188,-0.2,7.69,0.23,89876164.0,2.9,16.6,44.0,0.56,0.0,0.758,1.0,0.513,0.278,1.0,0.929,0.897,0.902,Information Technology,2026-07-03,27.89,26.46,96
HRTG,,78.5,Setup en formation,34.17,1015956655.0,55.4,-0.076,0.53,2.03,0.65,9937476.0,6.4,21.6,19.0,0.34,0.0,0.777,1.0,0.886,0.44,0.952,0.893,0.778,0.787,Financials,2026-07-03,27.12,26.0,96
III,,78.5,Cup & Handle probable,5.71,276440868.0,67.6,0.028,-1.89,5.16,10.02,1400673.0,3.2,32.5,83.0,0.0,0.0,0.954,0.974,0.28,0.5,1.0,0.732,0.976,0.734,Information Technology,2026-07-03,4.11,38.93,96
WNC,,78.5,Cup & Handle probable,13.87,565024590.0,61.0,0.202,-0.86,9.38,-3.07,11614365.0,4.7,21.6,43.0,0.76,0.0,0.8,1.0,0.344,0.443,1.0,0.917,0.841,0.844,Industrials,2026-07-03,13.26,4.6,96
OPRT,,78.4,Squeeze / VCP prêt à casser,8.32,382613945.0,58.8,-0.034,-0.72,1.09,5.72,5906614.0,3.9,37.1,6.0,0.0,0.0,0.968,0.719,0.81,0.304,1.0,0.803,0.913,0.869,Financials,2026-07-03,5.9,41.02,96
ECPG,,78.4,Squeeze / VCP prêt à casser,99.19,2103757014.0,54.8,-0.013,1.3,4.14,1.94,30385030.0,5.5,12.5,24.0,0.61,0.0,0.711,1.0,0.778,0.47,1.0,0.891,0.77,0.816,Financials,2026-07-03,90.61,9.47,96
FET,,78.3,Setup en formation,84.43,968639977.0,58.5,-0.044,-3.37,4.92,5.16,15521696.0,6.1,44.1,7.0,0.38,0.0,0.915,0.328,0.84,0.489,0.986,0.87,0.937,0.796,Energy,2026-07-03,46.98,79.71,96
HAE,,78.2,Setup en formation,103.52,4709854720.0,49.1,-0.857,-1.11,-2.16,0.58,59409542.0,6.3,27.2,2.0,0.81,0.0,0.863,1.0,0.939,0.802,0.966,0.487,0.73,0.791,Health Care,2026-07-03,75.07,37.9,96
GSL,,78.2,Squeeze / VCP prêt à casser,45.5,1634280102.0,56.4,-0.012,-0.78,3.34,-1.94,13467186.0,2.3,15.1,8.0,0.5,0.0,0.758,1.0,0.657,0.33,1.0,0.884,0.817,0.923,Industrials,2026-07-03,38.11,19.39,96
AUDC,,78.2,Cup & Handle probable,10.89,267794346.0,63.2,0.053,0.83,2.74,7.29,1191683.0,3.5,21.3,78.0,0.2,0.0,0.881,1.0,0.251,0.598,1.0,0.524,0.976,0.885,Information Technology,2026-07-03,9.72,12.04,96
FLXS,,78.1,Cup & Handle probable,87.81,359295777.0,61.7,0.166,-0.27,1.97,7.19,8071610.0,2.9,22.8,55.0,0.0,0.0,0.934,1.0,0.484,0.202,1.0,0.803,0.952,0.905,Consumer Discretionary,2026-07-03,72.49,21.13,96
NSIT,,78.1,Squeeze / VCP prêt à casser,159.49,4680848087.0,55.7,-0.506,0.06,2.47,-0.93,60651042.0,5.3,27.5,1.0,0.21,0.0,0.869,1.0,0.775,0.295,1.0,0.825,0.865,0.822,Information Technology,2026-07-03,113.34,40.72,96
ALNT,gestion_thermique,78.1,Cup & Handle probable,117.24,1993374390.0,65.0,1.063,-1.17,4.59,23.91,23729891.0,3.4,35.5,65.0,0.53,0.0,1.0,0.807,0.371,0.576,1.0,0.517,0.976,0.885,Information Technology,2026-07-03,86.89,34.93,96
STNG,,78.1,Squeeze / VCP prêt à casser,86.23,4463505382.0,62.1,0.067,-0.21,3.18,4.71,99408089.0,4.3,18.8,17.0,0.0,0.0,0.791,1.0,0.495,0.5,1.0,0.842,0.786,0.858,Energy,2026-07-03,73.01,18.11,96
CBNK,,78.0,Momentum en formation,39.59,644939153.0,67.7,0.467,-1.07,11.05,7.06,5177469.0,2.7,12.8,100.0,0.0,0.0,0.813,1.0,0.0,0.5,1.0,0.756,0.952,0.909,Financials,2026-07-03,35.52,11.46,96
OPY,,77.8,Squeeze / VCP prêt à casser,120.58,1291171243.0,54.6,0.206,-0.9,1.58,-1.88,14618023.0,4.2,18.5,16.0,0.25,0.0,0.772,1.0,0.642,0.518,1.0,0.829,0.73,0.86,Financials,2026-07-03,109.46,10.16,96
DDI,,77.8,Momentum en formation,13.4,664016096.0,67.2,0.018,1.21,2.6,4.52,2608056.0,1.0,14.9,31.0,0.0,0.0,0.816,1.0,0.687,0.176,1.0,0.735,0.976,0.961,Communication Services,2026-07-03,11.49,16.62,96
LILAK,,77.8,Momentum en formation,8.86,1735674000.0,59.9,0.004,1.03,5.66,4.85,11696142.0,0.6,13.3,33.0,0.23,0.0,0.777,1.0,0.476,0.116,1.0,0.919,0.944,0.978,Communication Services,2026-07-03,7.63,16.12,96
FTRE,,77.7,Cup & Handle probable,20.78,1976178000.0,60.7,0.088,-1.56,5.27,17.4,32705602.0,2.9,24.9,66.0,0.0,0.0,0.887,1.0,0.237,0.5,1.0,0.832,0.976,0.613,Health Care,2026-07-03,17.28,20.25,96
HZO,,77.4,Squeeze / VCP prêt à casser,52.39,1157124623.0,73.3,-0.308,0.08,0.29,0.44,39896009.0,0.3,38.9,8.0,0.23,0.0,0.894,0.614,0.952,0.613,0.929,0.681,0.698,0.989,Consumer Discretionary,2026-07-03,34.48,51.94,96
FEIM,,77.2,Cup & Handle probable,87.13,982241496.0,61.7,-0.255,1.95,3.54,43.61,35771264.0,2.9,37.7,34.0,0.0,0.0,1.0,0.681,0.709,0.488,1.0,0.52,0.937,0.902,Information Technology,2026-07-03,64.59,34.9,96
LEGH,,77.1,Setup en formation,28.91,687567629.0,55.3,0.039,-0.99,-0.1,1.76,2270537.0,7.8,18.8,47.0,0.84,0.0,0.805,1.0,0.571,0.919,0.781,0.526,0.817,0.742,Consumer Discretionary,2026-07-03,26.38,9.59,96
CON,,77.0,Squeeze / VCP prêt à casser,36.4,4641645590.0,63.3,0.054,0.52,3.0,5.6,37171300.0,0.8,18.1,21.0,0.0,0.0,0.808,1.0,0.648,0.0,1.0,0.889,0.968,0.961,Health Care,2026-07-03,31.91,14.07,96
RDVT,,76.9,Squeeze / VCP prêt à casser,78.02,1251984990.0,55.5,-0.092,-2.34,-1.64,2.47,15247224.0,4.6,24.0,7.0,0.73,0.0,0.928,1.0,0.842,0.406,1.0,0.507,0.905,0.846,Information Technology,2026-07-03,65.52,19.08,96
USPH,,76.8,Cup & Handle probable,83.63,1247985234.0,56.7,-0.162,-0.39,-2.93,5.39,15724833.0,4.3,19.6,48.0,0.49,0.0,0.852,1.0,0.644,0.747,1.0,0.5,0.817,0.725,Health Care,2026-07-03,72.35,15.59,96
GIC,,76.8,Cup & Handle probable,43.44,1655426333.0,73.1,0.168,-0.32,2.53,9.12,6335914.0,1.0,21.1,72.0,0.0,0.0,0.915,1.0,0.181,0.5,1.0,0.499,0.976,0.931,Industrials,2026-07-03,33.21,30.8,96
SND,,76.8,Squeeze / VCP prêt à casser,5.32,225563005.0,57.1,-0.001,-0.56,5.14,0.0,1378899.0,2.9,25.9,3.0,0.33,0.0,0.786,1.0,0.901,0.485,1.0,0.87,0.683,0.727,Energy,2026-07-03,4.7,13.19,96
STLN,,76.7,Setup en formation,6.58,670608037.0,54.1,-0.052,4.44,1.08,10.96,8769402.0,7.7,34.1,9.0,0.57,0.0,0.82,0.884,0.826,0.467,0.786,0.82,0.881,0.743,Health Care,2026-08-11,6.16,6.82,57
CRSR,,76.6,Setup en formation,13.64,1475533721.0,59.0,-0.051,0.81,1.34,7.23,14218093.0,8.9,33.8,1.0,1.0,0.0,0.971,0.902,0.995,0.716,0.633,0.526,0.881,0.702,Information Technology,2026-07-03,8.9,53.26,96
NMM,,76.5,Squeeze / VCP prêt à casser,91.38,2665399894.0,54.8,-0.253,-1.35,0.43,-0.85,16074737.0,3.8,18.9,4.0,0.0,0.0,0.831,1.0,0.664,0.258,1.0,0.843,0.817,0.873,Industrials,2026-07-03,72.47,26.09,96
WTBA,,76.5,Squeeze / VCP prêt à casser,29.53,503301731.0,55.9,0.015,0.27,3.32,0.82,1648300.0,3.2,10.4,5.0,0.52,0.0,0.758,0.738,0.613,0.333,1.0,0.887,0.865,0.894,Financials,2026-07-03,27.09,9.01,96
ALRM,,76.5,Squeeze / VCP prêt à casser,56.11,2754452693.0,60.5,0.254,-0.23,4.22,-0.66,26558991.0,3.5,10.4,14.0,0.0,0.0,0.715,0.727,0.726,0.5,1.0,0.896,0.722,0.883,Information Technology,2026-07-03,49.69,12.92,96
DKL,,76.4,Setup en formation,56.22,3249364262.0,56.2,0.068,1.66,5.68,0.93,13186165.0,6.8,16.1,36.0,0.0,0.0,0.7,1.0,0.755,0.5,0.896,0.936,0.706,0.772,Energy,2026-07-03,52.25,7.6,96
BOW,,76.4,Squeeze / VCP prêt à casser,33.78,1112814709.0,59.2,-0.047,-0.06,0.03,0.39,9928300.0,3.7,14.3,2.0,0.67,0.0,0.764,1.0,0.99,0.408,1.0,0.82,0.643,0.877,Financials,2026-07-03,31.48,7.31,96
JOYY,,76.3,Setup en formation,80.65,4171378655.0,70.4,0.092,0.19,2.02,9.64,27851781.0,0.6,13.6,60.0,0.07,0.0,0.869,1.0,0.486,0.535,1.0,0.312,0.976,0.971,Communication Services,2026-07-03,67.26,19.91,96
GTE,,76.1,Setup en formation,10.46,370079287.0,58.1,-0.014,-0.19,7.28,3.56,6058542.0,9.2,45.1,23.0,1.0,0.0,0.84,0.275,0.81,0.751,0.6,0.917,0.913,0.693,Energy,2026-07-03,5.91,76.99,96
CBLL,,76.1,Squeeze / VCP prêt à casser,24.34,934122978.0,53.5,-0.101,-2.09,-2.09,-1.54,8409208.0,5.0,32.4,10.0,0.53,0.0,0.836,0.979,0.763,0.264,1.0,0.838,0.802,0.833,Health Care,2026-07-03,19.55,24.5,96
ARX,,76.0,Squeeze / VCP prêt à casser,19.73,4285130131.0,69.2,-0.15,0.0,0.0,-0.75,39615346.0,0.9,45.9,1.0,1.0,0.0,0.91,0.228,0.995,0.5,1.0,0.814,0.722,0.972,Financials,2026-07-03,13.77,43.28,96
PLUS,,75.9,Squeeze / VCP prêt à casser,94.16,2456673759.0,62.5,0.195,1.23,4.83,2.24,21845258.0,3.8,13.2,10.0,0.25,0.0,0.758,1.0,0.852,0.125,1.0,0.864,0.857,0.875,Information Technology,2026-07-03,80.82,16.51,96
IOSP,,75.8,Cup & Handle probable,98.55,2427389682.0,64.9,0.151,0.92,1.89,4.9,22345425.0,1.9,16.6,67.0,0.0,0.0,0.823,1.0,0.301,0.126,1.0,0.832,0.968,0.936,Materials,2026-07-03,83.1,18.59,96
KSS,,75.7,Cup & Handle probable,19.63,2225579615.0,63.0,0.274,0.51,7.15,1.66,69543275.0,3.8,22.0,52.0,0.31,0.0,0.802,1.0,0.502,0.653,1.0,0.835,0.905,0.34,Consumer Discretionary,2026-07-03,18.19,7.92,96
CHEF,,75.7,Setup en formation,111.21,4536932390.0,50.8,0.057,0.13,-0.26,-2.75,67405864.0,6.2,18.9,6.0,0.63,0.0,0.793,1.0,0.792,0.699,0.98,0.548,0.706,0.795,Consumer Staples,2026-07-03,95.62,16.3,96
CMTV,,75.7,Momentum en formation,42.73,239326542.0,60.3,0.181,1.59,3.39,6.93,1728753.0,2.4,11.8,35.0,0.0,0.0,0.76,0.965,0.79,0.179,1.0,0.827,0.833,0.922,Financials,2026-07-03,39.13,9.2,96
NVEC,semiconducteurs,75.6,En base (loin du pivot),116.53,563674954.0,67.5,1.435,2.1,4.92,16.07,10405741.0,12.0,28.9,28.0,1.0,0.0,0.826,1.0,0.833,1.0,0.25,0.712,0.825,0.569,Information Technology,2026-07-03,98.22,18.64,96
SCSC,,75.5,Setup en formation,60.94,1227502963.0,61.9,0.28,-0.11,5.34,4.21,15988274.0,8.7,26.0,25.0,0.27,0.0,0.849,1.0,0.848,0.308,0.657,0.819,0.968,0.708,Information Technology,2026-07-03,50.87,19.8,96
PAYS,,75.5,Cup & Handle probable,14.36,810796560.0,63.5,0.165,-3.04,11.75,6.77,11178722.0,3.8,41.1,49.0,0.0,0.0,1.0,0.497,0.513,0.196,1.0,0.867,0.96,0.873,Information Technology,2026-07-03,8.26,73.85,96
FRNM,,75.4,Setup en formation,16.36,1757829877.0,57.9,-0.068,-2.79,2.76,0.31,14136525.0,6.5,43.0,60.0,0.08,0.0,0.989,0.387,0.238,0.541,0.936,0.842,0.929,0.783,Health Care,2026-07-23,13.14,24.51,76
DXPE,,75.3,Setup en formation,191.65,2973861414.0,54.9,0.399,-2.12,4.98,4.16,25852398.0,7.9,29.3,21.0,0.15,0.0,0.785,1.0,0.775,0.393,0.767,0.893,0.81,0.738,Industrials,2026-07-03,157.98,21.31,96
PUBM,,75.3,Cup & Handle probable,18.35,835843619.0,58.8,-0.007,-1.34,-2.39,11.21,13454750.0,5.8,36.1,48.0,0.07,0.0,1.0,0.773,0.421,0.534,1.0,0.5,0.937,0.807,Information Technology,2026-07-03,13.55,35.42,96
VIR,,75.1,Squeeze / VCP prêt à casser,11.6,1962905113.0,60.4,0.045,-1.53,8.92,1.89,24179493.0,2.8,28.6,17.0,0.0,0.0,0.852,1.0,0.495,0.048,1.0,0.853,0.929,0.905,Health Care,2026-07-03,10.04,15.54,96
WT,,74.9,Setup en formation,24.18,3663562844.0,55.7,0.008,-1.1,-0.37,-2.85,68838561.0,6.7,30.2,7.0,0.0,0.0,0.855,1.0,0.807,0.258,0.915,0.801,0.825,0.777,Financials,2026-07-03,18.04,34.04,96
SB,,74.9,Setup en formation,8.58,980220230.0,51.5,-0.012,-1.94,3.37,-6.43,15960409.0,7.8,23.0,34.0,0.0,0.0,0.792,1.0,0.54,0.482,0.77,0.835,0.833,0.739,Industrials,2026-07-03,6.4,34.06,96
IBEX,,74.9,Cup & Handle probable,43.19,573504202.0,62.2,-0.051,-0.32,-0.44,10.26,6834975.0,4.6,29.3,79.0,0.0,0.0,1.0,1.0,0.353,0.4,1.0,0.5,0.929,0.846,Information Technology,2026-07-03,32.13,34.42,96
RNW,,74.8,Squeeze / VCP prêt à casser,6.87,2503446467.0,63.8,-0.01,-0.15,0.29,0.0,10051256.0,0.3,13.5,4.0,1.0,0.0,0.764,1.0,0.976,0.5,0.916,0.962,0.706,0.47,Utilities,2026-07-03,6.09,12.81,96
PRLB,,74.7,Cup & Handle probable,97.28,2327122140.0,68.2,0.794,-1.42,1.91,19.45,23220546.0,2.2,28.3,92.0,0.0,0.0,1.0,1.0,0.055,0.5,1.0,0.393,0.968,0.911,Industrials,2026-07-03,76.4,27.33,96
GNK,,74.6,Cup & Handle probable,27.28,1189042584.0,55.1,0.006,-1.16,5.0,-1.34,14175127.0,4.0,17.0,48.0,0.29,0.0,0.752,1.0,0.578,0.143,1.0,0.897,0.841,0.866,Industrials,2026-07-03,24.5,11.35,96
CLBK,,74.6,Setup en formation,11.13,3000037353.0,45.0,-0.024,-1.77,2.3,-4.87,55783796.0,7.2,12.8,22.0,0.97,0.0,0.709,1.0,0.534,0.985,0.844,0.571,0.619,0.758,Financials,2026-07-03,21.17,-47.43,96
CNXN,,74.5,Cup & Handle probable,92.39,2331747967.0,76.1,0.318,-0.01,3.24,9.53,13339861.0,1.6,18.8,54.0,0.22,0.0,0.915,1.0,0.515,0.612,1.0,0.105,0.976,0.947,Information Technology,2026-07-03,72.43,27.56,96
CBRL,,74.5,Setup en formation,56.32,1258888858.0,62.2,1.142,0.0,7.32,2.98,58156279.0,6.5,28.9,79.0,0.0,0.0,0.808,1.0,0.195,0.5,0.933,0.86,0.762,0.782,Consumer Discretionary,2026-07-03,53.5,5.27,96
CRVL,,74.5,Cup & Handle probable,75.83,3830671579.0,70.9,0.122,-0.22,1.83,11.14,16558511.0,1.4,23.7,79.0,0.0,0.0,0.908,1.0,0.524,0.5,1.0,0.322,0.96,0.849,Financials,2026-07-03,64.14,18.23,96
RCEL,,74.5,Fin d'accumulation,12.99,401739743.0,70.4,0.079,-1.96,8.61,15.98,3632596.0,3.6,68.5,56.0,1.0,0.16,1.0,0.0,0.358,1.0,1.0,0.661,0.992,0.874,Health Care,2026-07-03,5.06,156.72,96
DHX,,74.4,Setup en formation,4.74,205830661.0,54.0,-0.022,-1.46,-2.87,4.87,1212297.0,8.7,34.3,3.0,0.1,0.0,0.891,0.872,0.981,0.34,0.666,0.803,0.889,0.711,Information Technology,2026-08-26,4.38,8.22,42
KRNT,,74.4,Setup en formation,18.15,779842592.0,72.5,0.333,-0.44,9.67,9.67,5553066.0,6.2,25.8,94.0,0.0,0.0,0.794,1.0,0.228,0.5,0.975,0.637,0.952,0.725,Industrials,2026-07-03,15.61,16.27,96
ECO,,74.4,Cup & Handle probable,86.85,3391028287.0,69.7,0.118,-1.98,8.22,21.59,68228704.0,4.2,42.2,74.0,0.0,0.0,1.0,0.433,0.157,0.5,1.0,0.684,0.952,0.861,Industrials,2026-07-03,53.11,63.53,96
BPRN,,74.3,Squeeze / VCP prêt à casser,43.32,295147867.0,52.8,-0.066,-0.28,-0.48,-0.48,1384602.0,2.6,8.8,1.0,0.0,0.0,0.769,0.463,0.715,0.5,1.0,0.82,0.738,0.912,Financials,2026-08-13,43.23,0.21,55
IBTA,,74.2,Squeeze / VCP prêt à casser,40.96,949027389.0,56.4,-0.216,-0.94,4.3,6.69,8807563.0,5.7,45.1,1.0,0.54,0.0,0.873,0.272,0.977,0.271,1.0,0.864,0.897,0.81,Information Technology,2026-07-03,35.57,15.15,96
BGR,,74.2,Squeeze / VCP prêt à casser,17.3,2345641156.0,55.1,-0.042,0.99,1.7,1.14,1841260.0,2.9,12.3,6.0,0.0,0.0,0.734,1.0,0.827,0.23,1.0,0.89,0.667,0.903,Financials,2026-07-03,14.96,15.64,96
VREX,,74.0,Squeeze / VCP prêt à casser,18.48,778008000.0,75.7,-0.127,0.16,0.05,-0.16,11329103.0,0.8,41.7,6.0,1.0,0.0,0.927,0.461,0.962,0.538,1.0,0.587,0.683,0.973,Health Care,2026-07-03,10.61,74.18,96
AVBC,,73.9,Squeeze / VCP prêt à casser,22.2,443340793.0,55.8,0.016,1.23,3.11,0.5,3511089.0,2.8,9.4,19.0,0.04,0.0,0.717,0.563,0.807,0.522,1.0,0.902,0.595,0.907,Financials,2026-07-03,21.07,5.36,96
ZIM,,73.9,Squeeze / VCP prêt à casser,29.2,3517604514.0,51.8,-0.169,0.93,1.57,2.17,46884029.0,5.7,22.5,16.0,0.33,0.0,0.789,1.0,0.633,0.286,1.0,0.803,0.77,0.811,Industrials,2026-07-03,25.57,14.2,96
CLMT,,73.9,Setup en formation,56.21,4940759733.0,60.3,-0.368,0.32,5.6,5.8,87429166.0,6.1,35.5,2.0,0.0,0.0,0.885,0.806,0.728,0.031,0.986,0.904,0.913,0.796,Materials,2026-07-03,36.42,54.34,96
AEF,,73.8,Squeeze / VCP prêt à casser,9.65,1036048125.0,54.7,-0.015,-0.92,0.94,0.78,1033233.0,2.4,20.2,2.0,0.01,0.0,0.771,1.0,0.73,0.204,1.0,0.868,0.683,0.919,Financials,2026-07-03,9.19,5.01,96
SHO,,73.8,Squeeze / VCP prêt à casser,11.22,2086291018.0,55.9,0.038,-0.88,0.09,2.26,20807210.0,5.4,13.9,15.0,0.71,0.0,0.733,1.0,0.854,0.857,1.0,0.523,0.492,0.814,Real Estate,2026-07-03,11.38,-1.41,96
ROG,,73.7,Cup & Handle probable,156.6,2798181261.0,69.7,2.704,-1.57,13.34,22.52,40603828.0,5.6,31.0,92.0,0.0,0.0,0.929,1.0,0.048,0.5,1.0,0.642,0.865,0.755,Information Technology,2026-07-03,143.9,8.83,96
NHC,,73.6,Squeeze / VCP prêt à casser,228.27,3575026637.0,55.7,0.522,-0.91,2.14,4.72,24590966.0,4.3,15.3,2.0,0.25,0.0,0.748,1.0,0.92,0.126,1.0,0.865,0.738,0.856,Health Care,2026-07-03,218.44,4.5,96
SBC,,73.6,Cup & Handle probable,5.33,548174206.0,70.2,0.01,-0.19,10.12,29.37,1106261.0,0.7,44.9,55.0,0.0,0.02,1.0,0.285,0.271,0.5,1.0,0.637,0.992,0.891,Industrials,2026-09-30,4.84,10.12,7
KE,,73.4,Cup & Handle probable,28.81,691089416.0,66.6,0.239,2.04,3.95,15.08,4996919.0,0.7,24.5,100.0,0.42,0.0,0.92,1.0,0.298,0.683,1.0,0.468,0.833,0.667,Industrials,2026-07-03,25.09,14.83,96
UTMD,,73.4,Setup en formation,73.83,235061283.0,53.6,-0.165,0.71,-1.49,4.28,2527756.0,4.0,11.7,53.0,0.32,0.0,0.78,0.956,0.681,0.572,1.0,0.5,0.73,0.867,Health Care,2026-07-03,72.78,1.44,96
IDT,,73.3,Cup & Handle probable,80.31,1994794873.0,77.5,1.104,0.29,6.38,16.78,28994241.0,2.4,22.6,100.0,0.0,0.0,0.963,1.0,0.0,0.5,1.0,0.329,0.976,0.919,Communication Services,2026-07-03,58.82,36.54,96
CZFS,,73.2,Squeeze / VCP prêt à casser,79.65,383104951.0,47.8,-0.183,0.16,-0.51,-3.35,3379704.0,5.3,12.7,22.0,0.0,0.0,0.724,1.0,0.779,0.5,1.0,0.709,0.619,0.822,Financials,2026-07-13,70.38,13.17,86
PRCH,,73.2,Setup en formation,17.17,2263556195.0,57.1,0.05,-1.04,3.62,-4.29,25614131.0,6.5,35.4,2.0,0.25,0.0,0.834,0.812,0.617,0.23,0.933,0.84,0.865,0.782,Financials,2026-07-03,15.19,13.03,96
MTUS,,73.1,Setup en formation,20.92,867119021.0,64.2,0.265,-0.57,11.22,4.97,6608045.0,7.4,19.5,33.0,0.51,0.0,0.3,1.0,0.705,0.533,0.831,0.949,0.762,0.755,Materials,2026-07-03,17.5,19.54,96
PLX,,73.0,Squeeze / VCP prêt à casser,2.73,219960583.0,55.7,-0.014,0.74,1.49,2.25,2174889.0,4.2,23.9,3.0,0.05,0.0,0.84,1.0,0.864,0.251,1.0,0.805,0.865,0.519,Health Care,2026-07-03,2.32,17.67,96
CLMB,,73.0,Cup & Handle probable,32.8,612068959.0,64.9,0.268,-2.76,0.18,12.44,5101365.0,3.2,30.7,94.0,0.0,0.0,1.0,1.0,0.033,0.499,1.0,0.508,0.952,0.687,Information Technology,2026-07-03,23.86,37.47,96
ACNB,,72.7,Squeeze / VCP prêt à casser,63.73,648129639.0,50.0,-0.057,-0.08,1.46,-3.37,4115951.0,5.7,9.9,23.0,0.59,0.0,0.709,0.644,0.653,0.61,1.0,0.874,0.571,0.809,Financials,2026-07-03,60.25,5.78,96
RELL,,72.7,En base (loin du pivot),19.05,283163353.0,62.6,0.297,1.44,10.12,9.92,2051891.0,12.1,27.5,43.0,1.0,0.0,0.762,1.0,0.721,0.914,0.235,0.857,0.81,0.418,Information Technology,2026-07-03,16.61,14.69,96
SIBN,,72.7,Squeeze / VCP prêt à casser,19.55,876203141.0,58.9,0.091,-1.31,2.09,5.68,10843797.0,3.7,13.8,13.0,0.08,0.0,0.767,1.0,0.58,0.138,1.0,0.857,0.929,0.644,Health Care,2026-07-03,17.11,14.26,96
DIOD,semiconducteurs,72.6,Squeeze / VCP prêt à casser,107.74,4961610697.0,70.0,1.473,4.07,10.87,17.38,51123453.0,2.2,32.5,13.0,0.51,0.06,0.823,0.973,0.885,0.715,1.0,0.699,0.675,0.517,Information Technology,2026-07-03,96.25,11.94,96
FCBC,,72.5,Squeeze / VCP prêt à casser,47.79,903724623.0,51.9,0.085,-0.19,1.1,-2.65,4821963.0,4.7,10.3,1.0,0.0,0.0,0.714,0.717,0.845,0.5,1.0,0.84,0.563,0.842,Financials,2026-07-03,45.12,5.92,96
PRSU,,72.5,Cup & Handle probable,52.73,1437638893.0,70.5,0.471,0.84,5.25,9.88,12788846.0,2.8,17.4,49.0,0.0,0.0,0.774,1.0,0.466,0.478,1.0,0.659,0.746,0.776,Consumer Discretionary,2026-07-03,55.4,-4.82,96
UTZ,,72.5,Squeeze / VCP prêt à casser,14.27,2054340780.0,75.3,-0.042,-0.07,0.14,0.87,22865098.0,0.1,2.2,8.0,1.0,0.0,0.862,0.0,0.952,0.86,0.856,0.558,0.651,0.995,Consumer Staples,2026-07-03,8.27,72.55,96
RCBC,,72.3,Cup & Handle probable,54.7,776723809.0,69.1,0.161,0.46,6.05,3.13,5664871.0,1.9,19.3,74.0,0.0,0.0,0.811,1.0,0.181,0.0,1.0,0.782,0.976,0.936,Financials,2026-08-07,46.8,16.88,61
PEB,,72.2,Setup en formation,18.98,2141754750.0,61.3,0.098,-0.63,1.5,5.33,41462617.0,3.3,11.4,37.0,0.15,0.0,0.775,0.892,0.659,0.577,1.0,0.549,0.675,0.843,Real Estate,2026-07-03,18.78,1.06,96
ASH,,72.2,Setup en formation,70.97,3249955469.0,54.7,0.135,3.18,3.7,-2.69,47807637.0,8.8,14.4,6.0,0.29,0.0,0.7,1.0,0.894,0.468,0.652,0.902,0.675,0.707,Materials,2026-07-03,67.01,5.91,96
ERO,,72.0,Setup en formation,37.93,3955263326.0,57.1,0.133,-1.33,2.13,8.68,47134828.0,7.1,39.5,15.0,0.36,0.0,0.915,0.583,0.746,0.182,0.862,0.838,0.905,0.763,Materials,2026-07-03,26.21,44.72,96
TENB,,72.0,Cup & Handle probable,39.47,4346674429.0,62.4,0.416,2.49,12.8,15.24,168243304.0,1.8,31.6,34.0,0.0,0.0,0.796,1.0,0.736,0.0,1.0,0.894,0.889,0.679,Information Technology,2026-07-03,38.6,2.25,96
CFFI,,72.0,Cup & Handle probable,102.21,332355337.0,70.5,0.438,2.76,3.09,8.26,7055929.0,-2.1,19.0,53.0,0.0,0.0,0.89,1.0,0.451,0.5,0.0,0.65,1.0,0.997,Financials,2026-08-07,88.64,15.31,61
AII,,72.0,Cup & Handle probable,25.77,504967454.0,54.1,-0.123,1.1,2.02,-0.88,5248973.0,4.6,29.1,29.0,0.0,0.0,0.826,1.0,0.683,0.0,1.0,0.86,0.802,0.848,Financials,2026-07-03,19.27,33.73,96
ARHS,,71.9,Cup & Handle probable,9.92,1406177191.0,61.5,0.152,-1.88,4.86,13.63,14426654.0,5.3,32.6,92.0,0.0,0.0,1.0,0.969,0.181,0.5,1.0,0.527,0.952,0.539,Consumer Discretionary,2026-07-03,8.62,15.08,96
PBT,,71.8,Setup en formation,33.55,1563725106.0,52.8,-0.213,3.74,4.19,-1.78,6006025.0,9.3,25.9,48.0,0.0,0.0,0.7,1.0,0.542,0.5,0.591,0.908,0.77,0.691,Energy,2026-07-03,24.8,35.28,96
TBCH,,71.8,Momentum en formation,13.51,241960196.0,60.2,0.122,-2.53,5.63,8.25,4560398.0,5.2,17.4,49.0,0.32,0.0,0.382,1.0,0.705,0.661,1.0,0.923,0.841,0.257,Information Technology,2026-07-03,12.55,7.65,96
MGNI,,71.7,Setup en formation,24.84,3562656060.0,54.5,-0.031,-0.48,-3.23,2.9,54075653.0,7.5,29.5,20.0,0.57,0.0,0.871,1.0,0.481,0.448,0.819,0.529,0.889,0.752,Communication Services,2026-07-03,20.38,21.88,96
WEST,,71.6,Squeeze / VCP prêt à casser,8.25,805425943.0,57.8,0.037,0.36,1.6,6.45,2634957.0,5.6,25.4,16.0,0.55,0.0,0.75,1.0,0.905,0.695,1.0,0.813,0.571,0.365,Consumer Staples,2026-07-03,7.06,16.86,96
MTLS,,71.6,Cup & Handle probable,8.56,505615112.0,72.8,0.02,0.12,-2.17,14.75,1824732.0,2.9,29.0,83.0,0.0,0.0,1.0,1.0,0.127,0.5,1.0,0.199,0.952,0.902,Information Technology,2026-07-03,7.16,19.55,96
PRAA,,71.5,Setup en formation,20.04,754466040.0,54.7,-0.108,3.25,3.09,5.36,10239269.0,6.7,21.4,24.0,0.0,0.0,0.759,1.0,0.491,0.5,0.907,0.822,0.698,0.629,Financials,2026-07-03,18.28,9.63,96
DSGR,,71.5,Squeeze / VCP prêt à casser,35.05,1621252541.0,71.8,-0.028,0.09,0.29,1.13,7123250.0,0.0,1.6,17.0,0.9,0.0,0.767,0.0,0.9,0.949,0.811,0.628,0.556,0.995,Industrials,2026-07-03,27.2,28.86,96
AAMI,,71.5,Squeeze / VCP prêt à casser,93.49,3317972067.0,53.4,0.157,-2.78,1.09,0.01,44856518.0,5.0,19.8,16.0,0.0,0.0,0.81,1.0,0.529,0.055,1.0,0.815,0.833,0.833,Financials,2026-07-03,73.09,27.91,96
RIGL,,71.4,Setup en formation,46.11,861328529.0,47.1,-0.3,-3.52,-5.69,-5.26,11679086.0,7.6,27.6,7.0,0.66,0.0,0.87,1.0,0.779,0.83,0.801,0.322,0.754,0.609,Health Care,2026-07-03,38.72,19.09,96
AVPT,,71.2,Cup & Handle probable,14.59,3086739565.0,66.3,0.136,-0.48,7.52,8.64,33056925.0,0.7,15.6,73.0,0.0,0.0,0.835,1.0,0.169,0.0,1.0,0.808,0.992,0.788,Information Technology,2026-07-03,11.46,27.31,96
TRMD,,71.1,Setup en formation,39.05,4008512842.0,64.8,0.245,-4.87,8.02,19.19,91626097.0,6.0,36.6,77.0,0.0,0.0,1.0,0.747,0.138,0.0,0.999,0.856,0.968,0.8,Energy,2026-07-03,27.7,40.97,96
LUXE,,71.0,Cup & Handle probable,10.0,1396998310.0,66.2,0.062,2.56,4.06,29.53,3604486.0,2.2,31.2,94.0,0.0,0.0,1.0,1.0,0.081,0.5,1.0,0.456,0.944,0.596,Consumer Discretionary,2026-07-03,8.03,24.53,96
BSM,,71.0,Momentum en formation,14.68,3122591182.0,51.6,-0.015,0.07,2.59,0.2,5707387.0,3.4,8.1,34.0,0.24,0.0,0.7,0.354,0.657,0.619,1.0,0.914,0.516,0.886,Energy,2026-07-03,13.79,6.45,96
FCAP,,70.8,Squeeze / VCP prêt à casser,64.59,216029329.0,61.3,0.321,1.33,4.72,0.15,1473650.0,2.8,12.5,14.0,0.0,0.0,0.7,1.0,0.569,0.229,1.0,0.882,0.706,0.75,Financials,2026-08-20,62.65,3.1,48
PK,,70.7,Squeeze / VCP prêt à casser,15.25,3070409533.0,53.1,0.026,-0.07,-0.46,1.57,49324705.0,4.3,11.9,20.0,0.68,0.0,0.776,0.975,0.726,0.391,1.0,0.517,0.714,0.856,Real Estate,2026-07-03,14.42,5.76,96
PANL,,70.7,Squeeze / VCP prêt à casser,8.41,550634423.0,57.5,-0.003,-1.41,4.73,-1.64,3671501.0,2.9,24.6,6.0,0.0,0.0,0.778,1.0,0.755,0.096,1.0,0.884,0.738,0.709,Industrials,2026-07-03,6.6,27.42,96
HPK,,70.6,Setup en formation,8.22,1039442049.0,54.7,0.003,1.61,5.52,2.11,4714965.0,10.0,30.3,17.0,0.0,0.0,0.717,1.0,0.679,0.5,0.505,0.848,0.77,0.668,Energy,2026-07-03,6.7,22.69,96
UVE,,70.5,Fin d'accumulation,43.51,1210898746.0,52.6,0.023,-0.34,3.01,-1.43,6685124.0,3.6,7.7,25.0,0.81,0.0,0.705,0.289,0.705,0.458,1.0,0.907,0.635,0.88,Financials,2026-07-03,43.01,1.16,96
WKC,,70.5,En base (loin du pivot),36.52,1868057162.0,60.0,0.135,0.25,1.9,3.83,44113082.0,10.0,14.9,15.0,0.19,0.0,0.733,1.0,0.695,0.517,0.498,0.849,0.762,0.641,Energy,2026-07-03,33.21,9.97,96
ABM,,70.5,Squeeze / VCP prêt à casser,48.4,2836946253.0,49.3,-0.163,-0.19,0.15,3.49,26854478.0,5.1,10.8,2.0,0.0,0.0,0.747,0.794,0.9,0.22,1.0,0.777,0.683,0.831,Industrials,2026-07-03,44.27,9.33,96
DNOW,,70.5,Setup en formation,15.88,2870879949.0,53.0,-0.017,-0.13,1.08,-1.49,36605688.0,7.7,23.1,8.0,0.33,0.0,0.759,1.0,0.838,0.219,0.791,0.863,0.722,0.733,Industrials,2026-07-03,12.6,26.03,96
CRON,,70.4,Setup en formation,3.29,1210236258.0,50.9,-0.018,1.08,-2.81,0.77,2925134.0,9.0,25.6,48.0,0.97,0.0,0.786,1.0,0.595,0.654,0.631,0.534,0.794,0.702,Health Care,2026-07-03,2.86,15.03,96
AOUT,,70.4,Setup en formation,16.09,203075510.0,57.5,-0.167,-3.07,-4.79,11.12,2052974.0,9.0,44.9,36.0,1.0,0.0,1.0,0.281,0.504,0.825,0.62,0.5,0.897,0.699,Consumer Discretionary,2026-07-03,13.37,20.34,96
NRP,,70.4,Squeeze / VCP prêt à casser,110.24,1460725419.0,54.7,-0.176,0.4,0.01,-3.06,2975506.0,4.4,17.2,3.0,1.0,0.0,0.738,1.0,0.677,0.5,1.0,0.871,0.548,0.579,Energy,2026-07-03,99.11,11.23,96
NTCT,,70.2,Momentum en formation,40.99,2980272719.0,64.2,0.294,-0.51,5.1,10.13,25292589.0,3.8,14.6,56.0,0.1,0.0,0.758,1.0,0.47,0.548,1.0,0.823,0.516,0.684,Information Technology,2026-07-03,40.93,0.15,96
FBIZ,,70.1,Squeeze / VCP prêt à casser,70.71,591723907.0,52.1,-0.073,0.1,2.55,-2.91,4415089.0,4.1,10.0,17.0,0.33,0.0,0.722,0.663,0.802,0.165,1.0,0.917,0.667,0.863,Financials,2026-07-03,63.85,10.74,96
NWFL,,70.1,Momentum en formation,34.07,371433661.0,51.8,-0.062,0.92,2.19,-1.84,1176169.0,4.0,9.0,32.0,0.32,0.0,0.7,0.503,0.564,0.481,1.0,0.89,0.579,0.868,Financials,2026-07-03,32.22,5.74,96
RLGT,,70.1,Setup en formation,9.31,436585654.0,60.9,0.073,0.65,6.04,10.31,3751661.0,8.7,21.1,89.0,0.0,0.0,0.765,1.0,0.298,0.5,0.659,0.884,0.698,0.709,Industrials,2026-07-03,9.49,-1.9,96
RRBI,,70.1,Squeeze / VCP prêt à casser,102.89,677438666.0,57.6,0.147,-0.08,3.03,-0.21,6982158.0,1.9,7.0,20.0,0.34,0.0,0.723,0.168,0.793,0.394,1.0,0.913,0.635,0.937,Financials,2026-07-03,94.79,8.55,96
NXG,,70.1,Setup en formation,57.99,150873395.0,63.4,0.339,3.54,6.95,5.04,2916599.0,6.6,14.8,24.0,1.0,0.0,0.3,1.0,0.675,0.802,0.925,0.946,0.405,0.695,Financials,2026-07-03,63.03,-8.0,96
ITIC,,70.0,Momentum en formation,293.23,553617067.0,51.9,-0.125,-0.05,0.39,-1.59,15852324.0,5.1,10.7,43.0,0.54,0.0,0.704,0.781,0.604,0.268,1.0,0.889,0.651,0.829,Financials,2026-07-03,281.21,4.27,96
PBYI,,70.0,Cup & Handle probable,9.5,490390627.0,50.8,-0.039,-1.76,-2.86,-0.52,3083260.0,5.9,26.6,42.0,0.25,0.0,0.872,1.0,0.478,0.283,1.0,0.5,0.833,0.802,Health Care,2026-07-03,8.26,15.01,96
CFBK,,70.0,Setup en formation,34.6,221976715.0,50.9,-0.001,0.14,1.38,-3.08,1280103.0,9.2,12.4,10.0,1.0,0.0,0.7,1.0,0.887,0.5,0.599,0.889,0.587,0.693,Financials,2026-07-03,31.84,8.67,96
TISI,,69.9,Setup en formation,27.61,126542400.0,55.7,-0.305,-2.71,-2.95,-1.07,1077756.0,6.6,45.2,34.0,0.0,0.0,1.0,0.266,0.73,0.5,0.921,0.5,0.865,0.779,Industrials,2026-09-21,27.95,-1.22,16
LXP,,69.9,Squeeze / VCP prêt à casser,60.95,3593445241.0,62.6,-0.033,0.05,0.1,0.28,55010440.0,0.4,1.3,1.0,0.09,0.0,0.739,0.0,0.995,0.544,0.957,0.843,0.563,0.964,Real Estate,2026-07-03,55.56,9.7,96
KGEI,,69.9,Setup en formation,6.36,228651508.0,51.9,-0.064,-0.93,3.75,3.41,1168812.0,8.4,30.3,12.0,0.0,0.0,0.794,1.0,0.656,0.163,0.705,0.87,0.817,0.721,Energy,2026-07-03,4.64,37.07,96
DRTS,,69.8,Setup en formation,14.48,1339083670.0,47.9,-0.091,-2.75,-4.67,-3.66,6962651.0,8.3,30.6,9.0,0.78,0.0,0.827,1.0,0.83,0.622,0.713,0.41,0.738,0.723,Health Care,2026-07-03,13.23,9.45,96
VBNK,,69.7,Setup en formation,22.28,722297080.0,52.9,-0.171,-0.36,0.5,-0.58,3202523.0,7.3,23.8,8.0,0.0,0.0,0.838,1.0,0.693,0.5,0.835,0.546,0.762,0.634,Financials,2026-07-03,21.9,1.74,96
FBLA,,69.7,Setup en formation,17.29,275743998.0,76.3,0.085,1.29,3.47,8.13,1766745.0,-0.7,10.9,92.0,0.0,0.0,0.825,0.817,0.149,0.5,0.525,0.434,1.0,0.987,Financials,2026-07-03,15.21,13.68,96
MRVI,,69.6,En base (loin du pivot),7.85,2038437956.0,56.0,0.071,-7.86,2.61,7.24,19156696.0,16.7,42.6,29.0,0.9,0.0,0.953,0.413,0.55,0.942,0.0,0.841,0.937,0.444,Health Care,2026-07-03,6.04,29.97,96
EXPO,,69.6,Momentum en formation,69.18,3289238091.0,57.1,0.309,0.63,7.21,1.21,40523122.0,3.4,12.6,52.0,0.0,0.0,0.701,1.0,0.37,0.5,1.0,0.882,0.651,0.52,Industrials,2026-07-03,60.98,13.45,96
SMWB,,69.5,En base (loin du pivot),8.03,698340610.0,48.5,-0.025,-0.62,4.42,-9.16,4302757.0,15.5,28.7,4.0,1.0,0.0,0.702,1.0,0.84,0.978,0.0,0.772,0.738,0.478,Information Technology,2026-07-03,6.18,29.94,96
RDWR,,69.5,Squeeze / VCP prêt à casser,30.64,1296285561.0,60.0,0.098,-0.13,4.75,8.35,11383318.0,3.3,27.0,20.0,0.0,0.0,0.781,1.0,0.571,0.102,1.0,0.827,0.722,0.781,Information Technology,2026-07-03,29.69,3.2,96
HURN,,69.5,Setup en formation,157.26,2502017923.0,51.0,-0.234,-1.77,0.58,1.28,39568728.0,9.0,30.7,26.0,0.61,0.0,0.86,1.0,0.688,0.807,0.619,0.508,0.746,0.473,Industrials,2026-07-03,97.16,61.86,96
ACVA,,69.4,Cup & Handle probable,10.44,1772795311.0,75.2,-0.071,-0.57,0.0,49.57,162648248.0,0.6,37.1,87.0,0.0,0.0,1.0,0.714,0.481,0.5,1.0,0.108,0.865,0.981,Consumer Discretionary,2026-07-03,7.3,43.01,96
ETD,,69.4,Setup en formation,21.07,531016738.0,49.4,-0.083,-0.05,0.29,-6.31,10465222.0,7.3,17.4,17.0,0.58,0.0,0.744,1.0,0.788,0.289,0.832,0.792,0.722,0.654,Consumer Discretionary,2026-07-03,21.69,-2.86,96
PDFS,semiconducteurs,69.3,Cup & Handle probable,54.44,2298849639.0,64.8,1.053,-2.92,9.38,19.26,28470106.0,3.9,29.0,70.0,0.16,0.0,0.885,1.0,0.512,0.581,1.0,0.824,0.706,0.198,Information Technology,2026-07-03,59.18,-8.01,96
RSKD,,69.3,Cup & Handle probable,7.79,1059176760.0,69.6,0.053,-0.26,1.04,19.66,16705261.0,4.7,37.5,99.0,0.0,0.0,1.0,0.697,0.005,0.5,1.0,0.323,0.937,0.845,Information Technology,2026-07-03,5.13,51.85,96
ACU,,69.2,Cup & Handle probable,63.13,242029246.0,57.1,-0.086,-0.89,-0.67,0.24,3146889.0,2.4,15.8,30.0,0.0,0.0,0.856,1.0,0.816,0.0,1.0,0.547,0.81,0.919,Consumer Staples,2026-07-27,53.94,17.04,72
AZTA,,69.2,Setup en formation,39.35,1723860265.0,66.0,0.706,-7.91,14.79,25.6,40787872.0,9.0,36.1,76.0,0.0,0.09,1.0,0.77,0.143,0.5,0.631,0.904,0.992,0.493,Health Care,2026-07-03,25.84,52.28,96
BWIN,,69.1,Cup & Handle probable,31.83,4440231971.0,57.3,-0.082,-0.22,0.16,3.08,175491973.0,2.7,19.6,30.0,0.0,0.0,0.843,1.0,0.819,0.0,1.0,0.503,0.849,0.911,Financials,2026-07-03,28.41,12.04,96
GCMG,,69.1,En base (loin du pivot),13.18,2672799878.0,53.2,0.034,0.0,2.97,-0.68,6530542.0,10.6,18.5,6.0,0.34,0.0,0.705,1.0,0.671,0.67,0.43,0.837,0.627,0.648,Financials,2026-07-03,12.91,2.09,96
WOR,,69.0,Setup en formation,61.64,3015846966.0,58.7,0.155,0.82,2.84,-1.0,30115333.0,8.7,24.1,69.0,0.0,0.0,0.8,1.0,0.186,0.319,0.658,0.821,0.857,0.709,Industrials,2026-07-03,54.57,12.96,96
KWR,,69.0,Setup en formation,161.08,2771816638.0,53.8,0.525,0.02,1.94,-0.26,23501633.0,8.0,16.4,2.0,0.24,0.0,0.72,1.0,0.976,0.364,0.747,0.826,0.635,0.622,Materials,2026-07-03,161.16,-0.05,96
DK,,68.9,Setup en formation,75.67,4633438607.0,57.5,-0.032,0.36,10.1,5.3,206374883.0,8.0,31.5,47.0,0.0,0.0,0.792,1.0,0.486,0.0,0.747,0.891,0.905,0.733,Energy,2026-07-03,52.61,43.83,96
AMTB,,68.8,Squeeze / VCP prêt à casser,29.06,1138857273.0,49.1,-0.06,-0.65,-0.24,-2.09,10333617.0,4.7,7.9,5.0,0.52,0.0,0.759,0.309,0.631,0.554,1.0,0.757,0.611,0.842,Financials,2026-07-03,25.37,14.54,96
PRTH,,68.7,Cup & Handle probable,7.78,641386094.0,78.0,0.044,0.0,-0.13,40.18,16948608.0,0.8,34.9,93.0,0.0,0.0,1.0,0.836,0.443,0.5,1.0,0.0,0.905,0.945,Information Technology,2026-07-03,7.18,8.36,96
DFIN,,68.6,Setup en formation,49.57,1218697435.0,57.4,0.018,2.67,5.6,-2.65,10900908.0,7.4,22.2,6.0,0.44,0.0,0.71,1.0,0.799,0.298,0.819,0.864,0.675,0.604,Information Technology,2026-07-03,46.21,7.27,96
PPIH,,68.6,Squeeze / VCP prêt à casser,32.43,265769655.0,69.6,0.021,1.28,3.91,14.27,2792035.0,-0.5,28.6,14.0,0.0,0.0,0.927,1.0,0.828,0.5,0.602,0.647,0.675,0.611,Industrials,2026-07-03,25.46,27.38,96
MPB,,68.6,Setup en formation,36.36,921188417.0,48.2,0.007,-0.16,1.71,-2.78,3619849.0,6.6,11.0,16.0,0.84,0.0,0.7,0.827,0.717,0.602,0.929,0.779,0.421,0.781,Financials,2026-07-03,35.18,3.35,96
HIPO,,68.6,Setup en formation,32.48,857127095.0,56.6,0.146,0.87,4.81,-4.1,5548839.0,6.9,15.8,22.0,0.29,0.0,0.7,1.0,0.734,0.3,0.89,0.922,0.714,0.462,Financials,2026-07-03,28.93,12.27,96
TGB,,68.5,En base (loin du pivot),8.81,3224665432.0,52.3,-0.0,-1.12,-0.79,4.26,45398528.0,10.3,33.2,20.0,0.53,0.0,0.819,0.933,0.564,0.386,0.464,0.818,0.817,0.657,Materials,2026-07-03,6.93,27.13,96
AMC,,68.5,En base (loin du pivot),2.95,2633183682.0,56.5,-0.011,5.73,-4.22,11.32,83836384.0,13.2,31.8,35.0,0.56,0.0,1.0,1.0,0.39,0.778,0.096,0.5,0.944,0.559,Communication Services,2026-07-03,1.89,56.08,96
CARL,,68.5,En base (loin du pivot),14.64,399712158.0,48.4,-0.076,-4.31,3.9,-6.15,1300655.0,15.0,33.0,2.0,1.0,0.0,0.711,0.943,0.732,0.89,0.0,0.804,0.77,0.499,Health Care,2026-07-03,11.34,29.1,96
SHIP,,68.4,Setup en formation,17.5,379184715.0,52.5,-0.023,-0.96,6.51,-5.59,8587618.0,7.1,18.7,28.0,0.0,0.0,0.717,1.0,0.554,0.0,0.867,0.919,0.794,0.764,Industrials,2026-07-03,13.43,30.31,96
SMBK,,68.3,Momentum en formation,51.25,876296741.0,54.1,0.004,1.3,3.45,-1.2,6788985.0,5.3,10.4,42.0,0.08,0.0,0.7,0.736,0.578,0.176,1.0,0.911,0.651,0.822,Financials,2026-07-03,47.34,8.26,96
SONO,,68.3,Cup & Handle probable,17.43,2061864054.0,57.9,0.06,-2.84,-2.35,13.48,37231624.0,5.0,23.6,97.0,0.0,0.0,0.973,1.0,0.193,0.29,1.0,0.5,0.921,0.598,Information Technology,2026-07-03,13.62,27.97,96
GCBC,,68.2,Momentum en formation,34.37,585165919.0,47.8,-0.112,0.12,2.11,-3.59,1527587.0,5.4,9.7,36.0,0.0,0.0,0.708,0.616,0.681,0.5,1.0,0.75,0.532,0.82,Financials,2026-07-03,34.66,-0.84,96
DCTH,,68.1,En base (loin du pivot),15.41,534708431.0,44.6,-0.106,-2.9,-2.78,-6.49,5950218.0,11.5,34.0,12.0,0.96,0.0,0.745,0.89,0.817,0.981,0.308,0.477,0.683,0.615,Health Care,2026-07-03,13.2,16.74,96
TSBK,,68.1,Setup en formation,45.65,354959244.0,51.6,-0.042,1.06,1.72,-1.72,1398530.0,7.6,13.3,45.0,0.68,0.0,0.7,1.0,0.564,0.44,0.806,0.882,0.5,0.748,Financials,2026-07-03,44.67,2.19,96
HOG,,68.1,Setup en formation,26.94,2803713339.0,56.6,0.053,2.86,8.54,-4.15,51013052.0,6.0,16.3,55.0,0.53,0.0,0.3,1.0,0.336,0.263,0.998,0.945,0.73,0.8,Consumer Discretionary,2026-07-03,24.96,7.93,96
HSHP,,68.0,Setup en formation,17.78,831215000.0,52.7,-0.123,-1.55,3.13,-1.77,9908373.0,9.1,27.7,25.0,0.0,0.0,0.833,1.0,0.497,0.125,0.618,0.846,0.857,0.698,Industrials,2026-07-03,14.14,25.74,96
LTC,,68.0,Squeeze / VCP prêt à casser,42.44,2287752094.0,52.6,-0.147,0.02,-1.53,3.44,28732693.0,2.5,14.2,6.0,0.0,0.0,0.793,1.0,0.829,0.137,1.0,0.51,0.698,0.915,Real Estate,2026-07-03,39.28,8.04,96
KIDS,,67.8,En base (loin du pivot),22.71,592953285.0,51.5,0.03,-0.79,-0.22,1.34,4349606.0,15.1,27.7,5.0,0.51,0.0,0.727,1.0,0.838,0.753,0.0,0.848,0.746,0.498,Health Care,2026-07-03,19.95,13.83,96
GENC,,67.8,En base (loin du pivot),18.14,265890714.0,57.8,0.04,2.6,5.28,-1.52,1061013.0,10.2,29.9,58.0,0.21,0.0,0.729,1.0,0.652,0.208,0.481,0.906,0.833,0.662,Industrials,2026-08-19,19.24,-5.72,49
TMP,,67.7,Squeeze / VCP prêt à casser,97.81,1406791938.0,49.7,-0.046,-0.12,0.88,-1.77,11386152.0,4.7,8.1,2.0,0.06,0.0,0.719,0.352,0.646,0.528,1.0,0.821,0.524,0.845,Financials,2026-07-03,94.54,3.46,96
RGR,,67.7,Cup & Handle probable,43.65,697450874.0,68.7,0.282,-1.71,3.49,13.41,10157497.0,2.6,18.6,99.0,0.0,0.0,0.914,1.0,0.005,0.5,1.0,0.38,0.817,0.72,Industrials,2026-07-03,37.65,15.94,96
AI,ia,67.7,Squeeze / VCP prêt à casser,11.24,1807165581.0,60.6,0.023,1.35,8.7,7.46,48834175.0,1.2,24.3,7.0,0.54,0.0,0.12,1.0,0.738,0.769,1.0,0.836,0.921,0.0,Information Technology,2026-07-03,9.06,24.06,96
DDD,,67.6,Setup en formation,3.59,596467827.0,54.6,0.009,0.84,1.99,3.76,8227943.0,7.9,37.7,19.0,0.64,0.0,0.871,0.684,0.604,0.601,0.756,0.548,0.794,0.571,Information Technology,2026-07-03,2.8,28.21,96
NBBK,,67.4,Squeeze / VCP prêt à casser,22.46,984163285.0,48.7,-0.036,0.22,0.85,-3.02,6079932.0,4.0,8.8,1.0,0.71,0.0,0.707,0.475,0.849,0.439,1.0,0.769,0.5,0.866,Financials,2026-07-03,21.14,6.24,96
CAC,,67.4,Setup en formation,56.76,959076501.0,48.5,-0.058,-0.39,1.09,-2.42,5551356.0,6.3,10.6,11.0,0.19,0.0,0.71,0.771,0.933,0.325,0.96,0.765,0.524,0.789,Financials,2026-07-03,54.58,3.99,96
SHOO,,67.4,Setup en formation,45.58,3335411990.0,57.5,0.343,-0.22,0.97,4.88,51693007.0,7.8,18.3,47.0,0.0,0.0,0.774,1.0,0.586,0.5,0.772,0.519,0.69,0.739,Consumer Discretionary,2026-07-03,39.92,14.18,96
DSX,,67.4,En base (loin du pivot),2.83,352090774.0,50.2,-0.026,-1.05,2.91,-5.98,3495577.0,11.6,34.0,28.0,0.0,0.0,0.785,0.889,0.62,0.5,0.305,0.877,0.754,0.615,Industrials,2026-07-03,2.1,34.76,96
AGPU,,67.3,Setup en formation,12.29,142454914.0,56.4,-0.037,-5.39,-2.07,15.18,4200905.0,8.9,48.9,5.0,0.95,0.0,1.0,0.064,0.571,0.599,0.638,0.832,0.944,0.374,Information Technology,2026-07-21,8.71,41.1,78
SIG,,67.3,Squeeze / VCP prêt à casser,102.1,3912190510.0,58.4,-0.312,1.2,-2.13,19.7,115893698.0,4.2,25.9,1.0,0.0,0.0,0.91,1.0,0.819,0.0,1.0,0.5,0.817,0.779,Consumer Discretionary,2026-07-03,84.12,21.37,96
KMTS,,67.3,Setup en formation,27.1,1614124645.0,54.2,0.213,-4.38,-4.78,6.11,11128222.0,8.6,27.3,59.0,0.0,0.0,0.891,1.0,0.394,0.5,0.671,0.5,0.794,0.678,Health Care,2026-07-03,26.98,0.44,96
NVGS,,67.2,Setup en formation,23.61,1456736315.0,55.3,-0.077,-0.46,2.7,2.83,12109324.0,7.3,22.9,21.0,0.0,0.0,0.781,1.0,0.471,0.123,0.833,0.835,0.714,0.755,Energy,2026-07-03,19.12,23.48,96
MEOH,,67.1,Squeeze / VCP prêt à casser,60.81,4704520833.0,56.0,-0.141,0.26,2.29,3.86,55348192.0,5.7,20.5,16.0,0.0,0.0,0.749,1.0,0.857,0.099,1.0,0.887,0.532,0.722,Materials,2026-07-03,45.47,33.74,96
HBT,,67.0,Squeeze / VCP prêt à casser,36.29,1319708059.0,55.3,0.014,-0.06,1.68,-0.82,4772741.0,3.3,7.9,4.0,0.29,0.0,0.751,0.312,0.787,0.146,1.0,0.876,0.675,0.892,Financials,2026-07-03,32.18,12.77,96
FRAF,,66.9,Squeeze / VCP prêt à casser,63.55,285948436.0,55.1,0.043,0.94,1.73,-1.1,2534313.0,2.8,7.6,5.0,0.02,0.0,0.708,0.274,0.736,0.439,1.0,0.853,0.492,0.905,Financials,2026-07-03,63.62,-0.11,96
HTFL,,66.9,Squeeze / VCP prêt à casser,50.69,4407679353.0,59.5,-0.307,-2.91,1.73,3.64,100122692.0,4.5,53.6,11.0,0.0,0.0,1.0,0.0,0.661,0.051,1.0,0.849,0.881,0.777,Health Care,2026-07-03,27.97,81.23,96
PLBC,,66.8,Squeeze / VCP prêt à casser,61.7,429371287.0,48.6,-0.07,-0.1,0.21,-2.44,3047762.0,3.6,7.0,3.0,0.6,0.0,0.725,0.172,0.675,0.589,1.0,0.736,0.532,0.88,Financials,2026-07-03,59.13,4.35,96
NPK,,66.8,Squeeze / VCP prêt à casser,148.96,1062988540.0,51.9,-0.226,-1.9,1.49,0.84,16908306.0,5.8,24.3,24.0,0.0,0.0,0.76,1.0,0.749,0.0,1.0,0.854,0.587,0.806,Industrials,2026-07-03,123.21,20.9,96
MYE,,66.7,En base (loin du pivot),31.83,1197383168.0,53.8,0.132,-0.28,1.82,0.49,9693840.0,14.6,22.2,8.0,0.73,0.0,0.721,1.0,0.875,0.865,0.0,0.83,0.595,0.512,Consumer Discretionary,2026-07-03,31.54,0.92,96
FRD,,66.7,En base (loin du pivot),42.28,304920740.0,55.9,0.162,0.19,9.14,-7.28,2359882.0,13.3,32.5,42.0,0.96,0.0,0.71,0.972,0.748,0.481,0.087,0.963,0.778,0.556,Materials,2026-07-03,33.62,25.76,96
PAYO,,66.7,Squeeze / VCP prêt à casser,7.15,2422783477.0,55.5,-0.001,0.0,0.14,-0.28,21982587.0,0.6,2.4,6.0,0.69,0.0,0.735,0.0,0.935,0.602,1.0,0.817,0.365,0.981,Information Technology,2026-07-03,7.09,0.85,96
GSBC,,66.6,Squeeze / VCP prêt à casser,79.2,863082554.0,54.2,0.118,-0.34,2.13,-0.76,6937774.0,4.0,7.5,11.0,0.63,0.0,0.706,0.257,0.799,0.459,1.0,0.887,0.452,0.868,Financials,2026-07-03,78.83,0.47,96
ALRS,,66.6,Squeeze / VCP prêt à casser,32.36,806654741.0,49.8,0.027,-0.12,1.86,-3.57,6344782.0,5.3,16.3,21.0,0.15,0.0,0.7,1.0,0.588,0.121,1.0,0.872,0.532,0.824,Financials,2026-07-03,31.11,4.02,96
RCKY,,66.6,En base (loin du pivot),46.56,348823376.0,60.4,0.291,0.91,2.46,5.48,2503334.0,11.8,21.5,26.0,0.36,0.0,0.768,1.0,0.763,0.473,0.271,0.822,0.722,0.605,Consumer Discretionary,2026-07-03,40.26,15.65,96
FUNC,,66.6,Squeeze / VCP prêt à casser,43.64,281645403.0,49.9,0.01,0.62,0.51,-1.62,1385938.0,5.5,10.2,10.0,0.0,0.0,0.7,0.707,0.607,0.5,1.0,0.807,0.397,0.817,Financials,2026-07-03,44.53,-2.0,96
OPRX,,66.5,Cup & Handle probable,8.81,165944728.0,68.9,0.103,1.03,5.38,11.94,1342614.0,3.0,37.0,60.0,0.78,0.0,0.571,0.722,0.497,0.701,1.0,0.684,0.992,0.0,Health Care,2026-07-03,6.19,42.33,96
MATV,,66.5,Setup en formation,12.21,673871097.0,56.7,-0.052,0.83,4.09,-3.55,5713472.0,9.1,38.7,12.0,0.62,0.0,0.815,0.625,0.905,0.401,0.607,0.904,0.786,0.377,Materials,2026-07-03,7.22,69.11,96
MD,,66.4,Squeeze / VCP prêt à casser,26.0,2112585046.0,47.8,-0.008,-0.38,-0.23,-3.81,20470495.0,5.7,18.0,13.0,0.28,0.0,0.7,1.0,0.8,0.335,1.0,0.696,0.468,0.769,Health Care,2026-07-03,26.76,-2.84,96
PAGS,,66.4,Cup & Handle probable,10.72,3116065040.0,69.6,0.134,-2.1,21.82,13.48,41866319.0,4.2,27.0,97.0,0.0,0.21,0.761,1.0,0.019,0.5,1.0,0.821,0.865,0.726,Information Technology,2026-07-03,9.12,17.54,96
PNTG,,66.2,Setup en formation,39.96,1395591152.0,52.4,-0.043,-0.86,-1.35,5.14,16364941.0,6.5,14.6,15.0,0.0,0.0,0.752,1.0,0.578,0.0,0.935,0.817,0.69,0.783,Health Care,2026-07-03,38.52,3.74,96
MLR,,66.2,Setup en formation,54.12,614380198.0,49.3,-0.032,-0.33,1.2,-3.1,4581709.0,9.0,18.1,1.0,0.51,0.0,0.704,1.0,0.868,0.254,0.624,0.822,0.635,0.7,Consumer Discretionary,2026-07-03,49.01,10.43,96
SRCE,,66.2,Squeeze / VCP prêt à casser,85.77,2065498216.0,49.0,0.058,-0.57,1.01,-1.67,9478332.0,6.0,9.1,14.0,0.52,0.0,0.711,0.509,0.734,0.395,1.0,0.788,0.524,0.8,Financials,2026-07-03,82.09,4.48,96
HNI,,66.0,Setup en formation,46.74,3373777332.0,49.4,-0.027,-0.72,0.19,-5.88,27423959.0,6.6,16.4,1.0,0.18,0.0,0.744,1.0,0.71,0.091,0.922,0.799,0.659,0.695,Consumer Discretionary,2026-07-03,41.43,12.82,96
BRBS,,65.9,Setup en formation,3.92,351580304.0,53.1,-0.006,-0.25,2.08,-1.01,5412177.0,6.6,17.4,56.0,0.0,0.0,0.733,1.0,0.451,0.0,0.931,0.894,0.667,0.781,Financials,2026-07-03,3.59,9.19,96
DXC,,65.9,Momentum en formation,11.83,1890181891.0,59.1,0.068,1.46,14.52,1.46,34343174.0,3.3,17.2,44.0,0.39,0.0,0.335,1.0,0.427,0.603,1.0,0.899,0.77,0.182,Information Technology,2026-07-03,9.91,19.37,96
MASS,robotique,65.8,Setup en formation,12.33,509644583.0,66.0,0.131,-3.67,4.05,22.69,4397528.0,4.6,46.6,90.0,0.45,0.0,1.0,0.187,0.062,0.4,1.0,0.482,0.968,0.746,Health Care,2026-07-03,8.69,41.89,96
SENS,,65.8,Setup en formation,9.96,526625568.0,57.7,-0.052,-3.39,-0.9,3.43,7096216.0,6.4,54.5,40.0,0.08,0.0,1.0,0.0,0.596,0.538,0.951,0.532,0.905,0.534,Health Care,2026-07-03,5.48,81.75,96
CNNE,,65.7,Squeeze / VCP prêt à casser,15.5,672300519.0,52.4,-0.014,-0.58,-0.13,-1.12,8552429.0,3.4,13.5,6.0,0.0,0.0,0.762,1.0,0.869,0.0,1.0,0.805,0.746,0.503,Consumer Discretionary,2026-07-03,14.72,5.3,96
AVNT,,65.7,En base (loin du pivot),41.49,3805444130.0,51.4,0.065,-0.26,1.74,-3.77,28191259.0,10.5,23.7,1.0,0.54,0.0,0.705,1.0,0.97,0.271,0.444,0.879,0.643,0.652,Materials,2026-07-03,37.31,11.2,96
PCB,,65.6,Squeeze / VCP prêt à casser,28.1,394653316.0,56.2,0.058,0.25,1.33,-0.14,1090238.0,2.7,7.3,4.0,0.3,0.0,0.71,0.217,0.736,0.53,1.0,0.846,0.508,0.728,Financials,2026-07-03,28.51,-1.44,96
LCUT,,65.6,Setup en formation,9.16,210577738.0,55.5,0.059,1.1,5.53,3.27,1426015.0,9.9,21.5,29.0,0.49,0.0,0.762,1.0,0.715,0.244,0.509,0.837,0.698,0.669,Consumer Discretionary,2026-07-03,8.56,7.01,96
ADPT,,65.5,En base (loin du pivot),26.9,4293128150.0,48.8,-0.137,-9.85,-6.5,10.79,70216072.0,10.2,27.4,68.0,0.12,0.0,1.0,1.0,0.19,0.56,0.473,0.431,0.881,0.584,Health Care,2026-07-03,21.19,26.95,96
OESX,,65.4,En base (loin du pivot),28.4,116135722.0,54.9,-0.364,-5.49,-6.67,13.6,1971789.0,10.3,70.0,48.0,0.77,0.0,1.0,0.0,0.641,0.732,0.466,0.5,0.897,0.658,Industrials,2026-08-26,25.02,13.51,42
VAC,,65.4,En base (loin du pivot),104.57,3596718612.0,52.0,0.373,2.59,-0.11,-1.14,40073208.0,19.7,26.3,2.0,0.77,0.0,0.711,1.0,0.953,0.769,0.0,0.804,0.73,0.342,Consumer Discretionary,2026-07-03,100.25,4.31,96
BCAL,,65.3,Squeeze / VCP prêt à casser,21.66,696380718.0,53.6,-0.008,-0.18,1.17,-0.55,5257724.0,2.8,8.6,2.0,0.0,0.0,0.734,0.428,0.83,0.091,1.0,0.842,0.595,0.906,Financials,2026-07-03,20.86,3.84,96
ASYS,,65.3,Cup & Handle probable,17.76,310943874.0,68.4,0.362,-0.39,6.92,18.8,4278718.0,1.9,26.3,69.0,0.97,0.01,0.848,1.0,0.57,0.984,1.0,0.684,0.444,0.0,Information Technology,2026-07-03,18.8,-5.53,96
AMAL,,65.3,Setup en formation,47.65,1424742005.0,48.9,0.102,-0.17,1.71,-3.09,14466496.0,7.6,11.3,1.0,0.0,0.0,0.7,0.89,0.749,0.5,0.795,0.754,0.413,0.745,Financials,2026-07-03,46.04,3.5,96
AMPH,,65.2,Setup en formation,25.91,1102158129.0,62.5,-0.078,2.13,-2.89,11.78,13461577.0,6.8,30.3,69.0,0.0,0.0,1.0,1.0,0.186,0.098,0.9,0.5,0.96,0.592,Health Care,2026-07-03,19.64,31.92,96
OSBC,,65.1,Squeeze / VCP prêt à casser,25.05,1274436686.0,51.9,0.002,0.72,1.62,-2.6,13426213.0,3.9,7.9,21.0,0.0,0.0,0.705,0.324,0.52,0.218,1.0,0.875,0.635,0.871,Financials,2026-07-03,23.23,7.83,96
MGRC,,65.1,Momentum en formation,117.98,2881739721.0,64.5,0.808,1.21,3.28,5.73,17935508.0,4.7,12.2,33.0,0.16,0.0,0.318,1.0,0.583,0.542,1.0,0.834,0.357,0.805,Industrials,2026-07-03,117.91,0.06,96
CCNE,,65.0,Squeeze / VCP prêt à casser,33.83,1002074540.0,48.1,0.001,-0.53,1.11,-3.09,4891353.0,5.9,9.1,1.0,0.44,0.0,0.7,0.514,0.796,0.577,1.0,0.736,0.341,0.802,Financials,2026-07-03,33.69,0.42,96
SCL,,65.0,Squeeze / VCP prêt à casser,62.39,1418283171.0,49.0,-0.114,-0.56,0.32,-1.62,10136892.0,5.9,13.7,17.0,0.0,0.0,0.75,1.0,0.661,0.0,1.0,0.741,0.627,0.792,Materials,2026-07-03,56.75,9.94,96
CMDB,,65.0,En base (loin du pivot),21.9,529552337.0,47.8,-0.259,-1.66,-2.1,-8.56,1336264.0,11.6,31.8,32.0,0.77,0.0,0.812,1.0,0.656,0.384,0.306,0.674,0.817,0.615,Industrials,2026-07-03,18.18,20.46,96
NNBR,,65.0,En base (loin du pivot),4.04,378726608.0,56.9,0.074,-4.72,4.12,10.38,11303356.0,15.7,36.3,57.0,0.0,0.0,0.939,0.76,0.257,0.5,0.0,0.869,0.968,0.478,Industrials,2026-07-03,3.49,15.76,96
FNKO,,65.0,Setup en formation,6.11,342134130.0,60.6,0.097,0.66,14.63,7.57,5716763.0,16.9,30.1,33.0,0.51,0.0,0.3,1.0,0.805,0.755,0.0,0.935,0.802,0.438,Consumer Discretionary,2026-07-03,5.51,10.89,96
HIMX,semiconducteurs,64.9,Squeeze / VCP prêt à casser,14.85,2590224823.0,56.5,0.093,0.95,5.32,8.55,14232372.0,5.7,27.7,13.0,0.73,0.0,0.748,1.0,0.887,0.525,1.0,0.85,0.603,0.0,Information Technology,2026-07-03,13.15,12.93,96
BATRA,,64.9,Cup & Handle probable,57.75,3705696052.0,54.7,-0.031,0.02,-2.79,3.38,3319465.0,4.5,15.7,78.0,0.62,0.0,0.785,1.0,0.328,0.421,1.0,0.5,0.524,0.85,Communication Services,2026-07-03,57.61,0.24,96
SAFT,,64.8,Squeeze / VCP prêt à casser,103.94,1525889299.0,79.2,-0.227,0.05,0.3,0.77,13458335.0,0.1,1.8,10.0,1.0,0.0,0.813,0.0,0.943,0.5,0.827,0.478,0.659,0.998,Financials,2026-07-03,77.47,34.17,96
GOOD,,64.8,Squeeze / VCP prêt à casser,12.71,615259338.0,50.6,0.021,-0.63,0.71,-2.28,6158126.0,3.5,9.4,2.0,0.0,0.0,0.705,0.574,0.766,0.5,1.0,0.847,0.23,0.885,Real Estate,2026-07-03,12.62,0.71,96
EGBN,,64.7,Squeeze / VCP prêt à casser,28.24,860867398.0,52.8,0.008,-0.28,1.0,0.21,9582701.0,3.1,9.0,1.0,0.0,0.0,0.729,0.493,0.753,0.406,1.0,0.809,0.357,0.882,Financials,2026-07-03,27.59,2.36,96
ENR,,64.6,Cup & Handle probable,21.59,1478561723.0,50.9,-0.018,1.84,-1.05,1.7,19963609.0,5.2,17.6,34.0,0.5,0.0,0.757,1.0,0.608,0.314,1.0,0.532,0.611,0.688,Industrials,2026-07-03,21.75,-0.74,96
CWBC,,64.6,Squeeze / VCP prêt à casser,26.35,714903905.0,52.9,0.03,-0.87,0.42,-0.98,5308503.0,1.8,8.5,22.0,0.56,0.0,0.736,0.42,0.532,0.471,1.0,0.818,0.444,0.799,Financials,2026-07-03,26.97,-2.3,96
FLNG,,64.4,Squeeze / VCP prêt à casser,31.13,1683895665.0,49.3,-0.078,-0.89,0.91,-1.21,11285475.0,5.6,14.8,21.0,0.27,0.0,0.714,1.0,0.706,0.28,1.0,0.803,0.317,0.813,Energy,2026-07-03,29.29,6.28,96
EBF,,64.3,Setup en formation,22.56,571169252.0,69.5,0.083,-0.09,0.45,5.13,3866751.0,1.7,9.2,84.0,0.0,0.0,0.784,0.526,0.163,0.5,1.0,0.329,0.738,0.945,Industrials,2026-07-03,21.49,4.98,96
ENGS,,64.1,Squeeze / VCP prêt à casser,3.12,169030792.0,68.7,0.021,1.63,4.35,13.45,7067988.0,-1.0,22.3,18.0,0.0,0.0,0.921,1.0,0.688,0.5,0.412,0.663,1.0,0.0,Industrials,2026-07-30,2.51,24.3,69
WASH,,64.1,Fin d'accumulation,38.22,729020549.0,48.6,-0.033,0.26,2.25,-3.65,4595300.0,4.3,8.4,31.0,0.7,0.0,0.7,0.399,0.582,0.35,1.0,0.803,0.5,0.856,Financials,2026-07-03,35.56,7.48,96
BHE,,64.1,Cup & Handle probable,85.96,3087677441.0,66.3,0.884,-0.17,3.12,18.58,33036803.0,3.0,22.7,70.0,0.09,0.0,0.869,1.0,0.397,0.543,1.0,0.472,0.571,0.526,Information Technology,2026-07-03,86.13,-0.2,96
UAN,,64.0,Setup en formation,125.28,1324164123.0,45.7,-0.772,-0.52,1.27,-4.22,3415431.0,8.4,17.0,77.0,1.0,0.0,0.7,1.0,0.29,0.599,0.696,0.625,0.532,0.719,Materials,2026-07-03,114.0,9.89,96
DMAC,,64.0,Cup & Handle probable,8.13,438415917.0,64.0,0.074,-3.44,-0.85,20.44,1703833.0,5.8,27.9,91.0,0.0,0.0,1.0,1.0,0.052,0.335,1.0,0.5,0.929,0.268,Health Care,2026-07-03,7.62,6.69,96
GEF,,64.0,Setup en formation,82.54,3810733215.0,50.1,-0.028,0.6,2.59,-2.16,33037238.0,8.2,12.8,6.0,0.0,0.0,0.701,1.0,0.848,0.0,0.728,0.867,0.627,0.727,Consumer Discretionary,2026-07-03,75.18,9.79,96
MSBI,,64.0,Squeeze / VCP prêt à casser,32.78,680254231.0,47.9,-0.057,-0.67,1.2,-2.82,5852474.0,5.7,9.6,18.0,0.24,0.0,0.725,0.6,0.685,0.205,1.0,0.718,0.587,0.811,Financials,2026-07-03,30.35,8.01,96
CERT,,63.9,Setup en formation,9.27,1414034491.0,58.2,0.077,-7.94,0.11,16.75,24844368.0,7.9,37.1,71.0,0.49,0.0,1.0,0.716,0.171,0.747,0.757,0.536,0.952,0.0,Health Care,2026-07-03,6.97,33.0,96
VGZ,,63.9,Setup en formation,2.68,391203207.0,61.8,-0.002,2.68,0.0,19.64,6539003.0,7.3,43.6,75.0,0.0,0.0,1.0,0.356,0.152,0.5,0.842,0.5,0.921,0.521,Materials,2026-07-03,1.83,46.45,96
CLFD,,63.8,Momentum en formation,33.74,458322642.0,65.6,0.366,1.75,10.77,17.77,4272648.0,1.9,24.7,31.0,0.93,0.0,0.378,1.0,0.814,0.749,1.0,0.85,0.579,0.0,Information Technology,2026-07-03,33.97,-0.68,96
VIA,,63.7,Cup & Handle probable,30.83,2512818049.0,65.9,0.084,-0.19,5.4,9.6,26668114.0,0.5,38.2,41.0,0.0,0.0,1.0,0.658,0.435,0.5,1.0,0.51,0.984,0.0,Information Technology,2026-07-03,19.31,59.66,96
IMOS,semiconducteurs,63.7,Setup en formation,78.39,2743583839.0,67.2,1.449,1.27,15.69,36.07,6988346.0,6.5,48.1,94.0,0.31,0.27,1.0,0.105,0.038,0.656,0.937,0.742,0.984,0.783,Information Technology,2026-07-03,63.93,22.62,96
CZNC,,63.7,Squeeze / VCP prêt à casser,25.43,456083668.0,48.3,-0.053,-0.27,0.59,-2.6,1434419.0,3.6,7.5,20.0,0.64,0.0,0.725,0.253,0.705,0.32,1.0,0.76,0.532,0.881,Financials,2026-07-03,23.63,7.62,96
BZH,,63.6,Squeeze / VCP prêt à casser,33.41,891366204.0,63.0,-0.025,0.12,0.15,0.45,26994191.0,3.3,8.3,6.0,0.0,0.0,0.759,0.385,0.967,0.0,1.0,0.847,0.556,0.891,Consumer Discretionary,2026-07-03,28.07,19.02,96
FNRN,,63.5,Setup en formation,17.65,289377098.0,58.2,0.074,-0.45,2.02,1.73,1865731.0,8.3,17.2,9.0,0.38,0.0,0.306,1.0,0.839,0.69,0.711,0.832,0.294,0.723,Financials,2026-07-03,17.82,-0.95,96
OVBC,,63.5,Fin d'accumulation,45.65,215033641.0,56.6,0.007,2.08,2.52,-2.58,1285081.0,4.1,13.5,48.0,0.96,0.0,0.7,1.0,0.49,0.503,1.0,0.874,0.357,0.452,Financials,2026-07-03,42.61,7.13,96
FOSL,,63.4,Cup & Handle probable,7.06,417514647.0,68.6,0.132,-2.22,14.61,37.09,5363928.0,3.7,42.7,92.0,0.22,0.27,1.0,0.405,0.048,0.438,1.0,0.678,0.992,0.877,Consumer Discretionary,2026-07-03,4.23,66.9,96
APLE,,63.2,Setup en formation,16.33,3855230458.0,60.3,0.088,-0.43,0.86,5.2,42543505.0,4.6,11.9,43.0,0.3,0.0,0.762,0.983,0.616,0.149,1.0,0.518,0.571,0.848,Real Estate,2026-07-03,16.64,-1.86,96
JMSB,,62.9,Squeeze / VCP prêt à casser,22.91,323308990.0,47.8,-0.025,-0.39,0.04,-1.93,1844684.0,5.2,7.9,1.0,0.0,0.0,0.71,0.312,0.995,0.453,1.0,0.689,0.373,0.828,Financials,2026-07-03,22.17,3.34,96
BWFG,,62.8,Squeeze / VCP prêt à casser,65.83,524794917.0,48.2,-0.098,-0.48,0.77,-2.31,5164895.0,5.1,9.0,25.0,0.09,0.0,0.731,0.504,0.833,0.047,1.0,0.751,0.603,0.829,Financials,2026-07-03,58.6,12.34,96
ASO,,62.7,Setup en formation,52.31,3221191788.0,62.7,0.207,0.63,9.23,16.75,105019703.0,7.8,26.1,71.0,0.0,0.0,0.344,1.0,0.443,0.5,0.78,0.935,0.556,0.484,Consumer Discretionary,2026-07-03,47.84,9.34,96
SMA,,62.6,Setup en formation,33.13,1834371756.0,58.6,0.166,2.03,2.83,2.1,26034347.0,6.6,12.8,23.0,0.11,0.0,0.3,1.0,0.543,0.556,0.921,0.867,0.349,0.667,Real Estate,2026-07-03,33.67,-1.6,96
ACB,,62.5,Cup & Handle probable,4.59,284382281.0,73.4,0.025,2.91,13.9,16.2,4230983.0,1.3,42.4,73.0,1.0,0.18,0.955,0.424,0.189,0.903,1.0,0.634,1.0,0.0,Health Care,2026-07-03,2.84,61.62,96
ALVO,,62.4,Momentum en formation,6.14,2397249287.0,64.6,-0.021,0.49,3.72,15.41,7635734.0,6.0,53.3,54.0,0.0,0.0,1.0,0.0,0.276,0.5,1.0,0.816,0.984,0.0,Health Care,2026-07-03,3.61,70.08,96
STGW,,62.4,En base (loin du pivot),8.5,2078041334.0,51.6,0.015,-0.35,3.91,-3.08,11550730.0,11.0,20.3,7.0,0.18,0.0,0.7,1.0,0.816,0.143,0.376,0.869,0.683,0.634,Communication Services,2026-07-03,7.4,14.86,96
CTKB,,62.3,En base (loin du pivot),5.38,699309901.0,51.2,0.001,-11.66,-6.6,14.47,8498989.0,11.9,33.7,85.0,0.0,0.0,1.0,0.903,0.09,0.5,0.266,0.5,0.905,0.554,Health Care,2026-07-03,4.59,17.21,96
TPC,,62.3,Setup en formation,89.06,4681805560.0,57.9,0.449,3.04,5.52,0.96,38888624.0,12.9,25.2,5.0,1.0,0.0,0.3,1.0,0.971,0.548,0.143,0.931,0.619,0.571,Industrials,2026-07-03,76.75,16.04,96
TKNO,,62.3,Setup en formation,8.75,469772153.0,63.1,-0.009,-2.78,-3.63,26.45,2526231.0,7.7,50.1,77.0,0.0,0.0,1.0,0.0,0.168,0.415,0.787,0.5,0.921,0.743,Health Care,2026-07-03,5.79,51.12,96
LAND,,62.3,Squeeze / VCP prêt à casser,9.66,416699295.0,62.0,-0.019,-0.21,1.9,-1.24,5423402.0,2.8,21.2,4.0,0.76,0.0,0.401,1.0,0.661,0.499,1.0,0.843,0.579,0.234,Real Estate,2026-07-03,8.65,11.68,96
HRMY,,62.2,Setup en formation,39.36,2292184428.0,43.1,-0.339,-1.4,0.18,-6.84,43510657.0,9.5,20.6,21.0,0.0,0.0,0.73,1.0,0.562,0.5,0.563,0.407,0.69,0.683,Health Care,2026-07-03,37.26,5.64,96
SKE,,62.2,En base (loin du pivot),31.35,3933255802.0,51.1,-0.088,3.67,3.88,-5.26,14463859.0,12.5,30.2,2.0,0.67,0.0,0.7,1.0,0.821,0.746,0.19,0.866,0.476,0.362,Materials,2026-07-03,28.7,9.23,96
TOP,,62.2,En base (loin du pivot),15.16,1905695577.0,54.3,-0.1,-2.63,1.54,1.13,1383828.0,13.0,51.8,4.0,0.78,0.0,0.989,0.0,0.976,0.514,0.129,0.84,0.778,0.568,Financials,2026-07-21,2.24,576.79,78
PDLB,,62.1,Squeeze / VCP prêt à casser,20.34,491981906.0,51.6,-0.002,0.3,1.65,-1.83,1751576.0,3.6,6.9,2.0,0.0,0.0,0.702,0.145,0.955,0.24,1.0,0.87,0.405,0.88,Financials,2026-07-03,20.11,1.14,96
SLDE,,62.1,En base (loin du pivot),23.89,2790631967.0,52.6,-0.109,-1.04,6.18,-3.16,35787023.0,10.7,26.8,68.0,0.0,0.0,0.746,1.0,0.269,0.0,0.414,0.931,0.849,0.644,Financials,2026-07-03,21.25,12.42,96
PFIS,,62.1,Momentum en formation,69.26,693318018.0,48.1,-0.133,0.26,0.73,-3.58,4003125.0,5.6,10.7,44.0,0.22,0.0,0.7,0.784,0.56,0.11,1.0,0.757,0.508,0.815,Financials,2026-07-03,67.12,3.19,96
CTBI,,62.1,Squeeze / VCP prêt à casser,76.11,1382762979.0,53.0,0.067,0.04,2.16,-1.22,9772112.0,3.9,8.0,17.0,0.0,0.0,0.707,0.339,0.622,0.066,1.0,0.88,0.563,0.87,Financials,2026-07-03,72.75,4.62,96
CGAU,,62.0,En base (loin du pivot),21.69,4331716862.0,46.5,-0.209,0.6,-1.5,-5.37,26383380.0,11.5,36.0,10.0,0.81,0.0,0.765,0.78,0.829,0.531,0.307,0.602,0.667,0.615,Materials,2026-07-03,16.58,30.82,96
EFXT,,62.0,Setup en formation,24.37,2975647259.0,59.3,0.177,-2.6,7.45,9.48,13800899.0,9.4,28.4,46.0,0.58,0.0,0.846,1.0,0.324,0.618,0.57,0.8,0.437,0.46,Energy,2026-07-03,23.08,5.59,96
BOTJ,,61.8,Momentum en formation,27.27,123896827.0,53.1,0.021,-0.26,0.85,-1.2,1171755.0,4.3,10.5,25.0,0.0,0.0,0.723,0.754,0.448,0.0,1.0,0.828,0.611,0.743,Financials,2026-08-17,27.77,-1.8,51
TRNS,,61.6,En base (loin du pivot),89.8,843068801.0,55.0,0.564,-0.85,2.55,5.05,10579204.0,10.2,20.9,42.0,0.33,0.0,0.73,1.0,0.669,0.664,0.475,0.549,0.444,0.66,Industrials,2026-07-03,89.03,0.86,96
XERS,,61.6,En base (loin du pivot),10.07,1835965481.0,66.1,0.138,-0.59,0.9,18.05,31637243.0,11.1,37.8,100.0,0.0,0.06,1.0,0.679,0.0,0.5,0.36,0.498,0.984,0.629,Health Care,2026-07-03,8.28,21.62,96
GDYN,ia,61.6,En base (loin du pivot),7.82,634412209.0,50.3,-0.014,-0.26,2.36,-2.98,7043815.0,10.3,30.4,19.0,1.0,0.0,0.796,1.0,0.673,0.656,0.46,0.535,0.746,0.22,Information Technology,2026-07-03,6.09,28.41,96
BMEZ,,61.5,Squeeze / VCP prêt à casser,16.38,218394835.0,45.1,-0.057,-0.97,-3.13,-2.82,2283134.0,4.4,11.6,23.0,0.3,0.0,0.763,0.936,0.712,0.151,1.0,0.196,0.73,0.853,Financials,2026-07-03,15.71,4.26,96
OBIO,,61.5,En base (loin du pivot),5.84,351013486.0,52.2,-0.06,-3.15,-3.95,14.96,2225257.0,10.2,41.8,23.0,0.0,0.0,1.0,0.453,0.503,0.35,0.481,0.5,0.857,0.662,Health Care,2026-07-03,4.19,39.38,96
SBH,,61.5,Setup en formation,16.26,1522298468.0,49.4,-0.056,1.37,-1.22,-2.63,22198890.0,6.0,14.5,29.0,0.2,0.0,0.773,1.0,0.676,0.1,1.0,0.476,0.643,0.691,Consumer Discretionary,2026-07-03,14.14,14.99,96
TALO,,61.4,En base (loin du pivot),16.76,2798341244.0,50.7,-0.049,-1.47,3.39,-0.48,36233986.0,10.5,27.9,23.0,0.04,0.0,0.744,1.0,0.76,0.021,0.438,0.881,0.675,0.65,Energy,2026-07-03,13.59,23.33,96
SPOK,,61.4,Momentum en formation,10.96,229262782.0,63.2,0.059,-0.09,5.28,2.33,1437983.0,2.7,11.0,67.0,0.56,0.0,0.016,0.839,0.492,0.779,1.0,0.943,0.603,0.142,Health Care,2026-07-03,10.49,4.48,96
SPNT,,61.3,Setup en formation,24.61,2858821044.0,50.4,-0.095,0.45,-0.93,0.53,28384054.0,7.1,15.6,27.0,0.0,0.0,0.741,1.0,0.499,0.5,0.858,0.543,0.349,0.762,Financials,2026-07-03,24.63,-0.08,96
GPRK,,61.3,En base (loin du pivot),11.44,742407414.0,59.0,-0.034,1.42,8.85,-1.04,9652906.0,12.9,31.2,36.0,0.0,0.0,0.769,1.0,0.634,0.0,0.141,0.964,0.849,0.571,Energy,2026-07-03,9.07,26.13,96
EIG,,61.2,Setup en formation,48.9,878268743.0,52.2,0.072,0.23,2.02,-1.51,8759329.0,6.4,10.3,46.0,0.19,0.0,0.7,0.717,0.407,0.095,0.955,0.87,0.5,0.788,Financials,2026-07-03,51.93,-5.83,96
ATLC,,61.2,Setup en formation,93.07,1411875437.0,51.6,0.394,0.23,6.39,-0.06,9445119.0,18.6,24.9,9.0,1.0,0.0,0.3,1.0,0.946,1.0,0.0,0.906,0.437,0.38,Financials,2026-07-03,96.4,-3.45,96
PSNL,,61.2,En base (loin du pivot),16.03,1712001948.0,47.7,-0.094,-2.26,-1.96,-6.8,34609604.0,15.1,39.0,1.0,1.0,0.0,0.845,0.61,0.995,0.619,0.0,0.672,0.714,0.495,Health Care,2026-07-03,13.62,17.69,96
ABCL,,61.1,En base (loin du pivot),13.15,4259357706.0,56.8,-0.038,-4.57,-11.27,15.05,68237297.0,12.4,66.8,43.0,0.9,0.0,1.0,0.0,0.415,0.71,0.197,0.5,0.952,0.586,Health Care,2026-07-03,8.11,62.15,96
BBCP,,61.1,Setup en formation,9.94,500910595.0,54.3,-0.002,1.12,2.47,-4.06,1729728.0,8.2,20.1,1.0,0.35,0.0,0.722,1.0,0.889,0.178,0.729,0.821,0.571,0.421,Industrials,2026-07-03,11.11,-10.53,96
HCI,,61.1,Setup en formation,184.43,2294100241.0,54.1,0.455,-0.8,4.5,-1.71,31983814.0,7.1,12.8,77.0,0.04,0.0,0.7,1.0,0.34,0.021,0.861,0.953,0.563,0.616,Financials,2026-07-03,182.64,0.98,96
AYA,,60.8,En base (loin du pivot),27.51,3962434982.0,50.7,-0.242,1.78,1.36,-4.84,36335106.0,10.3,39.2,13.0,0.0,0.0,0.802,0.602,0.857,0.0,0.462,0.84,0.778,0.657,Materials,2026-07-03,19.62,40.21,96
DLO,,60.8,Setup en formation,14.53,4285361321.0,53.9,0.034,0.07,6.14,-6.38,22252844.0,10.0,16.3,18.0,0.9,0.0,0.3,1.0,0.808,0.45,0.496,0.947,0.46,0.602,Information Technology,2026-07-03,14.88,-2.35,96
SBLK,,60.8,Setup en formation,29.86,3330290279.0,47.0,-0.137,-3.18,2.26,-7.9,60378048.0,9.2,20.9,33.0,0.0,0.0,0.736,1.0,0.53,0.0,0.602,0.695,0.77,0.694,Industrials,2026-07-03,25.15,18.73,96
RBB,,60.6,Squeeze / VCP prêt à casser,26.1,441506660.0,42.5,-0.043,-0.46,-0.04,-3.58,2624982.0,5.9,8.7,2.0,0.91,0.0,0.7,0.442,0.797,0.773,1.0,0.345,0.333,0.766,Financials,2026-07-03,27.13,-3.8,96
XMAX,,60.6,Setup en formation,8.76,568310484.0,51.7,0.002,0.57,1.27,1.51,5026459.0,6.8,11.7,9.0,0.27,0.0,0.3,0.95,0.948,0.272,0.899,0.861,0.317,0.773,Consumer Discretionary,2026-07-03,8.94,-2.01,96
CMCL,,60.6,Setup en formation,24.84,480283362.0,57.9,-0.062,2.05,6.06,-5.66,4703192.0,7.6,33.4,6.0,0.3,0.0,0.743,0.919,0.813,0.321,0.801,0.913,0.659,0.0,Materials,2026-07-03,20.09,23.64,96
NVAX,,60.5,En base (loin du pivot),11.32,1867185618.0,60.0,0.078,-9.87,4.62,10.76,76936144.0,15.5,46.6,63.0,0.0,0.0,1.0,0.189,0.224,0.5,0.0,0.835,0.976,0.485,Health Care,2026-07-03,9.74,16.22,96
EFOR,,60.4,Cup & Handle probable,35.97,1474770000.0,63.2,0.205,-0.47,9.33,10.51,24362737.0,4.5,41.0,36.0,0.63,0.0,0.577,0.5,0.458,0.411,1.0,0.838,0.897,0.0,Information Technology,2026-07-03,17.66,103.68,96
DRH,,60.3,Setup en formation,12.38,2531995302.0,52.2,0.03,-0.32,0.16,3.4,39740206.0,9.4,14.1,2.0,0.0,0.0,0.738,1.0,0.879,0.307,0.572,0.52,0.556,0.686,Real Estate,2026-07-03,12.08,2.48,96
HITI,,60.3,Cup & Handle probable,2.72,242467910.0,56.0,-0.011,-0.37,-2.86,6.04,2512356.0,4.6,29.1,60.0,0.0,0.0,0.89,1.0,0.32,0.317,1.0,0.513,0.873,0.053,Health Care,2026-07-03,2.3,18.26,96
WTTR,,60.3,En base (loin du pivot),19.99,2768231852.0,49.8,-0.018,-0.35,3.36,-0.35,39679781.0,11.1,21.7,3.0,0.0,0.0,0.702,1.0,0.784,0.247,0.369,0.814,0.556,0.632,Energy,2026-07-03,17.99,11.12,96
COHU,semiconducteurs,60.2,Setup en formation,73.1,3460439452.0,71.8,1.254,-0.85,10.81,44.12,65706403.0,3.5,48.2,90.0,0.16,0.23,1.0,0.098,0.319,0.579,1.0,0.279,0.968,0.885,Information Technology,2026-07-03,59.27,23.33,96
PLPC,equipement_electrique,60.2,En base (loin du pivot),421.52,2060685246.0,54.1,-0.098,1.3,2.17,5.84,29108236.0,16.4,44.9,2.0,0.85,0.0,0.77,0.283,0.99,0.582,0.0,0.829,0.77,0.452,Industrials,2026-07-03,368.77,14.3,96
RLJ,,60.2,En base (loin du pivot),11.18,1703562249.0,57.0,0.06,0.18,2.47,3.69,19533714.0,12.1,17.8,6.0,0.22,0.0,0.719,1.0,0.852,0.282,0.241,0.816,0.579,0.598,Real Estate,2026-07-03,11.78,-5.09,96
SWBI,,60.1,Cup & Handle probable,14.52,651072154.0,63.5,0.122,-1.22,3.27,13.78,7318216.0,3.1,20.1,75.0,0.26,0.0,0.779,1.0,0.413,0.631,1.0,0.537,0.325,0.475,Industrials,2026-07-03,14.95,-2.88,96
NGVT,,60.1,Setup en formation,72.8,2502712722.0,58.1,0.405,-0.46,2.45,3.2,19639350.0,7.9,16.0,51.0,0.0,0.0,0.33,1.0,0.506,0.5,0.762,0.809,0.349,0.727,Materials,2026-07-03,72.49,0.43,96
AVBH,,60.1,Setup en formation,31.42,345100942.0,48.6,0.028,0.26,0.61,-1.57,2042320.0,7.7,10.2,5.0,0.83,0.0,0.3,0.703,0.881,0.913,0.785,0.765,0.063,0.731,Financials,2026-07-03,32.96,-4.67,96
XFLT,,60.1,Squeeze / VCP prêt à casser,19.13,678513017.0,49.8,-0.043,-0.88,-0.1,-0.49,1643395.0,2.4,9.1,2.0,0.13,0.0,0.753,0.52,0.882,0.063,1.0,0.801,0.611,0.506,Financials,2026-07-03,17.79,7.53,96
MVBF,,60.0,Setup en formation,29.84,386950409.0,46.6,-0.062,-0.27,1.15,-4.45,1573251.0,6.3,10.6,56.0,0.28,0.0,0.7,0.761,0.453,0.266,0.957,0.66,0.437,0.789,Financials,2026-07-03,29.41,1.46,96
CRESY,,59.9,Cup & Handle probable,12.13,860322627.0,53.4,-0.106,2.1,4.21,0.5,3789569.0,5.9,20.4,58.0,0.0,0.0,0.734,1.0,0.279,0.0,1.0,0.863,0.595,0.512,Industrials,2026-07-03,11.01,10.17,96
HHH,,59.9,Setup en formation,73.28,4376357518.0,64.3,0.858,2.26,-2.14,14.29,62217211.0,2.3,19.9,100.0,0.0,0.0,0.483,1.0,0.0,0.5,1.0,0.5,0.81,0.349,Real Estate,2026-07-03,74.21,-1.25,96
RBCAA,,59.8,Setup en formation,93.29,1831669947.0,46.6,-0.058,-0.32,0.99,-3.11,10016101.0,8.3,11.5,12.0,0.28,0.0,0.7,0.916,0.929,0.138,0.719,0.667,0.484,0.725,Financials,2026-07-03,91.5,1.96,96
HAFC,,59.8,Squeeze / VCP prêt à casser,31.68,939288398.0,50.4,-0.039,0.57,1.67,-1.19,7779583.0,3.1,7.7,6.0,0.23,0.0,0.7,0.29,0.627,0.365,1.0,0.864,0.262,0.847,Financials,2026-07-03,32.49,-2.49,96
CODA,,59.8,Cup & Handle probable,10.86,122534477.0,55.2,-0.008,-0.18,-0.37,6.78,1328709.0,4.6,15.6,44.0,0.0,0.0,0.775,1.0,0.537,0.5,1.0,0.802,0.5,0.0,Industrials,2026-07-03,9.62,12.89,96
TASK,,59.7,Setup en formation,7.96,729828687.0,49.6,-0.073,-1.49,-3.28,0.63,4169788.0,9.5,33.7,8.0,1.0,0.0,0.859,0.906,0.723,0.659,0.557,0.516,0.754,0.006,Information Technology,2026-07-03,5.03,58.25,96
PENG,memoire|semiconducteurs,59.6,Cup & Handle probable,64.21,3290293703.0,66.8,1.25,5.77,15.09,24.05,131899827.0,2.3,33.7,27.0,0.39,0.29,0.838,0.907,0.586,0.694,1.0,0.823,0.786,0.049,Information Technology,2026-07-03,61.47,4.46,96
ODD,,59.6,Setup en formation,19.25,1090641186.0,61.2,0.009,-1.74,7.54,40.0,33104326.0,6.9,43.0,13.0,0.0,0.0,0.3,0.388,0.711,0.5,0.888,0.811,0.968,0.0,Consumer Staples,2026-07-03,17.9,7.54,96
GSM,,59.6,Setup en formation,4.34,810974644.0,56.9,0.01,-0.91,8.77,-6.73,4856291.0,8.3,35.2,9.0,0.79,0.0,0.32,0.825,0.902,0.394,0.712,0.955,0.627,0.224,Materials,2026-07-03,3.27,32.72,96
LTRX,,59.6,Cup & Handle probable,7.33,343626002.0,72.3,0.106,2.81,1.52,40.42,7776990.0,2.8,34.6,98.0,0.0,0.1,1.0,0.855,0.074,0.5,1.0,0.218,0.881,0.459,Information Technology,2026-07-03,5.49,33.52,96
EMBC,,59.4,Setup en formation,5.95,337124614.0,64.0,0.005,1.19,3.3,2.59,5990819.0,0.5,42.1,69.0,0.86,0.0,0.3,0.439,0.45,0.929,1.0,0.543,0.833,0.0,Health Care,2026-07-03,3.35,77.61,96
GO,,59.3,Setup en formation,11.41,1130554054.0,51.3,-0.013,-0.09,4.2,-7.84,25325494.0,9.9,30.9,1.0,0.62,0.0,0.774,1.0,0.775,0.312,0.507,0.829,0.778,0.0,Consumer Staples,2026-07-03,10.39,9.82,96
WABC,,59.3,Setup en formation,58.73,1357318016.0,46.6,-0.097,-0.56,0.62,-1.11,16115538.0,5.0,10.7,28.0,0.0,0.0,0.71,0.777,0.539,0.5,1.0,0.598,0.222,0.769,Financials,2026-07-03,59.51,-1.31,96
LFST,,59.2,En base (loin du pivot),12.12,4631708262.0,48.2,-0.064,-0.82,1.93,-4.79,73433994.0,10.6,25.7,43.0,0.0,0.0,0.714,1.0,0.654,0.0,0.423,0.774,0.722,0.646,Health Care,2026-07-03,11.27,7.54,96
CHMG,,59.2,Squeeze / VCP prêt à casser,81.62,393528545.0,47.6,-0.18,-0.35,0.34,-3.38,6560897.0,4.7,7.8,18.0,0.0,0.0,0.721,0.302,0.715,0.0,1.0,0.709,0.603,0.844,Financials,2026-07-03,74.5,9.56,96
RRGB,,59.2,En base (loin du pivot),8.36,158035367.0,57.3,0.123,3.85,9.28,-1.3,1900092.0,23.7,38.6,5.0,0.7,0.0,0.7,0.632,0.971,0.42,0.0,0.917,0.849,0.212,Consumer Discretionary,2026-07-03,7.15,16.92,96
CCSI,,59.1,Setup en formation,36.35,666110915.0,51.8,0.119,-0.08,4.79,2.8,4561222.0,11.3,18.7,3.0,0.74,0.0,0.3,1.0,0.981,0.406,0.338,0.876,0.5,0.593,Information Technology,2026-07-03,37.94,-4.19,96
FSBW,,59.1,Squeeze / VCP prêt à casser,44.11,346799348.0,53.3,-0.003,-0.72,0.64,0.52,1369961.0,2.0,7.4,1.0,0.0,0.0,0.741,0.229,0.755,0.0,1.0,0.821,0.484,0.895,Financials,2026-07-17,45.27,-2.56,82
WWW,,58.9,Setup en formation,19.31,1584701006.0,50.3,-0.003,1.95,0.89,-6.5,14019880.0,9.6,17.6,1.0,0.49,0.0,0.7,1.0,0.995,0.473,0.552,0.822,0.556,0.042,Consumer Discretionary,2026-07-03,16.53,16.82,96
BATRK,,58.9,Setup en formation,52.41,3363039482.0,52.7,-0.04,0.46,-2.91,3.91,26596076.0,4.5,12.7,82.0,0.3,0.0,0.773,1.0,0.399,0.295,1.0,0.5,0.31,0.851,Communication Services,2026-07-03,52.77,-0.68,96
VLGEA,,58.9,Setup en formation,43.72,647470947.0,45.5,-0.054,-3.83,-3.61,1.36,2092458.0,6.1,12.4,54.0,0.6,0.0,0.786,1.0,0.393,0.768,0.992,0.22,0.238,0.724,Consumer Staples,2026-07-03,42.34,3.26,96
XGN,,58.8,Setup en formation,8.19,198405526.0,55.5,-0.077,-3.19,-1.33,8.05,2425785.0,7.9,54.0,56.0,0.6,0.0,1.0,0.0,0.441,0.717,0.766,0.546,0.913,0.0,Health Care,2026-07-15,4.09,100.24,84
FSUN,,58.7,Squeeze / VCP prêt à casser,39.19,1825625902.0,47.9,-0.021,-0.66,1.48,-4.23,16044281.0,5.2,15.3,15.0,0.0,0.0,0.7,1.0,0.654,0.0,1.0,0.738,0.373,0.752,Financials,2026-07-03,38.98,0.54,96
YEXT,,58.6,En base (loin du pivot),6.56,649300298.0,56.6,-0.002,-0.91,1.23,0.77,6366017.0,16.8,32.2,5.0,0.28,0.0,0.868,0.987,0.906,0.33,0.0,0.809,0.857,0.088,Information Technology,2026-07-03,4.95,32.53,96
ICFI,,58.6,En base (loin du pivot),83.09,1490126422.0,43.5,-0.219,0.28,-0.04,-5.58,15902403.0,13.0,17.2,13.0,0.49,0.0,0.7,1.0,0.813,0.747,0.122,0.41,0.595,0.508,Industrials,2026-07-03,74.99,10.8,96
CVCO,,58.6,Setup en formation,572.8,4404489466.0,56.3,4.929,-0.6,3.0,1.17,59285988.0,6.5,15.8,38.0,0.35,0.0,0.321,1.0,0.491,0.578,0.94,0.806,0.405,0.345,Consumer Discretionary,2026-07-03,598.73,-4.33,96
GRVY,,58.6,En base (loin du pivot),67.58,469606662.0,43.5,-0.18,-0.87,-0.22,-7.41,1315823.0,11.1,20.1,51.0,1.0,0.0,0.7,1.0,0.695,0.637,0.365,0.475,0.46,0.631,Communication Services,2026-07-03,65.58,3.05,96
CNO,,58.6,Momentum en formation,54.04,4999854889.0,48.6,-0.073,0.02,1.41,-4.46,61893222.0,5.9,9.5,30.0,0.0,0.0,0.7,0.586,0.531,0.037,1.0,0.801,0.452,0.805,Financials,2026-07-03,52.43,3.07,96
HTGC,,58.6,Setup en formation,16.57,3101307480.0,36.8,-0.098,-0.72,-2.36,-6.01,21073611.0,7.6,15.0,52.0,0.78,0.0,0.7,1.0,0.36,0.392,0.802,0.306,0.587,0.747,Financials,2026-07-03,15.96,3.82,96
BDSX,,58.6,En base (loin du pivot),27.96,295009259.0,50.8,-0.259,-3.79,-4.05,6.8,2985352.0,12.5,38.2,5.0,0.24,0.0,0.978,0.658,0.643,0.259,0.182,0.529,0.857,0.582,Health Care,2026-07-03,21.99,27.15,96
SIF,defense,58.5,En base (loin du pivot),23.01,143907485.0,57.2,0.232,0.04,1.81,7.78,1077193.0,20.7,40.2,19.0,1.0,0.0,0.766,0.542,0.886,0.589,0.0,0.802,0.73,0.311,Industrials,2026-07-03,24.65,-6.65,96
PNRG,,58.5,Setup en formation,210.25,332741650.0,54.3,-0.149,0.28,5.37,-3.27,16999228.0,7.6,21.8,17.0,0.48,0.0,0.715,1.0,0.779,0.241,0.796,0.899,0.5,0.18,Energy,2026-07-03,173.3,21.32,96
PMVP,,58.5,En base (loin du pivot),1.61,121579846.0,58.3,0.027,-9.55,12.59,24.81,1531962.0,15.7,45.5,99.0,0.0,0.0,1.0,0.247,0.005,0.5,0.0,0.81,0.944,0.476,Health Care,2026-09-15,1.46,10.27,22
OGN,,58.5,Squeeze / VCP prêt à casser,13.74,3608253609.0,58.3,-0.001,0.29,0.0,-0.29,31564118.0,0.3,2.1,16.0,0.69,0.0,0.723,0.0,0.586,0.567,0.931,0.81,0.127,0.989,Health Care,2026-07-03,13.55,1.4,96
GABC,,58.4,Squeeze / VCP prêt à casser,49.06,1843616320.0,47.7,0.006,-0.45,0.49,-1.9,6980871.0,5.5,8.3,9.0,0.3,0.0,0.704,0.38,0.745,0.149,1.0,0.705,0.437,0.817,Financials,2026-07-03,47.6,3.07,96
IMMR,,58.4,En base (loin du pivot),7.17,238087314.0,43.6,-0.009,-1.38,-1.24,-7.0,2808288.0,10.9,12.5,5.0,0.92,0.0,0.7,1.0,0.881,0.459,0.384,0.406,0.579,0.636,Information Technology,2026-07-03,6.78,5.75,96
CECO,,58.4,Setup en formation,75.45,4419093674.0,55.1,0.411,0.65,6.87,1.82,50113812.0,11.0,29.9,1.0,0.68,0.0,0.3,1.0,0.989,0.838,0.376,0.874,0.413,0.151,Industrials,2026-07-03,82.15,-8.16,96
FIGS,,58.4,En base (loin du pivot),14.1,2342577412.0,55.5,0.076,3.45,0.28,-2.22,36467545.0,13.9,40.3,26.0,0.43,0.0,0.772,0.539,0.737,0.717,0.01,0.803,0.627,0.355,Consumer Discretionary,2026-07-03,9.99,41.14,96
SFNC,,58.3,Setup en formation,22.59,3264566494.0,45.8,-0.018,-0.53,0.31,-3.75,33093721.0,6.2,8.8,2.0,0.21,0.0,0.702,0.473,0.715,0.606,0.969,0.537,0.206,0.792,Financials,2026-07-03,22.84,-1.09,96
CDNA,,58.3,Setup en formation,63.79,3300126085.0,63.3,0.551,-8.68,-0.36,25.37,86783285.0,9.8,50.5,82.0,0.0,0.0,1.0,0.0,0.11,0.449,0.52,0.5,0.944,0.599,Health Care,2026-07-03,29.19,118.53,96
CLOV,,58.3,En base (loin du pivot),4.6,2443318810.0,54.7,0.001,-1.71,6.36,8.11,19870475.0,11.4,22.3,12.0,0.16,0.0,0.707,1.0,0.797,0.082,0.329,0.912,0.675,0.41,Health Care,2026-07-03,5.26,-12.55,96
USCB,,58.3,Setup en formation,22.3,411980681.0,46.0,-0.09,-0.62,0.04,-5.03,2074604.0,6.6,10.6,36.0,0.0,0.0,0.719,0.763,0.602,0.0,0.92,0.617,0.571,0.779,Financials,2026-07-03,20.45,9.05,96
COTY,,58.3,Setup en formation,2.79,2457115235.0,57.5,0.017,2.57,3.72,-4.78,13956700.0,9.7,22.3,16.0,1.0,0.0,0.029,1.0,0.805,0.7,0.536,0.858,0.746,0.0,Consumer Staples,2026-07-03,2.3,21.3,96
SKY,,58.2,En base (loin du pivot),85.89,4662120709.0,48.0,0.117,0.15,-0.92,-2.13,46722854.0,11.1,19.4,6.0,0.54,0.0,0.715,1.0,0.789,0.771,0.365,0.403,0.405,0.554,Consumer Discretionary,2026-07-03,85.25,0.75,96
OBT,,58.2,Squeeze / VCP prêt à casser,37.5,502798613.0,47.1,-0.028,-0.21,0.51,-3.15,2321415.0,5.8,12.8,21.0,0.0,0.0,0.7,1.0,0.696,0.153,1.0,0.656,0.246,0.799,Financials,2026-07-03,37.65,-0.4,96
GHC,,58.2,Setup en formation,1157.67,4902649098.0,53.8,2.599,0.2,2.65,1.92,39746141.0,8.3,13.8,5.0,0.0,0.0,0.3,1.0,0.971,0.5,0.713,0.83,0.143,0.724,Industrials,2026-07-08,1155.24,0.21,91
WS,,58.1,Momentum en formation,38.19,1945651380.0,62.0,0.487,-2.38,7.15,6.11,12379671.0,3.9,19.4,63.0,0.0,0.0,0.386,1.0,0.374,0.353,1.0,0.855,0.532,0.291,Materials,2026-07-03,32.02,19.27,96
LIND,,57.9,Cup & Handle probable,36.08,2367558379.0,78.8,1.046,1.35,15.38,39.47,28956933.0,-0.1,32.5,100.0,0.0,0.42,0.986,0.97,0.058,0.5,0.756,0.385,1.0,0.974,Consumer Discretionary,2026-07-03,26.22,37.6,96
INTA,,57.9,En base (loin du pivot),37.03,2833207810.0,49.0,0.015,-0.94,5.2,-11.22,20031863.0,16.5,32.8,1.0,0.79,0.0,0.72,0.957,0.969,0.396,0.0,0.809,0.73,0.242,Information Technology,2026-07-03,27.39,35.2,96
ESP,,57.9,Setup en formation,62.3,189197126.0,48.1,-0.276,0.63,-3.62,-0.12,2798835.0,6.9,17.4,17.0,0.35,0.0,0.744,1.0,0.495,0.594,0.891,0.414,0.373,0.499,Industrials,2026-07-03,64.97,-4.11,96
ADUS,,57.9,Setup en formation,113.16,2113183788.0,45.0,-0.282,0.16,0.18,-4.72,24778547.0,8.1,12.7,41.0,0.28,0.0,0.7,1.0,0.624,0.142,0.737,0.56,0.54,0.698,Health Care,2026-07-03,105.17,7.6,96
FIRY,,57.8,En base (loin du pivot),12.48,207445767.0,65.6,0.035,-0.72,-0.56,23.2,1997065.0,11.6,36.1,60.0,1.0,0.0,1.0,0.771,0.243,0.697,0.298,0.478,0.921,0.0,Communication Services,2026-07-03,9.74,28.13,96
CEVA,semiconducteurs,57.8,Setup en formation,36.17,1018332784.0,64.0,0.56,-1.34,4.9,34.21,20908056.0,8.4,36.0,64.0,0.76,0.0,0.928,0.776,0.488,0.881,0.705,0.5,0.508,0.003,Information Technology,2026-07-03,40.42,-10.51,96
SGHT,,57.8,En base (loin du pivot),8.56,471553194.0,51.9,-0.046,-4.04,-8.45,2.51,2678408.0,11.9,49.4,44.0,0.0,0.0,1.0,0.031,0.467,0.5,0.266,0.5,0.881,0.604,Health Care,2026-07-03,5.45,57.06,96
ALLT,,57.7,Cup & Handle probable,8.34,408018646.0,55.2,-0.003,-0.83,-1.18,9.16,2805928.0,5.3,17.0,51.0,0.0,0.0,0.845,1.0,0.54,0.328,1.0,0.5,0.738,0.0,Information Technology,2026-07-03,8.43,-1.07,96
NOG,,57.7,En base (loin du pivot),23.91,2547589650.0,50.2,-0.016,-0.5,5.15,-5.93,51646836.0,10.8,28.1,44.0,0.49,0.0,0.7,1.0,0.615,0.246,0.394,0.944,0.54,0.376,Energy,2026-07-03,17.95,33.2,96
BTE,,57.6,Setup en formation,4.69,3324684720.0,51.1,-0.014,0.21,4.92,-3.19,85608265.0,9.8,24.1,59.0,0.0,0.0,0.7,1.0,0.474,0.13,0.524,0.922,0.46,0.603,Energy,2026-07-03,3.89,20.57,96
KRP,,57.6,Momentum en formation,14.94,1713671635.0,57.0,0.032,1.01,4.48,0.4,14163674.0,4.5,10.9,45.0,0.1,0.0,0.3,0.825,0.505,0.088,1.0,0.936,0.333,0.849,Energy,2026-07-03,14.49,3.11,96
ACHC,,57.5,Setup en formation,29.04,2703631986.0,53.9,0.134,0.59,3.57,3.23,43017119.0,13.0,20.2,6.0,0.98,0.0,0.3,1.0,0.933,0.638,0.128,0.881,0.508,0.368,Health Care,2026-07-03,31.91,-8.99,96
DJCO,,57.4,Setup en formation,629.69,867682595.0,43.3,-4.858,-3.34,-4.21,0.29,39060927.0,9.1,22.8,10.0,0.32,0.0,0.8,1.0,0.852,0.225,0.616,0.104,0.754,0.698,Information Technology,2026-07-03,584.83,7.67,96
SBET,,57.4,Setup en formation,9.5,2063624238.0,56.9,-0.082,-0.94,0.42,9.45,78638111.0,8.7,43.5,36.0,0.32,0.0,1.0,0.363,0.437,0.518,0.668,0.53,0.921,0.0,Financials,2026-07-03,5.31,78.91,96
REX,,57.4,Squeeze / VCP prêt à casser,44.04,1461055186.0,57.2,0.128,1.45,3.4,6.22,11462173.0,3.1,12.7,2.0,0.0,0.0,0.3,1.0,0.805,0.5,1.0,0.801,0.246,0.418,Materials,2026-07-03,44.98,-2.09,96
SPT,,57.4,En base (loin du pivot),10.13,613799108.0,49.5,-0.034,-0.59,7.65,-10.83,10571925.0,14.6,32.3,40.0,0.65,0.0,0.703,0.984,0.556,0.327,0.0,0.849,0.778,0.344,Information Technology,2026-07-03,8.08,25.37,96
EXFY,,57.3,En base (loin du pivot),2.23,203346261.0,47.0,-0.005,-5.11,-0.45,-6.3,1272313.0,20.6,37.7,2.0,1.0,0.0,0.766,0.682,0.99,0.619,0.0,0.624,0.698,0.312,Information Technology,2026-07-03,1.7,31.18,96
CTOS,,57.3,Setup en formation,9.96,2265955129.0,60.0,0.11,0.81,8.03,8.38,7683982.0,18.6,28.7,18.0,0.72,0.0,0.3,1.0,0.795,0.86,0.0,0.886,0.413,0.381,Industrials,2026-07-03,10.04,-0.8,96
JOE,,57.2,Setup en formation,65.98,3756271157.0,52.8,0.126,-0.35,-0.05,-0.2,19347456.0,6.3,14.4,15.0,0.0,0.0,0.711,1.0,0.723,0.0,0.964,0.809,0.286,0.679,Real Estate,2026-07-03,61.33,7.58,96
FIVN,,57.2,En base (loin du pivot),33.29,2487546347.0,47.9,-0.334,-3.14,-2.12,0.06,86942010.0,16.8,35.0,46.0,0.43,0.0,0.914,0.833,0.324,0.714,0.0,0.373,0.794,0.441,Information Technology,2026-07-03,23.44,42.02,96
ZLAB,,57.2,Setup en formation,25.58,2871770112.0,52.1,-0.127,-0.16,-1.35,-2.48,21781831.0,7.0,34.8,6.0,0.54,0.0,0.819,0.842,0.7,0.269,0.877,0.533,0.706,0.17,Health Care,2026-07-03,19.12,33.79,96
SMC,,57.2,Setup en formation,33.15,673213018.0,59.2,0.08,3.37,9.7,-3.07,2913284.0,9.1,19.4,72.0,0.0,0.0,0.3,1.0,0.302,0.0,0.612,0.979,0.643,0.697,Energy,2026-07-03,29.8,11.24,96
AVNW,,57.2,Setup en formation,21.1,271317114.0,59.3,0.13,2.73,7.6,6.67,2768884.0,12.1,22.7,10.0,0.54,0.0,0.3,1.0,0.943,0.67,0.24,0.893,0.468,0.27,Information Technology,2026-07-03,21.17,-0.33,96
KOPN,defense|ia|laser_photonique,57.1,En base (loin du pivot),4.88,907058356.0,56.1,0.008,0.21,2.74,14.02,16225783.0,11.8,43.0,2.0,0.63,0.0,0.83,0.387,0.965,0.598,0.281,0.833,0.619,0.128,Information Technology,2026-07-03,3.9,25.13,96
VECO,semiconducteurs,57.1,Setup en formation,55.67,3403087059.0,67.3,1.516,-1.14,8.37,24.63,33827956.0,7.2,33.7,69.0,0.45,0.13,0.869,0.905,0.316,0.727,0.85,0.731,0.563,0.0,Information Technology,2026-07-03,57.49,-3.17,96
XNCR,,57.1,En base (loin du pivot),24.36,1811248751.0,47.7,-0.062,-4.96,-2.56,-8.46,35588729.0,20.4,37.8,1.0,0.02,0.0,0.842,0.678,0.819,0.508,0.0,0.674,0.746,0.319,Health Care,2026-07-03,15.0,62.4,96
WLY,,57.0,Setup en formation,48.45,2459495936.0,49.7,0.186,0.56,2.24,1.29,23817683.0,15.0,19.9,4.0,0.21,0.0,0.3,1.0,0.965,0.603,0.0,0.811,0.532,0.499,Communication Services,2026-07-03,52.76,-8.17,96
ASST,,56.9,Setup en formation,29.75,3002934834.0,66.5,-0.413,-1.69,1.5,9.62,251336258.0,7.3,65.8,1.0,0.0,0.0,1.0,0.0,0.681,0.5,0.842,0.489,0.929,0.0,Financials,2026-07-03,13.11,126.93,96
KODK,,56.8,Cup & Handle probable,9.87,966273000.0,58.7,0.038,-1.6,2.92,6.24,7646367.0,4.3,22.5,25.0,0.49,0.0,0.774,1.0,0.715,0.295,1.0,0.822,0.444,0.0,Industrials,2026-07-03,8.47,16.53,96
CTS,gestion_thermique,56.8,Setup en formation,61.1,1744783515.0,61.9,0.448,-0.83,3.24,6.93,14716696.0,10.1,19.0,24.0,0.0,0.0,0.328,1.0,0.674,0.5,0.491,0.833,0.341,0.599,Information Technology,2026-07-03,60.5,0.99,96
CRGY,,56.8,En base (loin du pivot),13.62,4500098340.0,53.4,-0.063,0.44,5.66,-1.09,87762046.0,12.0,34.5,49.0,0.05,0.0,0.744,0.86,0.543,0.026,0.255,0.937,0.643,0.601,Energy,2026-07-03,9.34,45.82,96
WK,,56.7,En base (loin du pivot),70.16,3817860798.0,48.6,-0.256,-2.39,7.69,-8.35,112115733.0,12.9,29.5,25.0,0.0,0.0,0.723,1.0,0.562,0.5,0.136,0.817,0.73,0.075,Information Technology,2026-07-03,51.93,35.1,96
SYNA,,56.6,Cup & Handle probable,119.39,4738877188.0,69.2,3.092,-0.28,18.45,20.61,114904275.0,2.1,27.8,83.0,0.0,0.24,0.807,1.0,0.248,0.5,1.0,0.809,0.556,0.336,Information Technology,2026-07-03,119.52,-0.11,96
PBAM,,56.6,Setup en formation,86.21,493965023.0,43.5,-0.34,-0.16,1.24,-4.32,14398341.0,6.4,11.8,66.0,0.0,0.0,0.7,0.962,0.205,0.0,0.952,0.484,0.619,0.787,Financials,2026-08-17,86.6,-0.45,51
AERO,,56.5,Squeeze / VCP prêt à casser,16.73,2440964033.0,61.4,0.057,7.8,5.62,5.95,5825796.0,-0.3,21.2,17.0,0.0,0.0,0.33,1.0,0.537,0.5,0.68,0.842,0.627,0.086,Industrials,2026-07-03,17.49,-4.35,96
FTK,,56.5,En base (loin du pivot),29.97,1085526257.0,55.7,0.049,1.01,5.16,27.32,14855498.0,24.5,45.8,29.0,0.54,0.0,0.873,0.232,0.771,0.772,0.0,0.547,0.881,0.185,Energy,2026-07-03,22.19,35.06,96
KARO,,56.4,En base (loin du pivot),61.6,1903027280.0,44.3,-0.428,0.98,1.27,-5.93,4920509.0,10.5,13.9,80.0,0.89,0.0,0.7,1.0,0.183,0.445,0.442,0.515,0.571,0.651,Information Technology,2026-07-03,53.87,14.35,96
APOG,,56.4,Setup en formation,40.0,834731760.0,61.6,0.269,12.17,11.61,0.08,12521206.0,9.2,21.5,27.0,0.0,0.0,0.3,1.0,0.438,0.5,0.601,0.916,0.492,0.305,Industrials,2026-07-03,40.57,-1.4,96
REPL,,56.3,En base (loin du pivot),13.25,1248410151.0,49.4,0.012,0.76,1.92,-11.9,29909483.0,18.9,70.8,1.0,1.0,0.0,0.721,0.0,0.995,0.632,0.0,0.798,0.754,0.371,Health Care,2026-07-03,11.58,14.42,96
BFC,,56.3,Squeeze / VCP prêt à casser,150.33,1666499300.0,47.3,0.007,-0.59,0.39,-3.39,9901049.0,5.1,7.4,5.0,0.75,0.0,0.7,0.237,0.882,0.376,1.0,0.687,0.175,0.829,Financials,2026-07-03,151.8,-0.97,96
GTN,,56.3,En base (loin du pivot),4.65,478877381.0,51.7,-0.005,0.43,3.1,-4.51,4755115.0,13.6,28.0,16.0,0.49,0.0,0.7,1.0,0.862,0.499,0.052,0.869,0.571,0.164,Communication Services,2026-07-03,4.11,13.14,96
BFLY,,56.3,En base (loin du pivot),8.7,2316681092.0,51.2,0.027,-7.25,-4.4,18.21,51331174.0,13.4,33.2,56.0,0.42,0.0,0.961,0.931,0.267,0.378,0.071,0.521,0.77,0.507,Health Care,2026-07-03,7.68,13.28,96
DCO,defense,56.3,Setup en formation,175.33,2647444252.0,52.9,1.205,1.43,2.43,4.16,41240329.0,16.7,25.7,11.0,0.32,0.0,0.3,1.0,0.92,0.515,0.0,0.818,0.611,0.445,Industrials,2026-07-03,186.6,-6.04,96
SILC,,56.2,Étendu (déjà parti),61.65,354340218.0,75.8,1.417,0.78,20.01,50.84,7508669.0,1.8,45.8,80.0,0.7,0.56,1.0,0.232,0.295,0.849,1.0,0.472,1.0,0.929,Information Technology,2026-07-03,42.59,44.75,96
BH,,56.2,Setup en formation,369.87,860521049.0,56.6,3.445,1.5,8.9,-3.62,42979647.0,10.5,18.6,25.0,0.98,0.0,0.3,1.0,0.848,0.489,0.435,0.921,0.508,0.216,Consumer Discretionary,2026-07-03,420.92,-12.13,96
ESEA,,56.2,Setup en formation,72.22,509575726.0,47.5,-0.023,-1.14,2.27,-4.38,3083452.0,8.4,12.7,51.0,0.29,0.0,0.3,1.0,0.542,0.403,0.704,0.739,0.325,0.721,Industrials,2026-07-03,66.38,8.8,96
CHCO,,56.2,Momentum en formation,141.57,1988373301.0,48.3,0.062,-0.14,1.21,-2.75,18851855.0,5.0,7.6,39.0,0.02,0.0,0.7,0.263,0.399,0.009,1.0,0.763,0.532,0.834,Financials,2026-07-03,134.85,4.98,96
VTMX,,56.1,Setup en formation,33.37,2951531250.0,51.9,0.032,2.39,3.03,-3.83,1939590.0,7.4,12.3,37.0,0.72,0.0,0.3,1.0,0.471,0.529,0.821,0.902,0.087,0.676,Real Estate,2026-07-03,34.59,-3.53,96
OBK,,56.1,Squeeze / VCP prêt à casser,52.82,1629479992.0,45.8,-0.07,-0.56,0.13,-3.05,9185621.0,4.5,7.7,17.0,0.34,0.0,0.703,0.276,0.667,0.168,1.0,0.589,0.444,0.85,Financials,2026-07-03,51.37,2.82,96
WRLD,,56.0,Setup en formation,176.96,825196333.0,46.2,0.354,0.39,2.58,-7.13,10977874.0,11.6,16.4,50.0,1.0,0.0,0.3,1.0,0.662,0.951,0.303,0.693,0.405,0.257,Financials,2026-07-03,207.98,-14.91,96
FMNB,,55.9,Setup en formation,15.24,902636759.0,45.3,-0.024,-0.26,0.2,-4.08,5972100.0,6.4,9.0,57.0,0.34,0.0,0.7,0.499,0.472,0.169,0.956,0.579,0.476,0.788,Financials,2026-07-03,14.64,4.1,96
HBB,,55.8,En base (loin du pivot),35.8,481235486.0,58.0,0.046,-1.57,-7.8,15.48,3096562.0,10.5,44.6,84.0,0.0,0.0,1.0,0.298,0.095,0.165,0.44,0.5,0.937,0.651,Consumer Discretionary,2026-07-17,24.1,48.55,82
FNLC,,55.8,Momentum en formation,33.75,380778975.0,46.0,-0.048,-0.24,1.06,-2.88,1487667.0,6.0,9.6,57.0,0.0,0.0,0.7,0.607,0.289,0.179,1.0,0.609,0.421,0.801,Financials,2026-07-03,35.04,-3.68,96
OFG,,55.6,Setup en formation,50.84,2148777715.0,43.9,-0.075,-0.26,1.44,-3.8,14736096.0,6.0,9.5,27.0,0.13,0.0,0.7,0.575,0.53,0.183,0.998,0.488,0.444,0.8,Financials,2026-07-03,49.48,2.75,96
FMBH,,55.6,Setup en formation,49.51,1317060663.0,46.5,0.011,-0.32,1.29,-3.55,6901255.0,6.7,9.8,35.0,0.13,0.0,0.7,0.636,0.602,0.067,0.906,0.655,0.421,0.775,Financials,2026-07-03,48.46,2.17,96
SKWD,,55.5,Setup en formation,56.49,2507957890.0,52.7,0.156,2.36,5.63,-1.48,19378787.0,14.0,20.1,32.0,0.88,0.0,0.3,1.0,0.81,0.439,0.0,0.938,0.508,0.533,Financials,2026-07-03,61.42,-8.03,96
EGHT,,55.4,En base (loin du pivot),2.17,313425037.0,55.5,0.02,-3.12,0.0,14.81,3628126.0,10.7,28.0,85.0,0.07,0.0,0.981,1.0,0.13,0.537,0.413,0.5,0.683,0.178,Information Technology,2026-07-03,1.83,18.58,96
ULCC,,55.4,Setup en formation,6.25,1438848569.0,56.1,0.055,2.29,2.54,4.87,14546752.0,24.9,35.0,13.0,0.81,0.0,0.302,0.835,0.697,0.904,0.0,0.808,0.603,0.145,Industrials,2026-07-03,7.58,-17.55,96
CCO,,55.4,Momentum en formation,2.4,1221825228.0,57.9,0.005,0.0,2.56,0.84,11614008.0,1.6,7.4,83.0,1.0,0.0,0.3,0.23,0.266,0.628,1.0,0.872,0.087,0.945,Communication Services,2026-07-03,2.41,-0.41,96
TCBX,,55.3,Setup en formation,43.02,716496809.0,43.3,-0.088,0.3,0.99,-6.58,4366058.0,7.2,10.3,52.0,0.55,0.0,0.7,0.717,0.418,0.274,0.851,0.446,0.468,0.76,Financials,2026-07-03,40.0,7.55,96
GCO,,55.3,Setup en formation,36.14,391040293.0,59.0,0.251,1.35,4.75,0.92,5832361.0,10.7,20.3,4.0,0.7,0.0,0.305,1.0,0.938,0.351,0.407,0.847,0.468,0.43,Consumer Discretionary,2026-07-03,33.16,8.99,96
CSQ,,55.3,Squeeze / VCP prêt à casser,20.6,3273085013.0,51.4,-0.023,1.18,0.98,-1.69,3903155.0,2.4,8.8,24.0,0.25,0.0,0.703,0.462,0.457,0.243,1.0,0.831,0.087,0.921,Financials,2026-07-03,20.52,0.39,96
ABSI,,55.3,En base (loin du pivot),10.27,1762475883.0,54.1,0.127,-10.93,1.28,16.44,42258594.0,13.0,43.3,50.0,0.0,0.0,1.0,0.373,0.3,0.433,0.129,0.533,0.833,0.506,Health Care,2026-07-03,11.62,-11.62,96
PURR,,55.3,En base (loin du pivot),12.5,3478391100.0,53.8,-0.216,-3.25,4.87,2.63,282233980.0,15.3,60.7,25.0,0.0,0.0,1.0,0.0,0.591,0.216,0.0,0.827,0.913,0.49,Financials,2026-07-13,7.55,65.56,86
ORRF,,55.3,Squeeze / VCP prêt à casser,41.33,812945643.0,46.1,-0.032,-0.17,1.13,-4.17,4279198.0,5.5,8.9,16.0,0.32,0.0,0.7,0.486,0.62,0.162,1.0,0.614,0.341,0.817,Financials,2026-07-03,40.85,1.18,96
NOVTU,,55.3,Setup en formation,64.41,2435842566.0,61.5,0.613,2.21,7.58,2.76,3166935.0,16.3,26.5,43.0,0.0,0.0,0.3,1.0,0.743,0.5,0.0,0.909,0.548,0.457,Information Technology,2026-07-03,67.48,-4.55,96
KYN,,55.1,Momentum en formation,14.24,1938512987.0,50.6,-0.006,1.28,4.71,-3.26,4601811.0,5.3,10.2,91.0,0.38,0.0,0.3,0.704,0.241,0.191,1.0,0.99,0.23,0.823,Financials,2026-07-03,13.91,2.37,96
APPN,,55.0,En base (loin du pivot),37.25,2668127988.0,51.9,-0.099,-2.51,5.43,-2.92,30150784.0,15.5,41.5,6.0,0.39,0.0,0.821,0.472,0.791,0.195,0.0,0.859,0.817,0.362,Information Technology,2026-07-03,24.4,52.66,96
OUST,laser_photonique|robotique,55.0,En base (loin du pivot),44.91,3238564875.0,63.7,0.825,1.79,12.27,23.28,93064759.0,13.4,40.6,30.0,0.67,0.09,0.91,0.525,0.657,0.653,0.077,0.832,0.778,0.013,Information Technology,2026-07-03,49.84,-9.89,96
GEO,,55.0,Setup en formation,29.94,3940690345.0,44.2,-0.022,-7.42,-3.29,-5.76,85117519.0,9.7,12.9,39.0,0.0,0.0,0.727,1.0,0.367,0.5,0.533,0.457,0.373,0.675,Industrials,2026-07-03,30.25,-1.02,96
ASAN,,54.9,Setup en formation,9.29,2127132387.0,52.5,-0.021,1.64,12.88,5.45,75520316.0,11.6,27.3,33.0,0.0,0.0,0.3,1.0,0.51,0.5,0.299,0.875,0.794,0.0,Information Technology,2026-07-03,7.34,26.57,96
RELY,,54.8,Setup en formation,23.2,4911070053.0,53.8,0.249,1.27,8.06,-11.35,91588961.0,15.6,28.9,14.0,0.0,0.0,0.3,1.0,0.807,0.5,0.0,0.929,0.468,0.481,Information Technology,2026-07-08,24.13,-3.85,91
MBWM,,54.7,Setup en formation,58.83,1017016860.0,44.5,-0.125,-0.44,-0.1,-5.33,6827631.0,6.5,8.6,40.0,0.42,0.0,0.7,0.438,0.699,0.21,0.932,0.507,0.413,0.782,Financials,2026-07-03,57.81,1.76,96
BHC,,54.7,Setup en formation,6.02,2251423177.0,53.7,0.029,2.21,3.79,-8.23,11808539.0,17.5,38.8,8.0,1.0,0.0,0.3,0.624,0.952,0.799,0.0,0.886,0.579,0.175,Health Care,2026-07-03,4.9,22.86,96
RMT,,54.7,Squeeze / VCP prêt à casser,13.63,630647928.0,53.2,0.039,-0.22,2.56,-0.47,1273095.0,5.4,9.0,1.0,0.54,0.0,0.3,0.501,0.737,0.392,1.0,0.867,0.103,0.794,Financials,2026-07-03,14.38,-5.22,96
NEWP,,54.7,En base (loin du pivot),6.39,1183472883.0,52.7,-0.016,2.9,0.0,3.57,5701367.0,15.4,43.6,16.0,0.0,0.0,0.842,0.357,0.761,0.5,0.0,0.539,0.77,0.488,Materials,2026-07-03,4.28,49.3,96
AMWL,,54.5,En base (loin du pivot),12.27,208697461.0,43.2,-0.178,-3.54,-6.62,-5.54,1295328.0,13.5,30.0,9.0,0.77,0.0,0.834,1.0,0.785,0.626,0.059,0.073,0.698,0.549,Health Care,2026-07-15,10.88,12.78,84
LXFR,,54.5,Squeeze / VCP prêt à casser,17.24,461329315.0,51.5,-0.006,-0.06,-0.17,0.17,7235248.0,0.7,2.1,1.0,0.0,0.0,0.717,0.0,0.964,0.499,1.0,0.531,0.302,0.644,Industrials,2026-07-03,17.14,0.58,96
FWDI,,54.4,Setup en formation,8.14,620986070.0,62.5,-0.051,0.37,1.62,29.0,17807257.0,7.1,57.0,82.0,0.0,0.0,1.0,0.0,0.11,0.5,0.865,0.529,0.929,0.0,Consumer Discretionary,2026-07-03,4.81,69.23,96
CSWC,,54.3,Setup en formation,23.67,1470870984.0,50.3,0.048,0.42,1.5,-2.68,13547146.0,7.1,10.6,38.0,0.55,0.0,0.3,0.773,0.511,0.273,0.862,0.911,0.19,0.763,Financials,2026-07-03,23.73,-0.25,96
CMRE,,54.3,Squeeze / VCP prêt à casser,15.1,1820890261.0,50.6,0.043,-1.88,2.37,-2.89,5323161.0,5.0,12.9,9.0,0.35,0.0,0.3,1.0,0.728,0.29,1.0,0.865,0.175,0.496,Industrials,2026-07-03,14.26,5.89,96
LQDT,,54.2,Setup en formation,41.51,1300575463.0,42.3,-0.16,-3.96,-4.16,-1.42,10290656.0,7.8,17.2,2.0,0.14,0.0,0.786,1.0,0.88,0.071,0.781,0.018,0.675,0.741,Consumer Discretionary,2026-07-03,38.36,8.21,96
HG,,54.2,Setup en formation,34.24,2849135635.0,49.6,0.053,0.23,2.67,-3.82,14294778.0,8.2,12.4,28.0,0.08,0.0,0.3,1.0,0.703,0.04,0.721,0.885,0.341,0.726,Financials,2026-07-03,34.44,-0.58,96
ETON,,54.2,En base (loin du pivot),54.77,1565498304.0,47.4,-0.528,-1.53,-7.47,-6.3,32744887.0,17.5,38.8,6.0,0.42,0.0,0.825,0.622,0.675,0.35,0.0,0.679,0.73,0.417,Health Care,2026-07-03,37.5,46.05,96
QMCO,quantique,54.2,Setup en formation,33.47,1319052733.0,71.9,0.413,-1.59,1.86,35.34,54660780.0,6.1,72.3,66.0,0.1,0.29,1.0,0.0,0.205,0.468,0.986,0.271,0.976,0.796,Information Technology,2026-07-03,10.16,229.43,96
SPSC,,54.1,Setup en formation,81.02,2916734097.0,50.8,-0.331,0.7,-1.38,-2.39,44998295.0,9.4,26.9,1.0,0.28,0.0,0.843,1.0,0.9,0.167,0.573,0.511,0.77,0.018,Information Technology,2026-07-03,59.07,37.16,96
MRAM,memoire,54.1,En base (loin du pivot),17.76,432456160.0,53.1,0.158,-2.52,-4.67,8.49,14748501.0,11.9,36.1,33.0,0.85,0.0,0.838,0.771,0.71,0.926,0.267,0.5,0.492,0.0,Information Technology,2026-07-03,19.14,-7.21,96
CLW,,54.1,En base (loin du pivot),19.82,319652282.0,44.8,-0.11,-1.59,2.22,-5.26,2706710.0,16.0,27.8,37.0,0.95,0.0,0.7,1.0,0.566,0.489,0.0,0.539,0.635,0.467,Materials,2026-07-03,15.92,24.5,96
CVSA,,54.0,Setup en formation,127.37,4312774693.0,53.9,0.528,1.58,6.63,-0.56,44413893.0,10.4,18.0,5.0,0.3,0.0,0.3,1.0,0.971,0.364,0.452,0.924,0.333,0.384,Consumer Staples,2026-07-03,129.88,-1.93,96
IPAR,,54.0,En base (loin du pivot),112.85,3614109386.0,46.8,-0.069,-0.8,-1.95,-2.6,26339067.0,12.1,15.7,23.0,0.41,0.0,0.71,1.0,0.706,0.591,0.239,0.338,0.452,0.597,Consumer Staples,2026-07-03,119.39,-5.48,96
HLF,,54.0,Squeeze / VCP prêt à casser,12.58,1318426520.0,55.6,0.052,0.64,1.13,1.62,16266699.0,4.5,21.0,4.0,0.69,0.0,0.027,1.0,0.976,0.595,1.0,0.819,0.365,0.0,Consumer Staples,2026-07-03,13.11,-4.04,96
OMER,,54.0,En base (loin du pivot),18.51,1339907729.0,50.2,-0.242,-2.06,-3.84,-2.32,28068223.0,12.9,50.2,29.0,0.77,0.0,1.0,0.0,0.635,0.436,0.143,0.525,0.77,0.572,Health Care,2026-07-03,9.28,99.46,96
IHS,,53.9,Fin d'accumulation,8.44,2831799114.0,55.8,-0.005,-0.12,0.72,-0.35,7868897.0,0.9,4.8,31.0,0.74,0.0,0.707,0.0,0.516,0.37,1.0,0.902,0.103,0.81,Real Estate,2026-07-03,8.22,2.68,96
GGT,,53.9,Squeeze / VCP prêt à casser,4.0,110143004.0,52.6,0.001,0.25,0.5,0.52,1292610.0,2.3,5.6,2.0,0.55,0.0,0.701,0.0,0.787,0.386,1.0,0.81,0.008,0.922,Financials,2026-07-03,4.2,-4.76,96
TCPC,,53.9,Squeeze / VCP prêt à casser,3.99,334772072.0,54.8,-0.014,0.25,-2.21,2.37,3231197.0,3.6,26.7,15.0,0.06,0.0,0.421,1.0,0.824,0.2,1.0,0.516,0.611,0.222,Financials,2026-07-03,3.36,18.75,96
VRA,,53.8,Cup & Handle probable,5.08,145738413.0,74.7,0.105,1.2,18.97,51.64,4439254.0,2.1,44.7,100.0,0.0,0.46,1.0,0.294,0.0,0.5,1.0,0.446,0.992,0.911,Consumer Discretionary,2026-07-03,3.91,29.92,96
ACLS,semiconducteurs,53.8,Momentum en formation,141.15,4358922172.0,65.3,3.927,-0.82,9.68,22.65,43167650.0,5.9,31.5,78.0,0.39,0.08,0.431,1.0,0.384,0.531,1.0,0.818,0.429,0.095,Information Technology,2026-07-03,144.5,-2.32,96
VSTS,,53.8,En base (loin du pivot),13.92,1839668662.0,55.6,0.037,-0.64,3.42,4.98,22257007.0,11.6,23.3,8.0,0.0,0.0,0.738,1.0,0.692,0.0,0.305,0.824,0.611,0.412,Industrials,2026-07-03,14.28,-2.52,96
BFST,,53.7,Squeeze / VCP prêt à casser,30.74,1000583403.0,47.7,0.015,-0.42,1.09,-3.45,6636225.0,5.0,8.8,15.0,0.32,0.0,0.3,0.474,0.71,0.161,1.0,0.744,0.325,0.832,Financials,2026-07-03,30.64,0.33,96
ARQQ,quantique,53.7,Setup en formation,23.43,407738490.0,55.1,0.143,-1.06,-2.86,9.64,7346963.0,6.7,38.6,61.0,0.0,0.0,1.0,0.635,0.45,0.159,0.918,0.5,0.81,0.0,Information Technology,2026-07-03,23.51,-0.34,96
EVI,,53.7,En base (loin du pivot),19.21,247396600.0,64.6,-0.059,0.31,-3.66,40.63,1060138.0,10.3,40.4,90.0,1.0,0.0,0.6,0.531,0.088,1.0,0.466,0.5,0.714,0.0,Industrials,2026-07-03,16.09,19.39,96
FRBA,,53.6,Setup en formation,17.65,443622213.0,46.8,0.012,-0.23,1.09,-3.81,1644515.0,8.7,12.2,7.0,0.42,0.0,0.3,1.0,0.941,0.212,0.664,0.663,0.317,0.71,Financials,2026-07-03,17.63,0.11,96
FF,,53.5,En base (loin du pivot),5.16,226334721.0,46.6,-0.022,1.18,1.98,-1.9,1685040.0,26.0,34.2,26.0,0.95,0.0,0.7,0.878,0.843,0.574,0.0,0.671,0.635,0.132,Materials,2026-07-03,4.69,10.02,96
TXO,,53.4,En base (loin du pivot),13.96,774031842.0,42.7,-0.11,0.36,-0.99,-7.3,2349583.0,10.4,20.7,82.0,0.31,0.0,0.7,1.0,0.346,0.154,0.451,0.416,0.675,0.654,Energy,2026-07-03,12.37,12.85,96
CASS,,53.4,Setup en formation,53.9,690251431.0,41.8,-0.051,-0.46,0.48,-3.42,4711347.0,9.1,13.3,19.0,0.1,0.0,0.7,1.0,0.886,0.106,0.614,0.364,0.484,0.697,Industrials,2026-07-03,52.51,2.65,96
CSTL,,53.3,Setup en formation,33.36,1019131554.0,45.8,-0.247,-8.98,-4.36,1.37,13488302.0,9.8,35.8,36.0,0.46,0.0,0.939,0.786,0.469,0.462,0.523,0.259,0.778,0.178,Health Care,2026-07-03,24.11,38.37,96
SDGR,,53.2,En base (loin du pivot),28.9,2161882649.0,58.1,-0.076,-11.35,-4.71,43.85,90029553.0,12.7,55.5,91.0,0.0,0.0,1.0,0.0,0.052,0.5,0.167,0.5,0.897,0.518,Health Care,2026-07-03,16.88,71.21,96
COFS,,53.1,Squeeze / VCP prêt à casser,33.02,493831270.0,48.5,0.006,-0.09,0.73,-2.91,2555880.0,4.8,8.1,14.0,0.36,0.0,0.3,0.346,0.822,0.181,1.0,0.766,0.278,0.838,Financials,2026-07-03,33.92,-2.65,96
HBNC,,53.0,Setup en formation,19.31,991462662.0,50.8,0.045,0.36,3.25,-2.19,11980403.0,7.4,12.1,17.0,0.09,0.0,0.3,1.0,0.588,0.047,0.819,0.91,0.222,0.752,Financials,2026-07-03,19.78,-2.38,96
HRZN,,53.0,Setup en formation,4.58,307015303.0,46.7,-0.01,0.0,-1.08,-3.52,2024748.0,8.6,20.2,1.0,1.0,0.0,0.007,1.0,0.995,0.5,0.673,0.608,0.548,0.253,Financials,2026-07-03,4.72,-2.97,96
MSGE,,53.0,En base (loin du pivot),79.99,3783945668.0,51.9,0.027,-0.03,-2.03,3.33,47200286.0,11.5,17.3,10.0,0.0,0.0,0.751,1.0,0.593,0.038,0.309,0.528,0.659,0.616,Communication Services,2026-07-03,78.39,2.04,96
MAT,,53.0,Setup en formation,15.93,4551201000.0,68.4,0.357,-0.75,20.5,9.64,113954282.0,7.5,28.0,100.0,0.0,0.11,0.317,1.0,0.0,0.5,0.807,0.823,0.77,0.029,Consumer Discretionary,2026-07-03,13.34,19.42,96
ITRN,,52.9,Setup en formation,52.17,1037848069.0,53.6,0.175,-0.63,2.27,1.82,5054077.0,8.2,13.1,6.0,0.91,0.0,0.3,1.0,0.941,0.555,0.726,0.85,0.143,0.258,Information Technology,2026-07-03,57.14,-8.7,96
PAHC,,52.9,Setup en formation,36.61,1486424686.0,55.6,0.217,-1.56,3.27,-4.29,8621695.0,9.9,19.4,10.0,0.09,0.0,0.01,1.0,0.799,0.547,0.508,0.873,0.611,0.0,Health Care,2026-07-03,33.26,10.07,96
NWL,,52.9,Setup en formation,5.55,2363745000.0,47.7,-0.01,1.28,4.32,-9.17,31003635.0,21.3,29.9,13.0,1.0,0.0,0.3,1.0,0.919,0.5,0.0,0.763,0.603,0.291,Consumer Staples,2026-07-03,5.83,-4.8,96
NXDR,,52.9,En base (loin du pivot),2.42,936173133.0,50.2,-0.002,-2.02,-1.22,8.04,5556943.0,10.7,21.4,39.0,0.29,0.0,0.778,1.0,0.45,0.547,0.412,0.522,0.659,0.0,Communication Services,2026-07-03,2.29,5.68,96
RLAY,,52.9,En base (loin du pivot),18.74,4106714165.0,50.3,0.102,-3.35,2.07,-1.58,67295161.0,11.9,19.8,18.0,0.0,0.0,0.7,1.0,0.511,0.0,0.263,0.862,0.5,0.604,Health Care,2026-07-03,18.65,0.48,96
SBR,,52.8,Momentum en formation,72.35,1054815611.0,51.0,-0.105,1.36,3.19,-2.72,2132200.0,5.5,10.0,86.0,0.58,0.0,0.3,0.666,0.341,0.288,1.0,0.957,0.087,0.767,Energy,2026-07-03,73.11,-1.04,96
NATH,,52.8,Setup en formation,101.84,417305796.0,63.6,0.42,0.32,0.29,3.21,3401485.0,0.2,8.0,100.0,0.0,0.0,0.749,0.34,0.0,0.498,0.863,0.524,0.31,0.816,Consumer Discretionary,2026-07-03,101.55,0.29,96
AIO,,52.8,Squeeze / VCP prêt à casser,25.71,882906390.0,56.7,0.111,1.78,2.1,-0.26,1902291.0,4.4,11.3,11.0,0.1,0.0,0.3,0.876,0.533,0.148,1.0,0.849,0.175,0.726,Financials,2026-07-03,27.04,-4.92,96
HNVR,,52.7,Setup en formation,25.41,179278324.0,40.7,-0.117,-1.05,-0.24,-7.09,1003004.0,9.1,12.3,80.0,0.79,0.0,0.3,1.0,0.213,0.577,0.618,0.366,0.468,0.698,Financials,2026-07-03,23.34,8.87,96
MEI,,52.7,Setup en formation,15.1,538240300.0,52.4,0.218,-1.95,5.3,-3.76,8065829.0,20.4,32.8,3.0,0.62,0.0,0.3,0.956,0.981,0.447,0.0,0.881,0.643,0.144,Information Technology,2026-07-03,15.3,-1.31,96
SHLS,equipement_electrique,52.7,Setup en formation,8.49,1428866576.0,61.1,0.136,4.17,9.27,19.07,31486599.0,11.9,31.4,39.0,0.78,0.0,0.3,1.0,0.604,0.892,0.259,0.812,0.413,0.0,Information Technology,2026-07-03,9.95,-14.67,96
PGEN,,52.7,En base (loin du pivot),7.55,2703166115.0,50.2,-0.025,-2.45,-6.21,6.34,43405195.0,15.9,41.9,58.0,0.03,0.0,1.0,0.452,0.252,0.339,0.0,0.5,0.881,0.469,Health Care,2026-07-03,5.64,33.87,96
NBTB,,52.5,Setup en formation,50.67,2632816291.0,45.7,-0.02,-0.55,0.9,-3.06,19327319.0,6.3,8.5,10.0,0.07,0.0,0.7,0.423,0.674,0.034,0.963,0.579,0.381,0.79,Financials,2026-07-03,50.08,1.18,96
CVEO,,52.5,Setup en formation,32.67,337705184.0,44.9,-0.084,0.55,0.86,-4.31,3190982.0,6.6,13.9,22.0,0.71,0.0,0.3,1.0,0.681,0.595,0.921,0.483,0.095,0.65,Consumer Discretionary,2026-07-03,30.0,8.9,96
PSIX,,52.5,Squeeze / VCP prêt à casser,47.93,1105527019.0,64.9,-0.129,6.82,1.76,18.37,17742843.0,0.8,47.7,20.0,0.54,0.0,0.288,0.129,0.606,0.659,1.0,0.524,0.802,0.0,Industrials,2026-07-03,37.08,29.26,96
BY,,52.3,Setup en formation,37.34,1687260923.0,45.7,0.038,-0.77,1.19,-3.89,9550590.0,6.7,9.8,39.0,0.41,0.0,0.3,0.628,0.55,0.204,0.91,0.612,0.397,0.776,Financials,2026-07-03,37.44,-0.27,96
TSAT,espace,52.3,En base (loin du pivot),47.66,1723290661.0,51.2,-0.217,3.23,4.04,6.15,5460732.0,22.6,44.5,1.0,1.0,0.0,0.716,0.304,0.918,0.797,0.0,0.826,0.389,0.248,Information Technology,2026-07-03,46.23,3.09,96
IMKTA,,52.3,Setup en formation,85.42,1622499598.0,55.2,0.428,-1.26,0.54,2.83,9161273.0,8.1,13.7,21.0,0.41,0.0,0.304,1.0,0.844,0.207,0.737,0.805,0.175,0.65,Consumer Staples,2026-07-03,90.17,-5.27,96
ATEC,,52.3,Momentum en formation,10.54,1627914341.0,58.0,0.011,-1.68,1.64,11.53,25463586.0,4.4,22.0,37.0,0.0,0.0,0.119,1.0,0.582,0.0,1.0,0.848,0.802,0.0,Health Care,2026-07-03,8.92,18.16,96
KRO,,52.2,En base (loin du pivot),7.86,904666476.0,46.2,-0.064,-1.01,-0.76,-6.76,3363468.0,13.8,36.6,6.0,0.36,0.0,0.713,0.742,0.967,0.182,0.026,0.621,0.635,0.54,Materials,2026-07-03,5.97,31.66,96
ASBA,,52.2,Setup en formation,24.99,3771011367.0,58.7,-0.002,-0.12,0.16,0.48,1473852.0,1.1,4.9,40.0,0.0,0.0,0.731,0.0,0.403,0.5,1.0,0.527,0.127,0.963,,2026-07-03,24.47,2.13,96
GOTU,,52.1,Cup & Handle probable,2.58,615179952.0,78.1,0.014,1.98,5.74,17.27,1234719.0,0.8,40.6,80.0,0.0,0.02,0.6,0.524,0.119,0.5,1.0,0.022,0.984,0.273,Consumer Staples,2026-07-03,1.75,47.43,96
SANG,,52.1,Cup & Handle probable,4.85,162547638.0,76.3,0.154,0.21,-1.62,30.73,1798697.0,4.2,32.0,100.0,0.0,0.3,0.6,0.999,0.0,0.5,1.0,0.067,0.96,0.649,Information Technology,2026-09-30,4.93,-1.62,7
NTB,,52.1,Setup en formation,58.81,2352400000.0,46.9,0.022,0.43,0.65,-4.42,9274137.0,8.4,11.7,14.0,0.5,0.0,0.3,0.951,0.861,0.366,0.706,0.666,0.135,0.722,Financials,2026-07-03,59.67,-1.44,96
CNK,,52.1,Setup en formation,35.28,4089370244.0,44.5,-0.09,-1.92,-7.74,0.68,77812591.0,9.7,13.7,35.0,0.56,0.0,0.802,1.0,0.461,0.281,0.537,0.159,0.571,0.677,Communication Services,2026-07-03,31.53,11.89,96
COSO,,52.0,Momentum en formation,27.0,322770042.0,51.1,0.034,0.19,2.54,-3.19,4003143.0,5.3,8.9,73.0,0.0,0.0,0.3,0.478,0.253,0.222,1.0,0.897,0.214,0.824,Financials,2026-07-03,26.83,0.63,96
CAAP,,52.0,Cup & Handle probable,25.22,4166826862.0,56.1,0.091,-1.25,-3.0,3.32,7971831.0,4.1,19.5,52.0,0.0,0.0,0.771,1.0,0.371,0.0,1.0,0.536,0.405,0.531,Industrials,2026-07-03,25.23,-0.04,96
SG,,52.0,Setup en formation,9.14,1088037619.0,74.3,0.136,0.55,4.58,33.63,43426343.0,2.7,46.8,75.0,0.48,0.18,0.6,0.179,0.232,0.742,1.0,0.168,0.817,0.533,Consumer Discretionary,2026-07-03,8.77,4.22,96
BRZE,,51.9,Setup en formation,26.34,2991813807.0,50.5,0.263,-1.01,13.78,-17.58,62659744.0,24.8,36.4,1.0,0.22,0.0,0.3,0.755,0.956,0.552,0.0,0.919,0.667,0.019,Information Technology,2026-07-03,23.81,10.63,96
FPI,,51.9,Setup en formation,10.74,468593954.0,50.3,-0.011,-3.68,-2.38,1.65,8216727.0,8.1,21.8,55.0,0.0,0.0,0.833,1.0,0.271,0.025,0.739,0.5,0.595,0.443,Real Estate,2026-07-03,9.71,10.61,96
ZD,,51.8,Setup en formation,54.77,1877910382.0,44.0,-0.356,-2.16,-2.77,-1.67,41495176.0,9.4,16.7,41.0,0.0,0.0,0.732,1.0,0.529,0.0,0.57,0.434,0.556,0.685,Communication Services,2026-07-03,52.43,4.46,96
HNST,,51.8,En base (loin du pivot),5.03,539640426.0,42.6,-0.056,-2.33,-3.45,-15.46,9047832.0,16.3,40.4,4.0,0.95,0.0,0.777,0.532,0.976,0.477,0.0,0.38,0.69,0.456,Consumer Staples,2026-07-03,3.9,28.97,96
IA,,51.8,Setup en formation,19.77,353866650.0,59.1,0.177,3.4,5.55,6.75,5036268.0,21.5,31.6,6.0,0.37,0.0,0.3,1.0,0.967,0.591,0.0,0.872,0.579,0.0,Industrials,2026-08-20,21.68,-8.81,48
EXTR,,51.7,Setup en formation,24.54,3243468855.0,64.8,0.411,5.19,16.47,13.09,33610163.0,24.3,35.9,25.0,0.45,0.0,0.3,0.781,0.777,0.723,0.0,0.975,0.468,0.092,Information Technology,2026-07-03,29.8,-17.65,96
VSTM,,51.7,En base (loin du pivot),7.75,701866668.0,52.1,-0.05,-3.12,-2.15,-5.49,17762607.0,10.4,36.0,1.0,0.17,0.0,0.942,0.78,0.639,0.083,0.449,0.533,0.857,0.054,Health Care,2026-07-03,4.5,72.22,96
GPRO,,51.7,En base (loin du pivot),1.32,272390400.0,56.3,-0.02,-2.94,-0.38,-22.35,25845482.0,35.6,72.2,1.0,1.0,0.0,1.0,0.0,0.995,0.5,0.0,0.831,0.722,0.0,Information Technology,2026-09-01,0.88,50.0,36
SXI,,51.6,Setup en formation,297.12,3649068881.0,63.4,4.384,2.72,8.7,7.74,38638133.0,13.5,26.1,42.0,0.14,0.0,0.3,1.0,0.558,0.572,0.068,0.857,0.413,0.391,Industrials,2026-07-03,327.87,-9.38,96
PLSE,,51.5,En base (loin du pivot),49.75,3548299698.0,49.2,-0.755,-1.49,-2.24,-6.56,32600853.0,15.5,44.2,13.0,0.0,0.0,0.917,0.322,0.812,0.0,0.0,0.763,0.794,0.482,Health Care,2026-07-03,29.2,70.38,96
BJRI,,51.4,Setup en formation,61.33,1304720007.0,50.1,0.292,-0.54,2.97,2.4,24535923.0,17.8,23.8,8.0,0.68,0.0,0.3,1.0,0.829,0.342,0.0,0.883,0.508,0.407,Consumer Discretionary,2026-07-03,58.75,4.39,96
GDRX,,51.4,En base (loin du pivot),3.27,1115545419.0,44.0,-0.009,-2.68,1.24,-6.03,2773085.0,15.9,22.6,7.0,1.0,0.0,0.7,1.0,0.957,0.675,0.0,0.476,0.611,0.0,Health Care,2026-07-03,3.05,7.21,96
LOPE,,51.4,Squeeze / VCP prêt à casser,155.55,4054416505.0,60.0,0.524,0.4,5.39,1.89,49799276.0,2.4,13.1,21.0,0.34,0.0,0.025,1.0,0.635,0.349,1.0,0.867,0.492,0.0,Consumer Staples,2026-07-03,152.65,1.9,96
OMDA,,51.3,Setup en formation,20.73,1269022253.0,48.5,0.144,-1.05,7.02,-8.96,30606509.0,18.5,28.3,5.0,0.08,0.0,0.3,1.0,0.901,0.539,0.0,0.765,0.54,0.234,Health Care,2026-07-03,22.39,-7.41,96
TDC,,51.3,Setup en formation,29.62,2754660000.0,54.9,0.102,-0.97,3.24,5.6,44941613.0,15.2,26.9,13.0,1.0,0.0,0.314,1.0,0.923,0.873,0.0,0.82,0.357,0.03,Information Technology,2026-07-03,34.56,-14.29,96
BUSE,,51.2,Setup en formation,29.4,2445771329.0,41.0,-0.05,-0.37,0.07,-4.11,25098805.0,7.3,9.9,29.0,0.06,0.0,0.3,0.656,0.511,0.532,0.843,0.342,0.341,0.758,Financials,2026-07-03,29.65,-0.84,96
IMPP,,51.2,En base (loin du pivot),5.2,235111022.0,47.2,-0.038,-1.33,3.9,-1.7,3223342.0,13.4,25.7,89.0,0.0,0.0,0.7,1.0,0.282,0.5,0.08,0.713,0.5,0.305,Energy,2026-07-03,4.76,9.24,96
URGN,,51.1,En base (loin du pivot),41.43,2025121767.0,44.9,0.013,-3.16,2.42,-6.03,32641736.0,18.5,27.8,5.0,0.49,0.0,0.7,1.0,0.911,0.293,0.0,0.562,0.579,0.385,Health Care,2026-07-03,38.02,8.97,96
BKTI,,51.1,Momentum en formation,77.31,291411464.0,62.3,0.523,1.8,3.37,5.67,3407186.0,5.6,14.4,32.0,0.0,0.0,0.3,1.0,0.756,0.333,1.0,0.825,0.262,0.132,Information Technology,2026-07-03,84.65,-8.67,96
BAND,,51.1,En base (loin du pivot),60.09,1933743551.0,56.7,0.493,-3.9,-3.52,37.29,55316435.0,10.5,47.6,27.0,0.31,0.0,1.0,0.135,0.527,0.543,0.437,0.5,0.651,0.2,Information Technology,2026-07-03,61.6,-2.45,96
CZWI,,51.1,Setup en formation,21.46,207093957.0,51.3,-0.01,0.7,0.99,-2.76,1003472.0,10.6,20.1,21.0,0.38,0.0,0.3,1.0,0.862,0.277,0.427,0.846,0.206,0.609,Financials,2026-07-03,23.67,-9.34,96
QCRH,,51.1,Setup en formation,99.02,1621513298.0,44.1,-0.048,-1.01,0.0,-3.43,11112909.0,8.3,10.6,15.0,0.5,0.0,0.7,0.762,0.7,0.25,0.716,0.473,0.246,0.724,Financials,2026-07-03,96.65,2.45,96
OTTR,,51.1,Squeeze / VCP prêt à casser,89.2,3745113736.0,50.2,0.115,0.88,0.06,-0.66,24017513.0,5.6,11.7,1.0,0.0,0.0,0.3,0.944,0.806,0.0,1.0,0.815,0.063,0.813,Industrials,2026-07-03,91.39,-2.4,96
UROY,production_energie,51.1,En base (loin du pivot),4.24,1599373042.0,52.0,-0.043,4.18,3.92,-4.5,19645694.0,14.9,48.6,54.0,0.0,0.0,0.718,0.078,0.532,0.5,0.0,0.896,0.73,0.227,Energy,2026-07-03,2.81,50.89,96
BHB,,51.1,Setup en formation,38.99,653709459.0,44.0,-0.11,-0.64,0.49,-3.47,4276939.0,5.2,8.5,50.0,0.0,0.0,0.7,0.423,0.459,0.0,1.0,0.476,0.437,0.827,Financials,2026-07-03,37.66,3.53,96
CII,,51.1,Squeeze / VCP prêt à casser,24.28,3611952796.0,53.6,0.025,0.91,1.0,-0.36,1526742.0,2.8,7.2,1.0,0.84,0.0,0.3,0.2,0.783,0.422,1.0,0.834,0.016,0.814,Financials,2026-07-03,25.66,-5.38,96
PTEN,,51.0,En base (loin du pivot),11.41,4351601412.0,48.6,-0.034,-1.21,8.15,-8.13,94674983.0,14.8,32.8,65.0,0.36,0.0,0.7,0.956,0.563,0.18,0.0,0.861,0.46,0.507,Energy,2026-07-03,8.66,31.76,96
FISI,,51.0,Setup en formation,39.28,774065821.0,41.8,-0.072,-0.88,-0.03,-5.06,5664109.0,7.9,10.6,25.0,0.38,0.0,0.7,0.773,0.56,0.19,0.766,0.344,0.397,0.738,Financials,2026-07-03,39.02,0.67,96
FLGT,,50.9,Setup en formation,20.58,566264730.0,45.9,-0.115,-8.33,-6.79,4.31,7141691.0,8.9,29.0,23.0,0.0,0.0,0.862,1.0,0.462,0.5,0.638,0.245,0.659,0.0,Health Care,2026-07-03,20.85,-1.29,96
OABI,,50.9,En base (loin du pivot),4.35,632448231.0,46.9,-0.051,-11.59,-8.23,0.46,6105732.0,19.9,65.0,42.0,0.6,0.0,1.0,0.0,0.495,0.8,0.0,0.304,0.778,0.337,Health Care,2026-07-03,2.42,79.75,96
VMD,,50.9,Setup en formation,9.33,355363167.0,57.5,0.085,0.97,1.08,2.75,2442273.0,24.5,31.1,22.0,0.96,0.0,0.3,1.0,0.867,0.878,0.0,0.806,0.294,0.133,Health Care,2026-07-03,12.02,-22.38,96
QUAD,,50.9,En base (loin du pivot),9.39,483221626.0,44.2,-0.014,-1.16,0.97,-12.24,3153860.0,14.9,26.1,36.0,0.51,0.0,0.7,1.0,0.673,0.253,0.0,0.515,0.627,0.502,Industrials,2026-07-03,8.37,12.19,96
TAC,,50.9,Momentum en formation,13.12,4145920000.0,65.8,0.133,5.21,11.28,9.7,20873167.0,1.4,14.2,42.0,0.36,0.0,0.3,1.0,0.487,0.179,1.0,0.895,0.389,0.141,Utilities,2026-07-03,13.47,-2.6,96
MH,,50.9,Setup en formation,12.98,2483188406.0,51.5,-0.076,3.1,3.18,-2.48,8094215.0,8.5,28.1,32.0,0.26,0.0,0.369,1.0,0.566,0.451,0.693,0.549,0.595,0.07,Consumer Staples,2026-07-03,10.5,23.62,96
KMDA,,50.8,Setup en formation,8.11,468030574.0,45.5,-0.105,1.37,-6.78,-5.04,1039218.0,9.5,25.1,83.0,0.28,0.0,0.808,1.0,0.169,0.281,0.564,0.221,0.524,0.684,Health Care,2026-08-24,8.24,-1.58,44
IMAX,,50.8,En base (loin du pivot),50.58,2773914126.0,40.9,-0.488,-3.8,-10.21,-2.05,56834673.0,12.4,20.9,34.0,0.76,0.0,0.854,1.0,0.485,0.504,0.202,0.0,0.651,0.587,Communication Services,2026-07-03,39.88,26.83,96
DAVE,,50.7,Setup en formation,343.14,4376924672.0,48.4,1.799,-6.99,5.12,-9.86,105873648.0,21.7,31.0,9.0,0.91,0.0,0.3,1.0,0.79,0.564,0.0,0.804,0.54,0.163,Information Technology,2026-07-03,387.36,-11.42,96
BVS,,50.7,En base (loin du pivot),13.1,1101603628.0,44.6,-0.035,-3.11,-6.43,-6.89,6021269.0,17.6,22.4,11.0,1.0,0.0,0.771,1.0,0.842,0.582,0.0,0.163,0.611,0.414,Health Care,2026-07-03,10.48,25.0,96
CFFN,,50.7,Setup en formation,8.52,1070949371.0,44.4,-0.025,-0.35,1.79,-3.95,9042939.0,7.1,11.0,70.0,0.0,0.0,0.7,0.836,0.27,0.0,0.861,0.542,0.373,0.763,Financials,2026-07-03,8.45,0.83,96
WLTH,,50.6,Momentum en formation,10.55,1647661442.0,58.7,0.015,-0.66,4.46,10.13,39749767.0,4.8,20.8,36.0,0.0,0.0,0.412,1.0,0.386,0.0,1.0,0.818,0.619,0.051,Information Technology,2026-07-23,9.19,14.8,76
KELYA,,50.6,En base (loin du pivot),15.56,540429033.0,39.2,-0.114,-1.52,-5.01,-7.71,4202764.0,11.9,18.1,12.0,0.8,0.0,0.762,1.0,0.917,0.4,0.258,0.0,0.603,0.602,Industrials,2026-07-03,13.08,18.96,96
BELFB,,50.6,Setup en formation,260.26,3758011257.0,57.4,2.667,1.02,6.02,6.76,36677368.0,15.0,25.7,10.0,0.99,0.0,0.3,1.0,0.938,0.758,0.0,0.846,0.238,0.255,Information Technology,2026-07-03,266.94,-2.5,96
PDS,,50.5,Setup en formation,84.72,1066410458.0,49.1,0.155,-3.97,6.92,-5.78,9024549.0,10.4,24.0,33.0,0.4,0.0,0.3,1.0,0.599,0.409,0.447,0.891,0.262,0.387,Energy,2026-07-03,75.69,11.93,96
CMCO,,50.5,Setup en formation,17.02,491269433.0,52.2,0.115,0.59,4.61,-9.66,6815329.0,23.4,34.5,14.0,0.95,0.0,0.3,0.859,0.867,0.514,0.0,0.891,0.635,0.018,Industrials,2026-07-03,13.55,25.61,96
BLKB,,50.5,Setup en formation,43.51,1974923120.0,50.4,-0.071,0.46,5.02,-7.62,19323947.0,12.2,29.6,1.0,0.76,0.0,0.002,1.0,0.995,0.378,0.229,0.907,0.683,0.0,Information Technology,2026-07-03,30.09,44.6,96
GRC,,50.5,Setup en formation,77.22,2039398964.0,56.8,0.619,-0.43,2.86,2.5,15750212.0,11.3,19.6,15.0,0.0,0.0,0.3,1.0,0.808,0.373,0.333,0.843,0.278,0.448,Industrials,2026-07-03,84.06,-8.14,96
TREX,,50.5,Setup en formation,44.86,4569672423.0,52.9,0.185,1.47,1.82,-1.69,71399738.0,12.0,18.0,1.0,0.64,0.0,0.3,1.0,0.851,0.319,0.254,0.831,0.381,0.421,Industrials,2026-07-06,48.47,-7.45,93
TRIN,,50.4,Setup en formation,17.38,1645774316.0,41.6,-0.033,-0.29,-2.14,-3.7,15131204.0,7.1,11.2,6.0,0.59,0.0,0.7,0.867,0.688,0.294,0.857,0.049,0.381,0.762,Financials,2026-07-03,17.79,-2.3,96
TRST,,50.4,Setup en formation,55.13,938739306.0,43.5,-0.164,-0.09,1.01,-4.82,8353682.0,7.0,10.5,75.0,0.03,0.0,0.7,0.746,0.155,0.136,0.875,0.455,0.381,0.767,Financials,2026-07-03,54.54,1.08,96
RAMP,,50.3,Momentum en formation,37.65,2288931072.0,49.9,0.009,-0.16,0.0,-0.26,51445910.0,0.9,1.6,41.0,0.0,0.0,0.709,0.0,0.352,0.0,1.0,0.827,0.23,0.949,Information Technology,2026-07-03,37.73,-0.21,96
NNDM,new_tech|robotique,50.3,Setup en formation,1.57,331017247.0,49.5,0.003,-2.48,-0.63,-3.09,2661681.0,7.1,14.2,17.0,0.83,0.0,0.04,1.0,0.87,0.914,0.862,0.502,0.27,0.0,Information Technology,2026-07-03,1.45,8.28,96
SI,,50.3,Setup en formation,19.14,398474837.0,51.4,0.287,-2.35,1.86,-5.81,2680499.0,22.2,32.7,16.0,0.0,0.0,0.3,0.963,0.794,0.5,0.0,0.847,0.484,0.261,,2026-07-03,21.27,-10.01,96
FRST,,50.3,Setup en formation,15.48,383889635.0,42.4,-0.018,-0.19,0.72,-5.49,2332373.0,8.3,12.1,26.0,0.5,0.0,0.3,1.0,0.628,0.475,0.713,0.391,0.222,0.724,Financials,2026-07-03,15.82,-2.15,96
WOLF,equipement_electrique|new_tech|semiconducteurs,50.3,Setup en formation,31.83,1684780011.0,58.7,0.89,-5.07,13.15,12.28,76952538.0,12.8,45.2,28.0,1.0,0.0,0.366,0.264,0.603,0.98,0.154,0.856,0.5,0.0,Information Technology,2026-07-03,40.0,-20.43,96
MNTK,,50.3,En base (loin du pivot),2.66,378627430.0,54.8,-0.0,-8.59,-9.52,19.28,2392334.0,18.9,50.0,85.0,0.0,0.0,1.0,0.0,0.09,0.5,0.0,0.503,0.929,0.37,Materials,2026-09-25,2.88,-7.64,12
CRAI,,50.3,Setup en formation,171.43,1076042110.0,55.8,1.164,0.08,3.31,0.3,20867402.0,11.5,19.0,29.0,0.46,0.0,0.319,1.0,0.62,0.232,0.309,0.819,0.627,0.207,Industrials,2026-07-03,146.79,16.79,96
ANL,,50.2,En base (loin du pivot),14.46,931194183.0,44.6,-0.202,-3.86,-7.6,-3.66,2386395.0,14.7,32.1,4.0,0.62,0.0,0.886,0.995,0.735,0.44,0.0,0.165,0.643,0.461,Health Care,2026-07-03,9.49,52.37,96
GASS,,50.2,Setup en formation,9.08,337646029.0,47.3,-0.004,-0.66,2.14,-2.26,1087457.0,8.3,14.8,36.0,0.25,0.0,0.3,1.0,0.563,0.349,0.715,0.689,0.23,0.536,Industrials,2026-07-03,8.21,10.6,96
CARE,,50.2,Setup en formation,30.46,675113338.0,46.1,0.083,-0.29,1.13,-4.75,8030918.0,15.3,18.3,10.0,0.85,0.0,0.3,1.0,0.895,0.596,0.0,0.624,0.373,0.491,Financials,2026-07-03,33.13,-8.06,96
RPAY,,50.2,Setup en formation,3.83,344166278.0,51.7,0.004,-1.79,2.96,-1.29,1536629.0,9.3,17.8,2.0,0.43,0.0,0.002,1.0,0.876,0.443,0.581,0.859,0.46,0.075,Information Technology,2026-07-03,4.24,-9.67,96
AZZ,equipement_electrique,50.1,Setup en formation,141.59,4254992027.0,59.2,0.997,1.75,4.66,1.12,34275223.0,9.7,17.7,7.0,0.21,0.0,0.3,1.0,0.836,0.113,0.542,0.884,0.23,0.581,Industrials,2026-07-03,150.01,-5.61,96
KOP,,50.1,Setup en formation,46.03,870499475.0,48.4,0.078,-2.15,-0.11,-3.66,7845325.0,13.0,16.8,1.0,0.44,0.0,0.3,1.0,0.995,0.218,0.127,0.742,0.429,0.567,Materials,2026-07-03,46.21,-0.39,96
SHBI,,50.1,Setup en formation,22.65,755882051.0,43.3,-0.023,-0.79,0.76,-4.15,4768306.0,8.4,12.0,26.0,0.18,0.0,0.3,0.995,0.708,0.244,0.695,0.437,0.349,0.719,Financials,2026-07-03,23.03,-1.65,96
CNMD,,50.1,En base (loin du pivot),44.48,1332231511.0,39.6,-0.011,-6.02,-4.73,-9.81,15869626.0,17.1,20.4,6.0,0.87,0.0,0.7,1.0,0.789,0.516,0.0,0.301,0.563,0.43,Health Care,2026-07-03,33.83,31.48,96
MCBS,,50.1,Squeeze / VCP prêt à casser,34.86,1003313643.0,47.7,0.025,-0.6,1.34,-2.6,3000005.0,4.7,7.6,10.0,0.06,0.0,0.3,0.262,0.839,0.126,1.0,0.718,0.27,0.794,Financials,2026-07-03,36.26,-3.86,96
BWMN,gestion_thermique,50.0,Étendu (déjà parti),42.79,741786558.0,81.0,-0.239,0.07,0.47,0.85,16046527.0,0.8,41.7,14.0,0.26,0.6,0.892,0.461,0.914,0.63,1.0,0.5,0.714,0.779,Industrials,2026-07-03,28.68,49.2,96
DUOT,ia,50.0,Setup en formation,9.23,290491166.0,53.7,0.067,0.44,2.9,5.37,5390377.0,28.1,41.9,12.0,1.0,0.0,0.3,0.452,0.929,1.0,0.0,0.817,0.437,0.0,Information Technology,2026-07-03,10.23,-9.78,96
HYLN,equipement_electrique,49.9,En base (loin du pivot),4.04,721532761.0,49.9,-0.005,-2.42,0.75,9.49,8001938.0,25.9,42.8,8.0,0.97,0.0,0.792,0.403,0.741,0.983,0.0,0.524,0.508,0.0,Consumer Discretionary,2026-07-03,4.32,-6.48,96
DGII,,49.9,En base (loin du pivot),73.94,2805884215.0,49.6,0.078,-0.83,-3.35,6.6,28841520.0,14.9,26.3,44.0,0.12,0.0,0.796,1.0,0.561,0.109,0.0,0.478,0.706,0.505,Information Technology,2026-07-03,72.15,2.48,96
PFBC,,49.9,Setup en formation,104.54,1500850463.0,48.6,-0.148,-0.66,-0.86,1.75,19629763.0,4.5,8.4,40.0,0.0,0.0,0.746,0.402,0.362,0.0,1.0,0.428,0.437,0.818,Financials,2026-07-03,107.16,-2.44,96
DCOM,,49.8,Setup en formation,39.47,1742860805.0,40.9,-0.096,-0.1,0.0,-4.32,12816286.0,6.0,8.6,26.0,0.18,0.0,0.3,0.426,0.618,0.526,1.0,0.334,0.238,0.801,Financials,2026-07-03,40.31,-2.08,96
TRS,,49.8,Setup en formation,38.97,1398004831.0,49.9,0.056,0.1,-0.84,-1.29,11530583.0,7.4,15.8,3.0,0.85,0.0,0.3,1.0,0.875,0.541,0.826,0.541,0.032,0.529,Consumer Discretionary,2026-07-03,42.01,-7.24,96
ANGI,,49.8,Setup en formation,5.96,241715256.0,64.4,0.083,-1.65,4.2,21.63,4402717.0,6.7,33.3,53.0,0.15,0.0,0.192,0.926,0.407,0.577,0.909,0.546,0.548,0.0,Communication Services,2026-07-03,6.06,-1.65,96
VUZI,ia|laser_photonique,49.7,Setup en formation,2.93,247333694.0,57.6,0.019,-1.68,5.78,20.08,2618358.0,12.5,37.3,27.0,0.34,0.0,0.42,0.705,0.438,0.671,0.183,0.809,0.587,0.0,Information Technology,2026-07-03,2.8,4.64,96
CPK,,49.7,Setup en formation,128.08,3087554756.0,46.4,-0.171,1.43,-0.05,-2.9,25353563.0,8.5,11.2,46.0,0.04,0.0,0.3,0.869,0.412,0.485,0.683,0.616,0.143,0.715,Utilities,2026-07-03,125.0,2.46,96
TNET,,49.7,En base (loin du pivot),62.78,2881899452.0,41.0,-0.325,-1.75,0.58,-8.67,20866353.0,13.7,15.4,34.0,0.66,0.0,0.7,1.0,0.747,0.328,0.038,0.338,0.579,0.544,Industrials,2026-07-03,55.21,13.71,96
PRGO,,49.7,En base (loin du pivot),14.0,1942769430.0,49.3,-0.096,-3.05,-6.67,-6.17,40033000.0,10.8,37.5,38.0,0.28,0.0,0.933,0.695,0.395,0.334,0.404,0.457,0.786,0.0,Health Care,2026-07-03,11.02,27.04,96
DOCS,,49.5,Setup en formation,27.79,4953455784.0,58.2,0.121,-2.76,4.79,5.46,79710703.0,30.5,50.3,52.0,1.0,0.0,0.197,0.0,0.69,1.0,0.0,0.542,0.937,0.0,Health Care,2026-07-03,21.86,27.13,96
GYRE,,49.5,Setup en formation,7.08,789489731.0,50.4,-0.037,-3.67,-3.28,3.21,1527933.0,8.5,27.4,33.0,0.0,0.0,0.137,1.0,0.405,0.5,0.684,0.524,0.603,0.172,Health Care,2026-09-22,7.43,-4.71,15
CIVB,,49.5,Setup en formation,26.71,555414097.0,42.8,0.006,-0.41,0.6,-3.82,3573200.0,10.3,13.0,16.0,0.45,0.0,0.3,1.0,0.612,0.661,0.459,0.396,0.206,0.656,Financials,2026-07-03,28.46,-6.15,96
INN,,49.4,Setup en formation,5.99,646042243.0,56.8,0.055,0.0,1.35,3.45,6786988.0,15.3,22.0,10.0,0.0,0.0,0.3,1.0,0.89,0.5,0.0,0.535,0.484,0.489,Real Estate,2026-07-03,6.79,-11.78,96
SPCE,espace,49.4,Setup en formation,3.07,465399422.0,50.7,-0.014,0.66,0.99,0.99,17484319.0,11.5,31.1,7.0,0.92,0.0,0.026,1.0,0.668,0.664,0.309,0.808,0.524,0.0,Industrials,2026-07-03,2.7,13.7,96
GSBD,,49.4,Setup en formation,9.03,1016498675.0,39.6,-0.042,-0.22,-1.53,-6.36,7500444.0,9.9,18.5,12.0,0.41,0.0,0.7,1.0,0.75,0.221,0.509,0.31,0.349,0.669,Financials,2026-07-03,9.58,-5.74,96
PCYO,,49.3,Setup en formation,10.99,264830096.0,48.1,-0.009,1.2,0.0,-1.79,1037137.0,7.0,11.6,10.0,0.0,0.0,0.3,0.94,0.938,0.063,0.877,0.706,0.175,0.611,Utilities,2026-09-01,11.1,-0.99,36
OSUR,,49.3,En base (loin du pivot),3.77,260011724.0,49.4,0.027,-8.27,-1.31,8.33,2422792.0,11.1,25.7,86.0,0.0,0.0,0.795,1.0,0.086,0.5,0.364,0.462,0.405,0.41,Health Care,2026-07-03,4.35,-13.33,96
PMTS,,49.2,En base (loin du pivot),24.86,288176673.0,47.0,0.025,0.69,0.36,-11.97,6430985.0,20.4,35.0,17.0,0.0,0.0,0.7,0.833,0.9,0.0,0.0,0.683,0.738,0.318,Financials,2026-07-03,20.38,21.98,96
FVCB,,49.1,Setup en formation,17.6,317402008.0,40.9,-0.031,-0.56,0.06,-5.98,1251649.0,7.9,9.7,58.0,0.74,0.0,0.3,0.622,0.487,0.452,0.762,0.356,0.365,0.737,Financials,2026-07-03,17.47,0.74,96
ARCO,,49.0,Momentum en formation,8.12,1710584023.0,62.3,0.077,0.25,14.04,0.32,14303802.0,4.1,21.3,94.0,0.0,0.0,0.3,1.0,0.033,0.0,1.0,1.0,0.246,0.492,Consumer Discretionary,2026-07-03,8.23,-1.34,96
TILE,,49.0,Setup en formation,35.05,2025906123.0,48.0,0.071,0.55,0.31,-5.88,17257280.0,13.4,18.0,1.0,0.1,0.0,0.3,1.0,0.995,0.052,0.077,0.712,0.563,0.554,Consumer Discretionary,2026-07-03,35.67,-1.74,96
TAYD,,49.0,Setup en formation,60.29,194728561.0,50.5,-0.564,2.94,-4.23,-3.04,3104106.0,8.6,26.3,50.0,0.0,0.0,0.785,1.0,0.3,0.263,0.677,0.5,0.619,0.0,Industrials,2026-07-03,57.05,5.68,96
EPC,,48.9,Setup en formation,26.87,1238409146.0,45.4,-0.052,0.45,-2.29,-6.42,16975801.0,9.8,13.1,6.0,0.16,0.0,0.706,1.0,0.886,0.082,0.526,0.245,0.429,0.673,Consumer Staples,2026-07-03,27.21,-1.25,96
BCML,,48.9,Momentum en formation,30.97,338196023.0,56.5,0.115,-0.13,0.62,1.57,1769608.0,3.1,8.5,31.0,0.1,0.0,0.324,0.421,0.578,0.148,1.0,0.802,0.23,0.648,Financials,2026-07-03,33.46,-7.44,96
JCAP,,48.9,Setup en formation,19.86,1140471145.0,46.3,-0.012,0.97,3.87,-6.98,5231602.0,17.9,22.4,59.0,0.88,0.0,0.3,1.0,0.597,0.59,0.0,0.704,0.397,0.405,Financials,2026-07-03,18.82,5.53,96
CVBF,,48.9,Setup en formation,21.89,3852583852.0,45.6,-0.012,-1.04,0.69,-2.34,35272430.0,5.6,8.0,40.0,0.0,0.0,0.7,0.341,0.434,0.0,1.0,0.571,0.302,0.812,Financials,2026-07-03,22.81,-4.03,96
BSRR,,48.9,Setup en formation,39.48,511794914.0,44.5,-0.051,0.23,0.79,-3.89,1814040.0,6.3,8.8,44.0,0.87,0.0,0.3,0.467,0.661,0.434,0.961,0.509,0.159,0.738,Financials,2026-07-03,41.09,-3.92,96
ATRC,,48.8,En base (loin du pivot),53.68,2730502662.0,48.0,-1.007,-4.77,-7.53,4.19,92427351.0,13.0,39.3,48.0,0.0,0.0,1.0,0.593,0.31,0.0,0.125,0.397,0.833,0.567,Health Care,2026-07-03,31.79,68.86,96
FCCO,,48.8,Setup en formation,32.59,306337233.0,42.6,-0.054,0.03,0.93,-5.7,2297071.0,8.4,12.8,62.0,0.0,0.0,0.3,1.0,0.408,0.469,0.705,0.389,0.222,0.721,Financials,2026-07-03,32.93,-1.03,96
VLN,semiconducteurs,48.8,Setup en formation,1.88,197950276.0,57.0,0.015,0.0,2.73,9.94,1009717.0,8.5,31.4,36.0,1.0,0.0,0.067,1.0,0.689,0.703,0.686,0.514,0.484,0.0,Information Technology,2026-07-03,2.07,-9.18,96
ASPN,robotique,48.7,En base (loin du pivot),5.87,487144162.0,65.3,0.078,3.16,12.45,19.31,5083042.0,27.5,49.8,40.0,0.77,0.0,0.805,0.01,0.647,0.575,0.0,0.825,0.714,0.0,Industrials,2026-07-03,5.58,5.2,96
FSM,,48.7,En base (loin du pivot),11.18,3404951587.0,45.1,-0.119,0.36,-1.5,-9.18,57492097.0,13.6,37.2,20.0,0.51,0.0,0.739,0.713,0.827,0.29,0.05,0.536,0.595,0.357,Materials,2026-07-03,8.72,28.21,96
BMRC,,48.6,Setup en formation,27.4,443722395.0,47.0,-0.039,-0.07,0.55,-1.19,4416710.0,8.1,13.3,26.0,0.2,0.0,0.3,1.0,0.686,0.099,0.735,0.639,0.262,0.646,Financials,2026-07-03,28.43,-3.62,96
ADMA,,48.6,Setup en formation,10.18,2280164042.0,60.5,0.066,0.69,2.21,5.82,31741709.0,1.6,19.3,59.0,0.0,0.0,0.116,1.0,0.248,0.206,1.0,0.538,0.802,0.0,Health Care,2026-07-03,8.95,13.74,96
OCC,,48.5,En base (loin du pivot),16.73,147927062.0,59.2,0.346,-1.53,4.56,20.79,3796770.0,11.2,38.0,47.0,0.0,0.0,0.919,0.665,0.648,0.168,0.344,0.527,0.778,0.0,Information Technology,2026-07-03,16.0,4.56,96
BBDC,,48.5,Setup en formation,8.51,891055583.0,39.1,-0.023,-0.47,-2.41,-5.65,4677429.0,8.2,14.5,6.0,0.83,0.0,0.7,1.0,0.739,0.416,0.721,0.035,0.222,0.726,Financials,2026-07-03,8.57,-0.7,96
OPK,,48.5,En base (loin du pivot),1.46,1089639209.0,37.7,-0.025,-7.01,-9.88,-10.98,3697586.0,16.6,26.9,36.0,1.0,0.0,0.808,1.0,0.734,0.697,0.0,0.0,0.532,0.448,Health Care,2026-07-03,1.52,-3.95,96
MDXG,,48.5,Setup en formation,4.62,673413362.0,50.8,-0.033,1.54,-1.07,1.09,5720474.0,7.4,24.6,21.0,0.34,0.0,0.084,1.0,0.67,0.171,0.823,0.531,0.81,0.0,Health Care,2026-07-03,3.95,16.96,96
KRNY,,48.5,Setup en formation,9.22,598648902.0,38.5,-0.027,-0.54,1.1,-8.98,4706445.0,10.0,12.6,67.0,0.7,0.0,0.3,1.0,0.456,0.349,0.505,0.398,0.421,0.668,Financials,2026-07-03,9.37,-1.6,96
ANIK,,48.4,En base (loin du pivot),19.12,255882310.0,38.5,-0.208,-3.09,-4.16,-8.12,1655192.0,16.4,34.3,53.0,0.78,0.0,0.705,0.872,0.681,0.392,0.0,0.311,0.635,0.452,Health Care,2026-07-03,15.36,24.48,96
WCCB,,48.4,Étendu (déjà parti),61.14,643442435.0,80.4,-0.115,0.72,1.33,4.96,1443651.0,1.3,16.0,42.0,0.0,0.6,0.858,1.0,0.348,0.5,1.0,0.046,0.921,0.956,Financials,2026-10-05,60.66,0.79,2
ETW,,48.4,Squeeze / VCP prêt à casser,9.53,1044466901.0,45.5,-0.012,0.42,0.0,-2.58,2584383.0,3.6,7.6,5.0,0.27,0.0,0.7,0.259,0.571,0.25,1.0,0.559,0.032,0.881,Financials,2026-07-03,9.54,-0.1,96
MTA,,48.4,En base (loin du pivot),9.15,855487247.0,39.3,-0.133,-1.82,-4.89,-11.25,2619168.0,21.1,38.3,29.0,1.0,0.0,0.71,0.652,0.829,0.5,0.0,0.31,0.698,0.296,Materials,2026-07-03,7.64,19.76,96
EZPW,,48.3,Setup en formation,30.85,1895528180.0,49.3,-0.031,1.15,2.29,-7.41,20438439.0,14.1,25.8,12.0,1.0,0.0,0.3,1.0,0.924,0.561,0.0,0.826,0.175,0.436,Financials,2026-07-03,35.59,-13.32,96
AEO,,48.3,Setup en formation,17.89,2997886927.0,60.6,0.268,-1.21,-1.38,2.88,127572641.0,4.2,24.5,100.0,0.0,0.0,0.424,1.0,0.272,0.384,1.0,0.5,0.516,0.0,Consumer Discretionary,2026-07-03,16.46,8.69,96
PCRX,,48.3,En base (loin du pivot),24.76,986980297.0,46.4,-0.004,-1.16,-3.47,-6.03,13846724.0,10.5,17.6,6.0,0.46,0.0,0.712,1.0,0.782,0.265,0.439,0.306,0.294,0.651,Health Care,2026-07-03,25.39,-2.48,96
OGG,,48.3,Setup en formation,2.8,856345944.0,50.7,0.007,-1.75,0.0,-3.78,4423443.0,13.8,31.7,1.0,0.61,0.0,0.024,1.0,0.851,0.807,0.019,0.82,0.437,0.0,Materials,2026-07-21,2.24,25.0,78
ARDT,,48.3,Setup en formation,10.68,1506370287.0,50.8,-0.005,1.23,0.95,-2.11,4467128.0,10.2,15.2,17.0,0.42,0.0,0.3,1.0,0.814,0.297,0.478,0.866,0.452,0.0,Health Care,2026-07-03,10.76,-0.74,96
MYFW,,48.2,Setup en formation,30.19,294809245.0,43.9,-0.024,0.6,0.1,-3.73,1336573.0,9.0,11.5,10.0,0.64,0.0,0.3,0.923,0.871,0.433,0.62,0.449,0.198,0.595,Financials,2026-07-03,32.99,-8.49,96
SFST,,48.2,Setup en formation,60.44,572472872.0,44.9,-0.001,-0.38,1.49,-5.09,5481130.0,7.1,10.6,66.0,0.61,0.0,0.3,0.762,0.475,0.304,0.857,0.571,0.151,0.762,Financials,2026-07-03,61.19,-1.23,96
VIOT,,48.2,En base (loin du pivot),1.49,100309378.0,55.1,-0.002,-1.32,1.36,30.7,1692215.0,32.9,70.3,80.0,0.96,0.0,0.6,0.0,0.119,0.913,0.0,0.5,0.944,0.0,Consumer Discretionary,2026-09-29,1.59,-6.29,8
SWVL,,48.1,En base (loin du pivot),3.75,112499145.0,46.5,-0.196,-1.32,-12.18,-23.94,1465359.0,55.8,84.1,83.0,1.0,0.0,1.0,0.0,0.447,0.592,0.0,0.611,0.81,0.0,Industrials,2026-09-02,3.83,-2.09,35
TARS,,47.8,En base (loin du pivot),74.11,3467731998.0,46.1,-0.828,-0.46,-3.36,-18.36,56672544.0,19.0,37.6,13.0,0.67,0.0,0.774,0.687,0.837,0.335,0.0,0.289,0.722,0.366,Health Care,2026-07-03,65.44,13.25,96
LIFE,,47.8,En base (loin du pivot),35.05,2234768863.0,49.8,-0.388,-2.99,3.55,-12.05,65472615.0,17.6,58.7,19.0,0.0,0.0,0.808,0.0,0.623,0.0,0.0,0.877,0.81,0.412,Financials,2026-09-03,36.8,-4.76,34
AGM,,47.8,En base (loin du pivot),213.92,2321718683.0,44.5,-0.543,-0.25,0.8,-5.41,26802386.0,13.2,17.5,37.0,0.0,0.0,0.7,1.0,0.623,0.0,0.097,0.551,0.571,0.559,Financials,2026-07-03,200.94,6.46,96
MITK,,47.7,Setup en formation,17.47,788287874.0,48.4,0.043,-1.3,5.3,-5.92,10458279.0,15.5,21.2,1.0,0.6,0.0,0.3,1.0,0.889,0.344,0.0,0.721,0.413,0.433,Information Technology,2026-07-03,19.21,-9.06,96
CYPH,,47.7,En base (loin du pivot),3.26,351311885.0,57.6,-0.103,2.84,0.93,34.71,61775539.0,22.2,86.1,62.0,0.0,0.0,1.0,0.0,0.229,0.358,0.0,0.522,0.929,0.26,Financials,2026-08-20,1.07,204.67,48
SPFI,,47.6,Setup en formation,42.76,805560130.0,43.2,-0.052,0.07,2.3,-6.29,5302935.0,7.0,11.5,56.0,0.39,0.0,0.3,0.924,0.378,0.312,0.87,0.473,0.183,0.715,Financials,2026-07-03,42.56,0.47,96
EGY,,47.6,En base (loin du pivot),5.78,608008477.0,46.5,-0.04,-0.17,2.48,-3.67,8398205.0,12.3,24.9,43.0,0.0,0.0,0.7,1.0,0.575,0.0,0.214,0.654,0.413,0.59,Energy,2026-07-03,5.06,14.23,96
NEOG,,47.6,En base (loin du pivot),11.96,2608547820.0,44.2,-0.177,-8.07,-6.05,1.1,62397742.0,16.1,36.5,79.0,0.0,0.0,0.894,0.748,0.124,0.5,0.0,0.139,0.762,0.462,Health Care,2026-07-03,9.34,28.05,96
BWB,,47.5,Setup en formation,20.37,567993475.0,40.8,-0.025,-0.29,0.59,-6.77,2138205.0,9.9,12.8,29.0,1.0,0.0,0.3,1.0,0.59,0.509,0.507,0.343,0.246,0.668,Financials,2026-07-03,21.46,-5.08,96
IBCP,,47.5,Setup en formation,35.79,794512768.0,44.9,0.033,-0.33,1.24,-4.23,7257453.0,8.1,10.9,49.0,0.24,0.0,0.3,0.82,0.418,0.315,0.735,0.565,0.19,0.729,Financials,2026-07-03,36.04,-0.69,96
BNED,,47.5,Setup en formation,11.64,403500367.0,52.9,0.111,0.87,2.28,-8.49,2871828.0,12.0,20.8,20.0,0.25,0.0,0.3,1.0,0.881,0.365,0.256,0.546,0.484,0.314,Consumer Discretionary,2026-07-03,12.19,-4.51,96
ATNI,,47.4,En base (loin du pivot),28.34,436531137.0,45.8,-0.12,0.85,2.57,-7.42,2421046.0,14.3,30.6,33.0,0.23,0.0,0.7,1.0,0.666,0.114,0.0,0.615,0.468,0.524,Communication Services,2026-07-03,24.81,14.23,96
MANE,,47.4,En base (loin du pivot),108.96,4552363619.0,47.5,0.083,-8.34,-7.52,10.61,86551582.0,12.0,24.3,57.0,0.17,0.0,0.887,1.0,0.264,0.344,0.249,0.341,0.468,0.434,Health Care,2026-09-10,99.67,9.32,27
DEA,,47.4,Setup en formation,23.27,1101174028.0,45.0,0.045,1.39,0.65,-4.28,12264758.0,7.7,10.5,53.0,0.0,0.0,0.3,0.752,0.513,0.5,0.788,0.533,0.048,0.709,Real Estate,2026-07-03,25.54,-8.89,96
GCTS,,47.4,En base (loin du pivot),2.12,194975819.0,52.8,0.004,1.44,0.47,19.77,3056222.0,21.2,37.9,13.0,0.92,0.0,0.805,0.671,0.841,0.683,0.0,0.5,0.5,0.0,Information Technology,2026-07-03,2.62,-19.08,96
IQMX,,47.3,Setup en formation,10.87,2059823890.0,57.6,0.075,2.94,4.82,0.65,3473199.0,12.6,29.7,53.0,0.31,0.0,0.317,1.0,0.546,0.655,0.181,0.83,0.317,0.066,Information Technology,2026-07-07,13.91,-21.85,92
STRA,,47.2,Setup en formation,79.82,1772607359.0,50.6,0.175,0.68,5.33,-2.17,25020394.0,10.4,15.9,46.0,0.12,0.0,0.3,1.0,0.563,0.059,0.452,0.89,0.198,0.654,Consumer Staples,2026-07-03,80.98,-1.43,96
BLX,,47.0,Setup en formation,55.58,2089747918.0,53.8,0.108,1.02,0.13,-0.11,10455731.0,8.3,12.7,1.0,0.0,0.0,0.3,1.0,0.791,0.199,0.713,0.545,0.167,0.633,Financials,2026-07-03,59.24,-6.18,96
STBA,,47.0,Setup en formation,48.81,1721308665.0,43.3,-0.036,-0.85,0.1,-3.61,15447368.0,8.1,10.8,29.0,0.0,0.0,0.3,0.792,0.468,0.246,0.738,0.418,0.333,0.73,Financials,2026-07-03,49.13,-0.65,96
FORR,,47.0,En base (loin du pivot),11.23,213712775.0,44.0,-0.064,0.0,-3.11,-11.23,1454119.0,11.9,25.4,6.0,0.08,0.0,0.751,1.0,0.77,0.041,0.26,0.157,0.635,0.603,Industrials,2026-07-03,9.45,18.84,96
GFF,,47.0,Setup en formation,94.51,4280803609.0,46.5,-0.071,0.45,0.21,-5.19,34786380.0,12.8,20.7,1.0,0.01,0.0,0.3,1.0,0.902,0.283,0.155,0.599,0.341,0.575,Industrials,2026-07-03,92.86,1.78,96
ASTH,,46.9,Setup en formation,37.0,1835361542.0,52.2,0.255,0.52,4.37,-3.82,14940918.0,9.8,21.4,29.0,0.53,0.0,0.3,1.0,0.586,0.467,0.53,0.871,0.246,0.057,Health Care,2026-07-03,49.17,-24.75,96
HESM,,46.9,Setup en formation,38.69,4965895586.0,47.4,-0.068,0.73,2.82,-3.06,51314310.0,6.4,10.6,71.0,0.13,0.0,0.3,0.759,0.307,0.067,0.954,0.737,0.127,0.788,Energy,2026-07-03,38.16,1.39,96
TH,,46.9,En base (loin du pivot),18.54,1847018262.0,44.4,-0.307,-1.96,-3.84,-5.02,57305901.0,14.8,35.3,28.0,0.0,0.0,0.824,0.817,0.585,0.5,0.0,0.15,0.556,0.507,Industrials,2026-07-03,18.47,0.38,96
INSP,,46.8,En base (loin du pivot),68.2,1971687575.0,49.7,-0.831,-3.6,-6.81,8.12,71677638.0,13.5,38.8,29.0,0.0,0.0,0.533,0.621,0.429,0.5,0.069,0.51,0.857,0.0,Health Care,2026-07-03,46.95,45.26,96
RYZ,,46.8,Setup en formation,26.55,1377909237.0,59.7,0.384,-1.56,11.6,0.91,11904400.0,16.4,27.5,19.0,0.22,0.0,0.3,1.0,0.829,0.109,0.0,0.975,0.357,0.452,Industrials,2026-07-03,24.03,10.49,96
PPHC,,46.8,En base (loin du pivot),10.85,324363886.0,48.3,-0.144,1.97,5.65,2.93,3731257.0,18.1,31.3,48.0,0.0,0.0,0.7,1.0,0.448,0.5,0.0,0.735,0.413,0.079,Industrials,2026-09-02,10.95,-0.91,35
AQST,,46.8,En base (loin du pivot),4.61,578608697.0,46.6,-0.042,0.88,-1.28,-13.67,10745270.0,16.0,35.1,27.0,0.76,0.0,0.7,0.828,0.727,0.382,0.0,0.632,0.627,0.0,Health Care,2026-07-03,4.18,10.29,96
NWPX,,46.7,Setup en formation,105.48,1016532067.0,48.0,1.002,-0.11,3.06,-2.04,13444080.0,21.2,26.0,1.0,0.86,0.0,0.3,1.0,0.995,0.87,0.0,0.71,0.222,0.0,Materials,2026-07-03,136.92,-22.96,96
KMT,,46.7,Setup en formation,33.41,2552190936.0,68.2,0.432,1.67,7.74,7.7,43917003.0,18.2,29.7,67.0,0.3,0.0,0.338,1.0,0.488,0.648,0.0,0.744,0.341,0.239,Industrials,2026-07-03,33.49,-0.24,96
NIC,,46.5,Setup en formation,163.62,3429068277.0,40.1,-0.238,-0.61,0.03,-4.94,26681870.0,8.9,10.8,16.0,0.41,0.0,0.3,0.805,0.693,0.265,0.637,0.34,0.349,0.703,Financials,2026-07-03,166.72,-1.86,96
HBCP,,46.5,Setup en formation,67.21,528993108.0,42.4,-0.01,-0.24,1.08,-4.48,4387786.0,9.8,12.6,26.0,0.98,0.0,0.3,1.0,0.742,0.492,0.527,0.397,0.103,0.674,Financials,2026-07-03,69.32,-3.04,96
CODI,,46.5,En base (loin du pivot),11.02,829100345.0,45.7,-0.023,-0.36,-0.18,-5.57,6531306.0,16.8,25.7,1.0,0.5,0.0,0.7,1.0,0.995,0.304,0.0,0.549,0.286,0.439,Industrials,2026-07-03,10.61,3.86,96
ATEN,,46.5,Setup en formation,28.58,2075165820.0,63.5,0.376,1.38,10.73,16.23,32186190.0,13.3,26.9,39.0,0.45,0.0,0.3,1.0,0.62,0.465,0.086,0.852,0.389,0.147,Information Technology,2026-07-03,36.3,-21.27,96
RPD,,46.4,Setup en formation,12.27,827005853.0,52.4,-0.02,-0.73,4.83,11.55,22238397.0,17.1,41.4,17.0,0.67,0.0,0.421,0.48,0.805,0.333,0.0,0.817,0.754,0.0,Information Technology,2026-07-03,9.29,32.08,96
PLGO,,46.4,Setup en formation,23.77,2055633047.0,44.3,0.017,-3.1,-0.42,-5.56,12115020.0,9.2,20.8,20.0,0.0,0.0,0.3,1.0,0.881,0.0,0.598,0.478,0.341,0.693,Financials,2026-07-03,25.56,-7.0,96
CSW,,46.3,Setup en formation,296.89,4837373355.0,47.5,1.494,-1.69,1.06,-3.75,38226422.0,16.5,24.3,1.0,0.56,0.0,0.3,1.0,0.875,0.28,0.0,0.701,0.405,0.451,Industrials,2026-07-03,276.12,7.52,96
ASIC,,46.3,En base (loin du pivot),25.51,1222615933.0,42.3,-0.263,-0.86,-3.22,-6.9,1929274.0,12.0,20.4,48.0,0.32,0.0,0.735,1.0,0.554,0.16,0.246,0.058,0.667,0.599,Financials,2026-07-03,25.42,0.35,96
AGBK,,46.2,Setup en formation,6.67,1068100930.0,60.4,0.066,-1.04,17.64,-1.19,1248373.0,9.7,28.6,87.0,1.0,0.0,0.3,1.0,0.076,0.5,0.532,1.0,0.27,0.0,Financials,2026-09-17,6.19,7.75,20
BELFA,,46.1,Setup en formation,209.58,3026219931.0,54.7,2.146,0.42,5.67,3.54,14377268.0,16.9,25.5,7.0,1.0,0.0,0.3,1.0,0.957,0.718,0.0,0.86,0.175,0.047,Information Technology,2026-07-03,230.16,-8.94,96
SMBC,,46.1,Setup en formation,71.61,788660909.0,42.3,0.098,-0.4,0.93,-3.45,6256900.0,10.0,12.2,7.0,0.45,0.0,0.3,1.0,0.852,0.477,0.498,0.376,0.103,0.666,Financials,2026-07-03,76.04,-5.83,96
PGC,,46.1,Setup en formation,44.18,783220919.0,42.6,-0.042,-0.36,1.08,-4.74,6035087.0,8.0,11.8,42.0,0.76,0.0,0.3,0.972,0.561,0.379,0.756,0.393,0.135,0.667,Financials,2026-07-03,47.38,-6.75,96
CCBG,,46.1,Setup en formation,49.26,843001010.0,44.6,-0.008,-0.1,0.86,-4.48,3935165.0,7.6,10.4,43.0,0.2,0.0,0.3,0.741,0.642,0.1,0.798,0.54,0.23,0.746,Financials,2026-07-03,49.63,-0.75,96
CCC,,46.1,En base (loin du pivot),6.65,3916814782.0,47.4,-0.01,1.06,1.06,-11.45,81846763.0,13.4,29.6,1.0,0.0,0.0,0.717,1.0,0.905,0.0,0.074,0.654,0.714,0.0,Information Technology,2026-07-03,5.58,19.18,96
VPG,,46.1,Setup en formation,77.91,1037794701.0,63.4,1.912,-0.19,8.66,23.65,21817843.0,23.7,42.2,45.0,1.0,0.0,0.3,0.432,0.729,1.0,0.0,0.549,0.524,0.0,Information Technology,2026-07-03,121.59,-35.92,96
RXRX,,46.1,Setup en formation,4.63,2478634247.0,67.5,0.09,-3.14,14.89,27.55,105231552.0,6.2,42.0,100.0,0.0,0.45,0.6,0.442,0.0,0.5,0.977,0.764,0.992,0.0,Health Care,2026-07-03,3.8,21.84,96
VCEL,,46.0,Setup en formation,40.05,2050824891.0,47.7,0.238,-2.48,-1.38,-0.35,21479504.0,18.8,24.3,2.0,0.08,0.0,0.3,1.0,0.843,0.351,0.0,0.665,0.421,0.373,Health Care,2026-07-03,46.98,-14.75,96
KINS,,46.0,Setup en formation,18.49,267663699.0,44.4,-0.01,-0.32,3.47,-7.36,1839815.0,11.3,16.5,48.0,0.37,0.0,0.3,1.0,0.532,0.183,0.343,0.577,0.373,0.625,Financials,2026-07-03,20.12,-8.1,96
HOPE,,46.0,Setup en formation,13.48,1721959949.0,42.1,-0.028,-0.66,0.3,-4.6,13213528.0,7.6,10.9,34.0,0.27,0.0,0.3,0.816,0.438,0.2,0.799,0.356,0.325,0.746,Financials,2026-07-03,13.58,-0.74,96
PKBK,,45.9,Setup en formation,32.78,385540987.0,39.9,-0.113,0.06,-1.16,-4.62,1387080.0,7.6,10.8,67.0,0.68,0.0,0.3,0.793,0.283,0.341,0.798,0.336,0.278,0.746,Financials,2026-07-03,32.93,-0.46,96
WRBY,,45.8,En base (loin du pivot),26.23,3242239256.0,52.8,0.29,-1.58,-4.51,7.72,91716808.0,15.2,27.5,60.0,0.0,0.0,0.813,1.0,0.263,0.246,0.0,0.5,0.468,0.487,Health Care,2026-07-03,29.26,-10.36,96
OPLN,,45.8,Setup en formation,34.96,4267562480.0,49.1,0.147,-1.02,1.01,-1.41,40761674.0,18.1,22.4,6.0,0.4,0.0,0.3,1.0,0.967,0.464,0.0,0.786,0.183,0.383,Consumer Discretionary,2026-07-03,40.6,-13.89,96
PDM,,45.7,Setup en formation,9.03,1129949410.0,43.2,-0.018,0.78,1.23,-6.71,20439577.0,10.9,13.8,43.0,0.0,0.0,0.3,1.0,0.657,0.295,0.393,0.457,0.294,0.638,Real Estate,2026-07-03,9.61,-6.04,96
RMBI,,45.7,Momentum en formation,15.28,256078223.0,46.2,-0.021,-0.26,2.41,-4.56,2304128.0,6.0,10.0,55.0,0.0,0.0,0.3,0.672,0.271,0.0,1.0,0.671,0.214,0.766,Financials,2026-07-15,15.26,0.13,84
NGVC,,45.7,Setup en formation,29.84,687696072.0,52.1,0.017,-1.06,-1.81,6.84,4651622.0,10.7,22.6,37.0,0.06,0.0,0.37,1.0,0.742,0.531,0.407,0.5,0.349,0.142,Consumer Staples,2026-07-03,32.6,-8.47,96
AGEN,,45.6,En base (loin du pivot),7.49,338262751.0,44.3,-0.088,-14.2,-24.27,-9.1,9730211.0,27.4,43.0,72.0,1.0,0.0,1.0,0.391,0.167,0.825,0.0,0.144,0.738,0.088,Health Care,2026-07-03,3.49,114.61,96
MCRI,,45.6,Momentum en formation,119.23,2136902179.0,49.6,0.077,0.9,2.7,-1.88,23923947.0,5.9,9.5,54.0,0.0,0.0,0.3,0.583,0.448,0.0,1.0,0.873,0.143,0.598,Consumer Discretionary,2026-07-03,129.94,-8.24,96
HP,,45.5,Setup en formation,39.61,3958581611.0,47.3,-0.124,-1.3,8.19,-10.71,45199023.0,17.8,32.7,67.0,0.51,0.0,0.3,0.959,0.512,0.256,0.0,0.814,0.444,0.408,Energy,2026-07-03,31.3,26.55,96
PRME,,45.5,Setup en formation,3.5,634818996.0,58.2,0.027,9.03,13.27,-5.41,12360725.0,9.3,29.5,24.0,0.0,0.0,0.3,1.0,0.457,0.0,0.584,0.894,0.579,0.0,Health Care,2026-07-03,3.87,-9.56,96
DEC,,45.4,Setup en formation,14.03,1076890763.0,50.5,-0.037,3.09,3.93,-9.07,11575607.0,11.7,23.5,57.0,0.32,0.0,0.3,1.0,0.598,0.159,0.287,0.939,0.349,0.24,Energy,2026-07-03,14.3,-1.89,96
PDX,,45.4,Momentum en formation,20.84,931693880.0,50.6,0.048,0.87,3.22,-4.21,2544524.0,5.1,8.7,87.0,0.04,0.0,0.3,0.445,0.081,0.022,1.0,0.928,0.079,0.829,Financials,2026-07-03,20.91,-0.33,96
MCB,,45.3,Setup en formation,88.73,1100054842.0,45.7,0.104,0.21,1.43,-4.79,11826226.0,7.5,11.4,13.0,0.26,0.0,0.3,0.902,0.655,0.333,0.809,0.592,0.008,0.576,Financials,2026-07-03,98.53,-9.95,96
EDRY,,45.3,En base (loin du pivot),55.01,157691171.0,50.7,-1.135,-5.92,4.11,-4.21,12257716.0,24.7,68.1,70.0,0.0,0.0,0.952,0.0,0.181,0.039,0.0,0.872,0.881,0.176,Industrials,2026-08-10,34.72,58.44,58
EVTC,,45.3,Setup en formation,29.05,1735811345.0,54.7,0.155,-0.24,7.43,-4.28,14052301.0,15.6,22.4,20.0,0.0,0.0,0.3,1.0,0.788,0.0,0.0,0.943,0.389,0.481,Information Technology,2026-07-03,29.63,-1.96,96
SVCO,,45.2,En base (loin du pivot),8.64,292772949.0,61.1,0.158,-2.81,2.25,32.11,3423072.0,11.1,36.2,77.0,0.0,0.0,0.948,0.766,0.23,0.5,0.361,0.5,0.429,0.0,Information Technology,2026-07-03,11.1,-22.16,96
TLYS,,45.1,En base (loin du pivot),4.42,135195711.0,51.7,0.006,-4.12,-7.72,0.45,1877444.0,29.3,43.2,39.0,1.0,0.0,0.859,0.378,0.762,0.635,0.0,0.515,0.508,0.024,Consumer Discretionary,2026-07-03,3.94,12.18,96
CURI,,45.1,Setup en formation,2.94,174453802.0,55.1,-0.001,0.68,-0.34,8.49,1641446.0,29.7,45.0,17.0,1.0,0.0,0.458,0.277,0.895,0.708,0.0,0.509,0.675,0.0,Communication Services,2026-07-03,2.91,1.03,96
TFSL,,45.1,Setup en formation,16.57,4646936450.0,43.8,0.016,-1.19,1.66,-3.93,12021715.0,13.4,16.0,27.0,0.69,0.0,0.3,1.0,0.731,0.395,0.075,0.514,0.333,0.553,Financials,2026-07-06,17.84,-7.12,93
FBP,,45.1,Setup en formation,26.83,4096089630.0,42.3,0.003,-1.0,1.82,-5.89,41532266.0,9.6,12.8,41.0,0.05,0.0,0.3,1.0,0.476,0.065,0.554,0.421,0.421,0.681,Financials,2026-07-03,26.33,1.9,96
MCS,,45.1,En base (loin du pivot),26.44,815202284.0,36.3,-0.161,-0.83,-7.87,-3.04,6093113.0,18.2,24.6,9.0,0.81,0.0,0.734,1.0,0.925,0.406,0.0,0.0,0.611,0.393,Communication Services,2026-07-03,23.2,13.97,96
ALTG,,45.1,Setup en formation,6.74,220174717.0,60.6,0.101,4.5,13.66,10.49,1368993.0,15.9,29.7,17.0,0.0,0.0,0.3,1.0,0.773,0.16,0.0,0.868,0.476,0.252,Industrials,2026-07-03,6.19,8.89,96
JOUT,,44.9,Setup en formation,44.82,469698809.0,50.0,0.143,0.72,1.31,-3.2,1702326.0,13.8,16.9,1.0,0.65,0.0,0.3,1.0,0.995,0.342,0.028,0.837,0.103,0.477,Consumer Discretionary,2026-07-03,43.48,3.08,96
CXW,,44.9,En base (loin du pivot),31.78,3142835080.0,44.3,-0.145,-5.78,-2.72,-8.44,80854764.0,13.1,22.0,73.0,0.0,0.0,0.72,1.0,0.162,0.094,0.119,0.479,0.524,0.565,Industrials,2026-07-03,31.03,2.42,96
SDRL,,44.9,En base (loin du pivot),45.09,2819993665.0,44.6,-0.265,-1.53,1.17,-8.13,29073719.0,11.7,20.7,36.0,0.34,0.0,0.7,1.0,0.664,0.279,0.285,0.518,0.254,0.376,Energy,2026-07-03,39.87,13.09,96
NSP,,44.8,En base (loin du pivot),46.42,1773024433.0,39.9,-0.261,-2.4,-0.21,-10.66,22904673.0,16.0,17.4,31.0,0.47,0.0,0.7,1.0,0.733,0.235,0.0,0.319,0.5,0.467,Industrials,2026-07-03,45.37,2.31,96
NTGR,,44.8,Setup en formation,23.04,626204644.0,57.0,0.155,0.44,4.54,8.12,7486865.0,10.9,21.8,27.0,0.41,0.0,0.013,1.0,0.693,0.628,0.387,0.827,0.27,0.0,Information Technology,2026-07-03,21.5,7.16,96
ISTR,,44.8,Setup en formation,29.3,403666862.0,42.1,-0.039,-0.2,0.86,-5.4,2958693.0,5.9,9.0,77.0,0.89,0.0,0.3,0.499,0.287,0.444,1.0,0.395,0.087,0.779,Financials,2026-07-03,29.49,-0.64,96
PVH,,44.8,Setup en formation,78.21,3608439919.0,58.9,0.558,4.42,3.26,5.22,67540223.0,14.1,25.8,17.0,0.36,0.0,0.3,1.0,0.835,0.678,0.0,0.549,0.278,0.256,Consumer Discretionary,2026-07-03,75.23,3.96,96
NAKA,,44.7,Setup en formation,9.57,171254605.0,59.1,-0.082,-4.78,-1.95,17.71,2169834.0,9.1,60.2,39.0,0.0,0.0,0.3,0.0,0.367,0.5,0.616,0.544,0.833,0.0,Financials,2026-09-01,7.49,27.77,36
NWE,,44.5,Squeeze / VCP prêt à casser,68.92,4239810222.0,48.1,0.055,0.23,0.33,-2.63,35565896.0,5.3,9.6,12.0,0.0,0.0,0.3,0.592,0.606,0.026,1.0,0.714,0.016,0.781,Utilities,2026-07-03,71.32,-3.37,96
BXC,,44.5,En base (loin du pivot),74.82,588101436.0,47.6,-0.36,0.29,0.11,-8.54,13151639.0,20.2,45.6,13.0,0.22,0.0,0.7,0.244,0.746,0.108,0.0,0.695,0.683,0.326,Industrials,2026-07-03,56.84,31.63,96
BWMX,,44.4,Setup en formation,16.3,643606364.0,48.9,-0.011,-0.12,-2.63,3.56,1161652.0,6.7,13.3,54.0,0.53,0.0,0.319,1.0,0.45,0.283,0.909,0.431,0.119,0.544,Consumer Discretionary,2026-07-24,17.31,-5.83,75
ETV,,44.4,Setup en formation,14.93,1631376451.0,44.5,-0.047,0.47,-0.33,-1.97,2868719.0,3.6,9.4,48.0,0.0,0.0,0.7,0.565,0.31,0.0,1.0,0.465,0.063,0.879,Financials,2026-07-03,15.02,-0.6,96
ELME,,44.4,Setup en formation,1.75,155501295.0,60.9,0.004,0.0,1.74,3.55,2167312.0,0.6,9.7,54.0,0.0,0.0,0.061,0.61,0.35,0.5,1.0,0.531,0.516,0.0,Real Estate,2026-07-03,1.59,10.06,96
BALY,,44.3,Cup & Handle probable,14.0,706573308.0,67.3,0.259,1.52,0.29,53.17,1609981.0,5.9,43.2,90.0,0.0,0.09,0.6,0.375,0.272,0.464,1.0,0.413,0.587,0.0,Consumer Discretionary,2026-07-03,14.7,-4.76,96
OII,,44.3,Setup en formation,44.97,4475848136.0,41.4,-0.098,-1.51,1.7,-12.51,44285067.0,17.1,20.5,61.0,0.38,0.0,0.3,1.0,0.613,0.373,0.0,0.389,0.571,0.43,Energy,2026-07-03,38.5,16.81,96
EFT,,44.3,Setup en formation,10.66,310103824.0,55.3,0.021,1.33,2.11,0.77,1450952.0,1.8,5.0,71.0,0.0,0.0,0.3,0.0,0.176,0.5,1.0,0.536,0.071,0.876,Financials,2026-08-19,10.89,-2.11,49
ATEX,,44.2,Setup en formation,83.41,1635652250.0,49.3,0.841,-2.57,5.53,-3.32,24525885.0,22.3,30.9,6.0,0.43,0.0,0.3,1.0,0.954,0.215,0.0,0.805,0.468,0.127,Communication Services,2026-07-03,105.14,-20.67,96
RILYZ,,44.1,Setup en formation,19.33,589508286.0,40.1,-0.062,-1.38,-2.57,-6.98,1404772.0,8.4,14.1,23.0,0.0,0.0,0.7,1.0,0.462,0.0,0.701,0.307,0.214,0.72,,2026-09-16,20.26,-4.59,21
FSLY,,44.1,En base (loin du pivot),25.51,4063743000.0,52.1,-0.033,-1.92,0.12,23.9,213058414.0,18.6,39.6,16.0,0.0,0.0,0.88,0.579,0.505,0.229,0.0,0.527,0.698,0.109,Information Technology,2026-07-03,18.13,40.71,96
SOPH,,44.0,En base (loin du pivot),7.38,628243349.0,39.2,-0.095,-10.0,-11.08,-8.78,5911982.0,17.8,38.9,21.0,0.0,0.0,0.866,0.619,0.529,0.5,0.0,0.0,0.675,0.406,Health Care,2026-07-03,5.35,37.94,96
HLIO,,43.9,Setup en formation,71.38,2355540000.0,52.4,0.707,0.63,4.13,-0.34,27315002.0,15.8,21.9,2.0,0.0,0.0,0.3,1.0,0.923,0.5,0.0,0.879,0.143,0.174,Industrials,2026-07-03,82.39,-13.36,96
SVIA,,43.9,En base (loin du pivot),4.18,352417639.0,65.3,-0.007,-6.49,9.14,57.14,10920520.0,16.2,67.5,69.0,0.0,0.15,0.6,0.0,0.186,0.5,0.0,0.807,0.976,0.0,Financials,2026-09-23,4.07,2.7,14
MLKN,,43.9,Setup en formation,20.72,1425531752.0,47.4,0.088,0.39,3.81,-9.6,15731857.0,15.5,21.5,10.0,0.0,0.0,0.3,1.0,0.608,0.0,0.0,0.72,0.548,0.484,Consumer Discretionary,2026-07-03,21.42,-3.27,96
GFR,,43.8,Setup en formation,6.21,1492969027.0,52.0,-0.019,3.67,10.11,0.81,8830203.0,13.3,24.2,96.0,0.0,0.0,0.3,1.0,0.251,0.0,0.091,0.952,0.365,0.558,Energy,2026-07-16,6.26,-0.8,83
GNW,,43.8,Setup en formation,9.63,3638705486.0,46.8,-0.023,0.42,4.33,-6.96,46717333.0,9.9,16.9,98.0,0.0,0.0,0.3,1.0,0.043,0.0,0.511,0.773,0.286,0.669,Financials,2026-07-03,9.61,0.21,96
ACHV,,43.8,En base (loin du pivot),7.03,723404505.0,40.5,-0.112,0.29,-8.58,-17.2,12443804.0,18.6,31.6,16.0,0.0,0.0,0.756,1.0,0.51,0.357,0.0,0.0,0.706,0.379,Health Care,2026-07-03,6.4,9.84,96
BME,,43.8,Setup en formation,42.57,567586576.0,29.3,-0.25,-0.65,-4.59,-6.52,1611847.0,7.8,8.4,46.0,0.69,0.0,0.7,0.403,0.432,0.344,0.779,0.0,0.365,0.741,Financials,2026-07-03,43.65,-2.47,96
STNE,,43.8,Momentum en formation,11.62,2866824431.0,73.1,0.23,0.69,25.22,14.94,65135644.0,3.6,25.8,87.0,0.0,0.37,0.3,1.0,0.076,0.5,1.0,0.689,0.635,0.054,Information Technology,2026-07-03,11.17,4.03,96
CATY,,43.7,Setup en formation,60.16,4013503411.0,41.8,-0.072,-0.53,0.5,-4.04,30969359.0,7.2,10.1,38.0,0.03,0.0,0.3,0.688,0.428,0.209,0.844,0.354,0.23,0.758,Financials,2026-07-03,62.31,-3.45,96
HCC,,43.7,Setup en formation,92.42,4879968881.0,48.4,0.095,0.14,4.99,-11.52,61993671.0,17.1,31.3,46.0,0.09,0.0,0.3,1.0,0.71,0.045,0.0,0.818,0.429,0.432,Materials,2026-07-03,80.83,14.34,96
INBK,,43.7,Setup en formation,26.73,233448433.0,45.0,0.016,-0.37,2.61,-9.95,1305742.0,13.8,21.3,45.0,0.34,0.0,0.3,1.0,0.57,0.322,0.022,0.556,0.373,0.539,Financials,2026-07-03,28.1,-4.88,96
KFRC,,43.7,Setup en formation,50.68,907628120.0,39.3,0.132,-2.16,-2.31,-6.33,11821267.0,17.2,19.5,4.0,0.63,0.0,0.3,1.0,0.863,0.813,0.0,0.0,0.429,0.427,Industrials,2026-07-03,50.93,-0.49,96
RZC,,43.6,Momentum en formation,25.08,1637765758.0,48.9,0.011,-0.28,0.81,-0.14,2718937.0,1.5,2.4,74.0,0.0,0.0,0.701,0.0,0.157,0.0,1.0,0.76,0.008,0.949,,2026-07-03,25.42,-1.34,96
CHPT,,43.6,En base (loin du pivot),8.67,232792309.0,50.1,-0.174,-2.91,-8.93,-12.34,13577661.0,23.0,54.4,28.0,0.83,0.0,1.0,0.0,0.433,0.414,0.0,0.5,0.817,0.0,Consumer Discretionary,2026-07-03,5.96,45.47,96
VET,,43.5,En base (loin du pivot),11.6,1777120000.0,42.9,-0.085,-1.11,2.65,-8.99,17529393.0,15.0,25.7,74.0,0.31,0.0,0.7,1.0,0.43,0.454,0.0,0.469,0.333,0.318,Energy,2026-07-03,8.99,29.03,96
CUZ,,43.3,Setup en formation,27.66,4552892924.0,44.3,0.012,1.21,1.34,-3.88,41989530.0,15.1,17.8,1.0,0.28,0.0,0.3,1.0,0.762,0.438,0.0,0.474,0.31,0.497,Real Estate,2026-07-08,30.75,-10.05,91
IAUX,,43.3,En base (loin du pivot),1.61,1394101710.0,42.2,-0.019,-1.23,-3.01,-10.06,13514922.0,17.0,35.8,25.0,0.81,0.0,0.7,0.788,0.66,0.745,0.0,0.324,0.405,0.063,Materials,2026-07-03,1.49,8.05,96
HFWA,,43.2,Setup en formation,27.69,1132951801.0,39.9,-0.005,-0.68,-0.43,-5.46,12647083.0,9.5,11.9,3.0,0.01,0.0,0.3,0.976,0.649,0.506,0.562,0.312,0.04,0.645,Financials,2026-07-03,29.7,-6.77,96
PLAB,semiconducteurs,43.1,Setup en formation,30.82,1818292687.0,55.5,0.233,-0.8,-0.8,5.8,24919858.0,18.7,29.0,27.0,0.99,0.0,0.024,1.0,0.838,0.995,0.0,0.501,0.294,0.0,Information Technology,2026-07-03,28.86,6.79,96
GALT,,43.1,En base (loin du pivot),3.76,379937261.0,45.9,-0.032,0.8,-3.84,-18.44,1125134.0,20.3,42.4,1.0,0.9,0.0,0.735,0.424,0.995,0.585,0.0,0.29,0.619,0.0,Health Care,2026-07-03,4.51,-16.63,96
UMH,,43.1,Setup en formation,15.42,1316645952.0,43.1,-0.013,0.33,-0.32,-3.32,10338942.0,8.1,11.5,1.0,0.22,0.0,0.3,0.924,0.891,0.109,0.744,0.408,0.071,0.732,Real Estate,2026-07-03,15.52,-0.64,96
GRDN,,43.1,En base (loin du pivot),41.2,2609702925.0,46.6,-0.356,-2.14,1.28,1.05,31592215.0,14.8,25.7,79.0,0.0,0.0,0.7,1.0,0.417,0.0,0.0,0.66,0.397,0.508,Health Care,2026-07-03,42.0,-1.9,96
UVSP,,43.0,Setup en formation,41.37,1141016372.0,43.0,-0.032,-0.67,0.34,-2.31,10634564.0,8.3,11.1,26.0,0.1,0.0,0.3,0.849,0.58,0.05,0.707,0.414,0.262,0.716,Financials,2026-07-03,44.13,-6.25,96
CXT,,43.0,Setup en formation,49.77,2864826100.0,56.0,0.325,1.24,5.89,-0.58,27965768.0,13.5,22.1,44.0,0.12,0.0,0.3,1.0,0.53,0.153,0.058,0.875,0.516,0.107,Industrials,2026-07-03,52.5,-5.2,96
BNC,,42.9,En base (loin du pivot),5.85,240867023.0,59.7,-0.092,-3.62,-0.34,67.62,11654501.0,15.7,67.1,62.0,0.15,0.0,0.6,0.0,0.229,0.575,0.0,0.502,0.913,0.0,Industrials,2026-07-03,2.7,116.67,96
SY,,42.9,En base (loin du pivot),2.57,257776579.0,45.9,-0.033,-6.2,-5.17,-6.88,1040446.0,14.9,42.4,4.0,1.0,0.0,0.896,0.423,0.976,0.577,0.0,0.284,0.548,0.0,Health Care,2026-09-01,2.91,-11.68,36
BKE,,42.9,Setup en formation,43.46,2238730382.0,59.0,0.329,0.02,0.53,0.72,20978357.0,6.8,15.5,48.0,0.0,0.0,0.003,1.0,0.682,0.419,0.895,0.538,0.167,0.225,Consumer Discretionary,2026-07-03,42.19,3.01,96
PAY,,42.9,Setup en formation,31.71,3993546206.0,42.2,-0.055,0.28,5.7,-12.38,37823335.0,30.0,35.4,72.0,0.32,0.0,0.3,0.812,0.567,0.624,0.0,0.45,0.643,0.0,Information Technology,2026-07-03,27.06,17.18,96
XHR,,42.9,Setup en formation,18.06,1665959780.0,47.5,0.109,-0.5,-0.71,1.27,17172200.0,17.5,22.3,7.0,0.0,0.0,0.3,1.0,0.723,0.5,0.0,0.365,0.397,0.417,Real Estate,2026-07-03,20.35,-11.25,96
BHRB,,42.8,Setup en formation,69.2,1396942684.0,42.6,0.0,-0.12,0.95,-4.35,9142659.0,7.1,9.4,34.0,0.07,0.0,0.3,0.562,0.552,0.036,0.857,0.397,0.294,0.762,Financials,2026-07-03,70.15,-1.35,96
INOD,ia,42.7,En base (loin du pivot),66.24,2277506802.0,54.2,0.436,-1.09,-1.05,19.01,108236883.0,16.6,34.6,69.0,0.0,0.0,0.885,0.857,0.186,0.46,0.0,0.5,0.524,0.0,Information Technology,2026-07-03,68.88,-3.83,96
NWBI,,42.7,Setup en formation,14.93,2186634691.0,41.2,-0.028,-0.73,0.07,-4.42,17694050.0,6.4,8.9,37.0,0.0,0.0,0.3,0.48,0.376,0.091,0.945,0.343,0.31,0.785,Financials,2026-07-03,15.11,-1.19,96
CION,,42.5,Setup en formation,6.95,341958793.0,43.9,-0.038,0.29,-2.93,-3.98,2401379.0,8.3,25.2,6.0,1.0,0.0,0.029,1.0,0.927,0.5,0.707,0.13,0.444,0.185,Financials,2026-07-03,6.39,8.76,96
WTFCN,,42.5,Momentum en formation,25.6,1727128755.0,51.8,0.004,0.04,0.37,-0.05,1176102.0,1.4,2.7,26.0,0.0,0.0,0.3,0.0,0.443,0.0,1.0,0.832,0.008,0.952,Financials,2026-07-03,26.03,-1.65,96
WMK,,42.5,Setup en formation,72.6,1796457742.0,49.9,0.143,-1.91,-0.36,0.86,16671168.0,8.6,13.9,10.0,0.0,0.0,0.302,1.0,0.805,0.0,0.677,0.543,0.159,0.57,Consumer Staples,2026-07-03,80.1,-9.36,96
TLX,,42.5,En base (loin du pivot),10.78,3652016588.0,43.8,-0.134,-0.92,-4.94,-9.72,5850970.0,17.8,25.3,53.0,0.0,0.0,0.7,1.0,0.409,0.5,0.0,0.421,0.23,0.408,Health Care,2026-07-03,11.87,-9.18,96
CENT,,42.5,Setup en formation,40.02,2504955772.0,44.4,0.141,0.81,1.94,-4.05,3103322.0,14.8,18.3,1.0,0.9,0.0,0.3,1.0,0.995,0.45,0.0,0.544,0.127,0.507,Consumer Staples,2026-07-03,43.95,-8.94,96
NIE,,42.4,Squeeze / VCP prêt à casser,25.28,700482635.0,51.3,-0.0,1.81,0.4,-0.7,2181956.0,4.0,6.8,24.0,0.0,0.0,0.3,0.132,0.457,0.0,1.0,0.819,0.024,0.86,Financials,2026-07-03,26.43,-4.35,96
BUUU,,42.4,En base (loin du pivot),38.7,729398250.0,49.0,-1.33,0.13,-4.33,11.85,3385455.0,26.9,61.2,31.0,0.4,0.0,1.0,0.0,0.548,0.201,0.0,0.468,0.849,0.105,Industrials,2026-07-16,19.86,94.86,83
PDEX,,42.4,En base (loin du pivot),64.92,207960443.0,44.6,-0.926,-0.75,-7.28,-11.57,4865823.0,15.7,29.1,70.0,0.5,0.0,0.785,1.0,0.535,0.251,0.0,0.165,0.5,0.477,Health Care,2026-07-03,61.33,5.85,96
XXI,,42.3,Setup en formation,6.53,3672290610.0,56.1,-0.002,-2.25,0.0,7.05,16749005.0,8.4,41.8,67.0,0.0,0.0,0.281,0.456,0.195,0.5,0.698,0.505,0.579,0.0,Financials,2026-07-03,5.42,20.48,96
LKFT,,42.3,Setup en formation,29.32,1932102122.0,52.6,-0.012,-0.64,-0.68,2.91,10293511.0,9.5,20.8,88.0,0.0,0.0,0.065,1.0,0.071,0.5,0.558,0.52,0.349,0.308,Health Care,2026-07-03,30.39,-3.52,96
CBK,,42.3,Setup en formation,31.43,430630916.0,36.5,-0.067,0.5,-0.41,-9.36,1361360.0,11.8,13.6,63.0,0.78,0.0,0.3,1.0,0.313,0.476,0.269,0.346,0.254,0.605,Financials,2026-07-03,33.4,-5.9,96
SCZM,,42.2,En base (loin du pivot),8.96,833192945.0,49.0,-0.064,0.34,-0.17,-9.86,4043727.0,16.2,43.7,12.0,0.49,0.0,0.745,0.348,0.732,0.243,0.0,0.774,0.563,0.0,Materials,2026-07-03,6.69,33.93,96
ODC,,42.2,Setup en formation,88.13,1276856964.0,44.9,0.06,0.27,-2.9,0.26,10861414.0,14.5,18.2,8.0,0.34,0.0,0.3,1.0,0.791,0.672,0.0,0.181,0.349,0.419,Materials,2026-07-03,100.34,-12.17,96
ANGO,,42.2,En base (loin du pivot),14.42,596013049.0,35.4,-0.09,-7.21,-7.56,-5.13,8990311.0,11.5,14.9,20.0,0.0,0.0,0.734,1.0,0.481,0.052,0.315,0.012,0.556,0.617,Health Care,2026-07-03,13.09,10.16,96
RWAY,,42.1,Setup en formation,6.38,267175638.0,39.1,-0.056,-1.01,-5.13,-4.14,2181732.0,6.3,24.3,18.0,1.0,0.0,0.083,1.0,0.76,0.526,0.958,0.0,0.437,0.14,Financials,2026-07-03,5.49,16.21,96
MAN,,42.1,En base (loin du pivot),51.87,2412243916.0,30.5,-0.635,-4.3,-8.29,-16.31,50552956.0,18.8,21.1,3.0,0.82,0.0,0.727,1.0,0.679,0.41,0.0,0.0,0.548,0.373,Industrials,2026-07-03,38.79,33.72,96
ARTNA,,42.1,Setup en formation,33.69,347920706.0,43.0,-0.066,0.75,1.17,-6.91,1083145.0,8.9,11.8,96.0,0.2,0.0,0.3,0.961,0.175,0.098,0.638,0.49,0.238,0.703,Utilities,2026-07-03,34.39,-2.04,96
NATL,,42.0,Momentum en formation,45.67,3374872976.0,47.7,-0.026,0.37,0.51,-0.91,40591747.0,4.9,6.9,25.0,0.0,0.0,0.3,0.142,0.733,0.0,1.0,0.712,0.04,0.805,Information Technology,2026-07-03,44.57,2.47,96
SSYS,,42.0,Setup en formation,8.56,737636934.0,59.7,0.082,-0.23,0.59,7.0,5453771.0,8.2,20.5,60.0,0.21,0.0,0.077,1.0,0.463,0.513,0.731,0.528,0.325,0.0,Information Technology,2026-07-03,8.14,5.16,96
SWIM,,42.0,Setup en formation,6.39,751758490.0,48.2,0.02,0.0,4.07,-10.0,5151714.0,18.8,32.7,1.0,0.35,0.0,0.3,0.959,0.995,0.177,0.0,0.755,0.492,0.042,Industrials,2026-07-03,6.14,4.07,96
VTS,,41.9,Setup en formation,16.96,714089216.0,49.8,-0.076,-0.53,1.56,-2.3,9474698.0,8.8,21.3,84.0,0.0,0.0,0.011,1.0,0.221,0.0,0.648,0.867,0.405,0.288,Energy,2026-07-03,15.48,9.56,96
BTGO,,41.9,En base (loin du pivot),7.19,845153022.0,49.4,-0.104,-2.57,-1.1,-1.51,15290452.0,13.9,44.3,23.0,0.0,0.0,0.881,0.317,0.549,0.5,0.013,0.51,0.548,0.0,Financials,2026-08-26,7.1,1.27,42
MRBK,,41.9,Setup en formation,18.81,224385393.0,38.0,-0.036,-0.37,-0.69,-5.05,1466218.0,9.4,10.8,48.0,0.8,0.0,0.3,0.794,0.633,0.402,0.573,0.323,0.151,0.603,Financials,2026-07-03,19.64,-4.23,96
HIW,,41.9,Setup en formation,29.64,3269476094.0,44.5,-0.034,0.51,3.49,-4.97,36324237.0,15.0,18.6,24.0,0.33,0.0,0.3,1.0,0.518,0.32,0.0,0.54,0.349,0.499,Real Estate,2026-07-03,31.86,-6.97,96
ZH,,41.8,En base (loin du pivot),3.42,303643893.0,55.5,-0.007,1.48,-5.0,32.56,2140919.0,15.1,36.5,88.0,0.0,0.0,0.575,0.751,0.071,0.5,0.0,0.5,0.683,0.0,Communication Services,2026-09-16,2.97,15.15,21
BCX,,41.8,Setup en formation,12.0,1018296120.0,38.9,-0.051,0.84,0.59,-7.61,1888174.0,9.6,14.1,81.0,0.33,0.0,0.3,1.0,0.402,0.167,0.548,0.418,0.206,0.67,Financials,2026-07-03,11.46,4.71,96
AVAH,,41.8,En base (loin du pivot),12.22,2666644685.0,40.3,-0.198,-1.21,-4.38,-10.01,44372623.0,16.9,40.5,58.0,0.03,0.0,0.761,0.529,0.583,0.017,0.0,0.36,0.714,0.436,Health Care,2026-07-03,9.1,34.29,96
GPRE,,41.7,Setup en formation,15.16,1062645172.0,50.6,0.053,0.07,3.06,-1.88,20995188.0,14.2,24.0,1.0,0.49,0.0,0.3,1.0,0.995,0.363,0.0,0.834,0.111,0.238,Materials,2026-07-03,15.51,-2.26,96
AGRO,,41.7,Setup en formation,10.82,1561417602.0,50.6,-0.073,0.65,7.98,-8.07,7576512.0,15.4,30.6,70.0,0.65,0.0,0.3,1.0,0.427,0.323,0.0,0.977,0.365,0.0,Consumer Staples,2026-07-03,9.64,12.24,96
INTT,,41.6,Étendu (déjà parti),14.47,185589123.0,69.8,0.442,-3.79,27.49,29.66,1534009.0,6.4,33.4,92.0,0.58,0.51,0.316,0.924,0.187,0.788,0.95,0.793,0.405,0.078,Information Technology,2026-07-03,15.7,-7.83,96
MAKO,,41.5,En base (loin du pivot),9.09,796337713.0,37.9,-0.151,0.11,-4.72,-10.71,1870860.0,18.1,37.8,47.0,0.12,0.0,0.7,0.676,0.719,0.085,0.0,0.305,0.651,0.396,Materials,2026-07-03,7.65,18.82,96
AVIR,,41.4,En base (loin du pivot),5.07,406637824.0,42.7,-0.033,-1.17,-2.12,-13.04,1642404.0,14.1,35.3,12.0,0.17,0.0,0.7,0.819,0.801,0.319,0.0,0.356,0.413,0.287,Health Care,2026-07-03,4.98,1.81,96
AMBP,,41.4,Setup en formation,4.44,2653786162.0,37.4,0.0,0.0,2.07,-9.53,8118996.0,17.1,20.3,78.0,0.86,0.0,0.3,1.0,0.498,0.43,0.0,0.421,0.389,0.429,Consumer Discretionary,2026-07-03,4.83,-8.07,96
DGICA,,41.4,Setup en formation,18.19,675199740.0,41.8,-0.025,-0.27,0.66,-6.48,2142577.0,9.7,12.2,81.0,0.33,0.0,0.3,1.0,0.431,0.166,0.54,0.393,0.23,0.637,Financials,2026-07-03,19.29,-5.7,96
PBI,,41.4,Setup en formation,16.56,2270213911.0,45.0,0.014,-1.49,1.66,-4.83,30704271.0,12.7,16.2,22.0,0.01,0.0,0.3,1.0,0.713,0.149,0.167,0.553,0.254,0.578,Industrials,2026-07-03,16.82,-1.55,96
TY,,41.3,Squeeze / VCP prêt à casser,34.54,1877281295.0,48.1,-0.007,0.99,0.7,-2.12,1315993.0,4.7,6.2,10.0,0.0,0.0,0.3,0.03,0.649,0.041,1.0,0.713,0.016,0.844,Financials,2026-07-03,34.94,-1.14,96
POWW,defense,41.2,En base (loin du pivot),2.16,250691611.0,43.7,-0.005,-3.57,-5.68,-0.46,1208770.0,19.1,21.3,56.0,0.39,0.0,0.755,1.0,0.564,0.693,0.0,0.103,0.222,0.363,Industrials,2026-07-03,2.37,-8.86,96
SBCF,,41.2,Setup en formation,32.42,3138995144.0,41.4,-0.045,-0.22,0.15,-5.78,28880471.0,10.1,13.4,50.0,0.37,0.0,0.3,1.0,0.499,0.187,0.485,0.382,0.198,0.663,Financials,2026-07-03,33.28,-2.58,96
DC,,41.2,En base (loin du pivot),5.88,788937187.0,44.9,-0.076,-0.84,-5.31,-1.18,9693839.0,16.0,37.6,39.0,0.0,0.0,0.816,0.69,0.462,0.493,0.0,0.183,0.437,0.37,Materials,2026-07-03,4.48,31.25,96
ARCT,,41.2,En base (loin du pivot),13.0,369499897.0,46.2,-0.353,-11.32,-5.11,-17.83,12262143.0,27.6,69.0,51.0,0.64,0.0,0.953,0.0,0.318,0.319,0.0,0.599,0.754,0.0,Health Care,2026-07-03,7.28,78.57,96
FCEL,new_tech|production_energie,41.2,Setup en formation,20.65,1651054147.0,63.0,0.467,14.28,22.19,38.13,101128696.0,19.6,46.2,23.0,1.0,0.44,0.3,0.212,0.845,1.0,0.0,0.917,0.619,0.0,Industrials,2026-07-03,28.11,-26.54,96
AAT,,41.1,Setup en formation,21.5,1320190580.0,43.1,0.019,0.7,0.75,-2.45,10784201.0,11.0,13.0,6.0,0.0,0.0,0.3,1.0,0.765,0.5,0.37,0.401,0.04,0.469,Real Estate,2026-07-03,25.51,-15.72,96
PLMR,,41.0,Setup en formation,126.88,3339187619.0,43.7,-0.4,-0.36,3.04,-7.1,31221464.0,13.1,18.1,67.0,0.26,0.0,0.3,1.0,0.47,0.208,0.116,0.521,0.341,0.542,Financials,2026-07-03,140.0,-9.37,96
CBAN,,40.9,Setup en formation,20.43,433544315.0,40.2,-0.024,0.1,0.2,-6.07,3328048.0,9.0,12.3,46.0,0.53,0.0,0.3,1.0,0.439,0.263,0.62,0.354,0.071,0.699,Financials,2026-07-03,20.23,0.99,96
CTO,,40.7,Setup en formation,20.53,769576371.0,46.4,0.021,1.18,-0.58,-2.74,8941572.0,8.0,10.0,10.0,0.0,0.0,0.3,0.664,0.581,0.0,0.754,0.586,0.087,0.734,Real Estate,2026-07-03,21.57,-4.82,96
EPRX,,40.7,En base (loin du pivot),7.74,510117332.0,48.5,-0.135,-0.06,-6.8,-7.86,6889100.0,16.0,37.1,63.0,0.0,0.0,0.855,0.715,0.219,0.0,0.0,0.403,0.627,0.435,Health Care,2026-07-03,6.69,15.7,96
PGNY,,40.7,Setup en formation,25.91,1987991336.0,46.9,-0.007,0.19,4.52,-0.12,30758363.0,18.6,23.6,44.0,0.18,0.0,0.3,1.0,0.686,0.263,0.0,0.716,0.302,0.279,Health Care,2026-07-03,30.22,-14.26,96
KRSA,,40.6,En base (loin du pivot),31.77,1446851072.0,51.7,-0.416,3.42,-6.56,6.79,2475128.0,14.7,47.0,72.0,0.0,0.0,0.943,0.165,0.25,0.138,0.0,0.532,0.881,0.0,Health Care,2026-09-29,30.83,3.05,8
SID,,40.5,Setup en formation,1.23,1631095555.0,58.4,0.002,-0.81,20.59,0.82,12460864.0,10.9,39.1,63.0,0.0,0.0,0.042,0.604,0.246,0.24,0.391,0.939,0.548,0.0,Materials,2026-07-10,0.95,29.47,89
VFF,,40.5,En base (loin du pivot),2.79,341178769.0,46.0,-0.049,2.57,-10.0,-4.45,2173615.0,12.8,41.3,52.0,0.74,0.0,0.92,0.486,0.45,0.465,0.148,0.25,0.587,0.0,Consumer Staples,2026-07-03,1.95,43.08,96
EBC,,40.5,Setup en formation,21.2,4844444902.0,42.0,0.025,-0.19,1.05,-4.03,54489739.0,10.2,13.5,8.0,0.1,0.0,0.3,1.0,0.843,0.052,0.472,0.368,0.19,0.659,Financials,2026-08-31,22.41,-5.4,37
FENC,,40.5,Setup en formation,10.35,362601900.0,42.0,-0.041,-2.54,-4.17,-16.46,1714609.0,21.9,29.1,5.0,0.81,0.0,0.3,1.0,0.94,0.404,0.0,0.316,0.429,0.27,Health Care,2026-07-03,10.7,-3.27,96
GAM,,40.5,Setup en formation,64.46,1545467821.0,44.9,-0.022,0.8,1.13,-3.04,1378765.0,6.0,8.4,45.0,0.0,0.0,0.3,0.4,0.555,0.017,1.0,0.572,0.016,0.8,Financials,2026-07-03,63.94,0.81,96
AMCX,,40.4,En base (loin du pivot),10.98,452924682.0,35.8,-0.131,-1.44,-4.85,-12.02,7807556.0,15.1,30.6,45.0,0.34,0.0,0.7,1.0,0.582,0.171,0.0,0.02,0.595,0.497,Communication Services,2026-07-03,10.26,7.02,96
SMP,gestion_thermique,40.4,Setup en formation,37.56,839101405.0,47.9,0.023,0.37,0.16,-9.56,6313840.0,10.0,13.1,6.0,0.13,0.0,0.3,1.0,0.908,0.067,0.504,0.694,0.016,0.456,Consumer Discretionary,2026-07-03,37.93,-0.98,96
SIGA,,40.4,Setup en formation,3.29,236385566.0,51.4,0.015,-5.46,-4.36,0.0,2162866.0,10.6,23.1,73.0,0.56,0.0,0.069,1.0,0.174,0.782,0.425,0.5,0.294,0.0,Health Care,2026-07-03,3.86,-14.77,96
TDAY,,40.3,Setup en formation,7.35,1079111866.0,66.0,0.152,-1.08,16.67,16.11,15757857.0,20.2,33.7,86.0,0.31,0.0,0.3,0.908,0.383,0.157,0.0,0.881,0.325,0.327,Communication Services,2026-07-03,8.83,-16.76,96
PESI,,40.3,Setup en formation,15.47,328247890.0,36.0,-0.156,-0.13,0.39,-17.27,5546796.0,27.4,31.7,70.0,0.99,0.0,0.3,1.0,0.559,0.494,0.0,0.376,0.54,0.085,Industrials,2026-07-03,13.51,14.51,96
CNR,,40.3,Setup en formation,90.21,4477686744.0,46.2,-0.251,-0.88,4.29,-9.45,46943390.0,14.0,26.2,44.0,0.36,0.0,0.3,1.0,0.565,0.178,0.003,0.699,0.389,0.291,Energy,2026-07-03,79.34,13.7,96
ECAT,,40.3,Setup en formation,14.14,1529028900.0,45.9,0.002,1.8,1.22,-5.58,9319377.0,8.1,12.1,71.0,0.0,0.0,0.3,1.0,0.171,0.0,0.743,0.632,0.024,0.732,Financials,2026-07-03,15.8,-10.51,96
THFF,,40.2,Setup en formation,74.39,884638143.0,40.6,0.02,-0.43,0.94,-5.52,9458438.0,10.9,14.2,34.0,0.0,0.0,0.3,1.0,0.717,0.0,0.382,0.378,0.31,0.635,Financials,2026-07-03,77.02,-3.41,96
BLZE,,40.2,Setup en formation,13.8,854220000.0,48.3,0.143,-0.58,3.14,2.56,23086813.0,42.5,54.2,11.0,1.0,0.0,0.3,0.0,0.933,0.788,0.0,0.43,0.603,0.0,Information Technology,2026-07-03,15.62,-11.65,96
NEO,,40.1,En base (loin du pivot),16.51,2120487137.0,39.9,-0.287,-13.7,-11.9,-5.01,44069561.0,17.7,34.9,40.0,0.31,0.0,0.9,0.838,0.357,0.156,0.0,0.012,0.698,0.398,Health Care,2026-07-03,15.16,8.91,96
TBI,,40.0,En base (loin du pivot),8.97,273085766.0,43.5,-0.051,0.79,-3.76,-8.93,2673272.0,18.7,37.0,9.0,0.24,0.0,0.727,0.723,0.849,0.12,0.0,0.092,0.659,0.377,Industrials,2026-07-03,6.75,32.89,96
CHRN,,40.0,Setup en formation,19.28,2807890075.0,46.6,-0.073,3.66,-2.38,-4.84,2353039.0,22.9,31.6,1.0,1.0,0.0,0.3,1.0,0.991,0.612,0.0,0.305,0.421,0.0,Information Technology,2026-07-03,16.49,16.92,96
ICUI,,40.0,Setup en formation,159.73,3994374180.0,44.8,0.406,-1.03,-2.27,-4.68,40547684.0,17.2,21.5,12.0,0.57,0.0,0.3,1.0,0.779,0.287,0.0,0.216,0.516,0.428,Health Care,2026-07-03,154.97,3.07,96
AMLX,,39.9,En base (loin du pivot),28.04,3517850255.0,38.6,-0.645,0.94,-4.23,-17.77,44333523.0,31.8,54.0,41.0,1.0,0.0,0.704,0.0,0.752,0.5,0.0,0.352,0.738,0.0,Health Care,2026-07-03,18.27,53.48,96
EQBK,,39.9,Setup en formation,47.5,978143275.0,37.6,-0.051,-0.08,0.55,-6.37,5189283.0,8.7,11.5,61.0,0.36,0.0,0.3,0.925,0.441,0.178,0.662,0.353,0.087,0.71,Financials,2026-07-03,49.23,-3.51,96
NVCT,,39.9,En base (loin du pivot),20.03,653259742.0,42.2,-0.161,-6.36,-2.44,-18.21,4704775.0,22.8,31.0,9.0,0.31,0.0,0.7,1.0,0.668,0.246,0.0,0.345,0.571,0.0,Health Care,2026-07-03,19.57,2.35,96
MQ,,39.9,Setup en formation,16.55,1722835703.0,50.9,0.058,-2.82,-2.7,-0.18,15441481.0,11.4,18.2,26.0,0.36,0.0,0.061,1.0,0.71,0.457,0.319,0.5,0.325,0.143,Information Technology,2026-07-13,15.87,4.28,86
SLGL,,39.9,Setup en formation,75.64,247645284.0,58.5,1.981,-4.19,4.69,8.8,3116788.0,16.7,35.8,100.0,0.78,0.0,0.301,0.79,0.251,0.388,0.0,0.82,0.317,0.24,Health Care,2026-07-03,74.01,2.2,96
AVO,,39.9,En base (loin du pivot),12.75,1117899651.0,47.3,-0.013,0.39,-2.45,0.55,12322111.0,10.3,17.8,13.0,0.0,0.0,0.722,1.0,0.721,0.0,0.458,0.334,0.238,0.403,Consumer Staples,2026-07-03,12.49,2.08,96
EOLS,,39.7,En base (loin du pivot),7.38,487452247.0,39.3,-0.099,-1.2,-7.63,-20.65,5901999.0,20.7,38.6,21.0,0.75,0.0,0.7,0.636,0.725,0.374,0.0,0.005,0.643,0.309,Health Care,2026-07-03,6.9,6.96,96
ENTX,,39.7,En base (loin du pivot),2.53,440023743.0,36.3,-0.034,-3.44,-5.95,-15.67,1338700.0,36.2,36.2,18.0,1.0,0.0,0.717,0.769,0.851,0.575,0.0,0.001,0.603,0.0,Health Care,2026-07-28,3.92,-35.46,71
UCB,,39.7,Setup en formation,33.72,4065805961.0,41.9,-0.024,-0.27,0.36,-4.69,31325492.0,8.3,11.3,56.0,0.11,0.0,0.3,0.875,0.431,0.194,0.711,0.353,0.063,0.712,Financials,2026-07-03,35.49,-4.99,96
TJGC,,39.6,Étendu (déjà parti),27.82,280982640.0,63.1,0.647,-15.39,-20.05,167.24,13391049.0,24.3,91.3,95.0,0.7,0.51,1.0,0.0,0.029,0.851,0.0,0.5,0.944,0.189,Communication Services,2026-08-27,6.29,342.29,41
RVT,,39.6,Setup en formation,17.17,1853616797.0,38.6,0.004,-0.29,0.29,-5.29,3509948.0,8.5,10.1,22.0,0.7,0.0,0.3,0.685,0.467,0.35,0.686,0.352,0.008,0.716,Financials,2026-07-03,18.47,-7.04,96
TONX,,39.6,Setup en formation,3.58,197157721.0,52.3,-0.025,-0.28,-9.37,7.83,1091350.0,14.7,38.7,60.0,0.55,0.0,0.286,0.626,0.34,0.434,0.0,0.5,0.738,0.0,Information Technology,2026-07-03,2.88,24.31,96
YDES,,39.6,En base (loin du pivot),6.15,435612778.0,57.3,0.238,-13.5,-19.19,73.73,3055033.0,27.0,75.1,98.0,0.0,0.03,0.6,0.0,0.01,0.5,0.0,0.5,0.913,0.0,Health Care,2026-09-11,3.9,57.69,26
SJT,,39.4,Setup en formation,3.79,176647337.0,71.0,0.047,2.71,4.41,28.04,1498041.0,3.3,39.5,95.0,0.0,0.1,0.3,0.581,0.029,0.404,1.0,0.279,0.635,0.0,Energy,2026-09-29,3.72,1.88,8
BDJ,,39.3,Setup en formation,9.45,1671552770.0,42.5,-0.019,1.18,-0.42,-3.84,4833244.0,4.3,5.9,54.0,0.0,0.0,0.3,0.0,0.276,0.214,1.0,0.356,0.175,0.856,Financials,2026-07-03,9.65,-2.07,96
BANR,,39.3,Setup en formation,67.12,2459241361.0,36.7,-0.225,-0.42,-0.52,-5.66,20081860.0,10.3,12.3,79.0,0.69,0.0,0.3,1.0,0.318,0.347,0.461,0.352,0.071,0.656,Financials,2026-07-03,67.17,-0.07,96
RUM,,39.3,En base (loin du pivot),7.65,3792947984.0,44.8,-0.139,3.66,-0.91,-11.05,50852958.0,27.8,46.7,33.0,0.0,0.0,0.7,0.185,0.714,0.5,0.0,0.487,0.484,0.073,Communication Services,2026-07-03,6.16,24.19,96
GLAD,,39.2,Squeeze / VCP prêt à casser,18.85,425879351.0,39.7,-0.047,-1.41,-2.99,-4.61,3020328.0,5.9,9.8,2.0,0.44,0.0,0.404,0.63,0.81,0.22,1.0,0.0,0.024,0.803,Financials,2026-07-03,19.54,-3.53,96
CMRC,,39.1,Setup en formation,3.21,265977361.0,56.4,-0.031,0.0,3.22,24.9,3258468.0,13.9,47.7,50.0,0.42,0.0,0.215,0.127,0.7,0.638,0.007,0.546,0.635,0.0,Information Technology,2026-07-03,3.15,1.9,96
WSFS,,39.0,Setup en formation,75.92,3878798732.0,39.4,-0.09,-1.84,0.11,-4.35,28990389.0,8.2,10.2,72.0,0.33,0.0,0.3,0.702,0.253,0.166,0.72,0.363,0.151,0.725,Financials,2026-07-03,77.17,-1.62,96
FATE,,38.9,Setup en formation,2.29,274388977.0,42.2,-0.006,-5.76,-3.78,-7.66,3913262.0,20.5,22.6,12.0,0.5,0.0,0.3,1.0,0.641,0.727,0.0,0.321,0.341,0.03,Health Care,2026-07-03,2.92,-21.58,96
SII,,38.9,Setup en formation,119.41,3080778000.0,44.3,-1.271,3.15,-0.7,-7.79,15200190.0,14.4,27.8,33.0,1.0,0.0,0.3,1.0,0.8,0.556,0.0,0.498,0.294,0.029,Financials,2026-07-03,114.98,3.85,96
WSBF,,38.8,Setup en formation,19.87,357203546.0,37.7,-0.083,-0.15,-0.55,-7.67,2076669.0,8.3,10.6,87.0,0.0,0.0,0.3,0.762,0.128,0.0,0.717,0.377,0.278,0.725,Financials,2026-07-03,20.6,-3.54,96
AWR,,38.8,Setup en formation,81.56,3232681657.0,36.1,-0.234,-0.24,-0.46,-7.87,20988130.0,11.1,12.1,83.0,0.27,0.0,0.3,1.0,0.3,0.137,0.365,0.387,0.254,0.631,Utilities,2026-07-03,84.76,-3.78,96
FDUS,,38.7,Setup en formation,18.88,716578392.0,41.2,-0.023,-1.31,-3.33,-1.29,6316483.0,6.8,6.9,18.0,0.31,0.0,0.709,0.155,0.49,0.153,0.906,0.0,0.254,0.775,Financials,2026-07-03,19.33,-2.33,96
HASI,,38.6,Setup en formation,36.57,4699091040.0,47.3,0.133,0.72,4.07,-3.48,39702107.0,14.0,17.8,19.0,0.11,0.0,0.3,1.0,0.816,0.158,0.0,0.742,0.071,0.493,Financials,2026-07-03,38.26,-4.42,96
NRC,,38.6,En base (loin du pivot),20.08,444160885.0,44.5,-0.062,-3.37,-4.61,-6.0,2674891.0,14.5,24.5,43.0,0.05,0.0,0.7,1.0,0.442,0.157,0.0,0.175,0.421,0.516,Health Care,2026-07-03,22.4,-10.36,96
MPTI,,38.6,Setup en formation,76.37,331940372.0,48.5,0.475,0.57,0.37,2.41,6061336.0,16.1,21.1,2.0,1.0,0.0,0.3,1.0,0.99,0.578,0.0,0.433,0.206,0.095,Information Technology,2026-07-03,91.02,-16.1,96
AROW,,38.6,Setup en formation,37.2,689082496.0,41.9,-0.009,-0.48,-0.29,-5.99,3163341.0,8.8,11.3,45.0,0.47,0.0,0.3,0.88,0.614,0.236,0.646,0.345,0.04,0.593,Financials,2026-07-03,41.29,-9.91,96
LFCR,,38.5,Cup & Handle probable,6.45,244152237.0,75.6,0.21,-1.07,-2.12,46.59,3338906.0,3.0,39.8,99.0,0.0,0.46,0.6,0.564,0.005,0.5,1.0,0.092,0.952,0.061,Health Care,2026-07-03,5.09,26.72,96
VNCE,,38.4,Étendu (déjà parti),12.24,158443728.0,69.5,0.108,6.99,20.71,91.25,5858352.0,5.8,62.2,75.0,0.0,0.83,1.0,0.0,0.152,0.212,1.0,0.642,1.0,0.779,Consumer Discretionary,2026-09-15,7.65,60.0,22
NMAX,,38.3,Setup en formation,10.01,1292898056.0,44.3,-0.168,0.4,-7.74,-5.83,13108333.0,17.3,38.1,19.0,0.0,0.0,0.082,0.663,0.763,0.5,0.0,0.157,0.714,0.198,Communication Services,2026-07-03,8.99,11.35,96
ARLP,,38.3,Setup en formation,24.67,3174012621.0,37.7,-0.125,-0.48,1.19,-6.84,7011758.0,8.4,10.9,87.0,0.48,0.0,0.3,0.813,0.28,0.239,0.697,0.419,0.063,0.596,Energy,2026-07-03,23.81,3.61,96
TDW,,38.3,Setup en formation,82.07,4083493878.0,40.4,-0.551,-2.22,1.15,-12.93,48548239.0,19.2,29.8,40.0,0.49,0.0,0.3,1.0,0.762,0.247,0.0,0.394,0.373,0.36,Energy,2026-07-03,68.12,20.48,96
ICHR,semiconducteurs,38.2,Setup en formation,62.44,2338642059.0,56.6,1.312,-1.41,4.48,10.75,40945929.0,24.9,40.1,33.0,0.61,0.0,0.3,0.548,0.8,0.804,0.0,0.517,0.246,0.0,Information Technology,2026-07-03,98.22,-36.43,96
TWFG,,38.2,Setup en formation,25.01,1351835368.0,43.2,-0.011,1.13,3.48,-13.43,4377844.0,20.1,24.3,71.0,0.12,0.0,0.3,1.0,0.571,0.061,0.0,0.504,0.508,0.33,Financials,2026-07-03,25.8,-3.06,96
LION,,38.1,Setup en formation,11.35,3377302368.0,50.3,0.066,1.61,1.43,1.61,35737306.0,17.6,24.0,4.0,0.0,0.0,0.3,1.0,0.712,0.5,0.0,0.808,0.095,0.0,,2026-07-03,14.66,-22.58,96
INDB,,38.1,Setup en formation,79.39,3760632770.0,43.5,-0.002,-0.4,1.57,-4.62,32571676.0,7.9,11.1,67.0,0.0,0.0,0.3,0.842,0.331,0.0,0.763,0.479,0.056,0.715,Financials,2026-07-03,84.18,-5.69,96
SRZN,,38.1,En base (loin du pivot),26.37,309941324.0,53.7,0.647,-9.47,-17.54,15.86,31150205.0,30.3,57.3,99.0,0.0,0.0,1.0,0.0,0.005,0.5,0.0,0.5,0.603,0.0,Health Care,2026-07-03,24.92,5.82,96
HSDT,,38.1,Setup en formation,2.66,172442637.0,55.1,-0.043,0.38,-6.99,18.75,1634903.0,22.3,53.0,78.0,0.0,0.0,0.3,0.0,0.133,0.5,0.0,0.512,0.905,0.0,Financials,2026-09-21,2.76,-3.62,16
TCBK,,38.0,Setup en formation,52.11,1665781089.0,42.7,0.076,-0.31,1.11,-3.56,15413349.0,11.1,13.9,36.0,0.58,0.0,0.3,1.0,0.503,0.289,0.363,0.415,0.103,0.5,Financials,2026-07-03,54.54,-4.46,96
GDV,,38.0,Setup en formation,28.47,2567666339.0,36.8,-0.032,0.35,0.04,-4.55,2473369.0,7.2,9.0,67.0,0.43,0.0,0.3,0.494,0.272,0.257,0.846,0.377,0.008,0.759,Financials,2026-07-03,29.57,-3.72,96
MCHB,,37.9,Setup en formation,14.89,3280446588.0,35.2,-0.003,-0.27,0.2,-5.88,8136308.0,13.0,15.6,10.0,0.5,0.0,0.3,1.0,0.796,0.251,0.128,0.355,0.159,0.567,Financials,2026-07-03,16.16,-7.86,96
PSTL,,37.8,Setup en formation,22.69,686346928.0,42.2,-0.137,1.39,-2.58,-4.22,9191563.0,7.8,11.6,41.0,0.0,0.0,0.3,0.931,0.583,0.233,0.77,0.059,0.087,0.698,Real Estate,2026-07-03,24.8,-8.51,96
XPRO,,37.8,Setup en formation,16.23,1840405443.0,43.3,-0.007,-3.22,1.63,-9.63,13677308.0,15.6,25.3,19.0,0.49,0.0,0.3,1.0,0.771,0.245,0.0,0.455,0.214,0.48,Energy,2026-07-03,14.38,12.87,96
STIM,,37.8,En base (loin du pivot),2.21,168395861.0,31.9,-0.083,0.45,-6.36,-23.26,3501673.0,35.8,48.5,58.0,1.0,0.0,0.7,0.081,0.652,0.5,0.0,0.327,0.651,0.0,Health Care,2026-07-06,1.41,56.74,93
SYBT,,37.7,Setup en formation,77.07,2394306176.0,41.7,-0.008,-0.7,-0.23,-2.64,12369439.0,13.3,14.7,20.0,0.4,0.0,0.3,1.0,0.752,0.2,0.093,0.323,0.254,0.558,Financials,2026-07-03,78.15,-1.38,96
MBIN,,37.7,Setup en formation,49.95,2294606846.0,38.8,-0.221,0.46,0.69,-4.99,11854776.0,12.0,15.6,48.0,0.0,0.0,0.3,1.0,0.419,0.17,0.252,0.343,0.254,0.6,Financials,2026-07-03,48.82,2.31,96
PRE,,37.6,En base (loin du pivot),20.4,345529488.0,38.4,-0.455,-2.67,-10.68,-19.81,4140379.0,25.1,36.1,28.0,0.96,0.0,0.7,0.771,0.653,0.482,0.0,0.0,0.524,0.163,Consumer Staples,2026-07-03,16.93,20.5,96
TRX,,37.6,En base (loin du pivot),1.19,389694071.0,49.1,-0.02,1.71,-4.03,3.48,4591877.0,17.9,49.0,21.0,0.0,0.0,0.857,0.057,0.592,0.336,0.0,0.483,0.595,0.0,Materials,2026-08-07,0.98,21.43,61
BLMN,,37.5,Setup en formation,8.34,713650343.0,44.6,0.07,0.72,3.47,-14.81,21791115.0,34.0,39.4,10.0,0.0,0.0,0.3,0.592,0.898,0.5,0.0,0.535,0.389,0.0,Consumer Discretionary,2026-07-03,8.7,-4.14,96
AMBQ,,37.4,En base (loin du pivot),63.24,1529430057.0,46.3,-0.191,-4.07,-2.42,10.08,39997945.0,13.5,24.9,32.0,0.0,0.0,0.776,1.0,0.518,0.416,0.067,0.267,0.349,0.0,Information Technology,2026-07-03,82.85,-23.67,96
CNOB,,37.4,Setup en formation,30.4,1650579552.0,39.4,-0.031,-0.39,0.63,-5.91,12422053.0,10.1,13.2,50.0,0.25,0.0,0.3,1.0,0.417,0.233,0.489,0.365,0.016,0.652,Financials,2026-07-03,32.52,-6.52,96
AGYS,,37.4,Setup en formation,98.79,2786449797.0,40.2,0.036,-0.71,2.54,-11.29,23207504.0,18.8,23.0,13.0,0.68,0.0,0.3,1.0,0.83,0.417,0.0,0.366,0.444,0.0,Information Technology,2026-07-03,110.81,-10.85,96
TOWN,,37.3,Setup en formation,35.41,2642199655.0,36.3,-0.067,-1.2,-1.14,-5.09,19571462.0,8.6,9.4,51.0,0.49,0.0,0.3,0.575,0.36,0.247,0.679,0.316,0.087,0.714,Financials,2026-07-03,36.45,-2.85,96
KALU,,37.3,Setup en formation,153.77,2513999877.0,48.3,0.671,-1.28,1.72,-6.35,33665316.0,23.1,29.8,11.0,0.53,0.0,0.3,1.0,0.9,0.264,0.0,0.77,0.056,0.231,Materials,2026-07-03,176.27,-12.76,96
MBX,,37.3,Setup en formation,56.92,2741272664.0,42.8,-0.039,-2.77,-1.44,-7.78,33916498.0,21.6,28.0,26.0,0.09,0.0,0.3,1.0,0.494,0.228,0.0,0.391,0.476,0.279,Health Care,2026-07-03,57.8,-1.52,96
FIBK,,37.2,Setup en formation,35.52,3385219641.0,37.1,-0.09,-0.28,-1.33,-6.16,50265891.0,10.0,11.6,40.0,0.0,0.0,0.3,0.939,0.496,0.279,0.502,0.307,0.032,0.619,Financials,2026-07-03,39.15,-9.27,96
EAF,,37.2,En base (loin du pivot),9.4,245266342.0,55.7,-0.074,6.58,9.94,51.61,6557053.0,20.9,52.0,93.0,0.0,0.0,0.6,0.0,0.043,0.5,0.0,0.522,0.73,0.0,Industrials,2026-07-03,5.68,65.49,96
CPF,,37.1,Setup en formation,36.28,934116833.0,40.6,-0.038,-0.17,0.92,-5.0,7074629.0,10.8,13.7,55.0,0.0,0.0,0.3,1.0,0.437,0.089,0.402,0.356,0.167,0.641,Financials,2026-07-03,38.28,-5.22,96
HCSG,,37.1,Setup en formation,21.13,1450198428.0,44.5,0.02,-0.28,1.1,-3.16,15175689.0,11.9,15.9,12.0,0.33,0.0,0.3,1.0,0.828,0.165,0.26,0.555,0.071,0.402,Health Care,2026-07-03,25.15,-15.98,96
ASA,,37.1,Setup en formation,57.06,1038617361.0,47.1,-0.131,1.35,2.39,-9.56,3184350.0,16.1,28.8,16.0,0.24,0.0,0.3,1.0,0.905,0.214,0.0,0.724,0.286,0.0,Financials,2026-07-03,54.48,4.74,96
VISN,,37.0,Setup en formation,6.15,1418352434.0,43.8,-0.015,-0.81,3.54,-3.91,46379136.0,13.9,19.7,57.0,0.59,0.0,0.3,1.0,0.657,0.368,0.016,0.486,0.143,0.387,Information Technology,2026-07-03,12.15,-49.38,96
HTB,,37.0,Setup en formation,46.47,775732075.0,46.7,0.078,-0.13,1.49,-1.65,10610786.0,11.2,14.2,63.0,0.0,0.0,0.3,1.0,0.416,0.0,0.348,0.665,0.032,0.626,Financials,2026-07-03,49.43,-5.99,96
INDV,,37.0,Setup en formation,35.9,4237346431.0,49.9,0.14,-0.25,-1.89,2.75,72586436.0,13.8,19.0,15.0,0.37,0.0,0.3,1.0,0.793,0.186,0.024,0.507,0.175,0.462,Health Care,2026-07-03,39.8,-9.8,96
NBN,,36.9,Setup en formation,125.32,1018851600.0,41.4,-0.532,-0.41,0.8,-5.68,15079742.0,9.0,12.6,44.0,0.2,0.0,0.3,1.0,0.472,0.102,0.631,0.349,0.056,0.602,Financials,2026-07-03,134.48,-6.81,96
NVRI,,36.9,Setup en formation,19.94,562110973.0,42.9,0.023,-2.11,2.26,-12.81,6168966.0,17.6,22.1,73.0,0.69,0.0,0.3,1.0,0.562,0.46,0.0,0.476,0.087,0.413,Industrials,2026-07-03,22.59,-11.73,96
FULT,,36.6,Setup en formation,22.4,4276486211.0,37.8,-0.021,-1.28,-0.26,-6.26,42482813.0,9.9,11.9,42.0,0.02,0.0,0.3,0.985,0.476,0.009,0.518,0.338,0.151,0.651,Financials,2026-07-03,24.11,-7.09,96
SEZL,,36.6,Setup en formation,112.84,3799888580.0,45.9,0.86,1.8,4.51,-6.42,57010471.0,38.7,43.1,13.0,0.81,0.0,0.3,0.385,0.919,0.536,0.0,0.598,0.341,0.0,Financials,2026-08-07,178.53,-36.79,61
CV,,36.5,Setup en formation,6.5,345771348.0,52.1,0.011,-1.29,-2.84,8.51,1879593.0,11.3,21.6,7.0,0.0,0.0,0.335,1.0,0.638,0.273,0.335,0.533,0.254,0.0,Health Care,2026-07-03,7.28,-10.71,96
SITC,,36.5,Setup en formation,3.2,167921085.0,55.1,0.038,-1.23,2.89,11.5,4811021.0,9.7,21.0,98.0,0.0,0.0,0.076,1.0,0.014,0.5,0.533,0.5,0.317,0.0,Real Estate,2026-07-03,4.49,-28.73,96
NEXN,,36.5,Setup en formation,8.72,496605474.0,39.1,0.023,0.23,-2.35,-8.79,3808240.0,22.8,24.8,10.0,0.65,0.0,0.3,1.0,0.938,0.64,0.0,0.024,0.294,0.239,Communication Services,2026-07-03,9.55,-8.69,96
AEHR,memoire|new_tech|semiconducteurs,36.5,En base (loin du pivot),92.14,3009250568.0,46.4,0.475,-11.74,-8.57,6.82,238224937.0,37.5,56.7,2.0,0.69,0.0,0.851,0.0,0.94,0.706,0.0,0.272,0.333,0.0,Information Technology,2026-07-03,69.96,31.7,96
FSBC,,36.5,Setup en formation,43.32,1062926118.0,39.6,-0.02,-0.25,2.27,-7.75,9053651.0,9.8,13.2,72.0,0.17,0.0,0.3,1.0,0.491,0.085,0.52,0.413,0.079,0.555,Financials,2026-07-03,48.66,-10.97,96
GLP,,36.4,Setup en formation,47.6,1618188799.0,42.4,-0.252,2.45,2.5,-9.68,3086919.0,12.3,15.8,93.0,0.53,0.0,0.3,1.0,0.141,0.33,0.21,0.439,0.095,0.589,Energy,2026-07-03,47.47,0.27,96
VOXR,,36.4,En base (loin du pivot),5.13,356510807.0,42.3,-0.068,1.99,1.28,-10.68,2385024.0,14.2,31.0,47.0,0.3,0.0,0.7,1.0,0.557,0.148,0.0,0.397,0.302,0.234,Materials,2026-07-03,4.87,5.34,96
ISOU,production_energie,36.3,Setup en formation,10.38,677205306.0,54.1,0.021,9.61,11.85,-7.32,2095655.0,17.2,30.6,83.0,0.0,0.0,0.3,1.0,0.262,0.0,0.0,0.945,0.278,0.215,Energy,2026-07-03,10.04,3.39,96
FCF,,36.3,Setup en formation,20.06,2027181856.0,35.0,-0.077,-1.57,-1.33,-6.0,23343640.0,9.6,10.8,63.0,0.0,0.0,0.3,0.805,0.384,0.0,0.548,0.327,0.214,0.679,Financials,2026-07-03,20.47,-2.0,96
SENEA,,36.2,En base (loin du pivot),171.42,1160464888.0,35.0,-1.228,-3.51,-5.48,-12.41,18288446.0,18.4,23.0,20.0,0.28,0.0,0.7,1.0,0.861,0.14,0.0,0.047,0.381,0.388,Consumer Staples,2026-07-03,183.98,-6.83,96
LIVN,,36.2,Setup en formation,74.93,4128156480.0,39.7,-0.205,-1.96,-2.68,-8.53,51777357.0,12.6,13.6,18.0,0.22,0.0,0.3,1.0,0.755,0.108,0.171,0.319,0.198,0.579,Health Care,2026-07-03,83.62,-10.39,96
FA,,36.1,Setup en formation,18.49,3175725747.0,39.1,-0.187,0.65,4.76,-13.52,35341360.0,26.5,31.1,75.0,0.59,0.0,0.3,1.0,0.493,0.294,0.0,0.393,0.476,0.117,Industrials,2026-07-03,20.53,-9.94,96
ORIC,,36.0,En base (loin du pivot),11.98,1241758819.0,40.0,-0.113,-4.08,-10.4,-6.84,20701006.0,18.4,28.8,12.0,0.03,0.0,0.755,1.0,0.6,0.013,0.0,0.0,0.595,0.341,Health Care,2026-07-03,11.64,2.92,96
ALX,,35.9,Setup en formation,245.49,1253788622.0,36.5,0.368,0.11,-0.62,-6.45,10215262.0,11.4,13.3,5.0,0.0,0.0,0.3,1.0,0.971,0.138,0.329,0.327,0.04,0.541,Real Estate,2026-07-03,275.0,-10.73,96
ORBS,,35.9,Setup en formation,1.06,455564044.0,53.3,-0.008,-1.85,-10.17,17.26,15262855.0,21.8,58.1,47.0,0.22,0.0,0.3,0.0,0.319,0.426,0.0,0.5,0.81,0.0,Consumer Discretionary,2026-09-08,0.9,17.78,29
ANTX,,35.7,En base (loin du pivot),5.07,191322722.0,43.7,0.047,-9.63,-0.39,-13.92,1414712.0,29.5,35.6,33.0,0.0,0.0,0.7,0.8,0.489,0.159,0.0,0.421,0.492,0.017,Health Care,2026-07-03,4.42,14.71,96
EQPT,,35.7,Setup en formation,18.9,4788805701.0,54.3,0.16,0.0,2.16,-3.32,65152703.0,13.3,25.4,5.0,0.0,0.0,0.3,1.0,0.647,0.0,0.082,0.864,0.31,0.0,Industrials,2026-08-28,18.3,3.28,40
TRMK,,35.7,Setup en formation,45.19,2624209375.0,42.3,-0.081,-0.77,-0.11,-3.07,20191421.0,7.3,10.0,74.0,0.0,0.0,0.3,0.66,0.278,0.0,0.841,0.372,0.04,0.758,Financials,2026-07-03,46.38,-2.57,96
TTRX,,35.6,En base (loin du pivot),11.64,346732786.0,44.2,-0.353,-5.83,-13.2,18.78,2407108.0,29.2,56.4,31.0,0.0,0.0,1.0,0.0,0.414,0.255,0.0,0.14,0.841,0.0,Health Care,2026-07-21,10.05,15.82,78
ARIS,,35.6,En base (loin du pivot),17.66,3645024000.0,43.7,-0.205,0.51,-0.51,-11.92,29907593.0,17.7,38.1,21.0,0.16,0.0,0.7,0.662,0.736,0.079,0.0,0.467,0.373,0.194,Materials,2026-07-03,16.0,10.38,96
FFBC,,35.5,Setup en formation,31.37,3299086469.0,41.1,0.002,-0.44,-0.25,-4.88,30905585.0,9.3,11.5,25.0,0.16,0.0,0.3,0.914,0.499,0.079,0.589,0.321,0.095,0.574,Financials,2026-07-03,34.39,-8.78,96
ATRO,defense,35.5,Setup en formation,69.16,2974506866.0,45.7,0.309,1.1,2.52,-9.31,42986924.0,26.8,33.7,15.0,0.16,0.0,0.3,0.907,0.91,0.132,0.0,0.574,0.349,0.107,Industrials,2026-07-03,70.83,-2.36,96
NGL,,35.5,Setup en formation,15.68,1957088052.0,44.4,-0.001,-0.44,5.95,-11.66,3217295.0,17.7,23.9,79.0,0.48,0.0,0.3,1.0,0.428,0.25,0.0,0.586,0.143,0.409,Energy,2026-07-03,15.19,3.23,96
TMCI,,35.5,En base (loin du pivot),4.0,260138208.0,35.3,-0.042,-10.71,-13.42,-16.84,1027000.0,23.0,24.2,10.0,1.0,0.0,0.7,1.0,0.878,0.5,0.0,0.005,0.357,0.0,Health Care,2026-07-03,4.21,-4.99,96
AUPH,,35.5,En base (loin du pivot),15.69,2087572826.0,39.2,-0.124,-0.19,-4.45,-2.43,13492450.0,11.9,19.3,35.0,0.73,0.0,0.7,1.0,0.79,0.364,0.268,0.0,0.095,0.384,Health Care,2026-07-03,15.61,0.51,96
LOCO,,35.5,Setup en formation,14.39,437929963.0,43.8,0.045,-0.07,-0.35,-6.38,3260013.0,16.1,18.7,42.0,0.38,0.0,0.3,1.0,0.748,0.285,0.0,0.468,0.103,0.423,Consumer Discretionary,2026-07-03,16.68,-13.73,96
SSTI,,35.4,Étendu (déjà parti),8.34,110425870.0,71.1,0.346,0.24,1.58,36.39,2764305.0,5.0,38.3,100.0,0.0,0.53,0.547,0.649,0.07,0.5,1.0,0.282,0.73,0.0,Information Technology,2026-07-03,9.08,-8.15,96
ZYME,,35.4,En base (loin du pivot),25.65,1820104532.0,44.0,-0.209,-2.14,-5.7,-12.13,23944703.0,18.2,31.3,2.0,0.0,0.0,0.7,1.0,0.779,0.0,0.0,0.164,0.381,0.395,Health Care,2026-07-03,26.31,-2.51,96
NABL,,35.4,Setup en formation,4.42,834964741.0,59.5,0.045,-0.9,5.24,8.87,12461112.0,15.8,43.2,16.0,0.0,0.0,0.106,0.376,0.905,0.0,0.0,0.828,0.635,0.0,Information Technology,2026-07-03,4.11,7.54,96
DBI,,35.4,Setup en formation,5.94,303673020.0,48.7,-0.025,-0.5,-5.71,13.84,4968771.0,11.9,26.8,4.0,0.0,0.0,0.457,1.0,0.868,0.223,0.258,0.421,0.238,0.0,Consumer Discretionary,2026-07-03,5.52,7.61,96
SAMG,,35.3,Setup en formation,10.46,123927643.0,60.4,0.082,-0.57,-1.23,5.06,1159656.0,3.1,15.8,89.0,0.0,0.0,0.095,1.0,0.067,0.0,1.0,0.508,0.389,0.0,Financials,2026-09-29,10.38,0.77,8
PPLI,,35.2,Setup en formation,41.29,3074615463.0,59.2,0.56,-1.05,1.35,5.9,56801800.0,13.3,25.7,100.0,0.0,0.0,0.341,1.0,0.0,0.096,0.093,0.525,0.286,0.515,Communication Services,2026-07-03,46.75,-11.68,96
WBI,,35.2,Setup en formation,30.1,3722367851.0,48.5,0.021,2.98,5.76,-6.55,23403969.0,13.9,21.8,75.0,0.0,0.0,0.3,1.0,0.298,0.0,0.011,0.823,0.183,0.391,Energy,2026-07-03,31.29,-3.8,96
IDYA,,35.1,En base (loin du pivot),36.63,3534409799.0,42.4,-0.125,-3.76,-3.25,-8.1,33131228.0,14.2,19.0,17.0,0.0,0.0,0.7,1.0,0.495,0.0,0.0,0.063,0.437,0.527,Health Care,2026-07-03,37.65,-2.71,96
CDP,,35.0,Setup en formation,33.68,3819664225.0,40.8,0.047,0.96,-0.82,-3.31,33683149.0,12.6,14.8,37.0,0.0,0.0,0.3,1.0,0.678,0.0,0.175,0.354,0.222,0.58,Real Estate,2026-07-03,37.67,-10.59,96
OPTX,,34.8,Étendu (déjà parti),9.82,395548402.0,67.7,0.335,0.2,32.52,29.72,3511657.0,2.3,43.1,53.0,0.0,0.65,0.799,0.384,0.357,0.157,1.0,0.823,0.643,0.0,Information Technology,2026-07-03,10.88,-9.74,96
OBE,,34.8,En base (loin du pivot),10.62,708625553.0,42.0,-0.148,1.14,3.81,-10.15,10623947.0,21.9,33.4,66.0,0.04,0.0,0.7,0.923,0.481,0.19,0.0,0.399,0.341,0.093,Energy,2026-07-03,8.01,32.58,96
UPXI,,34.7,Setup en formation,1.14,100523441.0,53.4,-0.011,-0.87,-0.87,6.54,5121511.0,14.8,47.7,37.0,0.0,0.0,0.278,0.129,0.425,0.5,0.0,0.525,0.595,0.0,Communication Services,2026-09-21,1.19,-4.2,16
GTX,,34.7,Setup en formation,26.09,4865613171.0,44.7,0.161,-2.21,-0.57,-6.72,65050942.0,19.4,22.7,1.0,0.35,0.0,0.3,1.0,0.931,0.364,0.0,0.503,0.159,0.073,Consumer Discretionary,2026-08-20,27.15,-3.9,48
ABTC,,34.6,Setup en formation,8.45,615326575.0,48.2,-0.149,-2.99,-3.1,5.76,13031723.0,23.5,55.5,34.0,0.55,0.0,0.013,0.0,0.638,0.776,0.0,0.695,0.357,0.0,Financials,2026-07-07,0.56,1408.93,92
XRX,,34.6,Setup en formation,2.93,384751517.0,37.8,-0.059,-2.98,-8.01,-11.05,8095067.0,21.9,31.0,23.0,0.73,0.0,0.411,1.0,0.717,0.363,0.0,0.0,0.429,0.271,Industrials,2026-07-03,2.8,4.64,96
RXO,,34.6,Étendu (déjà parti),28.54,4706991693.0,80.9,1.056,-0.38,37.81,38.14,77102461.0,2.0,36.2,87.0,0.0,1.0,0.802,0.764,0.076,0.5,1.0,0.5,0.841,0.848,Industrials,2026-07-03,26.61,7.25,96
KOS,,34.6,Setup en formation,2.6,1548267893.0,46.0,-0.025,3.17,0.78,-6.47,37531960.0,17.5,27.0,49.0,0.19,0.0,0.3,1.0,0.454,0.096,0.0,0.593,0.31,0.261,Energy,2026-07-03,2.07,25.6,96
UNTY,,34.5,Setup en formation,55.23,554651583.0,39.2,-0.235,1.02,0.71,-7.89,3326750.0,11.4,14.9,93.0,0.36,0.0,0.3,1.0,0.221,0.179,0.328,0.39,0.056,0.621,Financials,2026-07-03,58.12,-4.97,96
AGL,,34.3,Setup en formation,83.4,1400386914.0,44.7,0.327,-1.04,6.72,-5.76,20002299.0,27.0,36.9,35.0,0.86,0.0,0.3,0.729,0.77,0.429,0.0,0.545,0.262,0.0,Health Care,2026-07-03,111.01,-24.87,96
SUIG,,34.2,En base (loin du pivot),1.6,122884595.0,66.5,0.02,-4.76,-1.23,63.27,1609169.0,11.1,56.1,95.0,0.0,0.18,0.6,0.0,0.029,0.404,0.361,0.441,0.714,0.0,Financials,2026-09-22,1.46,9.59,15
WSBC,,34.1,Setup en formation,37.12,3560026600.0,32.4,-0.115,-1.67,-1.62,-10.19,41853633.0,12.9,14.6,56.0,0.0,0.0,0.3,1.0,0.361,0.038,0.136,0.343,0.278,0.57,Financials,2026-07-03,39.64,-6.36,96
TRLV,,34.0,En base (loin du pivot),10.65,2050820466.0,41.2,-0.242,0.0,-14.18,-12.06,31324592.0,17.6,39.5,33.0,0.0,0.0,0.827,0.582,0.405,0.0,0.0,0.004,0.69,0.34,Health Care,2026-07-03,9.78,8.9,96
ANDE,,34.0,Setup en formation,66.61,2262942840.0,44.9,-0.151,-0.43,0.91,-3.6,24328229.0,13.6,18.1,45.0,0.3,0.0,0.3,1.0,0.668,0.15,0.047,0.56,0.087,0.387,Consumer Staples,2026-07-03,66.3,0.47,96
EBS,,33.9,Setup en formation,6.95,356349685.0,57.1,0.013,-4.01,0.43,11.92,8094823.0,9.7,43.4,72.0,0.17,0.0,0.081,0.368,0.27,0.255,0.532,0.83,0.294,0.0,Health Care,2026-07-03,8.28,-16.06,96
EWTX,,33.9,Setup en formation,40.02,4346337243.0,41.8,-0.287,-0.69,2.12,-7.08,74916807.0,17.5,24.0,47.0,0.0,0.0,0.3,1.0,0.468,0.0,0.0,0.347,0.437,0.417,Health Care,2026-07-03,39.56,1.16,96
DNA,,33.9,Étendu (déjà parti),12.41,798462838.0,62.7,0.466,-17.16,3.76,78.56,33770142.0,19.8,58.2,99.0,0.0,0.52,1.0,0.0,0.005,0.5,0.0,0.524,0.968,0.0,Health Care,2026-07-03,10.4,19.33,96
SLS,,33.7,Setup en formation,11.34,2290064340.0,43.9,-0.017,-2.49,-1.48,-18.18,73303570.0,27.6,41.4,10.0,0.47,0.0,0.3,0.48,0.943,0.235,0.0,0.434,0.492,0.047,Health Care,2026-07-03,14.98,-24.3,96
GAIN,,33.7,Setup en formation,15.4,613258292.0,36.0,-0.025,-0.9,-2.72,-5.62,2477812.0,8.6,8.7,10.0,0.61,0.0,0.3,0.455,0.747,0.304,0.673,0.026,0.032,0.713,Financials,2026-07-03,15.56,-1.03,96
TSSI,gestion_thermique,33.6,Setup en formation,10.39,293196137.0,62.7,0.165,3.38,5.8,23.4,9101335.0,19.1,40.7,37.0,0.11,0.0,0.094,0.519,0.604,0.554,0.0,0.536,0.373,0.0,Information Technology,2026-07-03,11.21,-7.31,96
PRK,,33.6,Setup en formation,180.28,3256606945.0,37.9,0.346,-0.41,0.21,-7.42,19601479.0,15.7,17.4,23.0,0.21,0.0,0.3,1.0,0.862,0.105,0.0,0.377,0.151,0.477,Financials,2026-07-03,186.42,-3.29,96
ARCB,,33.5,Setup en formation,128.24,2866337637.0,43.1,0.431,-2.21,-0.49,-9.13,31637337.0,15.7,18.4,5.0,0.8,0.0,0.3,1.0,0.955,0.4,0.0,0.412,0.127,0.088,Industrials,2026-07-03,139.67,-8.18,96
HTH,,33.5,Setup en formation,37.1,2125326071.0,36.4,-0.084,-2.75,-1.33,-5.45,14833642.0,7.6,8.9,29.0,0.0,0.0,0.3,0.484,0.521,0.0,0.802,0.304,0.008,0.747,Financials,2026-07-03,38.82,-4.43,96
OOMA,,33.4,En base (loin du pivot),19.86,548136000.0,33.9,-0.266,-5.43,-6.72,-14.4,11238067.0,24.2,25.4,52.0,0.0,0.0,0.7,1.0,0.597,0.0,0.0,0.311,0.357,0.194,Information Technology,2026-07-03,19.49,1.9,96
UCTT,memoire|semiconducteurs,33.4,Setup en formation,73.24,3316089604.0,46.5,0.336,-1.05,-8.97,1.12,69797922.0,25.8,36.5,29.0,0.73,0.0,0.3,0.751,0.821,0.826,0.0,0.282,0.087,0.0,Information Technology,2026-07-03,106.48,-31.22,96
BFH,,33.2,Setup en formation,97.8,3757404410.0,37.6,-0.66,-1.11,-2.27,-11.79,64267329.0,14.4,17.6,67.0,0.0,0.0,0.3,1.0,0.385,0.052,0.0,0.353,0.31,0.519,Financials,2026-07-03,102.21,-4.31,96
PFS,,33.2,Setup en formation,22.28,2905815929.0,37.2,-0.016,-0.45,0.27,-6.07,20953989.0,11.7,14.2,46.0,0.23,0.0,0.3,1.0,0.502,0.117,0.282,0.352,0.016,0.608,Financials,2026-07-03,23.54,-5.35,96
INVX,,33.2,Setup en formation,27.62,1931627542.0,44.2,-0.1,-2.78,0.77,-8.15,22466286.0,18.1,24.1,37.0,0.02,0.0,0.3,1.0,0.709,0.01,0.0,0.497,0.214,0.398,Energy,2026-07-03,24.09,14.65,96
NRGV,,33.1,En base (loin du pivot),3.88,705537532.0,45.9,-0.079,0.26,-2.27,1.04,17038115.0,20.8,49.0,12.0,0.57,0.0,0.741,0.057,0.811,0.546,0.0,0.288,0.349,0.0,Utilities,2026-07-03,4.04,-3.96,96
NREF,,33.1,Setup en formation,15.46,291390528.0,39.2,-0.056,-0.06,-2.83,-10.48,1305974.0,13.6,15.0,72.0,0.0,0.0,0.3,1.0,0.372,0.0,0.051,0.324,0.325,0.547,Real Estate,2026-07-03,15.73,-1.72,96
UNMA,,33.0,Setup en formation,21.15,3602125026.0,39.0,-0.071,-0.05,-1.44,-1.05,1136502.0,3.9,6.7,33.0,0.0,0.0,0.002,0.122,0.405,0.5,1.0,0.0,0.071,0.727,,2026-07-15,21.69,-2.49,84
NEXA,,32.8,Setup en formation,12.45,1648865550.0,45.3,-0.0,-0.16,0.57,-9.78,8484418.0,21.9,26.7,1.0,0.37,0.0,0.3,1.0,0.995,0.231,0.0,0.588,0.032,0.149,Materials,2026-07-03,13.04,-4.52,96
CUBI,,32.8,Setup en formation,75.0,2533784925.0,39.1,-0.184,-0.04,0.64,-7.49,23197020.0,11.1,15.2,46.0,0.01,0.0,0.3,1.0,0.544,0.004,0.36,0.371,0.008,0.629,Financials,2026-07-03,77.71,-3.49,96
KURA,,32.7,Setup en formation,10.53,936755318.0,37.6,-0.097,-0.85,-2.55,-20.53,20846296.0,24.2,36.5,17.0,0.18,0.0,0.3,0.747,0.856,0.089,0.0,0.35,0.444,0.192,Health Care,2026-07-03,11.1,-5.14,96
NUAI,gestion_thermique,32.7,En base (loin du pivot),5.86,624437727.0,46.1,-0.124,-3.14,-13.31,8.32,55179530.0,26.2,49.2,35.0,0.0,0.0,1.0,0.042,0.39,0.054,0.0,0.256,0.754,0.0,Information Technology,2026-07-03,4.78,22.59,96
FSCO,,32.4,Setup en formation,5.04,999713736.0,44.4,-0.027,-0.59,-2.7,-3.88,5371765.0,7.7,12.6,85.0,0.0,0.0,0.015,1.0,0.09,0.0,0.786,0.186,0.397,0.355,Financials,2026-07-03,4.95,1.82,96
RXT,,32.2,Setup en formation,4.02,1024588857.0,54.5,0.034,3.08,2.03,26.02,26087672.0,29.1,49.2,6.0,0.46,0.0,0.33,0.044,0.825,0.404,0.0,0.538,0.429,0.0,Information Technology,2026-07-03,5.72,-29.72,96
BBNX,,32.0,En base (loin du pivot),18.63,980717908.0,44.0,-0.39,-1.69,-4.02,-4.07,30787580.0,20.9,46.0,68.0,0.0,0.0,0.833,0.224,0.449,0.109,0.0,0.148,0.754,0.0,Health Care,2026-07-03,16.76,11.16,96
NRIX,,32.0,Setup en formation,22.6,2345466036.0,32.0,-0.204,-1.22,-4.54,-13.54,36743609.0,19.9,21.7,61.0,0.0,0.0,0.3,1.0,0.444,0.0,0.0,0.307,0.437,0.335,Health Care,2026-07-03,23.97,-5.72,96
APPS,,31.9,En base (loin du pivot),10.49,1276862259.0,43.8,-0.079,-6.42,-9.96,-2.05,34221430.0,31.6,48.8,3.0,0.49,0.0,0.765,0.065,0.737,0.378,0.0,0.126,0.563,0.0,Information Technology,2026-07-03,12.71,-17.47,96
NX,,31.6,Setup en formation,18.85,863824021.0,41.8,-0.168,-0.32,-1.46,-17.48,9280808.0,18.9,25.0,25.0,0.0,0.0,0.3,1.0,0.756,0.0,0.0,0.326,0.286,0.37,Industrials,2026-07-03,17.08,10.36,96
AUTL,,31.4,Setup en formation,1.79,476430947.0,39.5,-0.013,-2.19,-3.76,-20.09,2949719.0,30.6,45.3,1.0,1.0,0.0,0.3,0.258,0.995,0.5,0.0,0.047,0.579,0.0,Health Care,2026-07-03,1.58,13.29,96
FSTR,,31.4,Setup en formation,36.1,379763444.0,38.3,-0.015,-2.3,-3.37,-5.05,1831134.0,16.1,17.1,14.0,0.87,0.0,0.3,1.0,0.805,0.477,0.0,0.049,0.151,0.293,Industrials,2026-07-03,42.76,-15.58,96
WTI,,31.3,Setup en formation,3.59,541885198.0,44.7,-0.03,-0.28,2.87,-6.02,14676087.0,16.5,27.4,39.0,0.24,0.0,0.3,1.0,0.634,0.121,0.0,0.515,0.294,0.034,Energy,2026-07-03,3.09,16.18,96
CURB,,31.0,Setup en formation,27.89,3208410517.0,37.9,-0.003,0.11,-0.11,-4.79,43759822.0,12.7,14.4,27.0,0.07,0.0,0.3,1.0,0.703,0.036,0.159,0.335,0.008,0.576,Real Estate,2026-07-03,30.34,-8.08,96
HUYA,,31.0,Setup en formation,2.29,522958353.0,55.5,0.011,0.88,-1.29,8.02,2026416.0,11.6,22.0,84.0,0.39,0.0,0.043,1.0,0.209,0.395,0.302,0.5,0.198,0.0,Communication Services,2026-07-03,2.38,-3.78,96
REI,,30.9,Setup en formation,1.34,349123073.0,43.8,-0.01,0.0,3.88,-10.67,5339872.0,15.2,29.1,52.0,0.19,0.0,0.3,1.0,0.523,0.095,0.0,0.516,0.349,0.0,Energy,2026-07-03,1.07,25.23,96
BGIN,,30.8,Setup en formation,2.22,251161789.0,54.9,0.046,-9.39,-13.62,10.17,1694199.0,34.5,52.5,70.0,0.0,0.0,0.219,0.0,0.181,0.5,0.0,0.523,0.556,0.0,Information Technology,2026-09-30,2.57,-13.62,7
PEBO,,30.6,Setup en formation,36.73,1320161230.0,31.9,-0.233,-1.02,-5.51,-8.15,15656700.0,12.8,16.0,81.0,0.0,0.0,0.3,1.0,0.114,0.0,0.148,0.309,0.222,0.573,Financials,2026-07-03,38.71,-5.11,96
UMAC,defense,30.6,Setup en formation,22.36,1117027452.0,45.5,-0.156,2.43,-10.34,-5.89,58721916.0,36.0,50.9,4.0,1.0,0.0,0.3,0.0,0.976,0.536,0.0,0.227,0.476,0.0,Information Technology,2026-07-03,22.08,1.27,96
KROS,,30.6,Setup en formation,11.01,218297340.0,46.0,-0.043,-4.43,-1.61,-2.74,2242859.0,8.6,19.6,12.0,0.18,0.0,0.05,1.0,0.699,0.088,0.671,0.282,0.262,0.0,Health Care,2026-07-03,11.26,-2.22,96
ESQ,,30.5,Setup en formation,116.44,1409457645.0,42.6,-0.404,-1.34,-1.17,-2.12,25767381.0,13.4,18.0,3.0,0.0,0.0,0.3,1.0,0.763,0.0,0.076,0.076,0.262,0.554,Financials,2026-07-03,120.34,-3.24,96
PKE,,30.2,Setup en formation,30.06,653841403.0,42.8,0.178,0.03,1.98,-3.49,7415453.0,23.8,27.0,6.0,0.43,0.0,0.3,1.0,0.967,0.216,0.0,0.403,0.04,0.191,Industrials,2026-07-03,37.83,-20.54,96
SEPN,,29.8,En base (loin du pivot),35.67,1664966699.0,37.9,-0.246,-5.81,-8.84,-2.94,14267771.0,30.2,35.7,7.0,0.31,0.0,0.704,0.793,0.812,0.154,0.0,0.0,0.452,0.0,Health Care,2026-07-03,34.0,4.91,96
MX,,29.8,Setup en formation,3.43,130481717.0,52.1,0.055,-3.11,-11.83,11.0,6005868.0,20.8,37.2,49.0,0.0,0.0,0.083,0.712,0.305,0.5,0.0,0.5,0.27,0.0,Information Technology,2026-07-03,4.12,-16.75,96
SLN,,29.7,Setup en formation,9.83,610971854.0,23.9,-0.219,-3.06,-8.98,-32.63,10986656.0,44.1,45.2,55.0,0.81,0.0,0.3,0.266,0.671,0.405,0.0,0.313,0.452,0.0,Health Care,2026-07-03,10.39,-5.39,96
NBR,,29.7,Setup en formation,81.22,1359979193.0,42.8,-0.157,-2.33,5.1,-10.59,17800869.0,17.1,23.1,45.0,0.54,0.0,0.3,1.0,0.729,0.268,0.0,0.48,0.071,0.065,Energy,2026-07-03,77.86,4.32,96
SNDA,,29.6,Setup en formation,37.12,1783541389.0,38.9,-0.085,1.09,-1.3,-1.51,15683467.0,15.7,16.7,25.0,0.55,0.0,0.3,1.0,0.848,0.275,0.0,0.042,0.103,0.454,Health Care,2026-07-03,42.21,-12.06,96
VCYT,,29.6,Setup en formation,44.65,3589446139.0,50.4,0.447,-6.34,-3.1,4.98,67295399.0,25.5,36.2,55.0,0.0,0.0,0.341,0.766,0.271,0.0,0.0,0.522,0.429,0.11,Health Care,2026-07-03,57.08,-21.78,96
FBNC,,29.5,Setup en formation,59.74,2473165686.0,34.6,-0.208,-3.32,-3.75,-7.79,16309457.0,10.2,10.3,62.0,0.0,0.0,0.3,0.709,0.249,0.269,0.475,0.035,0.024,0.66,Financials,2026-07-03,63.8,-6.36,96
QSI,quantique,29.3,Étendu (déjà parti),1.22,267038373.0,63.1,0.061,-4.69,27.35,59.27,8301516.0,21.3,55.5,100.0,0.0,0.7,0.6,0.0,0.0,0.471,0.0,0.805,0.937,0.0,Health Care,2026-10-01,1.07,14.02,6
WBTN,,29.1,Setup en formation,10.2,1384252914.0,45.3,-0.105,-2.49,-7.02,2.31,4909813.0,10.6,31.2,2.0,0.08,0.0,0.088,1.0,0.953,0.143,0.424,0.209,0.23,0.0,Communication Services,2026-07-03,11.64,-12.37,96
MYGN,,29.0,Setup en formation,4.28,409380481.0,58.2,0.047,-6.55,1.18,34.17,9063080.0,22.6,50.5,52.0,0.02,0.0,0.206,0.0,0.29,0.508,0.0,0.542,0.421,0.0,Health Care,2026-07-03,5.99,-28.55,96
SATL,espace,28.9,En base (loin du pivot),5.51,847106910.0,51.8,-0.023,3.57,-1.61,18.75,31328402.0,14.6,49.1,16.0,0.06,0.0,0.875,0.047,0.505,0.05,0.0,0.512,0.389,0.0,Industrials,2026-07-03,5.43,1.47,96
MOV,,28.8,Setup en formation,32.85,732957248.0,41.3,0.092,-1.79,-2.2,-2.14,6635137.0,17.9,19.4,7.0,0.16,0.0,0.3,1.0,0.902,0.078,0.0,0.0,0.278,0.403,Consumer Discretionary,2026-07-03,37.61,-12.66,96
LBRX,,28.7,Setup en formation,34.26,1105199336.0,26.2,-0.686,-1.04,-8.1,-30.56,14518020.0,31.7,32.8,79.0,0.13,0.0,0.3,0.958,0.471,0.065,0.0,0.31,0.46,0.0,Health Care,2026-07-03,33.43,2.48,96
CBL,,28.5,Setup en formation,50.0,1547137850.0,33.1,-0.074,-7.77,-6.3,-8.0,15638228.0,16.3,17.2,21.0,0.0,0.0,0.3,1.0,0.598,0.0,0.0,0.0,0.373,0.458,Real Estate,2026-07-03,52.63,-5.0,96
SGMT,,28.3,En base (loin du pivot),8.76,617868589.0,38.2,-0.219,-2.99,-6.11,-19.93,14507062.0,23.5,43.2,67.0,0.0,0.0,0.7,0.376,0.2,0.047,0.0,0.046,0.627,0.217,Health Care,2026-07-03,7.61,15.11,96
TBN,,28.2,Setup en formation,34.68,1212413008.0,44.4,-0.308,2.3,5.03,-12.05,5344573.0,17.3,26.0,78.0,0.02,0.0,0.3,1.0,0.37,0.012,0.0,0.577,0.278,0.0,Energy,2026-07-03,30.93,12.12,96
INDP,,28.2,Setup en formation,2.59,345097619.0,49.5,-0.173,3.19,-9.12,112.3,3547466.0,38.6,78.2,33.0,0.0,0.0,0.3,0.0,0.4,0.235,0.0,0.514,0.54,0.0,Health Care,2026-07-03,3.03,-14.52,96
HELP,,28.2,En base (loin du pivot),10.76,786143752.0,37.7,-0.339,-5.78,-15.28,-11.95,22557203.0,29.0,51.6,37.0,0.35,0.0,0.841,0.0,0.471,0.175,0.0,0.005,0.683,0.034,Health Care,2026-07-03,6.24,72.44,96
FDMT,,28.1,En base (loin du pivot),12.56,693867290.0,35.9,-0.293,-2.79,-13.32,-16.1,15250441.0,25.8,44.5,38.0,0.0,0.0,0.767,0.304,0.513,0.0,0.0,0.0,0.651,0.14,Health Care,2026-07-03,13.0,-3.38,96
TSLX,,27.9,Setup en formation,17.27,1646576011.0,36.5,-0.081,-1.82,-5.83,-3.83,8551972.0,8.2,11.5,27.0,0.16,0.0,0.019,0.912,0.489,0.082,0.722,0.0,0.167,0.402,Financials,2026-07-03,17.29,-0.12,96
ZBIO,,27.9,Setup en formation,26.94,1755860918.0,36.8,-0.304,-3.2,0.67,-18.07,22691256.0,20.7,24.4,83.0,0.17,0.0,0.3,1.0,0.1,0.087,0.0,0.354,0.46,0.0,Health Care,2026-07-03,27.23,-1.07,96
INTR,,27.8,Étendu (déjà parti),7.03,3102491291.0,76.1,0.159,7.16,37.04,24.2,35879599.0,-1.4,28.3,89.0,0.0,0.83,0.316,1.0,0.067,0.5,0.223,0.574,0.825,0.0,Financials,2026-07-03,5.47,28.52,96
PACB,,27.8,Étendu (déjà parti),2.7,839243049.0,79.9,0.142,-5.92,47.54,100.0,36659257.0,7.5,63.4,100.0,0.0,1.0,1.0,0.0,0.0,0.5,0.808,0.351,0.992,0.283,Health Care,2026-07-03,1.68,60.71,96
THM,,27.8,En base (loin du pivot),2.33,609615312.0,40.1,-0.037,-4.12,-8.27,-7.17,1985259.0,21.8,44.3,52.0,0.78,0.0,0.753,0.317,0.511,0.529,0.0,0.0,0.31,0.0,Materials,2026-07-03,2.32,0.43,96
MANU,,27.7,Setup en formation,20.4,3518824417.0,44.4,0.073,1.75,-1.97,-2.39,8414963.0,16.6,22.1,2.0,0.0,0.0,0.3,1.0,0.59,0.0,0.0,0.153,0.222,0.448,Communication Services,2026-07-03,23.11,-11.73,96
SRFM,,27.6,Setup en formation,1.01,134177217.0,58.6,0.016,13.36,-15.83,50.75,8161738.0,24.6,66.0,97.0,0.0,0.12,0.3,0.0,0.019,0.5,0.0,0.5,0.516,0.0,Industrials,2026-07-03,1.04,-2.88,96
GOLD,,27.4,En base (loin du pivot),41.57,1209539468.0,41.0,-0.435,-0.17,-3.06,-7.56,25825105.0,14.9,23.1,72.0,0.04,0.0,0.7,1.0,0.567,0.021,0.0,0.315,0.183,0.0,Financials,2026-07-03,43.99,-5.5,96
DSP,,27.3,Setup en formation,11.93,793330887.0,45.5,-0.023,-1.73,-1.97,-12.66,7028499.0,19.4,35.7,22.0,0.0,0.0,0.3,0.792,0.481,0.0,0.0,0.244,0.31,0.354,Information Technology,2026-07-03,12.96,-7.95,96
MNRO,,27.2,Setup en formation,13.67,427379700.0,53.7,0.06,0.22,-0.65,2.86,13093659.0,19.7,36.4,71.0,0.38,0.0,0.068,0.754,0.426,0.253,0.0,0.5,0.294,0.0,Consumer Discretionary,2026-07-03,17.21,-20.57,96
MGNX,,27.1,Setup en formation,3.64,231868681.0,41.6,-0.035,-3.45,-3.45,-17.27,2378210.0,18.9,22.2,31.0,0.3,0.0,0.3,1.0,0.504,0.294,0.0,0.314,0.127,0.055,Health Care,2026-07-03,4.71,-22.72,96
ZGN,,26.8,Setup en formation,12.5,3353900625.0,46.1,0.085,-0.32,-0.95,-0.48,13843972.0,21.6,28.5,7.0,0.17,0.0,0.3,1.0,0.842,0.086,0.0,0.263,0.063,0.279,Consumer Discretionary,2026-07-03,13.17,-5.09,96
DFTX,,26.7,Setup en formation,35.62,4786150759.0,37.8,-0.07,-1.68,-6.78,-6.48,96867439.0,28.3,30.8,11.0,0.0,0.0,0.3,1.0,0.924,0.067,0.0,0.004,0.413,0.056,Health Care,2026-07-03,44.19,-19.39,96
FHI,,26.7,Setup en formation,56.56,4222785493.0,37.0,-0.011,0.11,-1.67,-9.36,40320863.0,15.3,17.2,67.0,0.0,0.0,0.3,1.0,0.499,0.0,0.0,0.338,0.024,0.489,Financials,2026-07-03,56.6,-0.07,96
CADL,,26.6,Setup en formation,9.87,755238237.0,36.2,-0.15,-3.52,-9.28,-22.77,13605915.0,29.5,34.6,32.0,0.2,0.0,0.3,0.858,0.655,0.183,0.0,0.046,0.444,0.017,Health Care,2026-07-03,9.83,0.41,96
DFDV,,26.6,Setup en formation,4.98,162451534.0,46.8,-0.144,-8.96,-10.59,-15.16,14178023.0,25.3,63.4,48.0,0.0,0.0,0.3,0.0,0.31,0.14,0.0,0.319,0.722,0.0,Financials,2026-07-06,3.3,50.91,93
INNV,,26.4,Setup en formation,9.0,1228062825.0,33.2,-0.074,0.0,0.22,-16.28,8244408.0,26.2,31.1,83.0,0.0,0.0,0.3,1.0,0.361,0.0,0.0,0.405,0.31,0.04,Health Care,2026-07-03,11.99,-24.94,96
BETA,,26.3,Setup en formation,20.9,4889368154.0,45.2,-0.175,0.97,-6.86,-5.86,82743575.0,23.8,40.0,27.0,0.0,0.0,0.089,0.553,0.605,0.0,0.0,0.199,0.706,0.0,Industrials,2026-07-03,18.11,15.41,96
OPCH,,26.2,Étendu (déjà parti),31.0,4643342533.0,83.7,0.435,32.65,35.91,28.05,150730543.0,-24.2,12.0,86.0,0.0,1.0,0.333,0.997,0.086,0.5,0.0,0.5,0.897,0.475,Health Care,2026-07-03,21.9,41.55,96
CNTN,,26.1,Setup en formation,2.34,186454385.0,52.2,-0.008,0.43,-1.68,2.63,2033958.0,16.1,37.3,53.0,0.0,0.0,0.09,0.707,0.281,0.143,0.0,0.525,0.357,0.0,Health Care,2026-07-03,2.84,-17.61,96
STRZ,,25.9,Setup en formation,23.18,396938284.0,44.0,-0.051,0.65,4.51,-13.8,8810032.0,22.2,33.7,68.0,0.0,0.0,0.3,0.906,0.257,0.0,0.0,0.479,0.294,0.038,Communication Services,2026-07-03,28.99,-20.04,96
ELE,,25.4,En base (loin du pivot),18.16,1462225512.0,35.8,-0.373,0.44,-8.1,-14.17,10106696.0,20.5,35.3,37.0,0.0,0.0,0.7,0.815,0.49,0.0,0.0,0.045,0.413,0.0,Materials,2026-07-03,17.11,6.14,96
PICS,,24.7,Étendu (déjà parti),12.46,1614660786.0,69.4,0.355,7.23,52.14,8.73,5116429.0,9.4,41.2,96.0,0.09,0.91,0.3,0.487,0.158,0.278,0.577,0.833,0.69,0.0,Information Technology,2026-09-03,11.18,11.45,34
QTRX,,24.5,Setup en formation,3.44,162688144.0,55.4,0.06,-9.71,-6.27,27.88,2853617.0,14.9,46.8,81.0,0.0,0.0,0.28,0.179,0.283,0.045,0.0,0.5,0.492,0.0,Health Care,2026-07-03,4.33,-20.55,96
EGG,,24.4,Étendu (déjà parti),4.74,132125474.0,65.1,0.266,-6.59,-5.1,73.49,1652980.0,34.6,71.9,91.0,1.0,0.59,0.3,0.0,0.052,1.0,0.0,0.494,0.365,0.0,Industrials,2026-07-29,3.81,24.41,70
FEAM,new_tech,24.3,Étendu (déjà parti),3.76,186627115.0,75.0,0.134,-4.08,23.28,141.03,2909538.0,7.6,74.2,98.0,0.0,1.0,0.6,0.0,0.01,0.5,0.798,0.436,0.984,0.0,Materials,2026-09-21,2.5,50.4,16
TMS,,24.3,Setup en formation,7.42,546561029.0,49.0,-0.069,0.27,-4.13,20.26,1586196.0,24.2,48.5,45.0,0.0,0.0,0.08,0.082,0.408,0.5,0.0,0.447,0.262,0.0,Financials,2026-07-03,7.5,-1.07,96
INFQ,quantique,24.2,En base (loin du pivot),12.54,2825977432.0,43.0,-0.19,-0.95,-9.39,-2.41,105377995.0,16.7,41.6,13.0,0.62,0.0,0.505,0.465,0.733,0.311,0.0,0.06,0.254,0.0,Information Technology,2026-09-22,13.96,-10.17,15
GEMI,,24.1,Setup en formation,4.67,605475783.0,46.0,-0.106,-2.1,-11.72,-0.21,15172956.0,24.7,45.4,88.0,0.0,0.0,0.184,0.255,0.071,0.481,0.0,0.247,0.405,0.0,Financials,2026-07-03,4.23,10.4,96
DSGN,,23.6,Setup en formation,11.97,749102362.0,36.7,-0.023,-3.62,-5.15,-20.94,9892334.0,25.7,29.0,26.0,0.0,0.0,0.3,1.0,0.629,0.0,0.0,0.333,0.175,0.0,Health Care,2026-07-03,15.64,-23.47,96
BLLN,,23.4,En base (loin du pivot),99.94,4715872578.0,42.6,-1.174,-8.36,-15.43,0.55,71203338.0,33.6,41.5,53.0,0.44,0.0,0.519,0.47,0.281,0.221,0.0,0.039,0.429,0.0,Health Care,2026-08-07,91.65,9.05,61
SHMD,,23.4,Setup en formation,4.43,295206136.0,57.5,0.118,-1.56,-1.34,40.63,6580281.0,23.5,49.4,78.0,0.0,0.0,0.145,0.034,0.133,0.5,0.0,0.5,0.246,0.0,Industrials,2026-07-03,5.56,-20.32,96
HTO,,22.9,Setup en formation,58.18,2435228857.0,23.6,-0.468,-0.44,-5.63,-9.55,30968954.0,12.7,13.1,84.0,0.0,0.0,0.3,1.0,0.233,0.0,0.167,0.0,0.04,0.578,Utilities,2026-07-03,62.42,-6.79,96
CGEM,,22.8,Setup en formation,16.25,1045763778.0,38.7,-0.274,1.31,6.7,-26.44,24900244.0,29.9,38.8,98.0,0.0,0.0,0.3,0.624,0.018,0.0,0.0,0.461,0.365,0.002,Health Care,2026-07-03,17.63,-7.83,96
PVLA,,22.4,Setup en formation,128.0,1844276096.0,29.4,-2.236,-3.15,-7.91,-18.6,34501237.0,20.4,22.3,86.0,0.0,0.0,0.3,1.0,0.268,0.0,0.0,0.044,0.238,0.311,Health Care,2026-07-03,146.76,-12.78,96
PHVS,,22.1,Setup en formation,31.12,2168020017.0,33.0,-0.468,2.07,-1.92,-11.72,31446946.0,28.0,30.3,100.0,0.0,0.0,0.3,1.0,0.4,0.0,0.0,0.367,0.095,0.065,Health Care,2026-07-03,33.86,-8.09,96
SDEV,,21.8,Étendu (déjà parti),3.25,168191917.0,55.6,0.326,-17.51,-0.61,265.17,143044558.0,66.9,92.1,98.0,0.0,1.0,0.3,0.0,0.01,0.5,0.0,0.82,0.968,0.0,Financials,2026-09-30,3.27,-0.61,7
FTH,,21.7,Setup en formation,26.89,694849028.0,35.9,-0.731,-0.77,-4.2,-32.86,14646134.0,36.2,45.1,59.0,0.0,0.0,0.3,0.27,0.638,0.0,0.0,0.346,0.357,0.0,Health Care,2026-07-03,22.92,17.32,96
IRD,,21.6,En base (loin du pivot),4.38,364397705.0,42.2,-0.141,0.0,-11.69,-6.21,28271083.0,38.0,54.3,79.0,0.0,0.0,0.783,0.0,0.403,0.0,0.0,0.044,0.532,0.0,Health Care,2026-07-03,4.23,3.55,96
UNFI,,21.6,Setup en formation,44.29,2671443650.0,43.1,-0.027,-0.54,-2.6,0.82,30477419.0,14.6,18.0,5.0,0.0,0.0,0.3,1.0,0.873,0.0,0.0,0.092,0.016,0.256,Consumer Staples,2026-07-03,45.57,-2.81,96
CMPS,,21.3,Setup en formation,11.56,1600792062.0,32.7,-0.311,-0.34,-10.8,-12.89,43274271.0,27.2,33.3,66.0,0.18,0.0,0.3,0.929,0.402,0.089,0.0,0.039,0.254,0.095,Health Care,2026-07-03,13.62,-15.12,96
CRML,,21.2,Setup en formation,7.36,1081874022.0,50.3,-0.045,-2.0,-0.27,1.1,81531846.0,23.7,46.9,66.0,0.0,0.0,0.017,0.17,0.256,0.181,0.0,0.537,0.333,0.0,Materials,2026-07-03,9.56,-23.01,96
BTBT,,20.8,Setup en formation,1.52,548162925.0,43.8,-0.024,-1.3,-7.88,-7.32,40259808.0,19.1,37.2,29.0,0.61,0.0,0.064,0.709,0.639,0.305,0.0,0.113,0.198,0.0,Financials,2026-07-03,1.65,-7.88,96
AEHL,,20.7,Étendu (déjà parti),11.76,223614707.0,61.6,0.326,8.29,36.9,43.94,7662697.0,30.0,82.3,35.0,1.0,1.0,0.155,0.0,0.409,0.878,0.0,0.82,0.516,0.0,Industrials,2026-09-17,9.22,27.55,20
DNTH,,20.2,Setup en formation,85.4,4776795881.0,26.3,-0.697,-3.0,-2.02,-21.0,91160491.0,27.6,29.4,97.0,0.0,0.0,0.3,1.0,0.243,0.0,0.0,0.361,0.04,0.082,Health Care,2026-09-28,88.55,-3.56,9
DPRO,defense,20.1,Setup en formation,5.0,194345795.0,44.0,-0.108,2.04,-19.35,-18.3,6971980.0,23.3,42.0,14.0,0.29,0.0,0.104,0.444,0.532,0.255,0.0,0.126,0.31,0.0,Information Technology,2026-07-03,5.12,-2.34,96
STTK,,19.9,Setup en formation,5.86,588128663.0,37.8,0.03,-9.85,-10.4,-13.7,10022271.0,28.1,29.1,22.0,0.0,0.0,0.3,1.0,0.467,0.2,0.0,0.0,0.135,0.012,Health Care,2026-07-03,7.05,-16.88,96
ARQT,,19.7,Setup en formation,23.92,3006551707.0,40.5,-0.189,-4.89,-10.58,0.08,89505287.0,18.2,21.0,71.0,0.0,0.0,0.432,1.0,0.176,0.0,0.0,0.0,0.19,0.176,Health Care,2026-07-03,25.81,-7.32,96
INBX,,19.5,Setup en formation,93.41,1374776621.0,36.3,-1.674,-1.22,-10.89,-22.91,30101560.0,28.7,40.8,23.0,0.28,0.0,0.3,0.509,0.857,0.142,0.0,0.044,0.214,0.0,Health Care,2026-07-03,97.58,-4.27,96
GLSI,,19.4,Setup en formation,15.79,231768904.0,41.8,-0.22,-6.62,-14.09,-1.0,2176483.0,22.2,38.0,39.0,0.61,0.0,0.03,0.666,0.396,0.462,0.0,0.0,0.198,0.0,Health Care,2026-07-03,22.0,-28.23,96
DHC,,19.3,Setup en formation,7.58,1835337729.0,36.4,-0.028,0.53,-4.41,0.93,16880646.0,20.0,21.7,35.0,0.0,0.0,0.3,1.0,0.695,0.0,0.0,0.0,0.008,0.282,Real Estate,2026-07-03,9.23,-17.88,96
GIBO,,19.1,Étendu (déjà parti),44.44,115753090.0,78.0,0.753,24.24,41.8,31.87,1510749.0,-20.1,27.2,84.0,0.0,1.0,0.135,1.0,0.095,0.024,0.0,0.5,1.0,0.0,Communication Services,2026-10-07,44.44,0.0,0
CLYM,,18.9,Setup en formation,10.68,613419203.0,29.6,-0.23,-3.35,-7.13,-31.19,20231617.0,41.7,42.0,80.0,0.0,0.0,0.3,0.447,0.519,0.0,0.0,0.357,0.175,0.0,Health Care,2026-07-03,12.9,-17.21,96
OVID,,18.3,Setup en formation,2.37,462855921.0,37.3,-0.029,1.28,-6.69,-15.36,4672219.0,19.7,25.4,44.0,0.0,0.0,0.3,1.0,0.415,0.009,0.0,0.05,0.048,0.211,Health Care,2026-07-03,2.69,-11.9,96
CANG,,18.2,Étendu (déjà parti),3.02,123886340.0,67.7,0.081,11.03,27.43,37.9,1685728.0,-6.0,52.3,64.0,0.0,1.0,0.232,0.0,0.301,0.5,0.0,0.756,0.611,0.0,Financials,2026-08-31,2.59,16.6,37
GLOO,,18.0,Setup en formation,3.99,365208854.0,47.7,-0.08,-4.09,-10.74,28.92,6976782.0,28.5,48.0,78.0,0.0,0.0,0.271,0.11,0.133,0.0,0.0,0.357,0.397,0.0,Information Technology,2026-07-10,3.04,31.25,89
CD,,17.7,Étendu (déjà parti),8.32,915231616.0,80.1,0.38,10.79,40.54,104.42,1040212.0,-10.6,72.1,100.0,0.27,1.0,0.6,0.0,0.0,0.371,0.0,0.331,0.913,0.0,Financials,2026-07-03,4.29,93.94,96
TRVG,,17.0,Setup en formation,4.42,312138959.0,33.8,-0.172,-6.55,-20.93,-26.21,1394187.0,35.0,37.9,91.0,0.0,0.0,0.3,0.67,0.052,0.091,0.0,0.0,0.341,0.0,Communication Services,2026-09-18,6.69,-33.93,19
IMMX,,16.3,Setup en formation,9.64,799184448.0,33.5,-0.293,-4.84,-8.54,-30.7,20445652.0,36.2,48.1,71.0,0.05,0.0,0.3,0.103,0.262,0.023,0.0,0.313,0.278,0.0,Health Care,2026-07-03,10.34,-6.77,96
CSR,,16.2,Tendance baissière (pas un setup),55.45,931235673.0,55.3,-0.026,0.49,0.58,6.29,24334804.0,5.2,12.3,40.0,0.0,0.0,0.0,1.0,0.739,0.5,1.0,0.849,0.23,0.396,Real Estate,2026-07-03,57.24,-3.13,96
NAUT,robotique,16.2,Étendu (déjà parti),1.77,225241745.0,71.2,0.103,-5.35,29.67,95.58,9233087.0,28.5,66.0,95.0,0.0,1.0,0.6,0.0,0.029,0.5,0.0,0.629,0.405,0.0,Health Care,2026-07-03,1.73,2.31,96
IIIN,,16.0,Tendance baissière (pas un setup),30.17,584038312.0,52.6,0.081,1.34,3.71,-3.39,4094302.0,9.4,14.2,7.0,1.0,0.0,0.0,1.0,0.81,0.5,0.579,0.906,0.405,0.29,Industrials,2026-07-03,29.92,0.84,96
LSPD,,16.0,Tendance baissière (pas un setup),10.14,1351808695.0,55.0,0.073,-0.69,4.0,-3.52,8071153.0,8.5,16.1,12.0,0.11,0.0,0.0,1.0,0.875,0.553,0.684,0.906,0.405,0.131,Information Technology,2026-07-03,10.8,-6.11,96
TNGX,,16.0,Setup en formation,21.9,3692567037.0,38.9,-0.087,-5.11,-10.32,-2.75,81559792.0,27.6,29.4,9.0,0.0,0.0,0.3,1.0,0.591,0.0,0.0,0.0,0.071,0.0,Health Care,2026-07-03,29.46,-25.66,96
VTEX,,15.9,Tendance baissière (pas un setup),3.8,657375220.0,61.1,0.03,0.26,5.85,5.26,2744396.0,17.4,25.2,14.0,0.48,0.0,0.0,1.0,0.914,0.731,0.0,0.86,0.421,0.408,Information Technology,2026-07-03,4.14,-8.21,96
JJSF,,15.8,Tendance baissière (pas un setup),79.44,1484066940.0,47.3,0.185,1.6,2.89,-4.64,16455360.0,13.0,18.4,27.0,0.41,0.0,0.0,1.0,0.838,0.706,0.122,0.758,0.444,0.432,Consumer Staples,2026-07-03,75.92,4.64,96
FOXF,,15.7,Tendance baissière (pas un setup),19.39,814981109.0,51.8,0.071,0.83,3.69,-9.9,10841344.0,12.2,22.5,6.0,0.12,0.0,0.0,1.0,0.767,0.558,0.222,0.894,0.579,0.185,Consumer Discretionary,2026-07-03,16.51,17.44,96
ITRG,,15.7,Tendance baissière (pas un setup),2.66,539642366.0,48.3,-0.021,1.92,0.0,-5.0,4969460.0,10.7,33.2,16.0,1.0,0.0,0.0,0.932,0.751,1.0,0.408,0.753,0.405,0.0,Materials,2026-07-03,2.42,9.92,96
QTWO,,15.3,Tendance baissière (pas un setup),57.42,3580406587.0,45.5,0.108,-1.36,4.17,-7.58,37206364.0,14.9,19.3,21.0,0.72,0.0,0.0,1.0,0.792,0.86,0.0,0.638,0.595,0.177,Information Technology,2026-07-03,52.63,9.1,96
CWCO,,15.3,Tendance baissière (pas un setup),30.38,486470839.0,67.5,0.344,0.2,9.32,4.28,2808834.0,9.3,19.1,76.0,0.04,0.0,0.0,1.0,0.377,0.522,0.589,0.896,0.405,0.292,Utilities,2026-07-03,29.44,3.19,96
NOMD,,15.2,Tendance baissière (pas un setup),10.97,1558684429.0,50.9,0.046,2.62,4.38,-5.76,14357436.0,13.0,18.7,22.0,0.69,0.0,0.0,1.0,0.729,0.345,0.13,0.876,0.492,0.555,Consumer Staples,2026-07-03,11.42,-3.94,96
AFYA,,15.0,Tendance baissière (pas un setup),13.91,1304153193.0,57.3,0.044,4.55,17.72,-5.21,6073759.0,8.0,23.2,94.0,0.0,0.0,0.0,1.0,0.038,0.5,0.75,1.0,0.143,0.537,Consumer Staples,2026-07-03,15.27,-8.91,96
DORM,,14.8,Tendance baissière (pas un setup),126.58,3756339726.0,53.4,0.597,2.54,2.17,-3.59,28316749.0,18.5,23.9,1.0,0.59,0.0,0.0,1.0,0.885,0.795,0.0,0.846,0.325,0.239,Consumer Discretionary,2026-07-03,137.65,-8.04,96
PLOW,,14.7,Tendance baissière (pas un setup),40.68,938774231.0,52.4,0.227,-0.02,2.08,-3.12,7451404.0,10.9,15.9,1.0,1.0,0.0,0.0,1.0,0.995,0.828,0.389,0.879,0.087,0.15,Consumer Discretionary,2026-07-03,50.27,-19.08,96
CGNT,,14.7,Tendance baissière (pas un setup),8.83,652540364.0,57.5,0.047,0.68,4.0,4.25,5351787.0,7.0,16.8,6.0,0.0,0.0,0.0,1.0,0.867,0.492,0.875,0.817,0.27,0.058,Information Technology,2026-07-03,8.99,-1.78,96
HWKN,,14.5,Tendance baissière (pas un setup),132.25,2760734223.0,62.4,1.075,0.14,4.84,2.42,23354544.0,8.3,19.5,21.0,0.0,0.0,0.0,1.0,0.776,0.5,0.711,0.854,0.317,0.048,Materials,2026-07-03,138.49,-4.51,96
HCKT,,14.4,Tendance baissière (pas un setup),10.73,266815188.0,52.5,0.058,-0.83,8.71,-3.2,2208243.0,7.2,16.7,56.0,1.0,0.0,0.0,1.0,0.568,0.5,0.853,0.901,0.278,0.0,Information Technology,2026-07-03,10.84,-1.01,96
PRIM,,14.4,Tendance baissière (pas un setup),84.97,4574132825.0,67.5,1.296,5.46,14.51,14.28,104695116.0,7.8,24.0,16.0,0.12,0.04,0.0,1.0,0.616,0.558,0.776,0.832,0.365,0.0,Industrials,2026-07-03,88.2,-3.66,96
MSIF,,14.4,Tendance baissière (pas un setup),11.73,531899536.0,40.3,-0.078,0.34,-1.84,-6.19,2265972.0,8.0,16.6,52.0,0.96,0.0,0.4,1.0,0.436,0.479,0.745,0.31,0.23,0.625,Financials,2026-07-03,11.52,1.82,96
VNT,,14.2,Tendance baissière (pas un setup),32.84,4439968000.0,59.0,0.136,2.98,4.02,-1.38,42986167.0,10.2,16.8,2.0,0.42,0.0,0.0,1.0,0.863,0.211,0.481,0.888,0.595,0.0,Information Technology,2026-07-03,28.62,14.74,96
OMCL,robotique,14.2,Tendance baissière (pas un setup),35.46,1617503787.0,59.3,0.388,2.37,3.35,3.17,17122435.0,19.9,27.8,14.0,0.99,0.0,0.0,1.0,0.885,0.996,0.0,0.84,0.238,0.0,Health Care,2026-07-03,43.03,-17.59,96
SHAK,,14.1,Tendance baissière (pas un setup),64.61,2765239384.0,57.8,0.989,3.54,11.63,-6.9,91474749.0,15.4,28.4,33.0,0.34,0.0,0.0,1.0,0.636,0.669,0.0,0.94,0.468,0.0,Consumer Discretionary,2026-07-03,56.47,14.41,96
AMSC,equipement_electrique,14.1,Tendance baissière (pas un setup),31.85,1542882255.0,60.8,0.244,6.24,9.19,7.78,20796204.0,7.0,23.1,15.0,0.32,0.0,0.0,1.0,0.767,0.341,0.877,0.855,0.325,0.0,Industrials,2026-07-03,37.11,-14.17,96
PRDO,,14.0,Tendance baissière (pas un setup),32.06,2006220383.0,50.9,0.043,1.65,6.48,-3.43,23618860.0,8.1,15.7,50.0,0.25,0.0,0.0,1.0,0.486,0.303,0.742,0.889,0.135,0.47,Consumer Staples,2026-07-03,34.43,-6.88,96
MNDY,,13.9,Tendance baissière (pas un setup),84.29,3616626310.0,48.6,-0.294,1.97,10.83,-7.44,101014935.0,17.4,28.3,45.0,0.74,0.0,0.0,1.0,0.66,0.679,0.0,0.814,0.524,0.0,Information Technology,2026-07-03,79.77,5.67,96
AMPY,,13.9,Tendance baissière (pas un setup),4.48,185724896.0,50.5,0.001,1.13,7.95,-8.57,2362779.0,11.8,28.1,54.0,0.98,0.0,0.0,1.0,0.676,0.491,0.274,0.957,0.413,0.0,Energy,2026-07-03,4.0,12.0,96
FELE,,13.5,Tendance baissière (pas un setup),99.25,4387987802.0,54.6,0.606,0.21,2.72,-0.51,32508124.0,14.1,18.0,2.0,0.0,0.0,0.0,1.0,0.872,0.5,0.0,0.883,0.103,0.53,Industrials,2026-07-03,105.14,-5.6,96
FRPT,,13.5,Tendance baissière (pas un setup),62.77,3016605305.0,51.9,0.404,2.35,9.83,-10.63,66689595.0,18.6,27.4,37.0,0.53,0.0,0.0,1.0,0.756,0.265,0.0,1.0,0.54,0.1,Consumer Staples,2026-07-03,56.38,11.33,96
ADTN,,13.4,Tendance baissière (pas un setup),7.62,620888321.0,55.0,0.112,6.57,10.92,7.32,12567812.0,17.9,27.5,3.0,0.65,0.0,0.0,1.0,0.981,0.825,0.0,0.898,0.167,0.0,Information Technology,2026-07-03,12.71,-40.05,96
LBRT,,13.4,Tendance baissière (pas un setup),20.12,3283411290.0,55.9,0.169,2.71,9.11,-2.28,77458146.0,9.7,29.1,31.0,0.56,0.0,0.0,1.0,0.671,0.441,0.543,0.921,0.278,0.0,Energy,2026-07-03,23.79,-15.43,96
MAGN,,13.3,Tendance baissière (pas un setup),11.71,419218000.0,46.7,0.02,0.26,0.77,-6.62,4407571.0,18.2,22.6,2.0,0.63,0.0,0.0,1.0,0.979,0.817,0.0,0.636,0.23,0.182,Consumer Staples,2026-07-03,12.58,-6.92,96
IPGP,laser_photonique,13.3,Tendance baissière (pas un setup),83.69,3559715569.0,60.0,1.131,0.11,6.58,7.29,34473685.0,16.3,30.6,12.0,0.54,0.0,0.0,1.0,0.929,0.771,0.0,0.837,0.254,0.0,Information Technology,2026-07-03,105.27,-20.5,96
AZ,,13.3,Tendance baissière (pas un setup),5.97,262838008.0,50.8,0.074,-4.17,7.76,-2.93,2239159.0,27.2,36.8,5.0,0.59,0.0,0.0,0.732,0.96,0.793,0.0,0.896,0.286,0.0,Information Technology,2026-07-03,6.26,-4.63,96
ASTL,,13.3,Tendance baissière (pas un setup),4.35,458440493.0,51.9,0.007,-2.25,3.57,-7.64,3283705.0,14.2,28.3,1.0,1.0,0.0,0.0,1.0,0.956,0.5,0.0,0.869,0.341,0.124,Materials,2026-07-03,3.77,15.38,96
EPM,,13.2,Tendance baissière (pas un setup),3.64,146226903.0,54.3,0.003,2.25,4.3,2.09,1919203.0,4.0,17.0,7.0,0.09,0.0,0.0,1.0,0.702,0.044,1.0,0.838,0.206,0.251,Energy,2026-07-03,3.65,-0.27,96
NTLA,,13.2,Tendance baissière (pas un setup),12.37,1733367192.0,51.9,0.064,-2.98,2.83,-2.9,58137624.0,9.9,26.1,1.0,0.0,0.0,0.0,1.0,0.595,0.5,0.512,0.841,0.294,0.0,Health Care,2026-07-03,17.56,-29.56,96
TPVG,,13.2,Tendance baissière (pas un setup),4.81,195813768.0,45.2,-0.006,-0.41,-1.64,-2.5,1252562.0,8.8,20.2,1.0,0.0,0.0,0.0,1.0,0.764,0.4,0.653,0.5,0.238,0.417,Financials,2026-07-03,4.92,-2.24,96
WW,,13.2,Tendance baissière (pas un setup),15.68,156780557.0,51.1,-0.035,5.45,-8.3,-12.99,4990855.0,17.9,33.6,2.0,0.0,0.0,0.0,0.912,0.67,0.5,0.0,0.83,0.563,0.0,Health Care,2026-07-03,16.31,-3.86,96
TRC,,13.1,Tendance baissière (pas un setup),16.33,441260181.0,49.7,0.031,0.93,-0.18,-0.61,2063094.0,8.7,11.6,7.0,0.66,0.0,0.0,0.939,0.818,0.831,0.666,0.491,0.024,0.221,Industrials,2026-07-03,18.86,-13.41,96
HDSN,,13.0,Tendance baissière (pas un setup),5.31,223490185.0,50.9,0.031,1.72,3.11,-0.75,2217323.0,17.2,21.1,1.0,0.82,0.0,0.0,1.0,0.995,0.778,0.0,0.846,0.175,0.0,Materials,2026-07-03,5.99,-11.35,96
MIR,,12.9,Tendance baissière (pas un setup),16.27,4051842517.0,57.5,-0.017,9.05,13.46,-3.9,58640253.0,7.8,20.5,89.0,0.36,0.0,0.0,1.0,0.16,0.343,0.773,0.943,0.294,0.0,Industrials,2026-07-03,17.38,-6.39,96
ADCT,,12.9,Tendance baissière (pas un setup),1.27,162137973.0,56.3,0.003,3.25,3.25,-6.62,1654342.0,7.3,31.5,49.0,0.18,0.0,0.0,1.0,0.38,0.089,0.838,0.823,0.492,0.0,Health Care,2026-07-03,1.19,6.72,96
GPGI,,12.9,Tendance baissière (pas un setup),13.17,3817852380.0,56.1,0.162,1.46,11.89,-3.37,19774351.0,16.5,29.3,36.0,0.18,0.0,0.0,1.0,0.667,0.588,0.0,0.942,0.333,0.0,Industrials,2026-07-03,16.75,-21.37,96
NSSC,,12.8,Tendance baissière (pas un setup),36.64,1310555532.0,55.3,0.137,1.16,3.01,-0.52,12019946.0,28.9,34.5,1.0,0.58,0.0,0.0,0.861,0.995,0.788,0.0,0.852,0.159,0.037,Industrials,2026-07-03,37.79,-3.04,96
PAM,,12.8,Tendance baissière (pas un setup),81.48,4443985606.0,52.4,-0.067,1.86,6.04,-3.92,16782012.0,9.4,16.6,98.0,0.0,0.0,0.0,1.0,0.184,0.107,0.573,0.954,0.159,0.541,Industrials,2026-07-03,80.58,1.12,96
ANIX,,12.8,Tendance baissière (pas un setup),3.02,104986682.0,53.9,0.048,2.37,5.96,-1.63,1047101.0,22.0,33.9,7.0,0.0,0.0,0.0,0.897,0.928,0.5,0.0,0.866,0.405,0.0,Health Care,2026-07-23,3.52,-14.2,76
ISBA,,12.7,Tendance baissière (pas un setup),38.34,292452846.0,50.0,0.077,1.24,0.82,-3.54,1556897.0,9.0,13.2,6.0,1.0,0.0,0.0,1.0,0.912,0.5,0.628,0.845,0.056,0.0,Financials,2026-07-03,41.0,-6.49,96
SPH,,12.7,Tendance baissière (pas un setup),17.08,1139447570.0,53.1,0.053,1.85,2.83,-2.51,3760771.0,8.0,12.5,27.0,0.0,0.0,0.0,1.0,0.516,0.0,0.751,0.92,0.103,0.489,Utilities,2026-07-03,17.51,-2.46,96
BOBS,,12.6,Tendance baissière (pas un setup),14.68,1918486276.0,46.6,0.091,3.75,6.07,-16.78,14692123.0,24.6,33.2,33.0,0.12,0.0,0.0,0.935,0.734,0.562,0.0,0.691,0.508,0.0,Consumer Discretionary,2026-09-11,15.2,-3.42,26
CRI,,12.6,Tendance baissière (pas un setup),33.83,1241939389.0,60.9,0.566,4.67,8.15,0.83,48908673.0,17.4,29.5,29.0,0.0,0.0,0.0,1.0,0.767,0.5,0.0,0.867,0.214,0.233,Consumer Discretionary,2026-07-03,40.65,-16.78,96
PDO,,12.6,Tendance baissière (pas un setup),12.08,1762883590.0,50.5,0.04,2.46,2.46,-4.8,16630435.0,6.6,11.0,83.0,0.0,0.0,0.0,0.833,0.105,0.0,0.927,0.882,0.079,0.704,Financials,2026-07-03,13.25,-8.83,96
ORN,,12.6,Tendance baissière (pas un setup),9.36,379035914.0,53.7,0.126,1.08,11.3,0.86,4627327.0,23.7,32.4,21.0,0.4,0.0,0.0,0.979,0.853,0.7,0.0,0.911,0.159,0.0,Industrials,2026-07-03,14.81,-36.8,96
AOSL,equipement_electrique|gestion_thermique|semiconducteurs,12.6,Tendance baissière (pas un setup),29.94,907333826.0,60.0,0.558,3.24,8.44,18.81,14847401.0,19.1,36.9,16.0,0.48,0.0,0.0,0.728,0.904,0.739,0.0,0.811,0.294,0.0,Information Technology,2026-07-03,37.11,-19.32,96
CHH,,12.6,Tendance baissière (pas un setup),103.06,4656193086.0,53.4,0.547,3.49,-0.86,2.71,59470331.0,10.7,17.3,22.0,0.05,0.0,0.0,1.0,0.652,0.526,0.409,0.508,0.159,0.456,Consumer Discretionary,2026-07-06,112.37,-8.29,93
ATHM,,12.5,Tendance baissière (pas un setup),20.72,2386341276.0,38.0,-0.059,0.53,-2.26,-5.95,10545311.0,12.1,14.9,4.0,1.0,0.0,0.0,1.0,0.875,0.857,0.239,0.026,0.5,0.128,Communication Services,2026-07-03,18.18,13.97,96
HOV,,12.4,Tendance baissière (pas un setup),114.58,682884196.0,46.1,0.384,2.59,2.13,-6.69,11604980.0,18.8,24.6,1.0,0.93,0.0,0.0,1.0,0.995,0.739,0.0,0.584,0.151,0.239,Consumer Discretionary,2026-07-03,134.53,-14.83,96
PAX,,12.4,Tendance baissière (pas un setup),11.2,1817611275.0,63.3,0.123,0.9,11.33,0.54,12512068.0,5.5,16.5,66.0,0.15,0.0,0.0,1.0,0.44,0.074,1.0,1.0,0.175,0.0,Financials,2026-07-03,11.1,0.9,96
PHI,,12.4,Tendance baissière (pas un setup),18.09,3908448970.0,53.8,0.079,-0.33,6.73,-0.6,3897663.0,6.4,13.6,65.0,0.0,0.0,0.0,1.0,0.21,0.0,0.949,0.904,0.183,0.324,Communication Services,2026-07-03,17.95,0.78,96
NUCL,,12.4,Tendance baissière (pas un setup),6.29,186056929.0,46.7,0.03,0.64,-0.16,-6.95,1633884.0,22.4,34.0,1.0,0.97,0.0,0.0,0.887,0.995,0.987,0.0,0.602,0.143,0.0,Energy,2026-09-30,6.3,-0.16,7
GAU,,12.4,Tendance baissière (pas un setup),2.06,538879034.0,49.5,-0.006,3.52,4.04,-9.25,5122684.0,16.6,32.8,12.0,0.62,0.0,0.0,0.956,0.793,0.534,0.0,0.868,0.317,0.0,Materials,2026-07-03,1.98,4.04,96
OFRM,,12.4,Tendance baissière (pas un setup),16.73,702503625.0,52.6,0.047,2.58,5.82,-4.18,7532606.0,9.1,18.5,1.0,0.04,0.0,0.0,1.0,0.995,0.018,0.615,0.874,0.349,0.0,Consumer Staples,2026-09-14,16.18,3.4,23
OIA,,12.3,Tendance baissière (pas un setup),5.74,273256081.0,50.3,0.017,3.24,2.32,-3.7,1540597.0,7.6,18.0,94.0,0.0,0.0,0.0,1.0,0.038,0.0,0.806,0.823,0.071,0.719,Financials,2026-09-30,5.61,2.32,7
REYN,,12.3,Tendance baissière (pas un setup),22.32,4704854718.0,46.8,0.161,0.4,1.13,2.15,32610240.0,16.4,20.4,6.0,0.06,0.0,0.0,1.0,0.797,0.531,0.0,0.65,0.183,0.414,Consumer Discretionary,2026-08-31,24.2,-7.77,37
JMIA,,12.2,Tendance baissière (pas un setup),6.8,908655719.0,47.5,-0.04,0.15,1.49,-6.72,9344238.0,10.5,25.1,23.0,0.88,0.0,0.0,1.0,0.784,0.486,0.442,0.689,0.23,0.0,Consumer Discretionary,2026-07-03,7.05,-3.55,96
TIC,,12.2,Tendance baissière (pas un setup),8.85,1931250151.0,49.7,-0.062,7.14,4.61,-5.45,13907135.0,18.3,34.6,37.0,0.79,0.0,0.0,0.858,0.762,0.395,0.0,0.871,0.444,0.0,Industrials,2026-07-03,8.11,9.12,96
OSW,,12.2,Tendance baissière (pas un setup),23.28,2362890015.0,51.1,0.244,1.57,0.56,3.93,20959975.0,17.0,24.3,38.0,0.27,0.0,0.0,1.0,0.653,0.467,0.0,0.817,0.183,0.325,Consumer Discretionary,2026-07-03,28.68,-18.83,96
LAES,quantique,12.1,Tendance baissière (pas un setup),2.42,539113078.0,52.6,0.023,0.41,4.31,0.0,10539546.0,21.2,30.0,1.0,1.0,0.0,0.0,1.0,0.958,0.631,0.0,0.84,0.151,0.0,Information Technology,2026-07-03,3.03,-20.13,96
EPAC,,12.0,Tendance baissière (pas un setup),35.7,1825613962.0,49.3,0.06,-0.78,1.16,-4.29,16429171.0,5.9,10.0,13.0,0.0,0.0,0.0,0.672,0.598,0.0,1.0,0.823,0.167,0.314,Industrials,2026-07-03,34.87,2.38,96
GHM,gestion_thermique,12.0,Tendance baissière (pas un setup),88.28,1036145273.0,47.7,1.03,-2.43,2.47,0.57,14389115.0,24.3,29.7,6.0,0.78,0.0,0.0,1.0,0.967,0.805,0.0,0.688,0.119,0.005,Industrials,2026-07-03,115.42,-23.51,96
KBDC,,12.0,Tendance baissière (pas un setup),12.61,832736784.0,43.2,0.016,-0.71,-0.47,-3.29,4785987.0,8.3,9.2,1.0,0.27,0.0,0.0,0.539,0.777,0.637,0.709,0.378,0.008,0.536,Financials,2026-07-03,13.59,-7.21,96
MDU,,12.0,Tendance baissière (pas un setup),18.95,3986122191.0,49.1,0.077,1.39,1.45,-2.45,38791715.0,9.5,12.9,13.0,0.0,0.0,0.0,1.0,0.857,0.0,0.56,0.817,0.087,0.454,Utilities,2026-07-03,20.71,-8.5,96
CTRI,,12.0,Tendance baissière (pas un setup),21.2,2140416724.0,54.7,0.283,2.32,4.23,3.21,37662883.0,26.0,33.6,18.0,0.24,0.0,0.0,0.914,0.851,0.622,0.0,0.827,0.214,0.0,Utilities,2026-07-03,27.39,-22.6,96
CGBD,,11.9,Tendance baissière (pas un setup),10.5,722448101.0,36.8,-0.067,-0.57,-2.33,-7.26,4314702.0,10.4,17.8,47.0,0.98,0.0,0.4,1.0,0.486,0.488,0.45,0.038,0.135,0.647,Financials,2026-07-03,10.89,-3.58,96
WTM,,11.9,Tendance baissière (pas un setup),2037.25,4862347357.0,44.4,1.605,0.88,0.78,-3.15,38851750.0,8.2,10.0,8.0,0.4,0.0,0.0,0.664,0.905,0.322,0.728,0.512,0.016,0.577,Financials,2026-09-04,2112.23,-3.55,33
VERX,,11.9,Tendance baissière (pas un setup),12.29,1993658974.0,50.2,0.072,0.08,10.22,-10.75,17315672.0,14.9,25.4,9.0,0.99,0.0,0.0,1.0,0.849,0.496,0.0,0.901,0.206,0.0,Information Technology,2026-07-03,12.85,-4.36,96
OLED,,11.9,Tendance baissière (pas un setup),79.66,3661718076.0,50.9,0.597,-0.18,4.6,-2.63,59107696.0,15.1,21.9,19.0,0.22,0.0,0.0,1.0,0.886,0.608,0.0,0.905,0.103,0.0,Information Technology,2026-07-03,78.7,1.22,96
IE,,11.9,Tendance baissière (pas un setup),10.38,1656546888.0,51.4,0.038,0.48,-2.44,3.9,23888879.0,17.0,31.6,10.0,0.0,0.0,0.0,1.0,0.742,0.456,0.0,0.812,0.341,0.0,Materials,2026-07-03,9.51,9.15,96
TOYO,,11.9,Tendance baissière (pas un setup),4.48,191380887.0,49.3,0.054,2.28,5.16,0.67,1538488.0,28.3,34.1,1.0,1.0,0.0,0.0,0.884,0.995,0.689,0.0,0.79,0.151,0.0,Information Technology,2026-07-03,6.47,-30.76,96
APEI,,11.9,Tendance baissière (pas un setup),46.22,845897317.0,59.9,0.518,4.08,12.48,1.9,11633983.0,15.9,27.1,54.0,0.63,0.0,0.0,1.0,0.514,0.437,0.0,0.92,0.222,0.168,Consumer Staples,2026-07-03,56.72,-18.51,96
SERV,ia|robotique,11.8,Tendance baissière (pas un setup),4.77,413594808.0,53.1,0.067,-2.25,3.02,-3.54,13325157.0,18.9,29.1,6.0,0.87,0.0,0.0,1.0,0.948,0.59,0.0,0.818,0.159,0.0,Industrials,2026-07-03,6.31,-24.41,96
RM,,11.8,Tendance baissière (pas un setup),32.8,302606043.0,55.8,0.295,0.09,7.29,-2.61,2350368.0,23.3,30.1,38.0,0.74,0.0,0.0,1.0,0.771,0.378,0.0,0.974,0.151,0.157,Financials,2026-07-03,41.66,-21.27,96
SKYW,,11.7,Tendance baissière (pas un setup),97.71,3793915636.0,47.6,-0.046,1.72,-1.2,-1.36,34586646.0,17.0,20.9,5.0,0.37,0.0,0.0,1.0,0.731,0.455,0.0,0.357,0.381,0.433,Industrials,2026-07-03,96.88,0.86,96
RES,,11.7,Tendance baissière (pas un setup),6.04,1338808352.0,51.9,0.021,-0.98,7.09,-7.08,12903428.0,10.3,25.5,50.0,0.0,0.0,0.0,1.0,0.551,0.0,0.468,0.966,0.262,0.166,Energy,2026-07-03,5.6,7.86,96
MED,,11.6,Tendance baissière (pas un setup),11.51,128689892.0,43.3,-0.068,-1.37,-0.86,-8.87,1354908.0,14.4,29.2,10.0,0.97,0.0,0.0,1.0,0.943,0.496,0.0,0.426,0.246,0.378,Consumer Discretionary,2026-07-03,10.96,5.02,96
WIX,,11.6,Tendance baissière (pas un setup),73.91,3093097358.0,47.2,-0.784,-0.2,4.25,-3.02,82535852.0,23.6,46.7,4.0,1.0,0.0,0.0,0.185,0.812,0.641,0.0,0.693,0.548,0.0,Information Technology,2026-07-03,49.35,49.77,96
LNN,,11.6,Tendance baissière (pas un setup),114.73,1166676176.0,48.4,-0.157,0.3,1.6,-7.02,17526260.0,8.3,12.6,37.0,0.02,0.0,0.0,1.0,0.694,0.009,0.71,0.786,0.143,0.268,Industrials,2026-07-03,122.12,-6.05,96
CALX,,11.6,Tendance baissière (pas un setup),35.29,2221999172.0,49.7,0.203,2.77,5.25,-1.86,38460121.0,13.7,20.9,1.0,0.29,0.0,0.0,1.0,0.808,0.644,0.041,0.849,0.079,0.0,Information Technology,2026-07-03,38.48,-8.29,96
GLOB,,11.6,Tendance baissière (pas un setup),35.56,1535465011.0,46.9,0.011,-0.53,4.77,-9.12,35012110.0,14.6,20.8,38.0,1.0,0.0,0.0,1.0,0.693,0.649,0.0,0.655,0.286,0.0,Information Technology,2026-07-03,32.51,9.38,96
BILL,,11.6,Tendance baissière (pas un setup),43.96,3748767337.0,42.6,-0.22,-1.19,4.87,-10.58,81114683.0,16.4,22.1,61.0,0.82,0.0,0.0,1.0,0.524,0.411,0.0,0.451,0.532,0.228,Information Technology,2026-07-03,40.48,8.6,96
RPC,,11.6,Tendance baissière (pas un setup),7.97,878600367.0,51.9,0.048,1.01,8.44,-6.24,4591002.0,15.8,23.7,40.0,0.16,0.0,0.0,1.0,0.63,0.582,0.0,0.952,0.103,0.016,Financials,2026-07-03,7.83,1.79,96
NUS,,11.5,Tendance baissière (pas un setup),4.74,230727245.0,52.1,0.012,2.38,3.27,-2.07,2460494.0,12.7,18.4,37.0,0.41,0.0,0.0,1.0,0.776,0.463,0.159,0.867,0.135,0.0,Consumer Staples,2026-07-03,5.01,-5.39,96
CXDO,,11.5,Tendance baissière (pas un setup),5.96,198192588.0,48.8,0.056,-1.0,1.53,-0.83,1614461.0,21.8,27.3,5.0,0.95,0.0,0.0,1.0,0.913,0.975,0.0,0.467,0.095,0.0,Communication Services,2026-07-03,7.62,-21.78,96
KULR,gestion_thermique|new_tech,11.4,Tendance baissière (pas un setup),2.59,119866034.0,54.3,0.034,1.57,3.6,1.57,1535760.0,18.0,29.4,8.0,1.0,0.0,0.0,1.0,0.952,0.722,0.0,0.548,0.206,0.0,Information Technology,2026-07-03,3.85,-32.73,96
XHG,,11.4,Tendance baissière (pas un setup),2.38,122684064.0,48.7,-0.041,25.26,20.81,-28.1,6491379.0,67.1,87.3,82.0,0.0,0.0,0.0,0.0,0.228,0.5,0.0,0.801,0.786,0.0,Financials,2026-08-14,4.1,-41.95,54
BTZ,,11.4,Tendance baissière (pas un setup),9.43,1019713050.0,40.8,-0.001,1.51,0.64,-4.4,4563187.0,8.1,9.8,75.0,0.0,0.0,0.0,0.641,0.152,0.5,0.739,0.381,0.016,0.73,Financials,2026-07-03,10.26,-8.09,96
ACIC,,11.4,Tendance baissière (pas un setup),9.42,445300620.0,52.3,0.049,1.51,1.95,-1.26,2517622.0,16.2,19.8,2.0,0.26,0.0,0.0,1.0,0.986,0.369,0.0,0.847,0.079,0.22,Financials,2026-07-03,11.54,-18.37,96
TKC,,11.4,Tendance baissière (pas un setup),5.17,4549600000.0,49.6,0.015,-0.19,1.77,1.37,11635072.0,8.8,15.0,21.0,0.37,0.0,0.0,1.0,0.736,0.184,0.648,0.868,0.063,0.067,Communication Services,2026-07-08,5.77,-10.4,91
CNDT,,11.3,Tendance baissière (pas un setup),1.62,251943696.0,49.0,-0.0,-1.22,2.53,-16.49,1870970.0,19.4,28.9,1.0,0.0,0.0,0.0,1.0,0.893,0.253,0.0,0.775,0.397,0.0,Information Technology,2026-07-03,1.51,7.28,96
RNGR,,11.3,Tendance baissière (pas un setup),15.65,366241660.0,44.9,-0.001,-2.13,4.06,-6.73,2378260.0,12.8,19.7,83.0,0.98,0.0,0.0,1.0,0.497,0.489,0.148,0.615,0.048,0.46,Energy,2026-07-03,15.42,1.49,96
USLM,,11.3,Tendance baissière (pas un setup),111.81,3207645867.0,45.3,-0.121,0.93,1.19,-4.18,17246722.0,9.1,13.3,16.0,0.24,0.0,0.0,1.0,0.694,0.121,0.614,0.539,0.222,0.305,Materials,2026-07-03,107.5,4.01,96
BAFN,,11.2,Tendance baissière (pas un setup),7.26,195750037.0,47.0,-0.131,-6.32,0.69,6.76,1631506.0,23.6,37.5,91.0,0.0,0.0,0.0,0.696,0.052,0.5,0.0,0.682,0.627,0.0,Financials,2026-09-21,9.24,-21.43,16
BCC,,11.2,Tendance baissière (pas un setup),75.45,2632552433.0,45.5,-0.012,0.82,-0.68,-4.75,27369965.0,14.4,17.4,1.0,0.27,0.0,0.0,1.0,0.84,0.307,0.0,0.53,0.254,0.425,Materials,2026-07-03,75.93,-0.63,96
ZIP,,11.2,Tendance baissière (pas un setup),3.68,302592280.0,45.9,0.024,1.94,8.55,-12.8,2499295.0,31.2,37.3,10.0,0.81,0.0,0.0,0.704,0.943,0.454,0.0,0.64,0.421,0.0,Communication Services,2026-07-03,3.96,-7.07,96
FWRD,,11.2,Tendance baissière (pas un setup),15.26,515495954.0,45.5,0.05,1.26,1.67,-14.7,7792188.0,25.8,33.3,1.0,0.76,0.0,0.0,0.928,0.88,0.417,0.0,0.556,0.46,0.0,Industrials,2026-07-03,13.45,13.46,96
POET,ia|laser_photonique|new_tech|quantique|semiconducteurs,11.2,Tendance baissière (pas un setup),7.71,1334277858.0,48.6,0.024,-1.28,0.52,-2.65,59992242.0,22.9,37.2,1.0,0.98,0.0,0.0,0.711,0.936,0.673,0.0,0.735,0.183,0.0,Information Technology,2026-07-03,8.76,-11.99,96
EVH,,11.2,Tendance baissière (pas un setup),3.84,434147846.0,50.0,0.025,6.37,9.09,-11.11,8695928.0,23.7,41.4,17.0,0.96,0.0,0.0,0.48,0.9,0.482,0.0,0.933,0.278,0.0,Health Care,2026-07-03,5.71,-32.75,96
WING,,11.2,Tendance baissière (pas un setup),112.2,3056613661.0,54.9,1.557,5.02,3.3,2.74,148627072.0,23.5,34.7,21.0,0.0,0.0,0.0,0.851,0.862,0.5,0.0,0.869,0.167,0.0,Consumer Discretionary,2026-07-03,177.99,-36.96,96
ALG,,11.1,Tendance baissière (pas un setup),162.11,1973035136.0,47.9,-0.255,-0.17,2.09,-6.6,33614537.0,7.4,13.4,74.0,0.0,0.0,0.0,1.0,0.269,0.0,0.823,0.783,0.238,0.134,Industrials,2026-07-03,170.25,-4.78,96
CAL,,11.1,Tendance baissière (pas un setup),12.46,429932013.0,51.0,0.034,1.71,0.08,0.84,7103796.0,16.0,24.4,1.0,0.0,0.0,0.0,1.0,0.934,0.182,0.0,0.543,0.278,0.45,Consumer Discretionary,2026-07-03,11.71,6.4,96
RR,ia|robotique,11.1,Tendance baissière (pas un setup),1.67,375920245.0,49.1,0.006,-2.91,5.03,-4.57,6974082.0,16.1,34.7,1.0,0.91,0.0,0.0,0.851,0.901,0.553,0.0,0.777,0.175,0.0,Industrials,2026-07-03,1.96,-14.8,96
ESRT,,11.1,Tendance baissière (pas un setup),4.43,762693798.0,57.3,0.055,4.73,9.93,-1.62,22095192.0,24.8,33.3,28.0,0.0,0.0,0.0,0.928,0.613,0.5,0.0,0.912,0.167,0.0,Real Estate,2026-07-03,5.69,-22.14,96
BDC,,11.1,Tendance baissière (pas un setup),113.21,4424042003.0,49.2,0.328,1.67,3.62,-7.38,47640516.0,19.2,28.7,6.0,0.45,0.0,0.0,1.0,0.944,0.223,0.0,0.848,0.294,0.028,Information Technology,2026-07-03,115.41,-1.91,96
LMB,gestion_thermique,11.1,Tendance baissière (pas un setup),51.35,612348391.0,53.6,0.189,2.82,7.09,2.99,16392535.0,33.8,47.5,14.0,0.61,0.0,0.0,0.138,0.773,0.803,0.0,0.817,0.27,0.0,Industrials,2026-07-03,76.0,-32.43,96
CSV,,11.0,Tendance baissière (pas un setup),32.89,522368715.0,52.7,0.294,1.89,6.17,-3.04,6249714.0,21.0,27.6,13.0,0.0,0.0,0.0,1.0,0.733,0.5,0.0,0.871,0.111,0.0,Consumer Discretionary,2026-07-03,39.02,-15.71,96
LYTS,,10.9,Tendance baissière (pas un setup),20.94,780252376.0,50.7,0.154,0.48,0.53,3.51,8030987.0,17.5,24.7,13.0,0.09,0.0,0.0,1.0,0.915,0.489,0.0,0.514,0.175,0.224,Information Technology,2026-07-03,25.59,-18.17,96
YALA,,10.9,Tendance baissière (pas un setup),5.44,825949689.0,49.2,-0.008,0.18,0.37,-0.73,1604160.0,5.2,9.6,10.0,0.37,0.0,0.0,0.597,0.894,0.186,1.0,0.786,0.032,0.0,Information Technology,2026-07-03,5.48,-0.73,96
SLDP,new_tech,10.9,Tendance baissière (pas un setup),2.35,536225848.0,48.0,-0.012,2.17,3.52,-6.56,6765324.0,11.7,25.6,12.0,0.63,0.0,0.0,1.0,0.722,0.439,0.293,0.698,0.143,0.0,Consumer Discretionary,2026-07-03,2.52,-6.75,96
LWLG,laser_photonique|semiconducteurs,10.8,Tendance baissière (pas un setup),5.62,866419973.0,52.3,0.116,1.26,8.7,5.05,15452894.0,32.5,44.5,6.0,0.27,0.0,0.0,0.307,0.948,0.636,0.0,0.849,0.198,0.0,Materials,2026-07-03,7.37,-23.74,96
HY,,10.8,Tendance baissière (pas un setup),32.13,576103334.0,47.0,-0.037,0.59,0.41,-10.13,4433083.0,21.4,29.1,26.0,0.0,0.0,0.0,1.0,0.648,0.5,0.0,0.688,0.048,0.288,Industrials,2026-07-03,31.99,0.44,96
KVYO,,10.8,Tendance baissière (pas un setup),16.6,4726475454.0,49.7,0.113,-0.6,8.85,-10.8,103473081.0,20.6,29.4,2.0,0.1,0.0,0.0,1.0,0.986,0.051,0.0,0.867,0.373,0.0,Information Technology,2026-07-22,17.5,-5.14,77
ESAB,,10.8,Tendance baissière (pas un setup),71.83,4465513792.0,51.3,1.049,0.52,6.45,-4.08,72170228.0,28.0,35.1,6.0,0.0,0.0,0.0,0.828,0.755,0.5,0.0,0.893,0.127,0.0,Industrials,2026-08-19,78.97,-9.04,49
PDI,,10.8,Tendance baissière (pas un setup),14.4,3500496000.0,48.5,0.064,1.41,2.49,-4.67,69342218.0,8.6,12.9,91.0,0.0,0.0,0.0,1.0,0.052,0.0,0.67,0.813,0.079,0.468,Financials,2026-07-03,16.7,-13.77,96
COLD,,10.8,Tendance baissière (pas un setup),13.86,3956760437.0,43.3,-0.035,-1.35,-3.14,-0.97,53194027.0,9.8,13.5,5.0,0.25,0.0,0.0,1.0,0.764,0.382,0.527,0.13,0.183,0.448,Real Estate,2026-07-03,16.24,-14.66,96
ALH,,10.8,Tendance baissière (pas un setup),21.59,4291856583.0,43.0,0.126,1.31,-0.64,-5.02,24088910.0,23.5,26.9,1.0,0.57,0.0,0.0,1.0,0.995,0.784,0.0,0.366,0.032,0.216,Consumer Discretionary,2026-07-20,25.5,-15.33,79
DRD,,10.8,Tendance baissière (pas un setup),24.41,2117317786.0,42.7,-0.218,0.99,-0.33,-12.2,6493452.0,20.1,36.5,12.0,0.66,0.0,0.4,0.752,0.929,0.391,0.0,0.427,0.373,0.0,Materials,2026-07-03,21.9,11.46,96
SR,,10.8,Tendance baissière (pas un setup),78.17,4620848123.0,46.1,-0.003,0.98,1.82,-4.49,43990077.0,6.7,10.7,68.0,0.0,0.0,0.0,0.781,0.443,0.0,0.911,0.67,0.048,0.457,Utilities,2026-07-03,79.68,-1.9,96
RVLV,,10.7,Tendance baissière (pas un setup),21.21,1507721758.0,47.3,0.131,0.76,-0.28,-0.66,16498981.0,22.4,29.6,1.0,0.45,0.0,0.0,1.0,0.947,0.727,0.0,0.353,0.238,0.0,Consumer Discretionary,2026-07-03,22.62,-6.23,96
ONDS,defense|equipement_electrique|espace|laser_photonique|robotique,10.7,Tendance baissière (pas un setup),7.41,4314863000.0,46.4,0.026,-0.13,-0.94,-2.76,449138694.0,25.8,32.2,1.0,0.95,0.0,0.0,0.987,0.99,0.663,0.0,0.584,0.087,0.0,Information Technology,2026-07-03,7.41,0.0,96
LPL,,10.7,Tendance baissière (pas un setup),3.09,3090000000.0,48.9,0.025,-0.32,3.69,-6.36,6922938.0,14.4,23.5,12.0,0.82,0.0,0.0,1.0,0.895,0.411,0.0,0.825,0.119,0.0,Information Technology,2026-07-03,3.59,-13.93,96
ARI,,10.6,Tendance baissière (pas un setup),6.25,801325581.0,34.4,-0.002,0.32,0.32,-9.16,18781916.0,10.7,12.7,84.0,0.99,0.0,0.0,1.0,0.244,0.494,0.411,0.373,0.008,0.544,Real Estate,2026-07-03,10.39,-39.85,96
DLY,,10.5,Tendance baissière (pas un setup),13.31,638158318.0,45.7,0.022,0.68,0.83,-2.92,4044443.0,5.5,8.0,83.0,0.0,0.0,0.0,0.336,0.1,0.0,1.0,0.58,0.048,0.818,Financials,2026-07-03,14.1,-5.6,96
QUIK,ia,10.5,Tendance baissière (pas un setup),11.49,210470844.0,52.8,0.184,-1.37,2.68,6.78,2470670.0,22.4,34.3,13.0,0.66,0.0,0.0,0.872,0.919,0.639,0.0,0.527,0.198,0.0,Information Technology,2026-07-03,16.02,-28.28,96
GTM,,10.5,Tendance baissière (pas un setup),3.65,1062551668.0,43.3,-0.029,-2.67,0.55,-11.62,20758204.0,16.4,29.2,33.0,0.65,0.0,0.0,1.0,0.752,0.557,0.0,0.394,0.357,0.0,Information Technology,2026-07-03,2.99,22.07,96
HSAI,,10.5,Tendance baissière (pas un setup),16.27,2556703773.0,46.9,-0.035,2.26,4.83,-13.87,16301546.0,16.6,21.4,11.0,1.0,0.0,0.0,1.0,0.933,0.5,0.0,0.681,0.127,0.0,Consumer Discretionary,2026-07-03,17.19,-5.35,96
ACDC,,10.5,Tendance baissière (pas un setup),4.88,887848465.0,52.8,0.005,2.63,15.52,-5.34,6178069.0,14.2,38.2,33.0,0.76,0.0,0.0,0.655,0.76,0.379,0.0,0.93,0.214,0.0,Energy,2026-07-03,5.15,-5.24,96
IRT,,10.4,Tendance baissière (pas un setup),14.73,3472517472.0,40.8,0.07,0.07,0.55,-7.33,67140284.0,14.1,16.7,24.0,0.0,0.0,0.0,1.0,0.796,0.5,0.0,0.383,0.056,0.475,Real Estate,2026-07-03,17.33,-15.0,96
LKFN,,10.4,Tendance baissière (pas un setup),57.98,1441257563.0,40.2,-0.066,-0.57,-0.12,-4.28,12474462.0,10.2,12.2,35.0,0.0,0.0,0.0,1.0,0.622,0.197,0.478,0.342,0.008,0.661,Financials,2026-07-03,62.4,-7.08,96
SVV,,10.4,Tendance baissière (pas un setup),9.2,1419156442.0,40.6,0.03,0.11,-2.02,-11.96,12485039.0,27.5,30.4,8.0,0.55,0.0,0.0,1.0,0.952,0.774,0.0,0.315,0.175,0.0,Consumer Discretionary,2026-07-03,9.97,-7.72,96
SEB,,10.4,Tendance baissière (pas un setup),4112.69,3939109806.0,48.9,0.221,3.37,1.41,-4.88,43256157.0,12.8,18.4,37.0,0.85,0.0,0.0,1.0,0.623,0.425,0.149,0.804,0.095,0.0,Industrials,2026-07-03,4337.15,-5.18,96
BIPC,,10.4,Tendance baissière (pas un setup),37.72,4640148319.0,58.3,0.313,3.74,5.69,0.99,42511272.0,15.6,23.0,19.0,0.13,0.0,0.0,1.0,0.773,0.117,0.0,0.925,0.151,0.176,Utilities,2026-08-04,40.41,-6.66,64
ECVT,,10.4,Tendance baissière (pas un setup),10.37,1135187287.0,52.0,0.039,0.0,5.82,1.57,13413382.0,17.4,23.8,38.0,0.23,0.0,0.0,1.0,0.75,0.246,0.0,0.915,0.183,0.0,Materials,2026-07-03,11.83,-12.34,96
SAM,,10.4,Tendance baissière (pas un setup),170.37,1753393692.0,50.2,0.682,1.6,4.85,0.94,45053275.0,10.8,16.2,8.0,0.1,0.0,0.0,1.0,0.891,0.052,0.404,0.879,0.127,0.0,Consumer Staples,2026-07-03,183.62,-7.22,96
CHA,,10.4,Tendance baissière (pas un setup),11.42,2178517183.0,48.9,-0.098,2.06,0.53,-2.06,11519488.0,10.1,22.5,46.0,0.0,0.0,0.0,1.0,0.539,0.0,0.49,0.76,0.317,0.0,Consumer Discretionary,2026-07-03,11.01,3.72,96
HLIT,,10.4,Tendance baissière (pas un setup),11.22,1223725513.0,48.1,0.061,0.0,6.35,-4.75,17263175.0,25.5,30.7,10.0,0.24,0.0,0.0,1.0,0.938,0.368,0.0,0.819,0.095,0.0,Information Technology,2026-07-03,14.07,-20.26,96
AMRC,gestion_thermique,10.3,Tendance baissière (pas un setup),22.68,1203541665.0,51.4,0.016,5.54,7.85,-2.03,13406975.0,29.0,42.4,25.0,0.62,0.0,0.0,0.42,0.826,0.515,0.0,0.896,0.167,0.0,Industrials,2026-07-03,25.4,-10.71,96
GSIT,memoire,10.3,Tendance baissière (pas un setup),5.58,214453852.0,50.3,0.054,-1.06,2.2,4.3,2607748.0,22.9,34.4,5.0,0.54,0.0,0.0,0.867,0.971,0.391,0.0,0.807,0.127,0.0,Information Technology,2026-07-03,6.82,-18.18,96
XPEL,,10.3,Tendance baissière (pas un setup),45.15,1244819272.0,45.5,0.104,0.36,2.2,-12.24,8828979.0,13.3,18.2,27.0,0.46,0.0,0.0,1.0,0.748,0.228,0.093,0.614,0.119,0.358,Consumer Discretionary,2026-07-03,48.52,-6.95,96
FULC,,10.3,Tendance baissière (pas un setup),3.69,281536878.0,38.8,-0.009,-0.54,-0.27,-4.16,5225190.0,6.3,11.9,15.0,0.55,0.0,0.0,0.988,0.91,0.274,0.957,0.333,0.087,0.0,Health Care,2026-07-03,3.84,-3.91,96
HTZ,,10.3,Tendance baissière (pas un setup),2.06,734289870.0,58.4,0.027,15.08,22.62,-10.43,26729442.0,30.1,50.8,16.0,1.0,0.02,0.0,0.0,0.905,0.5,0.0,0.986,0.278,0.0,Industrials,2026-07-03,2.12,-2.83,96
LMRI,,10.3,Tendance baissière (pas un setup),10.71,1028962993.0,47.7,0.022,-0.56,4.39,-12.07,4721390.0,17.6,24.4,44.0,0.23,0.0,0.0,1.0,0.629,0.117,0.0,0.775,0.413,0.0,Health Care,2026-07-21,11.1,-3.51,78
ULH,,10.2,Tendance baissière (pas un setup),16.95,446934295.0,43.7,0.005,-3.86,-3.36,-10.84,1107460.0,16.6,36.9,20.0,0.0,0.0,0.0,0.727,0.757,0.484,0.0,0.434,0.444,0.0,Industrials,2026-09-29,17.4,-2.59,8
CCU,,10.2,Tendance baissière (pas un setup),11.09,2048893425.0,47.7,-0.0,1.0,3.36,-6.65,1231898.0,13.6,20.1,83.0,0.94,0.0,0.0,1.0,0.318,0.505,0.055,0.812,0.056,0.106,Consumer Staples,2026-07-03,11.09,0.0,96
DBD,,10.2,Tendance baissière (pas un setup),65.48,2222822582.0,50.9,0.669,-0.23,8.68,-4.65,15815936.0,28.2,35.0,25.0,0.5,0.0,0.0,0.834,0.725,0.359,0.0,0.92,0.103,0.037,Information Technology,2026-07-03,83.16,-21.26,96
PHR,,10.2,Tendance baissière (pas un setup),10.25,636227176.0,45.8,0.065,-1.16,2.4,-6.31,7068042.0,21.2,25.8,2.0,0.46,0.0,0.0,1.0,0.935,0.231,0.0,0.562,0.381,0.0,Health Care,2026-07-03,10.94,-6.31,96
FSK,,10.2,Tendance baissière (pas un setup),10.81,2987238427.0,35.8,-0.061,-1.64,-2.7,-9.8,21792036.0,11.7,18.2,44.0,0.46,0.0,0.0,1.0,0.48,0.232,0.286,0.305,0.405,0.251,Financials,2026-07-03,10.43,3.64,96
NRDS,,10.2,Tendance baissière (pas un setup),8.86,566359322.0,46.6,0.027,0.34,3.75,-10.32,6889036.0,14.2,22.2,69.0,0.0,0.0,0.0,1.0,0.357,0.5,0.0,0.686,0.238,0.0,Communication Services,2026-07-03,9.47,-6.44,96
SCHL,,10.2,Tendance baissière (pas un setup),37.01,681333522.0,53.8,0.532,-1.07,6.35,3.79,18611110.0,14.5,31.0,44.0,0.0,0.0,0.0,1.0,0.528,0.116,0.0,0.891,0.159,0.25,Communication Services,2026-07-03,46.41,-20.25,96
CRNC,ia,10.2,Tendance baissière (pas un setup),8.07,365008174.0,48.5,0.034,0.87,5.22,-5.39,4905745.0,15.8,21.5,1.0,0.62,0.0,0.0,1.0,0.983,0.428,0.0,0.744,0.071,0.0,Information Technology,2026-07-03,10.71,-24.65,96
HIFS,,10.1,Tendance baissière (pas un setup),286.4,615015360.0,41.9,-1.927,0.9,-1.53,-7.01,11558845.0,11.0,13.6,55.0,0.65,0.0,0.0,1.0,0.514,0.324,0.371,0.334,0.063,0.504,Financials,2026-07-03,317.18,-9.7,96
EYE,,10.1,Tendance baissière (pas un setup),16.74,1323620300.0,46.1,0.128,1.33,2.2,0.0,38678823.0,30.0,33.8,3.0,0.07,0.0,0.0,0.897,0.981,0.534,0.0,0.588,0.127,0.0,Consumer Discretionary,2026-07-03,19.76,-15.28,96
TNC,,10.1,Tendance baissière (pas un setup),68.17,1162250986.0,47.6,0.379,0.15,1.22,-5.28,11859990.0,23.9,27.6,9.0,0.67,0.0,0.0,1.0,0.948,0.336,0.0,0.682,0.087,0.15,Industrials,2026-07-03,87.48,-22.07,96
LPTH,laser_photonique,10.1,Tendance baissière (pas un setup),10.87,761294059.0,52.9,0.224,0.56,8.48,12.41,28039294.0,30.4,44.3,6.0,0.44,0.0,0.0,0.319,0.962,0.518,0.0,0.828,0.198,0.0,Information Technology,2026-07-03,14.56,-25.34,96
MUA,,10.1,Tendance baissière (pas un setup),9.41,1399854852.0,35.7,-0.001,0.21,0.11,-4.4,4709048.0,8.1,9.6,78.0,0.0,0.0,0.0,0.602,0.133,0.5,0.731,0.308,0.008,0.539,Financials,2026-07-03,11.0,-14.45,96
UPWK,,10.1,Tendance baissière (pas un setup),8.36,1044192131.0,48.4,0.023,0.0,3.21,-4.89,22328815.0,15.6,21.2,6.0,0.79,0.0,0.0,1.0,0.962,0.395,0.0,0.755,0.079,0.0,Communication Services,2026-07-03,9.16,-8.73,96
NGS,,10.0,Tendance baissière (pas un setup),34.06,439315587.0,47.2,0.042,1.43,6.5,-6.25,4174263.0,11.7,18.2,98.0,0.35,0.0,0.0,1.0,0.361,0.194,0.291,0.767,0.087,0.222,Energy,2026-07-03,39.46,-13.68,96
ESOA,,10.0,Tendance baissière (pas un setup),11.31,211035337.0,47.5,0.13,2.82,2.82,-3.72,1224575.0,29.1,33.4,1.0,0.92,0.0,0.0,0.92,0.995,0.467,0.0,0.652,0.103,0.0,Industrials,2026-07-03,17.86,-36.67,96
BLW,,10.0,Tendance baissière (pas un setup),11.81,421749898.0,43.4,0.012,1.11,1.37,-5.02,3154867.0,8.3,11.3,92.0,0.0,0.0,0.0,0.877,0.048,0.0,0.711,0.506,0.048,0.699,Financials,2026-07-03,12.53,-5.75,96
PRVA,,10.0,Tendance baissière (pas un setup),20.28,2590449718.0,48.2,0.179,-0.83,3.36,-1.84,25937992.0,20.8,26.1,10.0,0.15,0.0,0.0,1.0,0.84,0.413,0.0,0.747,0.071,0.012,Health Care,2026-07-03,27.36,-25.88,96
SLG,,10.0,Tendance baissière (pas un setup),48.4,3429135499.0,36.5,-0.155,0.81,-0.0,-11.77,43214415.0,18.4,20.3,20.0,0.44,0.0,0.0,1.0,0.718,0.222,0.0,0.334,0.341,0.386,Real Estate,2026-07-03,53.42,-9.4,96
RZLT,,10.0,Tendance baissière (pas un setup),4.32,417840479.0,53.1,0.056,-0.23,5.62,-5.68,7559467.0,23.3,35.0,13.0,0.0,0.0,0.0,0.836,0.56,0.0,0.0,0.844,0.484,0.0,Health Care,2026-07-03,4.91,-12.02,96
GLIBK,,10.0,Tendance baissière (pas un setup),23.73,946945508.0,43.2,-0.062,0.76,2.68,-9.67,7655054.0,12.6,19.4,47.0,0.74,0.0,0.0,1.0,0.65,0.368,0.171,0.465,0.325,0.0,Communication Services,2026-07-03,22.44,5.75,96
LRN,,10.0,Tendance baissière (pas un setup),79.75,3314397639.0,47.6,0.165,1.1,5.5,-5.82,56991633.0,18.9,24.2,12.0,0.79,0.0,0.0,1.0,0.872,0.394,0.0,0.756,0.079,0.0,Consumer Staples,2026-07-03,90.44,-11.82,96
KBR,,10.0,Tendance baissière (pas un setup),34.61,4363205001.0,39.7,-0.076,0.26,-1.48,-5.58,54414746.0,10.7,17.5,38.0,0.18,0.0,0.0,1.0,0.517,0.588,0.407,0.307,0.119,0.106,Industrials,2026-07-03,36.41,-4.94,96
TIPT,,10.0,Tendance baissière (pas un setup),17.17,639405512.0,39.8,0.004,-0.98,-0.17,-7.14,3924264.0,8.2,10.4,48.0,0.22,0.0,0.0,0.728,0.522,0.109,0.721,0.359,0.008,0.669,Financials,2026-07-03,18.2,-5.66,96
ATOM,,10.0,Tendance baissière (pas un setup),4.46,174047227.0,50.6,0.087,-3.46,5.44,10.4,1873779.0,24.3,36.2,13.0,0.72,0.0,0.0,0.769,0.839,0.619,0.0,0.528,0.183,0.0,Information Technology,2026-07-03,7.41,-39.81,96
SDHY,,9.9,Tendance baissière (pas un setup),15.31,377744487.0,42.6,0.009,0.53,-0.33,-3.36,1073729.0,6.6,10.5,79.0,0.0,0.0,0.0,0.747,0.141,0.0,0.928,0.37,0.008,0.781,Financials,2026-08-31,15.97,-4.13,37
GPOR,,9.9,Tendance baissière (pas un setup),161.24,2851346554.0,48.7,-0.019,2.15,5.96,-10.12,47024901.0,12.0,18.4,94.0,0.28,0.0,0.0,1.0,0.267,0.153,0.249,0.902,0.167,0.047,Energy,2026-07-03,168.87,-4.52,96
OIS,,9.9,Tendance baissière (pas un setup),8.28,499471285.0,47.1,0.005,-2.36,3.37,-5.48,5608950.0,10.3,21.0,5.0,0.01,0.0,0.0,1.0,0.971,0.115,0.463,0.707,0.071,0.0,Energy,2026-07-03,7.72,7.25,96
JANX,,9.9,Tendance baissière (pas un setup),16.79,1026486419.0,46.9,-0.039,1.51,-0.94,-17.05,15206419.0,17.3,28.3,51.0,0.04,0.0,0.0,1.0,0.447,0.022,0.0,0.619,0.603,0.0,Health Care,2026-07-03,15.54,8.04,96
BMM,,9.9,Tendance baissière (pas un setup),5.13,537947195.0,46.6,-0.028,5.02,0.59,-17.12,2497116.0,23.9,33.2,7.0,0.0,0.0,0.0,0.931,0.957,0.5,0.0,0.635,0.079,0.0,Materials,2026-09-01,6.06,-15.35,36
NWN,,9.9,Tendance baissière (pas un setup),47.46,1997759313.0,43.3,0.035,0.57,0.94,-3.52,13961815.0,9.2,12.5,59.0,0.0,0.0,0.0,1.0,0.541,0.0,0.602,0.487,0.016,0.547,Utilities,2026-07-03,49.73,-4.56,96
OSIS,defense,9.9,Tendance baissière (pas un setup),198.56,3165437166.0,44.4,0.618,0.35,3.26,-2.74,42891746.0,17.6,22.6,8.0,0.5,0.0,0.0,1.0,0.952,0.671,0.0,0.506,0.024,0.0,Information Technology,2026-07-03,221.76,-10.46,96
MNPR,,9.8,Tendance baissière (pas un setup),79.57,534087526.0,24.4,-1.301,1.63,-0.54,-32.32,14391098.0,36.3,39.7,86.0,1.0,0.0,0.0,0.575,0.482,0.603,0.0,0.421,0.444,0.0,Health Care,2026-07-03,97.79,-18.63,96
BKSY,espace|robotique,9.8,Tendance baissière (pas un setup),22.66,927357010.0,50.0,0.132,6.04,3.52,10.54,21487727.0,30.0,38.3,2.0,0.34,0.0,0.0,0.653,0.871,0.371,0.0,0.811,0.167,0.0,Industrials,2026-07-03,27.88,-18.72,96
COLM,,9.8,Tendance baissière (pas un setup),57.45,2941048995.0,49.0,0.068,0.91,-1.53,-0.47,39995334.0,11.3,15.0,4.0,0.22,0.0,0.0,1.0,0.765,0.112,0.341,0.45,0.063,0.453,Consumer Discretionary,2026-07-03,63.32,-9.27,96
CENTA,,9.8,Tendance baissière (pas un setup),34.61,2166329817.0,44.7,0.137,1.02,1.94,-4.05,10382938.0,15.2,19.0,1.0,0.26,0.0,0.0,1.0,0.995,0.13,0.0,0.562,0.04,0.494,Consumer Staples,2026-07-03,38.43,-9.94,96
NEXT,,9.8,Tendance baissière (pas un setup),6.83,1818046507.0,49.3,-0.01,3.96,7.73,-6.95,18063345.0,12.9,23.0,72.0,0.26,0.0,0.0,1.0,0.355,0.13,0.133,0.882,0.159,0.131,Energy,2026-07-03,7.58,-9.89,96
BTQ,quantique,9.8,Tendance baissière (pas un setup),3.26,479483007.0,57.9,0.09,3.49,14.79,7.77,6053896.0,28.8,44.1,6.0,0.0,0.0,0.0,0.328,0.962,0.237,0.0,0.884,0.31,0.0,Information Technology,2026-07-03,4.82,-32.37,96
TRUP,,9.8,Tendance baissière (pas un setup),24.68,1082776039.0,46.8,0.169,0.45,4.53,-11.22,11184322.0,23.1,31.3,37.0,0.4,0.0,0.0,1.0,0.781,0.199,0.0,0.732,0.246,0.0,Financials,2026-07-03,26.91,-8.29,96
TDS,,9.8,Tendance baissière (pas un setup),35.15,4045765000.0,46.6,-0.193,0.11,2.9,-6.99,58939642.0,8.4,18.0,52.0,0.0,0.0,0.0,1.0,0.526,0.0,0.701,0.658,0.159,0.057,Communication Services,2026-07-03,36.19,-2.87,96
BL,,9.7,Tendance baissière (pas un setup),28.17,1637388856.0,46.9,0.078,0.14,6.83,-13.88,25447670.0,18.8,25.4,2.0,0.55,0.0,0.0,1.0,0.986,0.277,0.0,0.727,0.111,0.0,Information Technology,2026-07-03,29.88,-5.72,96
UTL,,9.7,Tendance baissière (pas un setup),51.18,933352975.0,43.4,-0.011,1.05,0.37,-4.71,8483911.0,9.8,14.7,75.0,0.0,0.0,0.0,1.0,0.284,0.0,0.521,0.449,0.04,0.672,Utilities,2026-07-03,53.48,-4.3,96
FIZZ,,9.7,Tendance baissière (pas un setup),30.02,2810331366.0,43.3,-0.054,0.6,1.38,-6.89,13549099.0,10.4,13.5,75.0,0.0,0.0,0.0,1.0,0.509,0.0,0.455,0.485,0.048,0.564,Consumer Staples,2026-07-03,33.33,-9.93,96
LOMA,,9.7,Tendance baissière (pas un setup),9.69,1130790345.0,51.7,0.048,-0.82,6.02,-5.65,4100762.0,19.3,26.9,22.0,0.09,0.0,0.0,1.0,0.75,0.044,0.0,0.927,0.143,0.114,Materials,2026-07-03,11.76,-17.6,96
COOK,,9.7,Tendance baissière (pas un setup),51.06,142877317.0,50.1,0.994,-4.45,14.59,2.18,2946808.0,26.5,38.4,5.0,0.16,0.0,0.0,0.643,0.772,0.079,0.0,0.868,0.365,0.0,Consumer Discretionary,2026-07-03,73.83,-30.84,96
OSG,,9.7,Tendance baissière (pas un setup),4.62,208137865.0,52.9,0.05,0.87,12.68,-7.04,2186758.0,21.3,32.0,66.0,0.24,0.0,0.0,0.998,0.509,0.12,0.0,0.986,0.183,0.0,Financials,2026-07-03,6.34,-27.13,96
KEEL,,9.7,Tendance baissière (pas un setup),3.47,2142979046.0,45.8,-0.031,0.58,-3.07,0.0,107232533.0,20.0,31.7,14.0,0.65,0.0,0.0,1.0,0.91,0.577,0.0,0.263,0.27,0.0,Information Technology,2026-07-03,4.59,-24.4,96
CRK,,9.7,Tendance baissière (pas un setup),13.65,4007920480.0,51.8,0.006,4.52,9.11,-10.55,34993776.0,15.3,24.8,68.0,0.2,0.0,0.0,1.0,0.403,0.159,0.0,0.922,0.238,0.0,Energy,2026-07-03,14.68,-7.02,96
YORW,,9.6,Tendance baissière (pas un setup),30.81,500002581.0,39.4,-0.084,0.1,1.04,-8.84,5120437.0,10.8,13.8,91.0,0.0,0.0,0.0,1.0,0.093,0.0,0.396,0.433,0.183,0.639,Utilities,2026-07-03,31.42,-1.94,96
POWI,equipement_electrique|semiconducteurs,9.6,Tendance baissière (pas un setup),53.4,2983634113.0,52.4,0.816,-1.77,4.54,5.85,39715121.0,19.0,29.1,8.0,0.18,0.0,0.0,1.0,0.91,0.089,0.0,0.829,0.19,0.0,Information Technology,2026-07-03,72.99,-26.84,96
OPRA,,9.6,Tendance baissière (pas un setup),17.28,1553135265.0,34.2,-0.003,-2.43,-1.59,-7.99,5623557.0,16.8,17.5,2.0,0.57,0.0,0.0,1.0,0.97,0.408,0.0,0.32,0.024,0.439,Communication Services,2026-07-03,19.9,-13.17,96
DNUT,,9.6,Tendance baissière (pas un setup),3.02,523970000.0,45.8,0.004,4.5,4.86,-10.65,6114482.0,18.4,23.5,28.0,0.9,0.0,0.0,1.0,0.833,0.449,0.0,0.66,0.063,0.0,Consumer Staples,2026-07-03,3.51,-13.96,96
BBWI,,9.6,Tendance baissière (pas un setup),17.93,3615500462.0,54.1,0.158,2.69,12.13,-8.1,118787615.0,16.0,26.2,27.0,0.0,0.0,0.0,1.0,0.838,0.0,0.0,0.964,0.175,0.0,Consumer Discretionary,2026-07-03,21.96,-18.35,96
OCSL,,9.5,Tendance baissière (pas un setup),11.7,1030600619.0,32.9,-0.062,-1.1,-3.31,-8.03,5420276.0,9.9,13.3,44.0,0.6,0.0,0.0,1.0,0.475,0.298,0.514,0.048,0.04,0.67,Financials,2026-07-03,12.2,-4.1,96
GDOT,,9.5,Tendance baissière (pas un setup),12.4,706616220.0,34.0,-0.038,-0.96,0.98,-6.98,5633946.0,8.8,14.8,90.0,0.0,0.0,0.0,1.0,0.057,0.037,0.655,0.394,0.016,0.673,Financials,2026-07-03,13.35,-7.12,96
ASIX,,9.5,Tendance baissière (pas un setup),16.7,450919806.0,51.9,0.103,1.33,4.31,-4.3,4735795.0,19.3,29.3,10.0,0.14,0.0,0.0,1.0,0.93,0.069,0.0,0.888,0.135,0.0,Materials,2026-07-03,20.29,-17.69,96
IQ,,9.5,Tendance baissière (pas un setup),1.01,974674982.0,48.4,0.006,-1.94,2.12,14.77,7994056.0,27.3,38.1,19.0,0.34,0.0,0.0,0.659,0.866,0.472,0.0,0.704,0.127,0.0,Communication Services,2026-07-03,1.01,0.0,96
AHRT,,9.5,Tendance baissière (pas un setup),6.04,450541672.0,46.1,0.026,1.34,2.72,-6.45,8103741.0,14.0,19.3,44.0,0.0,0.0,0.0,1.0,0.333,0.252,0.001,0.578,0.056,0.53,Real Estate,2026-07-03,7.11,-15.05,96
BRC,,9.4,Tendance baissière (pas un setup),85.11,3991592104.0,43.9,0.412,-0.35,0.39,-5.65,25372639.0,14.2,18.0,1.0,0.0,0.0,0.0,1.0,0.929,0.001,0.0,0.482,0.127,0.525,Industrials,2026-07-03,91.94,-7.43,96
PRGS,,9.4,Tendance baissière (pas un setup),37.2,1520519942.0,36.0,-0.391,-0.05,-5.68,-15.55,26062941.0,19.8,22.6,44.0,0.0,0.0,0.0,1.0,0.475,0.133,0.0,0.304,0.468,0.288,Information Technology,2026-07-03,38.42,-3.18,96
CRC,,9.4,Tendance baissière (pas un setup),52.47,4660379786.0,47.4,-0.106,-1.02,2.7,-3.23,49385787.0,9.6,15.7,72.0,0.03,0.0,0.0,1.0,0.403,0.013,0.556,0.742,0.071,0.131,Energy,2026-07-03,51.26,2.36,96
NCNO,,9.4,Tendance baissière (pas un setup),19.12,2021675647.0,44.0,-0.159,-0.83,6.52,-17.3,46144552.0,20.6,26.7,64.0,0.36,0.0,0.0,1.0,0.35,0.179,0.0,0.532,0.5,0.0,Information Technology,2026-07-03,17.75,7.72,96
NVA,,9.4,Tendance baissière (pas un setup),5.66,216180123.0,49.9,-0.015,-6.6,4.81,-7.67,3523103.0,18.0,40.6,23.0,0.0,0.0,0.0,0.523,0.518,0.138,0.0,0.878,0.389,0.0,Materials,2026-07-03,4.78,18.41,96
GRBK,,9.3,Tendance baissière (pas un setup),67.0,2881716632.0,45.0,0.002,2.34,-0.59,-5.75,25610534.0,10.3,13.6,3.0,0.0,0.0,0.0,1.0,0.828,0.0,0.459,0.493,0.032,0.352,Consumer Discretionary,2026-07-03,79.25,-15.46,96
INVA,,9.3,Tendance baissière (pas un setup),20.83,1504873453.0,48.4,-0.011,0.92,-1.33,-2.34,22158144.0,5.7,8.6,16.0,0.0,0.0,0.0,0.426,0.64,0.0,1.0,0.436,0.048,0.427,Health Care,2026-07-03,22.31,-6.63,96
IEP,,9.3,Tendance baissière (pas un setup),6.63,4713367067.0,36.2,-0.042,-0.6,-3.35,-2.79,5857661.0,9.6,11.2,77.0,0.75,0.0,0.0,0.865,0.452,0.425,0.556,0.0,0.008,0.636,Energy,2026-07-03,7.24,-8.43,96
INR,,9.3,Tendance baissière (pas un setup),13.5,856200483.0,49.5,0.016,2.2,6.38,-13.52,4619670.0,15.8,25.8,85.0,0.0,0.0,0.0,1.0,0.405,0.0,0.0,0.922,0.286,0.0,Energy,2026-07-03,12.5,8.0,96
LZM,,9.3,Tendance baissière (pas un setup),3.84,345271899.0,46.4,-0.009,0.26,-0.52,-9.65,1320906.0,18.3,36.2,1.0,0.53,0.0,0.0,0.768,0.995,0.317,0.0,0.615,0.198,0.0,Materials,2026-07-03,3.73,2.95,96
DIN,,9.3,Tendance baissière (pas un setup),29.52,373698108.0,48.2,0.385,-1.14,4.9,-6.16,17869913.0,20.1,28.2,23.0,0.0,0.0,0.0,1.0,0.644,0.039,0.0,0.759,0.175,0.195,Consumer Discretionary,2026-07-03,36.5,-19.12,96
FRME,,9.3,Tendance baissière (pas un setup),39.67,2491332450.0,38.1,-0.053,-0.25,-1.02,-5.68,21817150.0,9.4,11.7,40.0,0.0,0.0,0.0,0.958,0.584,0.0,0.581,0.328,0.016,0.61,Financials,2026-07-03,43.44,-8.68,96
DAN,,9.3,Tendance baissière (pas un setup),28.43,3058404984.0,45.7,-0.104,1.17,3.87,-11.27,41872841.0,12.0,19.6,58.0,0.18,0.0,0.0,1.0,0.467,0.092,0.252,0.65,0.23,0.081,Consumer Discretionary,2026-07-03,24.91,14.13,96
RDN,,9.3,Tendance baissière (pas un setup),34.11,4512797957.0,48.6,0.026,1.82,4.15,-6.96,63358673.0,14.1,23.1,98.0,0.0,0.0,0.0,1.0,0.014,0.028,0.0,0.914,0.071,0.456,Financials,2026-07-09,37.49,-9.02,90
KRC,,9.2,Tendance baissière (pas un setup),33.9,3942874693.0,44.7,0.091,1.86,1.8,-7.24,49203322.0,14.1,17.1,2.0,0.0,0.0,0.0,1.0,0.986,0.0,0.0,0.542,0.095,0.43,Real Estate,2026-07-03,39.32,-13.78,96
CDXS,,9.2,Tendance baissière (pas un setup),1.36,148927840.0,42.2,0.012,-2.16,0.74,-6.85,1108593.0,23.2,28.2,1.0,1.0,0.0,0.0,1.0,0.917,0.725,0.0,0.323,0.024,0.0,Health Care,2026-07-03,2.47,-44.94,96
PGY,,9.2,Tendance baissière (pas un setup),18.05,1505836466.0,41.1,-0.156,-1.9,3.91,-21.45,49364589.0,23.8,33.8,75.0,0.31,0.0,0.0,0.901,0.449,0.157,0.0,0.431,0.571,0.0,Information Technology,2026-07-03,17.79,1.46,96
BOC,,9.2,Tendance baissière (pas un setup),13.02,392247889.0,36.9,-0.021,-1.51,0.15,-5.38,2336444.0,11.4,12.2,35.0,0.0,0.0,0.0,1.0,0.725,0.0,0.321,0.356,0.103,0.518,Industrials,2026-07-03,15.09,-13.72,96
PTRN,,9.2,Tendance baissière (pas un setup),17.82,3161251766.0,39.1,-0.009,2.35,5.51,-11.78,33339924.0,31.1,37.2,56.0,0.16,0.0,0.0,0.71,0.639,0.58,0.0,0.39,0.278,0.0,Information Technology,2026-07-03,26.43,-32.58,96
REZI,,9.2,Tendance baissière (pas un setup),18.92,2872952392.0,47.4,0.163,1.94,4.42,-4.83,38303770.0,30.8,36.0,2.0,0.69,0.0,0.0,0.779,0.99,0.345,0.0,0.708,0.079,0.0,Industrials,2026-07-03,30.66,-38.29,96
ATMU,,9.2,Tendance baissière (pas un setup),45.96,3750130421.0,50.6,0.379,-0.48,4.6,-4.92,34640059.0,17.5,22.8,1.0,0.0,0.0,0.0,1.0,0.985,0.0,0.0,0.905,0.119,0.0,Consumer Discretionary,2026-07-03,49.71,-7.54,96
NNI,,9.2,Tendance baissière (pas un setup),124.32,4448099732.0,42.1,0.025,-0.55,0.23,-2.35,18187216.0,11.0,12.8,28.0,0.05,0.0,0.0,1.0,0.833,0.023,0.379,0.352,0.008,0.552,Financials,2026-07-03,135.26,-8.09,96
OFIX,,9.2,Tendance baissière (pas un setup),9.41,383293841.0,50.1,0.08,-0.95,-3.49,1.29,4004450.0,25.2,32.4,29.0,0.0,0.0,0.0,0.976,0.611,0.5,0.0,0.513,0.143,0.0,Health Care,2026-07-03,9.94,-5.33,96
ITRI,equipement_electrique,9.2,Tendance baissière (pas un setup),88.39,3870311098.0,39.4,-0.209,0.68,1.14,-8.89,57733287.0,18.3,20.7,56.0,0.75,0.0,0.0,1.0,0.509,0.377,0.0,0.38,0.381,0.0,Information Technology,2026-07-03,85.11,3.85,96
CWT,,9.2,Tendance baissière (pas un setup),45.55,2816771051.0,34.6,-0.059,-0.63,-0.63,-8.95,20465209.0,14.8,15.7,68.0,0.58,0.0,0.0,1.0,0.391,0.292,0.0,0.374,0.127,0.507,Utilities,2026-07-03,50.23,-9.32,96
UMBFO,,9.2,Tendance baissière (pas un setup),25.45,1932928264.0,47.2,0.02,0.32,0.02,-0.64,1150220.0,3.9,5.1,21.0,0.0,0.0,0.0,0.0,0.471,0.0,1.0,0.344,0.008,0.87,Financials,2026-10-01,25.21,0.95,6
TMDX,,9.2,Tendance baissière (pas un setup),80.28,2783720641.0,42.4,-0.671,-3.27,-4.51,-10.78,64838651.0,15.7,28.6,8.0,0.44,0.0,0.0,1.0,0.775,0.222,0.0,0.345,0.452,0.0,Health Care,2026-07-03,68.86,16.58,96
GAB,,9.1,Tendance baissière (pas un setup),5.27,1548416713.0,43.0,-0.008,1.74,0.38,-4.45,6582114.0,7.5,9.8,82.0,0.0,0.0,0.0,0.638,0.11,0.0,0.807,0.404,0.016,0.688,Financials,2026-07-03,5.67,-7.05,96
RNST,,9.1,Tendance baissière (pas un setup),39.4,3601335921.0,40.5,0.008,-0.61,0.15,-4.27,31498857.0,11.0,14.0,27.0,0.0,0.0,0.0,1.0,0.683,0.0,0.373,0.346,0.008,0.633,Financials,2026-07-03,42.98,-8.33,96
GRNT,,9.1,Tendance baissière (pas un setup),4.61,608060116.0,46.3,-0.01,2.22,7.46,-9.25,6915924.0,14.3,21.0,94.0,0.0,0.0,0.0,1.0,0.216,0.138,0.0,0.743,0.143,0.281,Energy,2026-07-03,4.42,4.3,96
KTB,,9.1,Tendance baissière (pas un setup),65.8,3596208196.0,42.7,0.417,2.49,2.35,-9.94,49768053.0,24.9,28.7,8.0,0.16,0.0,0.0,1.0,0.952,0.388,0.0,0.428,0.071,0.15,Consumer Discretionary,2026-07-03,85.0,-22.59,96
IBOC,,9.1,Tendance baissière (pas un setup),68.94,4287482975.0,39.8,0.025,-0.79,0.0,-4.13,28214811.0,10.8,12.3,43.0,0.0,0.0,0.0,1.0,0.654,0.0,0.406,0.347,0.008,0.625,Financials,2026-07-03,75.9,-9.17,96
SEDG,equipement_electrique,9.1,Tendance baissière (pas un setup),34.04,2094336462.0,50.3,0.164,-0.99,7.99,-0.47,109426618.0,31.4,40.6,14.0,0.28,0.0,0.0,0.525,0.865,0.138,0.0,0.896,0.222,0.0,Information Technology,2026-07-03,52.38,-35.01,96
HNRG,,9.1,Tendance baissière (pas un setup),14.81,698193117.0,49.8,-0.02,6.16,5.11,-10.78,10609204.0,14.4,23.8,36.0,0.35,0.0,0.0,1.0,0.644,0.176,0.0,0.876,0.087,0.0,Utilities,2026-07-03,16.25,-8.86,96
EE,,9.1,Tendance baissière (pas un setup),34.6,3923712833.0,46.3,0.012,1.38,7.49,-13.56,16180895.0,15.2,22.5,95.0,0.0,0.0,0.0,1.0,0.334,0.0,0.0,0.755,0.159,0.356,Energy,2026-07-03,37.99,-8.92,96
MNKD,,9.1,Tendance baissière (pas un setup),3.71,1192930036.0,49.8,0.05,-2.88,11.08,-8.62,18962167.0,15.7,28.0,56.0,0.0,0.0,0.0,1.0,0.267,0.0,0.0,0.807,0.397,0.0,Health Care,2026-07-03,4.52,-17.92,96
SMPL,,9.1,Tendance baissière (pas un setup),9.96,881067028.0,46.5,0.059,0.2,3.64,-13.01,23483537.0,15.7,20.7,5.0,0.12,0.0,0.0,1.0,0.971,0.287,0.0,0.673,0.063,0.0,Consumer Staples,2026-07-03,13.73,-27.46,96
BANF,,9.1,Tendance baissière (pas un setup),106.79,3588009979.0,42.9,0.084,-0.73,0.91,-4.94,16049941.0,9.6,12.0,36.0,0.0,0.0,0.0,1.0,0.525,0.0,0.554,0.417,0.008,0.478,Financials,2026-07-03,113.97,-6.3,96
TLS,,9.0,Tendance baissière (pas un setup),4.34,324357664.0,52.2,0.041,-2.03,7.43,-9.58,3195807.0,15.4,26.2,59.0,0.0,0.0,0.0,1.0,0.648,0.064,0.0,0.908,0.127,0.0,Information Technology,2026-07-03,4.9,-11.43,96
TBLD,,9.0,Tendance baissière (pas un setup),20.24,649176903.0,33.5,-0.017,1.43,-0.27,-7.87,1726735.0,10.0,12.0,82.0,0.0,0.0,0.0,0.994,0.312,0.0,0.497,0.353,0.016,0.657,Financials,2026-07-03,21.96,-7.83,96
ALK,,9.0,Tendance baissière (pas un setup),39.89,4451848457.0,45.2,0.099,1.79,-0.1,-5.11,120718931.0,25.6,28.6,3.0,0.02,0.0,0.0,1.0,0.799,0.508,0.0,0.513,0.048,0.0,Industrials,2026-07-22,45.46,-12.25,77
BTU,,9.0,Tendance baissière (pas un setup),25.43,3099917000.0,46.1,-0.15,-0.27,4.35,-11.85,64699571.0,16.4,34.2,42.0,0.16,0.0,0.0,0.875,0.561,0.082,0.0,0.653,0.397,0.0,Energy,2026-07-03,22.3,14.04,96
VTOL,,9.0,Tendance baissière (pas un setup),40.31,1194869020.0,33.4,-0.112,-0.3,-1.63,-6.95,12143775.0,15.6,17.4,49.0,0.0,0.0,0.0,1.0,0.705,0.5,0.0,0.303,0.008,0.349,Energy,2026-07-03,41.41,-2.66,96
ELVA,,9.0,Tendance baissière (pas un setup),6.5,324992831.0,46.6,0.063,2.2,2.36,-5.8,2113297.0,34.3,39.2,1.0,1.0,0.0,0.0,0.598,0.995,0.516,0.0,0.6,0.063,0.0,Industrials,2026-07-03,9.7,-32.99,96
MTRX,,9.0,Tendance baissière (pas un setup),10.75,304138151.0,57.8,0.151,3.17,13.52,1.22,5178034.0,13.7,24.7,34.0,0.0,0.0,0.0,1.0,0.606,0.0,0.043,0.926,0.151,0.0,Industrials,2026-07-03,12.53,-14.21,96
SD,,9.0,Tendance baissière (pas un setup),13.76,510156073.0,44.9,-0.054,0.29,2.53,-3.98,5257416.0,9.8,15.1,75.0,0.0,0.0,0.0,1.0,0.436,0.0,0.529,0.578,0.071,0.247,Energy,2026-07-03,13.24,3.93,96
AGNT,,9.0,Tendance baissière (pas un setup),3.82,638390519.0,49.2,0.032,-1.29,7.61,-5.21,7136527.0,20.2,28.9,25.0,0.0,0.0,0.0,1.0,0.69,0.158,0.0,0.853,0.079,0.0,Real Estate,2026-07-03,5.32,-28.2,96
HIVE,,9.0,Tendance baissière (pas un setup),2.9,795404280.0,44.2,-0.043,0.0,-3.65,-6.75,35740495.0,19.4,29.7,28.0,1.0,0.0,0.0,1.0,0.718,0.57,0.0,0.172,0.286,0.0,Financials,2026-07-03,3.24,-10.49,96
MNTN,,8.9,Tendance baissière (pas un setup),10.05,751771788.0,36.5,-0.127,-0.3,-3.09,-22.39,9225754.0,26.4,35.0,23.0,0.63,0.0,0.0,0.834,0.777,0.314,0.0,0.346,0.389,0.0,Information Technology,2026-07-03,11.15,-9.87,96
LE,,8.9,Tendance baissière (pas un setup),10.53,311099942.0,46.2,0.087,-0.94,2.93,-3.75,1800299.0,22.0,25.8,1.0,0.59,0.0,0.0,1.0,0.902,0.323,0.0,0.602,0.071,0.0,Consumer Discretionary,2026-07-03,10.88,-3.22,96
BRCB,,8.9,Tendance baissière (pas un setup),7.39,370037098.0,45.5,0.01,6.79,2.92,-22.86,2491386.0,24.6,31.5,46.0,0.35,0.0,0.0,1.0,0.724,0.177,0.0,0.608,0.23,0.0,Consumer Discretionary,2026-07-03,8.37,-11.71,96
RFI,,8.9,Tendance baissière (pas un setup),10.48,514972821.0,35.4,-0.014,1.35,-0.95,-6.43,1037057.0,9.9,11.1,83.0,0.19,0.0,0.0,0.857,0.122,0.095,0.518,0.348,0.016,0.672,Financials,2026-07-03,11.48,-8.71,96
AHCO,,8.9,Tendance baissière (pas un setup),5.77,786706011.0,45.1,0.065,0.52,1.76,-11.09,15174713.0,48.9,53.9,1.0,0.61,0.0,0.0,0.0,0.995,0.804,0.0,0.505,0.135,0.0,Health Care,2026-07-03,10.76,-46.38,96
KYIV,,8.9,Tendance baissière (pas un setup),12.59,2919163026.0,40.1,-0.055,0.16,-1.41,-10.77,4670523.0,12.3,14.7,40.0,0.5,0.0,0.0,1.0,0.597,0.438,0.217,0.357,0.024,0.202,Communication Services,2026-07-03,15.68,-19.71,96
MSEX,,8.9,Tendance baissière (pas un setup),52.9,996844743.0,36.0,-0.104,-0.32,-0.56,-9.2,7409482.0,11.5,13.3,89.0,0.25,0.0,0.0,1.0,0.329,0.124,0.308,0.399,0.008,0.579,Utilities,2026-07-03,57.55,-8.08,96
VSECU,,8.9,Tendance baissière (pas un setup),44.99,1262643090.0,36.8,0.014,0.0,-1.92,-14.95,1023679.0,26.5,30.3,13.0,1.0,0.0,0.0,1.0,0.919,0.594,0.0,0.396,0.016,0.0,Industrials,2026-09-11,49.73,-9.53,26
MUJ,,8.9,Tendance baissière (pas un setup),11.31,1682503547.0,40.6,-0.01,1.89,1.34,-5.48,1999837.0,8.7,11.1,93.0,0.0,0.0,0.0,0.849,0.043,0.0,0.666,0.353,0.016,0.711,Financials,2026-07-03,12.35,-8.42,96
DCH,,8.9,Tendance baissière (pas un setup),5.85,1389986922.0,49.8,0.009,3.54,10.17,-16.31,24098122.0,22.5,33.1,79.0,0.0,0.0,0.0,0.938,0.361,0.0,0.0,0.95,0.246,0.0,Consumer Discretionary,2026-07-03,5.13,14.04,96
DMRC,,8.9,Tendance baissière (pas un setup),6.18,167159427.0,57.7,0.212,1.31,24.35,16.38,1085197.0,24.3,46.7,40.0,0.0,0.0,0.0,0.184,0.485,0.5,0.0,0.805,0.222,0.0,Information Technology,2026-07-03,7.83,-21.07,96
ALGT,,8.9,Tendance baissière (pas un setup),77.54,2119769523.0,47.1,0.306,3.19,0.66,-0.79,39025369.0,28.6,33.6,2.0,0.28,0.0,0.0,0.914,0.869,0.352,0.0,0.624,0.071,0.0,Industrials,2026-07-03,118.67,-34.66,96
OLP,,8.8,Tendance baissière (pas un setup),22.11,482551281.0,36.3,0.018,0.87,0.18,-5.68,1987811.0,11.9,14.1,27.0,0.02,0.0,0.0,1.0,0.766,0.011,0.262,0.347,0.016,0.573,Real Estate,2026-07-03,25.28,-12.54,96
QDEL,,8.8,Tendance baissière (pas un setup),12.57,861993117.0,55.8,0.304,3.54,18.58,-10.02,19679815.0,30.3,45.0,19.0,0.0,0.0,0.0,0.28,0.886,0.059,0.0,0.977,0.262,0.0,Health Care,2026-07-03,18.25,-31.12,96
FTHY,,8.8,Tendance baissière (pas un setup),12.73,468120150.0,41.5,-0.009,0.79,-0.35,-2.98,1783394.0,4.7,6.1,59.0,0.0,0.0,0.0,0.025,0.248,0.0,1.0,0.337,0.016,0.842,Financials,2026-07-03,13.59,-6.33,96
RMNI,,8.8,Tendance baissière (pas un setup),4.11,383693160.0,31.6,-0.007,-1.67,-1.2,-17.96,1597798.0,27.6,28.0,20.0,0.61,0.0,0.0,1.0,0.844,0.305,0.0,0.333,0.246,0.079,Information Technology,2026-07-03,4.54,-9.47,96
IGIC,,8.8,Tendance baissière (pas un setup),24.94,1068484867.0,43.9,0.057,0.56,1.38,-7.77,2453034.0,15.5,18.5,45.0,0.13,0.0,0.0,1.0,0.714,0.066,0.0,0.515,0.056,0.485,Financials,2026-07-03,27.66,-9.83,96
XPOF,,8.8,Tendance baissière (pas un setup),4.83,238234920.0,58.7,0.166,4.09,9.77,-1.63,3817737.0,31.1,49.1,51.0,0.2,0.0,0.0,0.048,0.594,0.54,0.0,0.846,0.159,0.0,Consumer Discretionary,2026-07-03,6.78,-28.76,96
MFM,,8.8,Tendance baissière (pas un setup),4.94,203466897.0,41.8,-0.005,3.35,1.23,-5.89,2921179.0,9.0,12.5,94.0,0.0,0.0,0.0,1.0,0.033,0.0,0.628,0.363,0.016,0.621,Financials,2026-07-03,5.61,-11.94,96
FOR,,8.8,Tendance baissière (pas un setup),26.31,1342273766.0,45.3,0.019,3.79,0.96,-5.67,4960479.0,12.1,15.8,9.0,0.0,0.0,0.0,1.0,0.734,0.0,0.242,0.518,0.032,0.402,Real Estate,2026-07-03,30.8,-14.58,96
NAVI,,8.8,Tendance baissière (pas un setup),8.93,837489584.0,43.5,-0.067,-1.22,-1.54,-7.27,14014096.0,12.0,20.5,54.0,0.0,0.0,0.0,1.0,0.543,0.0,0.248,0.418,0.444,0.004,Financials,2026-07-03,8.61,3.72,96
NXP,,8.8,Tendance baissière (pas un setup),13.22,618684274.0,41.0,0.009,1.38,0.08,-5.33,4850256.0,7.7,10.1,91.0,0.0,0.0,0.0,0.691,0.052,0.0,0.787,0.317,0.032,0.717,Financials,2026-07-03,14.41,-8.26,96
DOLE,,8.7,Tendance baissière (pas un setup),12.72,1201516025.0,36.5,-0.02,-0.62,-1.85,-8.62,12034296.0,11.6,12.6,44.0,0.5,0.0,0.0,1.0,0.733,0.249,0.294,0.349,0.008,0.272,Consumer Staples,2026-07-03,14.02,-9.27,96
PMO,,8.7,Tendance baissière (pas un setup),9.3,316028573.0,39.8,0.0,2.54,2.54,-7.6,1395759.0,11.8,15.8,94.0,0.0,0.0,0.0,1.0,0.038,0.178,0.281,0.397,0.032,0.571,Financials,2026-09-30,9.07,2.54,7
ARDC,,8.7,Tendance baissière (pas un setup),11.42,261688603.0,29.8,-0.025,0.79,-0.61,-6.27,1303355.0,7.6,9.0,96.0,0.24,0.0,0.0,0.495,0.024,0.119,0.801,0.342,0.016,0.667,Financials,2026-07-03,12.77,-10.57,96
BTDR,,8.7,Tendance baissière (pas un setup),10.91,2965144293.0,46.0,-0.151,-0.18,0.09,-11.87,112050121.0,20.1,38.2,13.0,0.83,0.0,0.0,0.655,0.835,0.413,0.0,0.58,0.143,0.0,Information Technology,2026-07-03,13.85,-21.23,96
DJT,,8.7,Tendance baissière (pas un setup),8.65,2404192020.0,43.2,-0.034,0.23,-4.95,-4.1,27475367.0,18.0,25.1,2.0,0.96,0.0,0.0,1.0,0.99,0.612,0.0,0.076,0.206,0.0,Communication Services,2026-07-03,8.54,1.29,96
IKT,,8.7,Tendance baissière (pas un setup),1.98,276281082.0,34.7,-0.022,-1.0,-1.98,-20.8,1296376.0,24.1,26.1,83.0,0.61,0.0,0.0,1.0,0.333,0.305,0.0,0.373,0.27,0.195,Health Care,2026-07-03,1.99,-0.5,96
ALMU,,8.7,Tendance baissière (pas un setup),13.12,253411790.0,47.3,0.128,0.31,2.9,1.39,8295238.0,30.7,41.5,4.0,0.0,0.0,0.0,0.473,0.793,0.5,0.0,0.659,0.103,0.0,Information Technology,2026-07-03,18.85,-30.4,96
FFIN,,8.7,Tendance baissière (pas un setup),31.92,4575014023.0,39.6,0.001,-0.34,0.6,-3.91,28729174.0,10.1,12.6,55.0,0.0,0.0,0.0,1.0,0.356,0.0,0.482,0.352,0.008,0.6,Financials,2026-07-03,34.88,-8.49,96
BORR,,8.6,Tendance baissière (pas un setup),4.21,1295421526.0,49.5,-0.015,1.45,7.67,-7.27,27450255.0,14.6,23.9,44.0,0.0,0.0,0.0,1.0,0.654,0.0,0.0,0.866,0.143,0.0,Energy,2026-07-03,4.49,-6.24,96
RHI,,8.6,Tendance baissière (pas un setup),33.67,3446522749.0,30.7,-0.243,-1.89,-8.7,-20.93,68673861.0,26.9,27.4,6.0,0.63,0.0,0.0,1.0,0.845,0.317,0.0,0.0,0.46,0.102,Industrials,2026-07-03,33.48,0.57,96
FHB,,8.6,Tendance baissière (pas un setup),25.0,3042033800.0,41.1,0.041,-0.16,0.73,-4.1,57012134.0,11.3,13.9,17.0,0.17,0.0,0.0,1.0,0.72,0.083,0.335,0.364,0.008,0.418,Financials,2026-07-03,29.97,-16.58,96
TWI,,8.6,Tendance baissière (pas un setup),7.03,453732735.0,47.3,-0.02,0.72,1.44,-15.61,3871062.0,15.8,23.7,13.0,0.34,0.0,0.0,1.0,0.85,0.171,0.0,0.7,0.079,0.0,Industrials,2026-07-03,7.21,-2.5,96
LPX,,8.6,Tendance baissière (pas un setup),66.89,4677176895.0,48.7,0.241,2.45,1.72,-1.88,76223808.0,15.5,21.4,1.0,0.29,0.0,0.0,1.0,0.842,0.144,0.0,0.757,0.063,0.0,Industrials,2026-07-08,74.78,-10.55,91
EDIT,,8.6,Tendance baissière (pas un setup),2.73,419273496.0,49.0,0.01,-2.15,5.41,-15.48,8777716.0,22.3,31.2,1.0,0.0,0.0,0.0,1.0,0.789,0.0,0.0,0.827,0.143,0.0,Health Care,2026-07-03,3.65,-25.21,96
SLGN,,8.6,Tendance baissière (pas un setup),35.21,3721063924.0,30.1,-0.04,0.63,0.34,-14.5,48842238.0,26.5,29.6,63.0,0.28,0.0,0.0,1.0,0.478,0.638,0.0,0.383,0.016,0.073,Consumer Discretionary,2026-07-03,46.39,-24.1,96
TR,,8.6,Tendance baissière (pas un setup),37.36,2804676769.0,38.9,0.033,-0.66,-1.71,-3.66,6805402.0,11.0,12.4,1.0,0.0,0.0,0.0,1.0,0.995,0.0,0.374,0.301,0.008,0.437,Consumer Staples,2026-07-03,40.78,-8.39,96
PLTK,,8.6,Tendance baissière (pas un setup),2.29,873447646.0,48.4,0.031,5.05,6.51,4.09,2494085.0,45.3,50.6,26.0,0.98,0.0,0.0,0.0,0.843,0.529,0.0,0.756,0.151,0.0,Communication Services,2026-07-03,3.87,-40.83,96
REAL,,8.6,Tendance baissière (pas un setup),9.41,1144925192.0,46.1,0.08,0.97,7.05,-4.56,23516142.0,31.9,38.3,6.0,0.66,0.0,0.0,0.651,0.967,0.328,0.0,0.661,0.087,0.0,Consumer Discretionary,2026-07-03,11.58,-18.74,96
NCV,,8.6,Tendance baissière (pas un setup),15.31,1383619341.0,39.6,-0.018,1.73,1.26,-6.76,1469962.0,11.1,13.3,83.0,0.0,0.0,0.0,1.0,0.262,0.0,0.367,0.394,0.016,0.629,Financials,2026-07-16,16.65,-8.05,83
BKT,,8.6,Tendance baissière (pas un setup),9.5,1413243475.0,26.6,0.002,-0.31,-0.63,-6.31,2203815.0,9.2,9.9,88.0,0.0,0.0,0.0,0.653,0.333,0.0,0.606,0.353,0.008,0.673,Financials,2026-08-04,10.3,-7.77,64
BEAM,,8.6,Tendance baissière (pas un setup),25.23,2605947788.0,47.8,0.207,-1.71,2.9,-14.94,46544131.0,19.9,28.0,1.0,0.25,0.0,0.0,1.0,0.797,0.141,0.0,0.712,0.111,0.0,Health Care,2026-07-03,34.79,-27.48,96
ERII,gestion_thermique,8.6,Tendance baissière (pas un setup),7.08,361397715.0,47.4,0.044,3.66,4.89,-7.21,6837414.0,24.2,29.3,29.0,0.21,0.0,0.0,1.0,0.824,0.106,0.0,0.775,0.079,0.0,Industrials,2026-07-03,8.84,-19.91,96
GROY,,8.5,Tendance baissière (pas un setup),2.97,685503327.0,38.3,-0.041,1.02,-2.62,-11.34,5478533.0,16.3,28.2,58.0,0.73,0.0,0.0,1.0,0.552,0.386,0.0,0.343,0.262,0.0,Materials,2026-07-03,2.86,3.85,96
SHEN,,8.5,Tendance baissière (pas un setup),11.5,613693820.0,45.1,-0.025,2.68,1.5,-8.66,14043216.0,17.4,23.1,38.0,0.0,0.0,0.0,1.0,0.522,0.5,0.0,0.522,0.04,0.0,Communication Services,2026-07-03,13.55,-15.13,96
BFAM,,8.5,Tendance baissière (pas un setup),66.42,3230357025.0,48.2,0.261,3.44,4.12,-5.45,65221854.0,20.0,24.1,12.0,0.0,0.0,0.0,1.0,0.833,0.0,0.0,0.753,0.159,0.0,Consumer Discretionary,2026-07-03,75.14,-11.61,96
CNX,,8.5,Tendance baissière (pas un setup),33.24,4917646494.0,47.1,-0.016,3.1,6.5,-11.34,71443561.0,12.9,19.4,94.0,0.0,0.0,0.0,1.0,0.264,0.0,0.136,0.807,0.087,0.207,Energy,2026-07-03,33.84,-1.77,96
BAK,,8.5,Tendance baissière (pas un setup),1.67,665668541.0,47.0,0.014,3.73,17.61,-11.64,2599566.0,32.9,43.8,80.0,1.0,0.0,0.0,0.346,0.519,0.5,0.0,0.765,0.103,0.0,Materials,2026-07-03,2.45,-31.84,96
CSTM,,8.5,Tendance baissière (pas un setup),25.5,3455957064.0,47.8,0.122,0.83,3.7,-6.04,41002335.0,17.1,22.8,21.0,0.22,0.0,0.0,1.0,0.839,0.111,0.0,0.753,0.079,0.0,Materials,2026-07-03,29.49,-13.53,96
USNA,,8.5,Tendance baissière (pas un setup),14.83,274006999.0,50.2,0.116,-0.13,0.88,-0.87,2655867.0,37.1,46.7,2.0,0.43,0.0,0.0,0.183,0.986,0.216,0.0,0.826,0.214,0.0,Consumer Staples,2026-07-03,21.51,-31.06,96
INMD,,8.5,Tendance baissière (pas un setup),13.99,804156000.0,29.5,-0.023,-0.99,-1.62,-6.17,7166538.0,10.3,10.6,68.0,0.27,0.0,0.0,0.763,0.515,0.137,0.46,0.343,0.024,0.452,Health Care,2026-07-03,14.8,-5.47,96
TCBI,,8.5,Tendance baissière (pas un setup),92.97,4041812086.0,35.5,-0.075,-0.77,-0.36,-5.75,55324877.0,9.4,11.5,68.0,0.0,0.0,0.0,0.92,0.366,0.0,0.579,0.335,0.008,0.523,Financials,2026-07-03,103.95,-10.56,96
RERE,,8.5,Tendance baissière (pas un setup),3.76,824436385.0,38.9,-0.013,0.0,-1.05,-10.05,2001747.0,20.2,22.9,11.0,1.0,0.0,0.0,1.0,0.933,0.552,0.0,0.34,0.016,0.0,Consumer Discretionary,2026-07-03,3.97,-5.29,96
LUNR,espace,8.5,Tendance baissière (pas un setup),15.06,3447596464.0,49.9,0.029,5.39,3.51,1.69,119294591.0,27.7,45.8,4.0,0.54,0.0,0.0,0.232,0.8,0.268,0.0,0.81,0.214,0.0,Industrials,2026-07-03,19.58,-23.08,96
AESI,,8.4,Tendance baissière (pas un setup),12.71,1588793862.0,51.1,-0.002,-0.08,9.1,-5.57,48355628.0,13.7,35.2,63.0,0.05,0.0,0.0,0.821,0.269,0.023,0.043,0.894,0.23,0.0,Energy,2026-07-03,14.47,-12.16,96
TG,,8.4,Tendance baissière (pas un setup),7.03,245657473.0,43.1,0.028,0.43,-0.14,-9.41,1317423.0,23.9,30.5,27.0,0.0,0.0,0.0,1.0,0.838,0.472,0.0,0.422,0.032,0.0,Industrials,2026-07-03,7.74,-9.17,96
FTF,,8.4,Tendance baissière (pas un setup),5.35,216168751.0,30.3,-0.009,0.56,-0.19,-5.42,1250303.0,7.4,8.2,97.0,0.0,0.0,0.0,0.371,0.019,0.0,0.83,0.368,0.016,0.755,Financials,2026-07-03,5.81,-7.92,96
BULL,,8.4,Tendance baissière (pas un setup),7.28,3934729963.0,39.9,-0.069,-1.09,1.53,-25.26,96821719.0,28.6,32.7,84.0,0.51,0.0,0.0,0.962,0.495,0.257,0.0,0.462,0.286,0.0,Information Technology,2026-07-03,7.17,1.53,96
PSF,,8.4,Tendance baissière (pas un setup),18.08,888426394.0,31.3,-0.023,0.17,0.17,-5.56,1177371.0,7.1,8.5,95.0,0.0,0.0,0.0,0.423,0.029,0.0,0.862,0.361,0.008,0.703,Financials,2026-09-29,18.07,0.06,8
GRPN,,8.4,Tendance baissière (pas un setup),18.84,766134177.0,42.7,-0.0,-4.41,-5.75,-0.16,23260388.0,37.0,40.7,19.0,0.52,0.0,0.0,0.517,0.635,0.762,0.0,0.044,0.357,0.0,Communication Services,2026-07-03,25.58,-26.35,96
CC,,8.4,Tendance baissière (pas un setup),14.08,2119025850.0,42.7,0.008,1.37,1.37,-7.97,27564593.0,21.2,26.5,17.0,0.72,0.0,0.0,1.0,0.9,0.434,0.0,0.42,0.04,0.0,Materials,2026-07-03,19.01,-25.93,96
AIP,,8.4,Tendance baissière (pas un setup),24.13,1186040221.0,51.8,0.329,0.67,3.74,12.92,15806350.0,28.1,40.4,10.0,0.29,0.0,0.0,0.535,0.943,0.301,0.0,0.52,0.246,0.0,Information Technology,2026-07-03,35.06,-31.18,96
SA,,8.4,Tendance baissière (pas un setup),27.44,2959986167.0,39.3,-0.389,1.03,-4.49,-13.79,14643064.0,21.9,30.4,36.0,0.9,0.0,0.0,1.0,0.73,0.45,0.0,0.311,0.175,0.0,Materials,2026-07-03,27.62,-0.65,96
SVM,,8.4,Tendance baissière (pas un setup),10.51,2324965887.0,37.5,-0.135,-0.38,-2.95,-15.79,20572995.0,23.1,34.7,32.0,0.9,0.0,0.0,0.849,0.788,0.45,0.0,0.34,0.19,0.0,Materials,2026-07-03,10.27,2.34,96
GORO,,8.4,Tendance baissière (pas un setup),3.37,569620805.0,48.7,-0.041,3.69,5.31,-18.8,4794273.0,20.5,55.9,24.0,0.64,0.0,0.0,0.0,0.857,0.32,0.0,0.801,0.238,0.0,Materials,2026-07-03,1.27,165.35,96
MUC,,8.4,Tendance baissière (pas un setup),9.76,1451921717.0,33.8,-0.013,1.24,1.14,-6.11,7427772.0,9.6,11.6,97.0,0.0,0.0,0.0,0.935,0.019,0.0,0.554,0.362,0.016,0.626,Financials,2026-07-03,11.04,-11.59,96
KMPR,,8.4,Tendance baissière (pas un setup),26.07,1536126625.0,46.7,0.011,1.01,1.6,-7.03,23572729.0,15.4,19.4,29.0,0.21,0.0,0.0,1.0,0.78,0.107,0.0,0.673,0.143,0.0,Financials,2026-07-03,28.83,-9.57,96
CE,,8.4,Tendance baissière (pas un setup),44.85,4922239331.0,46.9,-0.198,-1.49,0.02,0.4,90290985.0,9.7,17.2,35.0,0.06,0.0,0.0,1.0,0.491,0.031,0.537,0.616,0.063,0.0,Materials,2026-07-20,45.7,-1.86,79
SSP,,8.4,Tendance baissière (pas un setup),2.92,270593454.0,48.5,-0.009,7.35,11.88,-11.52,1996345.0,24.2,34.8,56.0,0.15,0.0,0.0,0.844,0.639,0.073,0.0,0.847,0.135,0.0,Communication Services,2026-07-03,3.12,-6.41,96
RICK,,8.3,Tendance baissière (pas un setup),26.11,199597895.0,33.1,-0.211,0.31,-4.99,-10.8,1174424.0,18.2,21.9,60.0,0.71,0.0,0.0,1.0,0.591,0.426,0.0,0.027,0.167,0.394,Consumer Discretionary,2026-07-03,27.44,-4.85,96
INGN,,8.3,Tendance baissière (pas un setup),5.77,153126204.0,58.0,0.106,-2.86,7.45,6.46,2199695.0,16.7,27.2,90.0,0.0,0.0,0.0,1.0,0.057,0.059,0.0,0.831,0.254,0.0,Health Care,2026-07-03,6.6,-12.58,96
DRVN,,8.3,Tendance baissière (pas un setup),11.76,1940162636.0,40.1,-0.01,0.94,-0.34,-13.27,14525802.0,22.8,25.1,2.0,0.0,0.0,0.0,1.0,0.99,0.5,0.0,0.33,0.016,0.0,Consumer Discretionary,2026-07-03,14.47,-18.73,96
LEU,production_energie,8.3,Tendance baissière (pas un setup),153.88,3036653763.0,50.0,0.912,8.8,11.36,-11.51,115380379.0,26.2,34.9,62.0,0.0,0.0,0.0,0.838,0.629,0.0,0.0,0.908,0.127,0.0,Energy,2026-07-03,162.13,-5.09,96
KTF,,8.3,Tendance baissière (pas un setup),8.09,319562588.0,32.8,-0.006,0.62,1.51,-6.12,3086103.0,9.1,10.7,92.0,0.0,0.0,0.0,0.785,0.048,0.0,0.608,0.367,0.016,0.631,Financials,2026-07-17,9.18,-11.87,82
MIDD,,8.3,Tendance baissière (pas un setup),105.92,4789951206.0,39.5,0.054,0.77,0.34,-5.22,70728516.0,23.8,26.5,39.0,0.0,0.0,0.0,1.0,0.747,0.5,0.0,0.361,0.04,0.043,Industrials,2026-08-31,113.61,-6.77,37
NNE,new_tech|production_energie,8.3,Tendance baissière (pas un setup),16.49,885482428.0,47.9,0.0,6.32,4.43,-6.94,32983988.0,22.0,30.4,10.0,0.17,0.0,0.0,1.0,0.842,0.086,0.0,0.695,0.103,0.0,Industrials,2026-07-03,20.03,-17.67,96
AB,,8.3,Tendance baissière (pas un setup),35.09,3266009435.0,39.8,-0.08,0.14,-1.18,-6.05,11354809.0,6.9,8.3,49.0,0.0,0.0,0.0,0.379,0.501,0.0,0.885,0.342,0.008,0.503,Financials,2026-07-03,36.31,-3.36,96
NVTS,equipement_electrique|new_tech|robotique|semiconducteurs,8.3,Tendance baissière (pas un setup),11.97,3125289051.0,49.9,0.116,-3.0,2.05,1.44,168796710.0,19.9,36.9,6.0,0.22,0.0,0.0,0.726,0.825,0.219,0.0,0.547,0.238,0.0,Information Technology,2026-07-03,14.46,-17.22,96
NRIM,,8.3,Tendance baissière (pas un setup),24.65,548333482.0,40.4,-0.008,-0.08,1.52,-6.19,3836728.0,10.9,14.1,71.0,0.12,0.0,0.0,1.0,0.397,0.062,0.386,0.374,0.048,0.385,Financials,2026-07-03,27.12,-9.11,96
BRSL,,8.3,Tendance baissière (pas un setup),10.21,1883745000.0,45.8,0.005,2.82,2.82,-9.65,26157099.0,16.0,20.8,60.0,0.0,0.0,0.0,1.0,0.521,0.315,0.0,0.628,0.071,0.0,Consumer Discretionary,2026-07-03,11.26,-9.33,96
MWA,,8.3,Tendance baissière (pas un setup),21.96,3428519911.0,39.5,0.093,0.92,2.28,-8.31,36132929.0,23.9,27.5,87.0,0.0,0.0,0.0,1.0,0.473,0.5,0.0,0.435,0.063,0.04,Industrials,2026-07-03,24.97,-12.05,96
OGS,,8.3,Tendance baissière (pas un setup),73.15,4597936151.0,38.2,0.039,0.8,1.32,-8.4,48447688.0,11.2,14.6,87.0,0.0,0.0,0.0,1.0,0.418,0.0,0.349,0.452,0.048,0.398,Utilities,2026-07-03,77.32,-5.39,96
LIF,,8.3,Tendance baissière (pas un setup),41.38,3371250267.0,45.3,0.484,-2.81,3.33,-6.33,25149669.0,36.9,40.0,2.0,0.78,0.0,0.0,0.553,0.99,0.389,0.0,0.582,0.095,0.0,Information Technology,2026-07-03,57.71,-28.3,96
AEBI,,8.3,Tendance baissière (pas un setup),11.32,878425027.0,44.5,-0.012,1.62,4.43,-12.59,3835752.0,24.1,30.8,71.0,0.64,0.0,0.0,1.0,0.537,0.318,0.0,0.572,0.071,0.044,Industrials,2026-07-03,12.09,-6.37,96
SGP,,8.3,Tendance baissière (pas un setup),24.78,828840920.0,39.5,-0.466,-3.17,-2.59,-14.37,4207558.0,17.5,30.3,45.0,0.0,0.0,0.4,1.0,0.387,0.0,0.0,0.043,0.476,0.213,Health Care,2026-09-14,27.52,-9.96,23
NRXP,,8.2,Tendance baissière (pas un setup),2.94,127289555.0,37.4,-0.021,2.44,0.68,-15.76,2200897.0,29.2,32.9,51.0,0.89,0.0,0.0,0.95,0.695,0.467,0.0,0.383,0.095,0.0,Health Care,2026-07-03,3.87,-24.03,96
AMOD,,8.2,Tendance baissière (pas un setup),2.5,141519560.0,50.8,0.231,-33.86,58.23,15.21,40976673.0,52.1,78.5,89.0,0.0,0.0,0.0,0.0,0.067,0.5,0.0,0.964,0.183,0.0,Information Technology,2026-10-05,3.49,-28.37,2
OXSQ,,8.2,Tendance baissière (pas un setup),1.28,137865952.0,44.4,0.004,0.79,0.0,-2.6,1594671.0,14.2,16.9,1.0,0.78,0.0,0.0,1.0,0.995,0.389,0.0,0.198,0.127,0.097,Financials,2026-07-03,1.33,-3.76,96
HLMN,,8.2,Tendance baissière (pas un setup),7.04,1369596793.0,40.4,0.029,1.15,-0.98,-8.33,14294279.0,26.5,30.5,1.0,0.0,0.0,0.0,1.0,0.995,0.5,0.0,0.325,0.016,0.0,Industrials,2026-07-03,8.12,-13.3,96
BLDP,production_energie,8.2,Tendance baissière (pas un setup),2.06,723246854.0,36.8,0.008,0.0,-1.9,-11.97,5804229.0,29.0,31.7,8.0,1.0,0.0,0.0,1.0,0.952,0.5,0.0,0.329,0.016,0.0,Industrials,2026-07-03,3.52,-41.48,96
RZLV,,8.2,Tendance baissière (pas un setup),2.15,860842297.0,42.3,0.003,-3.59,1.42,-2.71,21949986.0,30.4,33.7,5.0,1.0,0.0,0.0,0.908,0.971,0.5,0.0,0.368,0.016,0.0,Information Technology,2026-07-03,2.84,-24.3,96
LEO,,8.2,Tendance baissière (pas un setup),5.54,345091331.0,31.9,-0.008,1.28,1.28,-8.27,1278209.0,11.2,13.1,94.0,0.23,0.0,0.0,1.0,0.033,0.117,0.351,0.367,0.016,0.541,Financials,2026-07-03,6.47,-14.37,96
PEPG,,8.2,Tendance baissière (pas un setup),2.31,159989484.0,36.1,-0.064,-2.12,-1.28,-25.72,2221508.0,35.3,52.9,56.0,0.5,0.0,0.0,0.0,0.576,0.333,0.0,0.379,0.619,0.0,Health Care,2026-07-07,1.89,22.22,92
ATHS,,8.2,Tendance baissière (pas un setup),23.5,4789152554.0,29.5,-0.114,-0.39,-0.85,-4.14,1126973.0,5.9,6.7,97.0,0.0,0.0,0.0,0.114,0.019,0.0,1.0,0.307,0.008,0.802,,2026-07-06,24.55,-4.28,93
XRN,,8.1,Tendance baissière (pas un setup),34.28,453792812.0,37.1,-0.198,1.39,-2.92,-6.84,3834417.0,9.0,11.1,45.0,0.0,0.0,0.0,0.844,0.653,0.0,0.629,0.029,0.024,0.662,Real Estate,2026-07-03,37.97,-9.72,96
HPP,,8.1,Tendance baissière (pas un setup),11.58,628432021.0,42.2,0.059,2.93,-0.69,-8.17,7536479.0,26.4,30.9,1.0,0.45,0.0,0.0,1.0,0.995,0.226,0.0,0.324,0.206,0.0,Real Estate,2026-07-03,16.91,-31.52,96
KC,,8.1,Tendance baissière (pas un setup),9.35,2799106358.0,42.7,-0.004,0.86,2.86,-14.53,11843931.0,28.8,32.2,6.0,0.64,0.0,0.0,0.991,0.967,0.32,0.0,0.415,0.071,0.0,Information Technology,2026-07-03,9.1,2.75,96
QS,new_tech,8.1,Tendance baissière (pas un setup),4.65,2878877808.0,35.0,-0.005,0.65,1.31,-15.15,57266032.0,28.8,31.7,22.0,1.0,0.0,0.0,1.0,0.79,0.5,0.0,0.355,0.032,0.0,Consumer Discretionary,2026-07-03,7.07,-34.23,96
PRQR,,8.1,Tendance baissière (pas un setup),1.65,232850435.0,34.4,-0.01,-1.2,0.0,-20.29,1197644.0,32.9,37.0,39.0,0.71,0.0,0.0,0.723,0.767,0.388,0.0,0.395,0.198,0.0,Health Care,2026-07-03,1.81,-8.84,96
MTX,,8.1,Tendance baissière (pas un setup),65.98,2053875717.0,37.0,0.068,-0.33,-0.2,-8.05,12528678.0,18.0,20.8,29.0,0.56,0.0,0.0,1.0,0.792,0.282,0.0,0.358,0.008,0.283,Materials,2026-07-03,74.46,-11.39,96
RDW,defense|espace|new_tech,8.1,Tendance baissière (pas un setup),10.62,2654921508.0,45.9,-0.062,1.82,-1.03,0.85,154401259.0,25.2,45.3,4.0,0.44,0.0,0.0,0.26,0.751,0.661,0.0,0.288,0.262,0.0,Industrials,2026-07-03,11.31,-6.1,96
TUYA,,8.1,Tendance baissière (pas un setup),1.73,1060984960.0,48.1,-0.001,2.98,2.37,-8.47,1188370.0,11.2,17.9,24.0,0.0,0.0,0.0,1.0,0.53,0.0,0.345,0.711,0.056,0.0,Information Technology,2026-07-03,1.76,-1.7,96
ASTE,,8.1,Tendance baissière (pas un setup),41.26,949911516.0,44.8,0.248,-0.82,1.4,-6.69,8873609.0,26.7,30.0,1.0,0.54,0.0,0.0,1.0,0.995,0.27,0.0,0.516,0.024,0.0,Industrials,2026-07-03,57.56,-28.32,96
SBSI,,8.1,Tendance baissière (pas un setup),30.19,899902916.0,35.2,-0.058,-0.79,-0.53,-8.04,4591295.0,9.2,10.3,67.0,0.07,0.0,0.0,0.714,0.378,0.037,0.6,0.34,0.008,0.479,Financials,2026-07-03,34.9,-13.5,96
BKV,,8.1,Tendance baissière (pas un setup),22.05,2413104152.0,40.4,-0.042,1.19,1.89,-15.39,63010841.0,19.4,23.2,63.0,0.0,0.0,0.0,1.0,0.618,0.5,0.0,0.392,0.048,0.0,Energy,2026-07-03,27.35,-19.38,96
TGLS,,8.0,Tendance baissière (pas un setup),36.68,1627294115.0,48.8,0.238,5.07,6.01,-9.8,11569694.0,24.2,29.9,54.0,0.0,0.0,0.0,1.0,0.504,0.061,0.0,0.792,0.095,0.0,Materials,2026-07-03,45.62,-19.6,96
ALTO,,8.0,Tendance baissière (pas un setup),3.75,290878365.0,40.3,0.017,-1.06,3.31,-7.18,4358957.0,30.8,34.9,15.0,1.0,0.0,0.0,0.841,0.91,0.5,0.0,0.382,0.024,0.0,Materials,2026-07-03,5.56,-32.55,96
NMIH,,8.0,Tendance baissière (pas un setup),39.91,3001944433.0,37.6,-0.264,1.32,-2.01,-10.97,31896017.0,14.6,22.5,98.0,0.0,0.0,0.0,1.0,0.01,0.0,0.0,0.427,0.23,0.513,Financials,2026-07-03,41.04,-2.75,96
AMBA,ia|semiconducteurs,8.0,Tendance baissière (pas un setup),67.94,2998937570.0,47.5,0.327,-0.47,-1.15,8.03,109797234.0,25.6,36.4,2.0,0.4,0.0,0.0,0.757,0.869,0.338,0.0,0.345,0.214,0.009,Information Technology,2026-07-03,78.36,-13.3,96
GENI,,8.0,Tendance baissière (pas un setup),6.22,1664639673.0,46.3,0.027,3.84,0.81,-16.96,50637281.0,27.6,37.1,51.0,0.0,0.0,0.0,0.718,0.424,0.0,0.0,0.644,0.397,0.0,Communication Services,2026-07-03,6.43,-3.27,96
PINE,,8.0,Tendance baissière (pas un setup),17.75,318353474.0,45.3,0.097,1.14,2.48,-8.12,3239396.0,16.2,21.6,77.0,0.0,0.0,0.0,1.0,0.246,0.0,0.0,0.62,0.087,0.404,Real Estate,2026-07-03,20.62,-13.92,96
BKU,,8.0,Tendance baissière (pas un setup),42.9,3055863482.0,37.0,0.009,-0.76,0.82,-7.5,46105297.0,11.4,14.6,69.0,0.0,0.0,0.0,1.0,0.443,0.0,0.33,0.387,0.008,0.449,Financials,2026-07-03,48.57,-11.67,96
DSL,,8.0,Tendance baissière (pas un setup),9.9,1009768597.0,35.2,-0.011,0.81,-1.2,-4.78,7716911.0,7.8,8.7,84.0,0.0,0.0,0.0,0.444,0.095,0.0,0.772,0.303,0.016,0.679,Financials,2026-07-03,11.01,-10.08,96
EFSC,,8.0,Tendance baissière (pas un setup),59.61,2157436117.0,35.8,-0.041,-0.35,0.49,-7.3,19319658.0,11.8,14.7,79.0,0.0,0.0,0.0,1.0,0.298,0.0,0.273,0.377,0.008,0.574,Financials,2026-07-03,65.8,-9.41,96
CBU,,8.0,Tendance baissière (pas un setup),59.58,3134855620.0,36.2,-0.063,-0.91,-0.42,-5.96,19468398.0,11.2,12.8,52.0,0.0,0.0,0.0,1.0,0.473,0.0,0.35,0.338,0.008,0.481,Financials,2026-07-03,67.61,-11.88,96
AIN,,8.0,Tendance baissière (pas un setup),59.31,1684404000.0,44.8,0.101,-0.29,-0.47,-5.0,14584924.0,22.4,29.1,1.0,0.62,0.0,0.0,1.0,0.995,0.312,0.0,0.221,0.04,0.247,Consumer Discretionary,2026-07-03,73.39,-19.19,96
DQ,,8.0,Tendance baissière (pas un setup),11.08,749740798.0,38.4,-0.003,0.36,-2.29,-9.99,7495787.0,27.2,28.6,10.0,1.0,0.0,0.0,1.0,0.938,0.504,0.0,0.309,0.008,0.0,Information Technology,2026-07-03,12.25,-9.55,96
BNL,,8.0,Tendance baissière (pas un setup),18.63,3574966050.0,35.3,0.019,1.25,0.23,-9.06,37200499.0,17.1,19.1,79.0,0.36,0.0,0.0,1.0,0.486,0.18,0.0,0.421,0.024,0.397,Real Estate,2026-07-03,21.25,-12.33,96
FBIN,,7.9,Tendance baissière (pas un setup),39.35,4697267620.0,42.6,0.26,1.78,2.45,-8.72,90696902.0,26.6,31.1,3.0,0.31,0.0,0.0,1.0,0.915,0.237,0.0,0.398,0.135,0.0,Industrials,2026-09-09,42.19,-6.73,28
JBSS,,7.9,Tendance baissière (pas un setup),67.76,792350273.0,38.9,0.459,-0.4,0.62,-6.45,8569065.0,20.5,22.9,16.0,0.52,0.0,0.0,1.0,0.905,0.261,0.0,0.372,0.016,0.177,Consumer Staples,2026-07-03,90.6,-25.21,96
CLBT,,7.9,Tendance baissière (pas un setup),11.37,2857747852.0,47.0,0.066,1.52,4.03,-0.7,31416350.0,30.8,41.7,2.0,0.55,0.0,0.0,0.462,0.99,0.274,0.0,0.642,0.095,0.0,Information Technology,2026-07-03,15.65,-27.35,96
DAKT,,7.9,Tendance baissière (pas un setup),17.85,858453803.0,45.5,0.119,0.28,2.53,-7.75,9465140.0,20.0,24.8,45.0,0.36,0.0,0.0,1.0,0.729,0.179,0.0,0.617,0.063,0.0,Information Technology,2026-07-03,19.91,-10.35,96
NFGC,,7.9,Tendance baissière (pas un setup),1.6,614972078.0,41.6,-0.023,1.91,-4.76,-11.6,1599189.0,21.8,34.5,28.0,1.0,0.0,0.0,0.863,0.717,0.642,0.0,0.047,0.206,0.0,Materials,2026-07-03,1.66,-3.61,96
LAR,,7.9,Tendance baissière (pas un setup),5.58,915678000.0,40.0,0.01,-0.36,1.64,-17.82,9018160.0,23.5,27.3,11.0,0.77,0.0,0.0,1.0,0.933,0.385,0.0,0.377,0.032,0.0,Materials,2026-07-03,7.98,-30.08,96
PWP,,7.9,Tendance baissière (pas un setup),15.53,1511244893.0,53.0,0.28,-1.71,-5.13,-7.56,36120816.0,20.9,36.2,83.0,0.0,0.0,0.0,0.764,0.247,0.5,0.0,0.516,0.119,0.0,Financials,2026-07-03,16.47,-5.71,96
IRMD,,7.9,Tendance baissière (pas un setup),84.82,1084592577.0,46.2,0.323,-1.91,-1.9,1.64,11816276.0,13.0,16.5,16.0,0.0,0.0,0.0,1.0,0.762,0.161,0.123,0.268,0.063,0.304,Health Care,2026-07-03,100.97,-15.99,96
SABR,,7.9,Tendance baissière (pas un setup),1.92,774879771.0,37.7,-0.041,-0.52,-9.86,-9.86,13983409.0,23.2,29.2,29.0,0.0,0.0,0.4,1.0,0.714,0.0,0.0,0.003,0.333,0.227,Information Technology,2026-07-03,2.09,-8.13,96
BCSF,,7.9,Tendance baissière (pas un setup),10.82,701877246.0,34.1,0.001,-0.73,-3.65,-4.97,6283643.0,15.0,15.0,2.0,0.0,0.0,0.0,1.0,0.809,0.5,0.0,0.0,0.008,0.384,Financials,2026-07-03,12.64,-14.4,96
KFY,,7.9,Tendance baissière (pas un setup),71.06,3876951952.0,27.0,-0.189,-0.91,-1.28,-16.14,50333951.0,18.2,19.1,70.0,0.0,0.0,0.0,1.0,0.495,0.0,0.0,0.38,0.183,0.393,Industrials,2026-07-03,69.68,1.98,96
AMTX,,7.9,Tendance baissière (pas un setup),1.79,129183573.0,46.6,-0.024,1.7,-2.19,-2.19,1689106.0,19.4,37.8,34.0,0.28,0.0,0.0,0.676,0.505,0.14,0.0,0.613,0.294,0.0,Materials,2026-07-03,1.65,8.48,96
BCO,,7.9,Tendance baissière (pas un setup),103.5,4263127119.0,43.2,-0.21,0.72,0.37,-4.93,49793378.0,16.4,21.0,60.0,0.38,0.0,0.0,1.0,0.507,0.19,0.0,0.44,0.119,0.208,Industrials,2026-07-03,101.5,1.97,96
MYI,,7.9,Tendance baissière (pas un setup),9.64,1434070220.0,33.2,-0.008,1.05,1.26,-7.42,7963912.0,10.8,12.9,95.0,0.0,0.0,0.0,1.0,0.029,0.0,0.396,0.357,0.016,0.579,Financials,2026-07-03,11.12,-13.31,96
ENGN,,7.9,Tendance baissière (pas un setup),1.8,120629369.0,41.2,-0.016,-3.74,-7.69,-1.1,1374559.0,13.5,20.2,42.0,0.34,0.0,0.0,1.0,0.449,0.67,0.067,0.0,0.214,0.0,Health Care,2026-07-03,1.78,1.12,96
LZ,,7.9,Tendance baissière (pas un setup),5.77,988197965.0,46.6,0.016,-1.7,3.96,-5.87,16089904.0,32.0,38.2,13.0,0.32,0.0,0.0,0.658,0.924,0.16,0.0,0.657,0.119,0.0,Industrials,2026-07-03,6.92,-16.62,96
LTBR,production_energie,7.8,Tendance baissière (pas un setup),6.84,256213342.0,48.1,0.047,7.55,8.57,-9.76,5912921.0,29.3,36.7,9.0,0.02,0.0,0.0,0.738,0.911,0.012,0.0,0.764,0.111,0.0,Industrials,2026-07-03,8.64,-20.83,96
CBT,,7.8,Tendance baissière (pas un setup),77.11,3981266950.0,39.3,0.111,-0.35,-0.84,-5.36,33935760.0,16.6,19.4,6.0,0.17,0.0,0.0,1.0,0.944,0.084,0.0,0.322,0.008,0.401,Materials,2026-07-03,86.35,-10.7,96
MMT,,7.8,Tendance baissière (pas un setup),4.24,252484813.0,43.5,-0.005,0.71,-1.4,-3.84,1367560.0,4.7,6.3,71.0,0.15,0.0,0.0,0.045,0.171,0.073,1.0,0.134,0.016,0.793,Financials,2026-07-03,4.4,-3.64,96
STRT,,7.8,Tendance baissière (pas un setup),65.93,262731907.0,35.4,0.288,0.02,-0.93,-13.07,4654544.0,29.1,31.4,28.0,0.84,0.0,0.0,1.0,0.833,0.419,0.0,0.347,0.016,0.03,Consumer Discretionary,2026-07-03,77.84,-15.3,96
STAA,,7.8,Tendance baissière (pas un setup),22.15,1110689246.0,49.3,0.273,-1.86,-1.25,-5.62,23187810.0,15.6,27.4,52.0,0.14,0.0,0.0,1.0,0.511,0.07,0.0,0.779,0.071,0.0,Health Care,2026-07-03,27.79,-20.3,96
WLDN,gestion_thermique,7.8,Tendance baissière (pas un setup),73.91,1125803846.0,32.2,-0.659,0.45,-2.39,-13.84,14241332.0,17.3,24.8,39.0,0.91,0.0,0.0,1.0,0.738,0.456,0.0,0.34,0.04,0.0,Industrials,2026-07-03,76.3,-3.13,96
CPRI,,7.8,Tendance baissière (pas un setup),14.67,1667269236.0,52.2,0.017,1.24,0.07,8.19,84737710.0,13.5,26.9,39.0,0.0,0.0,0.0,1.0,0.378,0.186,0.062,0.527,0.19,0.0,Consumer Discretionary,2026-07-03,18.96,-22.63,96
NEOV,,7.8,Tendance baissière (pas un setup),2.85,168187754.0,46.2,-0.02,-3.72,12.2,-26.17,4769337.0,34.5,55.4,73.0,0.28,0.0,0.0,0.0,0.355,0.139,0.0,0.727,0.508,0.0,Industrials,2026-07-03,2.49,14.46,96
SBGI,,7.8,Tendance baissière (pas un setup),12.96,937242058.0,44.7,-0.027,2.53,1.57,-6.15,6487000.0,19.1,23.6,75.0,0.23,0.0,0.0,1.0,0.463,0.117,0.0,0.549,0.048,0.255,Communication Services,2026-07-03,15.42,-15.95,96
MBI,,7.8,Tendance baissière (pas un setup),4.45,227023176.0,42.8,0.029,-0.45,3.73,-6.71,1941098.0,21.2,25.8,17.0,0.54,0.0,0.0,1.0,0.894,0.269,0.0,0.46,0.048,0.0,Financials,2026-07-03,6.8,-34.56,96
VVX,defense|laser_photonique,7.8,Tendance baissière (pas un setup),70.96,2224266604.0,37.9,-0.251,0.13,-2.53,-4.34,52864854.0,24.5,27.0,21.0,0.2,0.0,0.0,1.0,0.757,0.6,0.0,0.049,0.032,0.184,Industrials,2026-07-03,74.1,-4.24,96
LOB,,7.7,Tendance baissière (pas un setup),36.49,1688889294.0,30.3,-0.012,-0.14,-0.41,-7.88,8056635.0,18.0,20.6,61.0,0.31,0.0,0.0,1.0,0.584,0.154,0.0,0.365,0.008,0.4,Financials,2026-07-03,41.05,-11.11,96
BCYC,,7.7,Tendance baissière (pas un setup),3.79,265272981.0,49.4,0.024,-5.49,3.84,-11.86,2167763.0,16.0,26.2,44.0,0.0,0.0,0.0,1.0,0.338,0.0,0.0,0.828,0.119,0.0,Health Care,2026-07-03,4.35,-12.87,96
BBAR,,7.7,Tendance baissière (pas un setup),13.59,2775576658.0,44.7,0.042,2.41,8.37,-8.3,6931009.0,32.7,40.3,62.0,0.87,0.0,0.0,0.539,0.59,0.434,0.0,0.605,0.063,0.0,Financials,2026-07-03,19.45,-30.13,96
PMM,,7.7,Tendance baissière (pas un setup),5.6,272937330.0,40.2,0.006,2.38,2.19,-7.97,1256727.0,11.4,14.7,90.0,0.0,0.0,0.0,1.0,0.057,0.0,0.326,0.376,0.032,0.541,Financials,2026-10-02,5.6,0.0,5
CNS,,7.7,Tendance baissière (pas un setup),72.56,3731146434.0,34.1,0.088,-0.63,-0.53,-9.2,23302708.0,16.2,18.8,17.0,0.0,0.0,0.0,1.0,0.761,0.0,0.0,0.308,0.079,0.461,Financials,2026-07-03,78.57,-7.65,96
HRI,,7.7,Tendance baissière (pas un setup),134.73,4504218450.0,45.2,0.582,-0.58,5.89,-4.39,123744969.0,23.1,31.3,13.0,0.0,0.0,0.0,1.0,0.62,0.0,0.0,0.572,0.175,0.087,Industrials,2026-07-03,134.91,-0.13,96
PRM,,7.7,Tendance baissière (pas un setup),28.62,4684719736.0,44.4,-0.07,1.96,6.32,-9.89,39862378.0,25.0,33.7,75.0,0.36,0.0,0.0,0.903,0.422,0.213,0.0,0.567,0.063,0.166,Materials,2026-07-31,37.23,-23.13,68
PECO,,7.7,Tendance baissière (pas un setup),37.54,4831398000.0,42.4,0.124,0.48,-0.29,-3.36,47108770.0,13.7,15.9,25.0,0.0,0.0,0.0,1.0,0.675,0.0,0.034,0.345,0.032,0.503,Real Estate,2026-08-31,39.22,-4.28,37
VVV,,7.7,Tendance baissière (pas un setup),30.87,3938592724.0,53.7,0.523,1.75,4.11,-3.62,92587008.0,24.4,35.8,71.0,0.0,0.0,0.0,0.788,0.303,0.0,0.0,0.815,0.111,0.172,Consumer Discretionary,2026-07-03,39.08,-21.01,96
ILPT,,7.7,Tendance baissière (pas un setup),7.2,480236614.0,33.2,-0.012,1.2,0.21,-12.58,2569105.0,22.6,26.6,63.0,0.34,0.0,0.0,1.0,0.574,0.171,0.0,0.389,0.111,0.21,Real Estate,2026-07-03,8.95,-19.55,96
EOT,,7.7,Tendance baissière (pas un setup),15.4,240623783.0,33.7,0.013,1.05,0.98,-8.16,1024258.0,12.3,14.2,87.0,0.0,0.0,0.0,1.0,0.226,0.0,0.208,0.371,0.016,0.574,Financials,2026-10-06,15.24,1.05,1
LMND,,7.7,Tendance baissière (pas un setup),46.3,3583463275.0,42.0,0.276,-0.79,3.81,-13.31,50995852.0,26.7,31.5,20.0,0.58,0.0,0.0,1.0,0.824,0.346,0.0,0.377,0.056,0.0,Financials,2026-07-17,64.57,-28.29,82
AMR,,7.7,Tendance baissière (pas un setup),176.98,2243937384.0,45.1,-1.393,1.95,6.61,-21.49,57573105.0,27.0,44.9,71.0,0.37,0.0,0.0,0.284,0.507,0.187,0.0,0.629,0.365,0.0,Materials,2026-07-03,160.0,10.61,96
NYAX,,7.7,Tendance baissière (pas un setup),48.29,1804262323.0,50.3,1.013,-2.96,8.36,-7.55,1342537.0,31.2,39.6,39.0,0.0,0.0,0.0,0.576,0.767,0.0,0.0,0.861,0.135,0.0,Information Technology,2026-07-16,63.29,-23.7,83
PDYN,defense|robotique,7.6,Tendance baissière (pas un setup),5.36,264454414.0,44.9,-0.016,4.69,2.68,-6.13,4846869.0,19.6,28.0,17.0,0.18,0.0,0.0,1.0,0.803,0.172,0.0,0.521,0.079,0.0,Information Technology,2026-07-03,5.84,-8.22,96
CERS,,7.6,Tendance baissière (pas un setup),2.34,471568261.0,38.0,-0.022,0.0,-5.26,-9.65,4674263.0,24.8,33.8,29.0,0.72,0.0,0.0,0.902,0.71,0.591,0.0,0.042,0.183,0.0,Health Care,2026-07-03,3.16,-25.95,96
PXED,,7.6,Tendance baissière (pas un setup),25.24,909835770.0,35.2,-0.057,2.98,-0.55,-12.3,2147614.0,18.5,21.4,18.0,0.94,0.0,0.0,1.0,0.746,0.469,0.0,0.319,0.016,0.0,Consumer Staples,2026-07-03,34.36,-26.54,96
IQI,,7.6,Tendance baissière (pas un setup),8.89,470136955.0,35.8,-0.041,1.83,3.13,-10.08,2837227.0,12.6,16.8,99.0,0.0,0.0,0.0,1.0,0.005,0.0,0.172,0.429,0.04,0.572,Financials,2026-07-03,10.2,-12.84,96
FLY,espace,7.6,Tendance baissière (pas un setup),22.83,3821848045.0,50.7,0.109,1.06,-0.13,5.35,77024385.0,19.0,37.2,6.0,0.06,0.0,0.0,0.711,0.619,0.133,0.0,0.514,0.278,0.0,Industrials,2026-07-03,28.9,-21.0,96
FBYD,,7.6,Tendance baissière (pas un setup),8.77,1063443605.0,56.6,0.301,7.61,4.53,7.74,1108630.0,23.7,47.7,35.0,0.0,0.0,0.0,0.13,0.672,0.5,0.0,0.526,0.198,0.0,Industrials,2026-07-03,19.23,-54.39,96
BV,,7.6,Tendance baissière (pas un setup),10.49,971374000.0,45.5,0.043,2.84,4.27,-7.66,10700525.0,28.0,32.7,70.0,0.44,0.0,0.0,0.963,0.499,0.221,0.0,0.609,0.071,0.0,Industrials,2026-07-03,14.4,-27.15,96
FWRG,,7.6,Tendance baissière (pas un setup),10.61,654768935.0,44.7,0.097,0.95,2.22,-11.95,14244247.0,22.0,27.4,30.0,0.0,0.0,0.0,1.0,0.819,0.066,0.0,0.563,0.111,0.0,Consumer Discretionary,2026-07-03,13.09,-18.95,96
FBK,,7.6,Tendance baissière (pas un setup),52.66,2631848747.0,38.2,0.143,0.15,1.48,-7.6,35970659.0,16.0,18.8,41.0,0.0,0.0,0.0,1.0,0.653,0.0,0.0,0.409,0.008,0.468,Financials,2026-07-03,55.9,-5.8,96
BANC,,7.6,Tendance baissière (pas un setup),17.43,2753077720.0,38.2,-0.013,-0.68,0.75,-7.27,49092508.0,17.6,20.4,57.0,0.48,0.0,0.0,1.0,0.47,0.241,0.0,0.357,0.008,0.333,Financials,2026-07-03,20.3,-14.14,96
GBAB,,7.6,Tendance baissière (pas un setup),12.47,279289405.0,27.6,-0.018,0.0,0.65,-7.78,2262445.0,11.0,11.8,97.0,0.0,0.0,0.0,0.97,0.026,0.0,0.371,0.396,0.008,0.515,Financials,2026-07-03,14.33,-12.98,96
ZVRA,,7.6,Tendance baissière (pas un setup),10.73,637187970.0,41.6,-0.111,0.28,-5.38,-13.47,11080689.0,16.8,27.6,56.0,0.61,0.0,0.0,1.0,0.43,0.406,0.0,0.336,0.111,0.046,Health Care,2026-07-03,13.98,-23.25,96
STUB,,7.6,Tendance baissière (pas un setup),5.73,2189375505.0,42.9,0.092,3.62,7.91,-13.18,39186149.0,39.5,44.9,5.0,0.15,0.0,0.0,0.282,0.948,0.577,0.0,0.405,0.079,0.0,Communication Services,2026-07-03,12.86,-55.44,96
TYG,,7.6,Tendance baissière (pas un setup),39.19,467454519.0,38.3,-0.214,1.37,2.59,-6.66,7010289.0,11.3,15.3,100.0,0.0,0.0,0.0,1.0,0.0,0.0,0.336,0.452,0.056,0.396,Financials,2026-07-03,42.78,-8.39,96
WFG,,7.5,Tendance baissière (pas un setup),63.3,4956631933.0,32.2,-0.912,-3.95,-10.58,-7.47,15523422.0,14.8,17.2,89.0,0.34,0.0,0.4,1.0,0.256,0.279,0.0,0.0,0.04,0.446,Materials,2026-07-31,63.7,-0.63,68
QNST,,7.5,Tendance baissière (pas un setup),15.02,859495348.0,34.4,-0.047,0.2,4.02,-19.81,17691023.0,32.6,37.4,78.0,0.0,0.0,0.0,0.702,0.46,0.0,0.0,0.435,0.484,0.0,Communication Services,2026-07-03,15.82,-5.06,96
MATW,,7.5,Tendance baissière (pas un setup),19.42,606159820.0,40.5,0.123,0.47,-0.05,-8.09,25479898.0,32.6,35.7,41.0,0.0,0.0,0.0,0.795,0.745,0.5,0.0,0.358,0.024,0.0,Industrials,2026-07-03,26.69,-27.24,96
ROOT,,7.5,Tendance baissière (pas un setup),47.17,730816697.0,38.5,-0.035,-0.53,2.5,-16.65,10277003.0,23.3,26.7,60.0,0.56,0.0,0.0,1.0,0.643,0.357,0.0,0.414,0.04,0.0,Financials,2026-07-03,61.73,-23.59,96
GNTX,,7.5,Tendance baissière (pas un setup),21.55,4540225783.0,35.9,-0.017,-1.64,-2.62,-6.87,48449452.0,11.8,12.7,9.0,0.52,0.0,0.0,1.0,0.847,0.258,0.272,0.037,0.008,0.317,Consumer Discretionary,2026-07-08,24.04,-10.36,91
HUCK,,7.5,Tendance baissière (pas un setup),3.12,146752822.0,24.1,-0.051,-2.19,-6.02,-19.59,4416821.0,23.2,23.9,56.0,1.0,0.0,0.0,1.0,0.297,0.5,0.0,0.32,0.103,0.0,Information Technology,2026-09-25,3.39,-7.96,12
NDMO,,7.5,Tendance baissière (pas un setup),8.84,525672669.0,36.0,0.01,0.68,2.67,-8.76,3764932.0,11.7,15.1,90.0,0.0,0.0,0.0,1.0,0.062,0.0,0.282,0.372,0.032,0.523,Financials,2026-07-03,10.44,-15.33,96
LXU,,7.4,Tendance baissière (pas un setup),10.17,732214616.0,44.9,-0.045,-0.1,5.28,-10.0,8756938.0,15.4,22.0,90.0,0.24,0.0,0.0,1.0,0.411,0.121,0.0,0.614,0.119,0.0,Materials,2026-07-03,10.64,-4.42,96
VOR,,7.4,Tendance baissière (pas un setup),18.31,1083261603.0,35.8,-0.219,-1.45,-0.11,-26.91,27541310.0,29.6,32.6,73.0,0.0,0.0,0.0,0.966,0.281,0.0,0.0,0.38,0.46,0.0,Health Care,2026-07-03,20.59,-11.07,96
UXIN,,7.4,Tendance baissière (pas un setup),1.25,274975326.0,51.8,0.016,-1.19,1.63,7.76,1284242.0,23.3,45.0,68.0,0.0,0.0,0.0,0.276,0.19,0.5,0.0,0.5,0.27,0.0,Consumer Discretionary,2026-09-25,1.3,-3.85,12
TGS,,7.4,Tendance baissière (pas un setup),27.04,4070931812.0,46.3,-0.098,1.73,5.09,-6.92,7087719.0,16.2,23.7,98.0,0.0,0.0,0.0,1.0,0.294,0.0,0.0,0.73,0.063,0.146,Energy,2026-07-03,28.4,-4.79,96
MMS,,7.4,Tendance baissière (pas un setup),54.68,2862922481.0,47.2,0.038,0.5,3.03,-5.17,42618699.0,13.8,19.5,58.0,0.0,0.0,0.0,1.0,0.55,0.0,0.025,0.73,0.079,0.0,Industrials,2026-07-03,55.75,-1.92,96
UE,,7.4,Tendance baissière (pas un setup),19.6,2474391534.0,31.3,0.019,0.46,-0.91,-5.61,17081862.0,16.2,17.4,30.0,0.15,0.0,0.0,1.0,0.65,0.076,0.0,0.332,0.008,0.426,Real Estate,2026-07-03,22.96,-14.63,96
EPR,,7.4,Tendance baissière (pas un setup),55.27,4234175119.0,34.0,-0.084,-0.58,-2.83,-7.37,51902664.0,13.6,14.0,57.0,0.0,0.0,0.0,1.0,0.576,0.0,0.05,0.313,0.008,0.547,Real Estate,2026-07-03,59.1,-6.48,96
SHOE,,7.4,Tendance baissière (pas un setup),13.04,354476948.0,48.4,0.064,3.08,1.11,-6.08,18566048.0,18.5,37.1,2.0,0.0,0.0,0.0,0.718,0.986,0.0,0.0,0.724,0.079,0.0,Consumer Discretionary,2026-07-03,15.09,-13.59,96
FVRR,,7.4,Tendance baissière (pas un setup),8.47,304502666.0,38.0,0.013,-1.4,-0.94,-8.43,5160209.0,28.0,29.3,10.0,0.73,0.0,0.0,1.0,0.938,0.367,0.0,0.319,0.008,0.0,Communication Services,2026-07-03,10.81,-21.65,96
MIY,,7.4,Tendance baissière (pas un setup),11.2,1666139675.0,25.5,-0.069,0.81,-0.88,-9.71,1032916.0,12.1,13.6,99.0,0.0,0.0,0.0,1.0,0.005,0.0,0.237,0.343,0.016,0.596,Financials,2026-09-29,11.28,-0.71,8
MQY,,7.4,Tendance baissière (pas un setup),9.94,1478698962.0,31.4,-0.01,0.91,0.3,-8.05,12363461.0,11.9,13.2,90.0,0.0,0.0,0.0,1.0,0.062,0.0,0.258,0.355,0.016,0.543,Financials,2026-07-03,11.62,-14.46,96
HLNE,,7.4,Tendance baissière (pas un setup),86.5,4767070187.0,37.8,0.109,-0.95,0.73,-15.49,58675297.0,20.7,24.3,47.0,0.29,0.0,0.0,1.0,0.594,0.147,0.0,0.358,0.254,0.0,Financials,2026-07-03,79.76,8.45,96
GBDC,,7.4,Tendance baissière (pas un setup),12.19,3165152870.0,35.7,-0.017,-1.53,-3.64,-3.75,20132542.0,7.0,7.1,10.0,0.0,0.0,0.0,0.186,0.659,0.0,0.87,0.0,0.008,0.742,Financials,2026-07-03,12.99,-6.16,96
ARLO,,7.4,Tendance baissière (pas un setup),12.8,1377450291.0,45.3,-0.029,1.67,2.98,-8.38,16293957.0,22.9,26.0,38.0,0.32,0.0,0.0,1.0,0.769,0.16,0.0,0.555,0.032,0.0,Industrials,2026-07-03,12.98,-1.39,96
RMM,,7.4,Tendance baissière (pas un setup),12.7,250693276.0,34.7,-0.012,1.2,3.0,-9.82,1210586.0,12.8,16.5,96.0,0.0,0.0,0.0,1.0,0.024,0.0,0.151,0.431,0.032,0.527,Financials,2026-09-30,12.33,3.0,7
USAU,,7.3,Tendance baissière (pas un setup),14.3,236359881.0,37.6,-0.139,0.14,-3.05,-11.46,2285854.0,17.1,29.1,11.0,0.96,0.0,0.0,1.0,0.86,0.593,0.0,0.026,0.063,0.0,Materials,2026-07-03,16.49,-13.28,96
AAP,,7.3,Tendance baissière (pas un setup),41.24,2490896000.0,44.7,0.245,4.01,3.8,-6.65,73505155.0,31.6,36.9,44.0,0.55,0.0,0.0,0.729,0.733,0.275,0.0,0.54,0.056,0.0,Consumer Discretionary,2026-07-03,61.53,-32.98,96
TNL,,7.3,Tendance baissière (pas un setup),62.82,3844849854.0,39.9,0.216,1.78,-1.81,-4.41,48013123.0,20.2,22.6,2.0,0.25,0.0,0.0,1.0,0.804,0.127,0.0,0.302,0.016,0.32,Consumer Discretionary,2026-07-03,76.59,-17.98,96
RQI,,7.3,Tendance baissière (pas un setup),11.08,1488048521.0,37.6,-0.008,1.37,0.09,-7.82,8734346.0,12.3,14.4,85.0,0.0,0.0,0.0,1.0,0.09,0.0,0.214,0.417,0.024,0.476,Financials,2026-07-03,12.5,-11.36,96
ENPH,production_energie,7.3,Tendance baissière (pas un setup),33.91,4481025014.0,45.1,0.18,1.38,6.53,-6.76,161836641.0,21.6,29.4,33.0,0.1,0.0,0.0,1.0,0.773,0.05,0.0,0.592,0.079,0.0,Information Technology,2026-07-24,38.89,-12.81,75
PFLT,,7.3,Tendance baissière (pas un setup),6.73,667736440.0,33.7,-0.028,-0.74,-3.86,-7.86,5281756.0,9.9,10.0,9.0,0.78,0.0,0.0,0.67,0.709,0.392,0.514,0.0,0.008,0.22,Financials,2026-07-03,7.48,-10.03,96
FRA,,7.3,Tendance baissière (pas un setup),10.37,1542666824.0,39.8,-0.022,0.78,-2.45,-3.57,1678288.0,6.1,7.5,71.0,0.15,0.0,0.0,0.254,0.176,0.074,0.991,0.005,0.016,0.688,Financials,2026-07-03,10.92,-5.04,96
EVGO,,7.3,Tendance baissière (pas un setup),1.32,415160750.0,44.3,-0.0,-2.22,-0.75,-12.58,5316860.0,25.4,30.5,25.0,0.26,0.0,0.0,1.0,0.728,0.191,0.0,0.507,0.04,0.0,Consumer Discretionary,2026-07-03,1.87,-29.41,96
SKT,,7.3,Tendance baissière (pas un setup),34.94,4013871876.0,36.9,0.062,1.01,0.23,-6.4,35338936.0,17.2,19.4,38.0,0.04,0.0,0.0,1.0,0.604,0.018,0.0,0.391,0.016,0.426,Real Estate,2026-07-03,39.53,-11.61,96
VZLA,,7.3,Tendance baissière (pas un setup),3.53,1253350758.0,38.1,-0.065,0.57,-8.07,-11.75,17843313.0,18.1,29.9,59.0,0.57,0.0,0.4,1.0,0.424,0.283,0.0,0.0,0.262,0.0,Materials,2026-07-03,3.34,5.69,96
RMR,,7.3,Tendance baissière (pas un setup),17.63,565574384.0,28.7,-0.115,1.09,-3.77,-9.82,1827853.0,14.1,15.2,77.0,0.91,0.0,0.0,1.0,0.294,0.455,0.0,0.01,0.024,0.467,Real Estate,2026-07-03,20.5,-14.0,96
REFI,,7.3,Tendance baissière (pas un setup),9.8,251087231.0,36.4,-0.07,-0.1,-4.2,-6.39,2591900.0,9.5,14.5,51.0,0.0,0.0,0.0,1.0,0.295,0.0,0.559,0.035,0.048,0.528,Real Estate,2026-07-03,10.68,-8.24,96
USAS,,7.3,Tendance baissière (pas un setup),4.47,1511564535.0,41.9,-0.05,0.9,-0.67,-16.6,17227714.0,24.0,38.8,26.0,0.76,0.0,0.0,0.624,0.705,0.381,0.0,0.356,0.175,0.0,Materials,2026-07-03,4.89,-8.59,96
UAA,,7.2,Tendance baissière (pas un setup),4.88,2096182240.0,50.5,0.06,3.83,14.29,-7.05,50480559.0,32.7,41.8,52.0,0.0,0.0,0.0,0.456,0.553,0.0,0.0,0.936,0.095,0.0,Consumer Discretionary,2026-07-03,6.63,-26.4,96
CCS,,7.2,Tendance baissière (pas un setup),58.89,1674413481.0,37.0,-0.087,1.31,-2.69,-8.71,15457311.0,19.6,21.5,11.0,0.36,0.0,0.0,1.0,0.792,0.18,0.0,0.009,0.214,0.289,Real Estate,2026-07-03,69.99,-15.86,96
ESTA,,7.2,Tendance baissière (pas un setup),65.29,1945765463.0,39.8,0.124,-1.78,2.5,-12.11,22182071.0,33.1,36.6,53.0,0.95,0.0,0.0,0.745,0.599,0.476,0.0,0.38,0.032,0.0,Health Care,2026-07-03,89.25,-26.85,96
SRPT,,7.2,Tendance baissière (pas un setup),17.31,1828403734.0,36.9,-0.344,-1.03,-7.14,-23.07,51374324.0,26.7,37.6,50.0,0.63,0.0,0.0,0.692,0.677,0.313,0.0,0.326,0.214,0.0,Health Care,2026-07-03,19.28,-10.22,96
ATAT,,7.2,Tendance baissière (pas un setup),32.21,4381951343.0,43.2,0.023,0.25,-1.95,-6.26,28907113.0,13.2,16.3,1.0,0.38,0.0,0.0,1.0,0.995,0.278,0.095,0.111,0.008,0.194,Consumer Discretionary,2026-07-03,32.22,-0.03,96
UA,,7.2,Tendance baissière (pas un setup),4.72,2027454954.0,48.5,0.052,3.28,11.85,-7.81,13009488.0,33.1,41.1,48.0,0.14,0.0,0.0,0.496,0.592,0.069,0.0,0.836,0.095,0.0,Consumer Discretionary,2026-07-03,6.48,-27.16,96
WDFC,,7.2,Tendance baissière (pas un setup),204.17,2740185170.0,50.4,2.163,-0.82,0.58,-1.64,25589311.0,15.6,22.4,19.0,0.0,0.0,0.0,1.0,0.855,0.0,0.0,0.545,0.103,0.0,Materials,2026-07-03,245.83,-16.95,96
AMTM,,7.2,Tendance baissière (pas un setup),18.77,4589385372.0,42.4,-0.028,2.91,3.42,-6.43,34242504.0,25.2,29.3,51.0,0.63,0.0,0.0,1.0,0.694,0.315,0.0,0.385,0.04,0.0,Industrials,2026-08-25,20.06,-6.43,43
WEN,,7.2,Tendance baissière (pas un setup),6.16,1174526769.0,30.7,-0.042,0.98,-5.81,-23.29,40369808.0,32.0,34.5,67.0,0.96,0.0,0.0,0.863,0.595,0.478,0.0,0.347,0.016,0.0,Consumer Discretionary,2026-07-03,8.6,-28.37,96
ENVA,,7.2,Tendance baissière (pas un setup),182.88,4553414088.0,42.4,2.483,2.74,8.91,-20.69,77915350.0,31.6,38.4,88.0,0.0,0.0,0.0,0.645,0.471,0.0,0.0,0.524,0.373,0.0,Financials,2026-09-15,226.72,-19.34,22
DMC,,7.2,Tendance baissière (pas un setup),29.7,1400242675.0,39.6,-0.182,-0.67,-2.97,-7.53,13538832.0,10.2,15.1,61.0,0.0,0.0,0.0,1.0,0.443,0.0,0.48,0.329,0.159,0.0,Consumer Staples,2026-07-03,28.22,5.24,96
BCAT,,7.2,Tendance baissière (pas un setup),13.71,1482530850.0,31.9,-0.009,0.51,0.29,-12.81,19957733.0,13.5,15.3,91.0,0.0,0.0,0.0,1.0,0.102,0.0,0.061,0.423,0.008,0.55,Financials,2026-07-03,15.76,-13.01,96
VTVT,,7.2,Tendance baissière (pas un setup),30.03,118736458.0,41.5,-0.022,-0.99,0.1,-9.96,1221062.0,17.8,21.3,2.0,1.0,0.0,0.0,1.0,0.944,0.611,0.0,0.028,0.008,0.0,Health Care,2026-07-03,35.4,-15.17,96
MHD,,7.2,Tendance baissière (pas un setup),10.23,1521840078.0,30.3,-0.03,1.29,0.2,-8.32,10211581.0,11.9,13.8,99.0,0.0,0.0,0.0,1.0,0.005,0.0,0.258,0.352,0.016,0.534,Financials,2026-07-03,11.92,-14.18,96
MTH,,7.1,Tendance baissière (pas un setup),62.82,4094236522.0,41.7,0.093,0.87,-1.69,-6.0,59862821.0,18.9,21.5,3.0,0.0,0.0,0.0,1.0,0.819,0.5,0.0,0.02,0.024,0.138,Consumer Discretionary,2026-07-10,74.91,-16.14,89
BDTX,,7.1,Tendance baissière (pas un setup),1.8,103416745.0,37.2,-0.007,-7.22,-3.74,-15.09,1182681.0,22.4,30.2,1.0,0.28,0.0,0.0,1.0,0.877,0.224,0.0,0.332,0.079,0.0,Health Care,2026-07-03,2.01,-10.45,96
HMN,,7.1,Tendance baissière (pas un setup),45.51,1843202968.0,34.8,-0.063,-0.2,0.0,-10.01,18291334.0,17.1,19.4,86.0,0.0,0.0,0.0,1.0,0.437,0.0,0.0,0.43,0.008,0.417,Financials,2026-07-03,53.85,-15.49,96
GNL,,7.1,Tendance baissière (pas un setup),8.14,1882927356.0,16.2,-0.058,0.0,-2.51,-10.75,24531679.0,12.8,13.3,100.0,0.0,0.0,0.0,1.0,0.276,0.0,0.156,0.337,0.008,0.484,Real Estate,2026-07-03,9.21,-11.62,96
CMP,,7.1,Tendance baissière (pas un setup),22.7,952965840.0,38.7,0.046,0.18,2.95,-10.35,9221340.0,25.7,30.8,55.0,0.5,0.0,0.0,1.0,0.671,0.252,0.0,0.419,0.04,0.0,Materials,2026-07-03,29.95,-24.21,96
KRG,,7.1,Tendance baissière (pas un setup),24.13,4834371493.0,19.6,-0.041,0.0,-2.31,-7.05,56348028.0,18.6,19.0,68.0,0.49,0.0,0.0,1.0,0.277,0.243,0.0,0.305,0.008,0.355,Real Estate,2026-09-23,25.2,-4.25,14
NEWT,,7.1,Tendance baissière (pas un setup),11.19,323220140.0,35.1,0.033,0.36,-0.27,-8.51,2764702.0,26.8,28.1,28.0,0.33,0.0,0.0,1.0,0.833,0.247,0.0,0.33,0.008,0.085,Financials,2026-07-03,14.57,-23.2,96
COUR,,7.1,Tendance baissière (pas un setup),5.12,1353728000.0,45.7,0.03,-1.16,9.64,-11.72,35358061.0,22.8,31.7,21.0,0.0,0.0,0.0,1.0,0.739,0.0,0.0,0.633,0.048,0.0,Consumer Staples,2026-07-03,5.9,-13.22,96
ALEC,,7.1,Tendance baissière (pas un setup),1.81,202099023.0,41.7,-0.016,-9.05,-3.21,-26.42,12513838.0,34.4,47.3,13.0,0.0,0.0,0.0,0.151,0.662,0.5,0.0,0.336,0.254,0.0,Health Care,2026-07-03,2.06,-12.14,96
IMXI,,7.0,Tendance baissière (pas un setup),12.09,365258570.0,44.7,0.011,2.63,3.78,-16.68,7918287.0,19.2,30.8,91.0,0.07,0.0,0.0,1.0,0.052,0.035,0.0,0.6,0.111,0.193,Information Technology,2026-07-03,14.54,-16.85,96
NB,,7.0,Tendance baissière (pas un setup),3.52,513390698.0,40.2,0.024,1.73,0.86,-14.77,8548849.0,37.5,39.7,5.0,0.84,0.0,0.0,0.574,0.971,0.422,0.0,0.335,0.032,0.0,Materials,2026-07-03,4.74,-25.74,96
NP,,7.0,Tendance baissière (pas un setup),27.19,3731367717.0,30.6,-0.083,0.26,-1.88,-18.18,17149954.0,22.6,24.6,56.0,0.2,0.0,0.0,1.0,0.438,0.102,0.0,0.358,0.095,0.245,Financials,2026-07-03,33.22,-18.15,96
SON,,7.0,Tendance baissière (pas un setup),48.02,4747977644.0,32.0,0.099,-0.41,-3.2,-7.56,56049567.0,20.1,20.9,6.0,0.18,0.0,0.0,1.0,0.962,0.276,0.0,0.014,0.008,0.33,Consumer Discretionary,2026-09-08,51.95,-7.56,29
FLOC,,7.0,Tendance baissière (pas un setup),18.56,1676955912.0,37.2,-0.066,0.38,2.88,-12.04,12536569.0,22.2,25.2,43.0,0.0,0.0,0.0,1.0,0.743,0.255,0.0,0.387,0.024,0.0,Energy,2026-07-03,20.74,-10.51,96
GUT,,7.0,Tendance baissière (pas un setup),5.8,425714368.0,40.4,-0.017,1.4,2.47,-10.45,1562857.0,12.3,17.0,97.0,0.0,0.0,0.0,1.0,0.019,0.0,0.209,0.388,0.024,0.466,Financials,2026-07-03,6.6,-12.12,96
VMET,,7.0,Tendance baissière (pas un setup),8.67,943551826.0,37.7,-0.065,1.64,-3.99,-14.58,2419139.0,22.9,26.3,33.0,0.63,0.0,0.0,1.0,0.751,0.317,0.0,0.329,0.024,0.0,Materials,2026-10-05,8.51,1.88,2
XIFR,,7.0,Tendance baissière (pas un setup),10.38,978551612.0,36.0,-0.029,1.86,-0.57,-14.5,9411940.0,16.5,18.5,78.0,0.34,0.0,0.0,1.0,0.449,0.168,0.0,0.351,0.016,0.278,Utilities,2026-07-03,12.35,-15.95,96
PLUG,new_tech|production_energie,7.0,Tendance baissière (pas un setup),1.86,2598783217.0,36.4,-0.011,-1.59,-2.62,-14.29,93392550.0,26.8,28.0,27.0,0.65,0.0,0.0,1.0,0.802,0.326,0.0,0.32,0.008,0.0,Industrials,2026-07-03,2.64,-29.55,96
EXK,,7.0,Tendance baissière (pas un setup),8.67,2566916513.0,37.9,-0.134,0.81,-0.8,-22.03,72673406.0,25.6,38.3,64.0,0.45,0.0,0.0,0.651,0.579,0.224,0.0,0.377,0.246,0.0,Materials,2026-07-03,8.56,1.29,96
GIII,,7.0,Tendance baissière (pas un setup),26.78,1148232884.0,31.4,0.188,-0.78,-1.72,-3.11,21872248.0,28.4,28.8,3.0,0.0,0.0,0.0,1.0,0.971,0.5,0.0,0.035,0.008,0.053,Consumer Discretionary,2026-07-03,33.5,-20.06,96
JELD,,7.0,Tendance baissière (pas un setup),1.82,157909355.0,46.5,-0.009,3.41,-8.54,-20.87,3089001.0,28.9,56.4,2.0,0.32,0.0,0.0,0.0,0.68,0.16,0.0,0.33,0.563,0.0,Industrials,2026-07-03,1.44,26.39,96
XZO,,7.0,Tendance baissière (pas un setup),15.04,1354892207.0,43.4,-0.092,-2.27,3.37,-9.12,7151220.0,15.3,23.3,55.0,0.0,0.0,0.0,1.0,0.393,0.0,0.0,0.47,0.278,0.0,Financials,2026-07-03,18.69,-19.53,96
RGP,,7.0,Tendance baissière (pas un setup),3.69,128047804.0,37.4,-0.009,-1.34,-2.12,-8.66,1385067.0,18.7,19.3,38.0,0.65,0.0,0.0,1.0,0.625,0.327,0.0,0.316,0.008,0.074,Industrials,2026-07-03,4.62,-20.13,96
GOOS,,7.0,Tendance baissière (pas un setup),7.64,746135388.0,41.8,0.052,0.26,-0.91,-6.14,6476421.0,19.9,22.9,6.0,0.13,0.0,0.0,1.0,0.929,0.567,0.0,0.009,0.032,0.0,Consumer Discretionary,2026-07-03,9.59,-20.33,96
VKQ,,7.0,Tendance baissière (pas un setup),8.55,473118653.0,32.5,-0.03,1.79,2.15,-10.15,3162209.0,13.2,16.2,98.0,0.0,0.0,0.0,1.0,0.014,0.0,0.1,0.378,0.024,0.541,Financials,2026-07-03,10.07,-15.09,96
IIM,,6.9,Tendance baissière (pas un setup),10.85,510692563.0,33.8,-0.047,1.31,3.83,-11.87,2798940.0,14.5,19.1,98.0,0.0,0.0,0.0,1.0,0.014,0.0,0.0,0.458,0.032,0.485,Financials,2026-07-03,12.93,-16.09,96
OEC,,6.9,Tendance baissière (pas un setup),5.72,323309838.0,42.8,0.009,-2.22,-1.55,-6.08,2536553.0,30.6,35.0,1.0,0.33,0.0,0.0,0.836,0.988,0.253,0.0,0.373,0.024,0.0,Materials,2026-07-03,5.74,-0.35,96
BBT,,6.9,Tendance baissière (pas un setup),27.93,2340983282.0,31.0,-0.075,-0.71,0.68,-12.42,35640257.0,14.6,16.4,94.0,0.0,0.0,0.0,1.0,0.17,0.0,0.0,0.415,0.008,0.512,Financials,2026-07-03,30.22,-7.58,96
SBRA,,6.9,Tendance baissière (pas un setup),19.12,4884447895.0,29.4,-0.088,0.26,-3.34,-7.99,53234983.0,14.8,15.7,54.0,0.26,0.0,0.0,1.0,0.606,0.129,0.0,0.032,0.079,0.508,Real Estate,2026-07-07,19.73,-3.09,92
WU,,6.9,Tendance baissière (pas un setup),6.14,1914936943.0,40.0,0.013,0.66,2.85,-11.45,57678213.0,24.2,27.6,65.0,0.56,0.0,0.0,1.0,0.514,0.281,0.0,0.404,0.056,0.0,Financials,2026-07-03,8.01,-23.35,96
TMC,,6.9,Tendance baissière (pas un setup),3.7,1632201283.0,40.7,-0.017,-1.86,-1.07,-16.67,17107433.0,31.2,36.8,1.0,0.78,0.0,0.0,0.733,0.966,0.388,0.0,0.31,0.016,0.0,Materials,2026-07-03,4.23,-12.53,96
MNSO,,6.9,Tendance baissière (pas un setup),8.91,2756674202.0,38.5,0.099,0.22,-3.36,-6.8,7807958.0,32.4,35.1,2.0,0.27,0.0,0.0,0.826,0.97,0.637,0.0,0.0,0.024,0.0,Consumer Discretionary,2026-07-03,11.72,-23.98,96
MMI,,6.9,Tendance baissière (pas un setup),28.6,1083110686.0,35.6,-0.165,-0.07,-1.52,-9.59,5443840.0,14.1,15.5,91.0,0.0,0.0,0.0,1.0,0.193,0.056,0.0,0.332,0.008,0.531,Real Estate,2026-07-03,31.86,-10.23,96
WB,,6.9,Tendance baissière (pas un setup),6.49,1594414992.0,39.2,0.025,0.15,1.09,-3.42,6341719.0,21.7,24.4,2.0,0.46,0.0,0.0,1.0,0.898,0.228,0.0,0.351,0.024,0.0,Communication Services,2026-07-03,7.36,-11.82,96
VKI,,6.9,Tendance baissière (pas un setup),7.8,346366956.0,37.4,-0.031,3.04,2.9,-9.44,2086492.0,13.4,19.5,99.0,0.0,0.0,0.0,1.0,0.005,0.0,0.078,0.436,0.056,0.427,Financials,2026-09-28,7.96,-2.01,9
WGS,,6.9,Tendance baissière (pas un setup),71.52,2132908132.0,37.5,-2.622,-6.23,-5.63,-16.83,71393513.0,32.0,43.9,81.0,0.0,0.0,0.4,0.341,0.114,0.0,0.0,0.34,0.5,0.0,Health Care,2026-07-03,67.51,5.94,96
RFMZ,,6.9,Tendance baissière (pas un setup),11.63,283210922.0,28.8,-0.013,-0.34,1.66,-9.62,1368839.0,13.2,15.1,96.0,0.0,0.0,0.0,1.0,0.024,0.0,0.104,0.378,0.008,0.544,Financials,2026-09-29,11.44,1.66,8
TFIN,,6.9,Tendance baissière (pas un setup),61.97,1480744458.0,36.1,0.404,0.6,3.06,-10.96,15235035.0,22.9,26.6,52.0,0.19,0.0,0.0,1.0,0.627,0.097,0.0,0.415,0.048,0.14,Financials,2026-07-03,77.01,-19.53,96
CTGO,,6.9,Tendance baissière (pas un setup),17.16,573842258.0,42.4,-0.181,2.26,1.12,-13.2,7497796.0,19.1,28.7,40.0,0.05,0.0,0.0,1.0,0.599,0.023,0.0,0.383,0.238,0.0,Materials,2026-07-03,17.23,-0.41,96
PBH,,6.9,Tendance baissière (pas un setup),46.44,2200072802.0,45.1,0.071,1.84,-0.64,-11.14,30328546.0,17.1,20.6,8.0,0.0,0.0,0.0,1.0,0.882,0.0,0.0,0.547,0.048,0.0,Health Care,2026-07-03,49.42,-6.03,96
SOUN,ia|new_tech,6.8,Tendance baissière (pas un setup),5.72,2751346787.0,36.1,-0.003,-2.72,-2.05,-15.13,108557334.0,30.2,31.0,6.0,1.0,0.0,0.0,1.0,0.962,0.5,0.0,0.036,0.008,0.0,Information Technology,2026-07-03,6.55,-12.67,96
TDUP,,6.8,Tendance baissière (pas un setup),2.16,283680684.0,28.4,0.043,-0.46,-1.37,-20.59,4991755.0,66.5,67.6,61.0,0.7,0.0,0.0,0.0,0.633,0.825,0.0,0.34,0.008,0.0,Consumer Discretionary,2026-07-03,7.03,-69.27,96
TIGR,,6.8,Tendance baissière (pas un setup),4.52,807726988.0,44.3,-0.033,2.73,-0.66,-11.02,9600428.0,17.7,24.7,60.0,0.44,0.0,0.0,1.0,0.495,0.218,0.0,0.483,0.032,0.0,Financials,2026-07-03,4.58,-1.31,96
CLSK,,6.8,Tendance baissière (pas un setup),12.29,3156281827.0,42.6,-0.206,-1.52,-7.66,-3.15,228638207.0,19.5,29.4,20.0,0.81,0.0,0.0,1.0,0.801,0.405,0.0,0.047,0.135,0.0,Financials,2026-07-03,12.62,-2.61,96
FCNCN,,6.8,Tendance baissière (pas un setup),22.88,258408043.0,36.6,-0.047,0.53,-2.1,-7.85,1139415.0,8.6,10.1,92.0,0.0,0.0,0.0,0.677,0.048,0.0,0.672,0.033,0.008,0.691,,2026-10-01,22.99,-0.48,6
GLRE,,6.8,Tendance baissière (pas un setup),14.65,478195690.0,36.1,0.001,-0.61,-0.68,-4.99,2097848.0,17.9,20.2,11.0,0.23,0.0,0.0,1.0,0.832,0.117,0.0,0.324,0.008,0.185,Financials,2026-07-03,16.37,-10.51,96
GERN,,6.8,Tendance baissière (pas un setup),1.21,777392825.0,33.8,-0.004,0.0,-2.42,-22.93,13170840.0,26.7,28.5,10.0,0.26,0.0,0.0,1.0,0.938,0.13,0.0,0.348,0.063,0.0,Health Care,2026-07-03,1.36,-11.03,96
TLSI,,6.8,Tendance baissière (pas un setup),4.27,262923542.0,38.7,-0.045,-2.51,0.47,-14.6,2327756.0,27.7,32.0,48.0,0.0,0.0,0.0,1.0,0.407,0.111,0.0,0.348,0.246,0.0,Health Care,2026-07-03,4.69,-8.96,96
SLNH,,6.8,Tendance baissière (pas un setup),1.05,259037149.0,38.2,-0.019,1.94,-10.26,-12.5,7842175.0,27.1,29.9,27.0,1.0,0.0,0.0,1.0,0.838,0.547,0.0,0.0,0.04,0.0,Financials,2026-07-03,1.19,-11.76,96
JBGS,,6.8,Tendance baissière (pas un setup),10.86,810356345.0,45.6,0.066,0.28,7.52,-7.18,12474759.0,25.3,31.7,78.0,0.0,0.0,0.0,1.0,0.42,0.0,0.0,0.674,0.071,0.0,Real Estate,2026-07-03,15.47,-29.8,96
SUPN,,6.8,Tendance baissière (pas un setup),42.83,2489579967.0,46.7,0.116,0.16,-2.59,-1.61,30015062.0,18.4,22.8,21.0,0.48,0.0,0.0,1.0,0.715,0.24,0.0,0.315,0.032,0.059,Health Care,2026-07-03,48.05,-10.86,96
NPKI,,6.8,Tendance baissière (pas un setup),12.01,1019767827.0,40.9,0.025,1.69,5.35,-9.15,9801295.0,16.7,22.3,90.0,0.31,0.0,0.0,1.0,0.387,0.154,0.0,0.432,0.079,0.093,Industrials,2026-07-03,14.31,-16.07,96
CSIQ,,6.8,Tendance baissière (pas un setup),11.54,782604995.0,43.8,0.1,3.13,-0.09,-12.71,21041042.0,30.0,37.3,44.0,0.48,0.0,0.0,0.708,0.733,0.238,0.0,0.466,0.063,0.0,Information Technology,2026-07-03,14.46,-20.19,96
BETR,,6.8,Tendance baissière (pas un setup),11.21,212974071.0,41.8,0.157,0.72,9.58,-22.56,6768898.0,59.2,64.3,40.0,0.46,0.0,0.0,0.0,0.762,0.728,0.0,0.35,0.048,0.0,Financials,2026-07-03,28.6,-60.8,96
ADUR,,6.8,Tendance baissière (pas un setup),11.79,420958979.0,31.6,0.012,-2.8,-3.76,-13.18,3021983.0,30.6,30.8,1.0,1.0,0.0,0.0,1.0,0.995,0.5,0.0,0.04,0.008,0.0,Industrials,2026-07-03,15.68,-24.81,96
WERN,,6.8,Tendance baissière (pas un setup),32.81,1967850488.0,34.4,-0.006,-3.92,-3.26,-17.73,31104094.0,18.6,19.5,57.0,0.72,0.0,0.0,1.0,0.55,0.362,0.0,0.348,0.008,0.0,Industrials,2026-07-03,43.2,-24.05,96
BOOT,,6.8,Tendance baissière (pas un setup),124.32,3765011806.0,38.6,0.708,1.17,1.99,-19.42,95453918.0,27.7,30.7,71.0,0.04,0.0,0.0,1.0,0.571,0.252,0.0,0.395,0.048,0.0,Consumer Discretionary,2026-07-03,157.72,-21.18,96
ADEA,,6.8,Tendance baissière (pas un setup),24.61,2712891690.0,43.0,0.081,-5.6,-0.44,-7.13,27486281.0,23.4,28.5,1.0,0.23,0.0,0.0,1.0,0.849,0.178,0.0,0.363,0.008,0.065,Information Technology,2026-07-03,29.24,-15.83,96
HUN,,6.7,Tendance baissière (pas un setup),8.77,1538070462.0,42.4,0.033,-0.79,4.65,-7.96,24847164.0,27.2,32.8,32.0,0.43,0.0,0.0,0.955,0.701,0.214,0.0,0.398,0.032,0.0,Materials,2026-07-03,10.82,-18.95,96
BLBD,,6.7,Tendance baissière (pas un setup),57.19,1792581798.0,40.7,0.1,0.27,1.46,-10.13,30057930.0,28.2,31.4,53.0,0.48,0.0,0.0,1.0,0.648,0.239,0.0,0.377,0.032,0.0,Industrials,2026-07-03,76.08,-24.83,96
LMAT,,6.7,Tendance baissière (pas un setup),79.05,1807814766.0,42.0,0.162,-2.4,-4.63,-2.01,22202477.0,25.4,26.2,17.0,0.76,0.0,0.0,1.0,0.868,0.554,0.0,0.0,0.008,0.0,Health Care,2026-07-03,102.88,-23.16,96
VMO,,6.7,Tendance baissière (pas un setup),8.44,569199381.0,30.5,-0.035,1.32,1.2,-10.84,4194702.0,13.9,17.2,99.0,0.0,0.0,0.0,1.0,0.005,0.0,0.011,0.402,0.016,0.536,Financials,2026-07-03,9.9,-14.75,96
MNR,,6.7,Tendance baissière (pas un setup),10.66,1779666682.0,34.9,0.021,1.04,4.1,-15.19,15177101.0,19.7,23.6,94.0,0.0,0.0,0.0,1.0,0.33,0.0,0.0,0.5,0.071,0.21,Energy,2026-07-03,12.6,-15.4,96
SVC,,6.7,Tendance baissière (pas un setup),6.49,840516577.0,35.8,0.034,1.72,1.88,-14.72,9756693.0,25.4,29.0,21.0,0.43,0.0,0.0,1.0,0.813,0.213,0.0,0.348,0.024,0.0,Real Estate,2026-07-03,1.73,275.14,96
SPRY,,6.7,Tendance baissière (pas un setup),4.3,427126338.0,40.5,0.062,0.12,-2.39,-23.58,6676242.0,34.7,39.4,52.0,0.81,0.0,0.0,0.587,0.69,0.406,0.0,0.353,0.071,0.0,Health Care,2026-07-03,8.56,-49.77,96
MGTX,,6.7,Tendance baissière (pas un setup),10.6,1018055758.0,28.6,-0.132,-2.93,-4.76,-23.69,12021250.0,30.8,31.3,75.0,0.0,0.0,0.0,1.0,0.336,0.0,0.0,0.37,0.317,0.0,Health Care,2026-07-03,13.92,-23.85,96
PLG,,6.7,Tendance baissière (pas un setup),1.28,163692943.0,38.9,-0.008,-0.78,0.0,-15.23,1339285.0,24.3,29.6,67.0,0.53,0.0,0.0,1.0,0.595,0.263,0.0,0.381,0.016,0.0,Materials,2026-07-03,1.42,-9.86,96
GOLF,,6.7,Tendance baissière (pas un setup),82.96,4845282450.0,40.6,0.514,-0.52,0.66,-4.51,28566671.0,25.9,28.4,1.0,0.4,0.0,0.0,1.0,0.995,0.2,0.0,0.301,0.024,0.0,Consumer Discretionary,2026-08-27,86.8,-4.42,41
MUX,,6.7,Tendance baissière (pas un setup),18.1,1110590045.0,44.0,-0.1,1.12,0.67,-9.82,26233358.0,17.5,25.9,11.0,0.0,0.0,0.0,1.0,0.855,0.0,0.0,0.474,0.079,0.0,Materials,2026-07-03,18.9,-4.23,96
CCOI,,6.7,Tendance baissière (pas un setup),9.31,476818502.0,53.6,0.171,4.84,26.84,-7.36,20739620.0,32.3,48.1,37.0,0.0,0.0,0.0,0.105,0.74,0.0,0.0,0.945,0.103,0.0,Communication Services,2026-07-03,12.99,-28.33,96
ASM,,6.7,Tendance baissière (pas un setup),5.57,946093859.0,35.8,-0.05,-0.18,-1.07,-24.01,19691967.0,29.5,34.8,66.0,0.7,0.0,0.0,0.844,0.605,0.349,0.0,0.395,0.008,0.0,Materials,2026-07-03,6.57,-15.22,96
IRS,,6.7,Tendance baissière (pas un setup),14.27,1157007490.0,44.9,-0.131,2.29,2.15,-5.87,3243921.0,13.0,20.1,84.0,0.0,0.0,0.0,1.0,0.095,0.0,0.127,0.565,0.063,0.152,Real Estate,2026-07-03,15.81,-9.74,96
NPB,,6.7,Tendance baissière (pas un setup),15.55,537747643.0,41.5,-0.006,1.24,4.86,-10.01,4595644.0,13.7,21.2,97.0,0.0,0.0,0.0,1.0,0.137,0.0,0.034,0.484,0.063,0.3,Financials,2026-07-03,18.95,-17.94,96
EVCM,,6.7,Tendance baissière (pas un setup),9.27,1637686830.0,57.2,0.243,2.21,15.73,17.05,1422536.0,26.8,50.9,93.0,0.11,0.0,0.0,0.0,0.094,0.556,0.0,0.522,0.23,0.0,Information Technology,2026-07-03,9.98,-7.11,96
AVA,,6.7,Tendance baissière (pas un setup),35.19,2947262088.0,33.5,0.037,0.17,0.23,-6.28,26157666.0,16.5,18.3,77.0,0.0,0.0,0.0,1.0,0.393,0.0,0.0,0.375,0.008,0.423,Utilities,2026-07-03,41.4,-15.0,96
NMFC,,6.7,Tendance baissière (pas un setup),6.84,646054348.0,38.6,-0.016,-0.15,-2.56,-5.28,4031681.0,10.1,13.5,2.0,0.0,0.0,0.0,1.0,0.711,0.0,0.489,0.016,0.008,0.342,Financials,2026-07-03,7.15,-4.34,96
SLSR,,6.7,Tendance baissière (pas un setup),7.13,1190961889.0,42.0,0.002,0.14,1.13,-12.41,1149313.0,21.3,25.1,52.0,0.41,0.0,0.0,1.0,0.688,0.206,0.0,0.389,0.032,0.0,Materials,2026-07-03,8.45,-15.62,96
BDN,,6.7,Tendance baissière (pas un setup),2.75,480086467.0,32.4,-0.012,0.73,-2.48,-11.86,5101928.0,16.9,17.8,66.0,0.46,0.0,0.0,1.0,0.558,0.228,0.0,0.305,0.016,0.146,Real Estate,2026-07-03,3.24,-15.12,96
IMRX,,6.6,Tendance baissière (pas un setup),3.83,247791050.0,27.4,-0.038,-5.2,-7.26,-20.54,2948895.0,29.5,29.8,24.0,0.3,0.0,0.0,1.0,0.844,0.252,0.0,0.307,0.008,0.0,Health Care,2026-07-03,5.19,-26.2,96
TLRY,,6.6,Tendance baissière (pas un setup),3.78,558616493.0,39.2,-0.023,1.61,-4.3,-16.0,15495451.0,23.6,28.5,41.0,0.41,0.0,0.0,1.0,0.752,0.207,0.0,0.34,0.032,0.0,Health Care,2026-07-03,4.62,-18.18,96
OCFC,,6.6,Tendance baissière (pas un setup),16.75,1618807418.0,29.9,-0.031,-0.42,0.48,-13.79,19525553.0,15.9,18.9,96.0,0.0,0.0,0.0,1.0,0.138,0.0,0.0,0.418,0.008,0.442,Financials,2026-07-03,19.05,-12.07,96
SRAD,,6.6,Tendance baissière (pas un setup),12.18,3797204694.0,45.0,-0.057,0.83,5.36,-5.58,30104374.0,19.6,24.8,49.0,0.34,0.0,0.0,1.0,0.318,0.168,0.0,0.529,0.048,0.0,Information Technology,2026-07-03,15.01,-18.85,96
SLM,,6.6,Tendance baissière (pas un setup),22.58,4243842312.0,30.3,-0.139,-0.7,-1.35,-16.62,52709621.0,19.7,21.7,92.0,0.37,0.0,0.0,1.0,0.253,0.187,0.0,0.392,0.063,0.133,Financials,2026-07-03,25.6,-11.8,96
NWCL,,6.6,Tendance baissière (pas un setup),8.38,2359262881.0,40.7,0.06,-1.76,16.71,-21.09,8237319.0,22.5,34.4,96.0,0.0,0.0,0.0,0.866,0.024,0.377,0.0,0.398,0.079,0.075,Industrials,2026-09-23,8.64,-3.01,14
EEFT,,6.6,Tendance baissière (pas un setup),63.54,2376624426.0,36.4,-0.102,-1.11,-0.35,-13.91,39641980.0,24.3,25.9,63.0,0.5,0.0,0.0,1.0,0.6,0.251,0.0,0.368,0.008,0.026,Information Technology,2026-07-03,77.18,-17.67,96
YETI,,6.6,Tendance baissière (pas un setup),40.25,2937799039.0,40.2,0.025,-0.67,-5.41,-1.4,75831577.0,25.4,27.7,44.0,0.04,0.0,0.0,1.0,0.546,0.518,0.0,0.0,0.008,0.152,Consumer Discretionary,2026-07-03,49.69,-19.0,96
MHO,,6.6,Tendance baissière (pas un setup),133.29,3369975202.0,34.5,-0.357,0.98,-1.84,-10.1,28489777.0,16.0,18.0,28.0,0.31,0.0,0.0,1.0,0.713,0.156,0.0,0.045,0.056,0.381,Consumer Discretionary,2026-07-03,156.84,-15.02,96
UHT,,6.5,Tendance baissière (pas un setup),37.42,520088755.0,36.4,-0.153,1.35,-1.55,-6.59,6011751.0,16.6,19.6,83.0,0.0,0.0,0.0,1.0,0.289,0.0,0.0,0.343,0.032,0.412,Real Estate,2026-07-03,45.82,-18.33,96
OLN,,6.5,Tendance baissière (pas un setup),16.21,1847656163.0,41.8,0.053,-0.37,5.06,-6.68,62783670.0,26.9,32.6,27.0,0.0,0.0,0.0,0.966,0.746,0.177,0.0,0.379,0.032,0.0,Materials,2026-07-03,20.04,-19.11,96
TCMD,,6.5,Tendance baissière (pas un setup),22.19,502654226.0,42.9,0.096,-1.25,-1.51,1.46,6016048.0,27.0,30.0,1.0,0.58,0.0,0.0,1.0,0.995,0.348,0.0,0.1,0.032,0.0,Health Care,2026-07-03,31.35,-29.22,96
LMNR,,6.5,Tendance baissière (pas un setup),12.18,220847845.0,39.6,-0.016,1.67,0.5,-18.75,2256211.0,20.0,24.1,91.0,0.0,0.0,0.0,1.0,0.244,0.0,0.0,0.415,0.056,0.314,Consumer Staples,2026-07-03,13.22,-7.87,96
VLRS,,6.5,Tendance baissière (pas un setup),6.5,755273487.0,42.4,0.014,0.78,-3.13,-5.11,2295810.0,25.1,28.6,5.0,0.96,0.0,0.0,1.0,0.827,0.478,0.0,0.042,0.016,0.0,Industrials,2026-07-03,9.16,-29.04,96
NVCR,,6.5,Tendance baissière (pas un setup),14.97,1743194225.0,35.9,-0.119,-1.51,-6.38,-16.56,19293852.0,19.6,21.8,5.0,0.65,0.0,0.0,1.0,0.896,0.325,0.0,0.0,0.151,0.0,Health Care,2026-07-03,17.2,-12.97,96
DGXX,,6.5,Tendance baissière (pas un setup),3.63,368057879.0,40.6,-0.058,-2.68,-14.59,-3.2,10032294.0,24.1,31.2,33.0,0.87,0.0,0.0,1.0,0.4,0.574,0.0,0.0,0.111,0.0,Utilities,2026-07-03,4.6,-21.09,96
TE,,6.5,Tendance baissière (pas un setup),3.8,1119010795.0,41.9,0.007,2.7,0.8,-17.39,76796442.0,39.9,44.7,25.0,1.0,0.0,0.0,0.294,0.848,0.5,0.0,0.355,0.024,0.0,Industrials,2026-07-03,8.56,-55.61,96
SGML,,6.5,Tendance baissière (pas un setup),9.71,1093038319.0,46.9,0.027,1.57,0.0,-21.63,23865417.0,26.3,40.9,8.0,0.0,0.0,0.0,0.506,0.78,0.0,0.0,0.686,0.095,0.0,Materials,2026-07-03,12.29,-20.99,96
FUBO,,6.5,Tendance baissière (pas un setup),8.83,964207700.0,36.7,-0.171,2.44,-2.86,-21.51,12499827.0,29.5,33.7,77.0,0.58,0.0,0.0,0.904,0.538,0.292,0.0,0.348,0.04,0.0,Communication Services,2026-07-03,10.2,-13.43,96
ADNT,,6.5,Tendance baissière (pas un setup),17.51,1349967279.0,45.3,0.021,1.57,1.98,-12.49,18860728.0,22.0,26.5,38.0,0.0,0.0,0.0,1.0,0.639,0.0,0.0,0.549,0.048,0.0,Consumer Discretionary,2026-07-03,18.76,-6.66,96
PTA,,6.5,Tendance baissière (pas un setup),17.18,949597991.0,36.8,-0.026,0.82,-1.43,-6.1,5425076.0,9.4,10.7,89.0,0.0,0.0,0.0,0.776,0.067,0.0,0.57,0.039,0.016,0.592,Financials,2026-07-03,19.32,-11.08,96
HEPS,,6.5,Tendance baissière (pas un setup),2.46,878773992.0,43.1,-0.002,1.65,-2.38,-8.04,1581863.0,18.0,21.3,83.0,0.0,0.0,0.0,1.0,0.249,0.252,0.0,0.373,0.024,0.129,Consumer Discretionary,2026-09-16,2.68,-8.21,21
CVLG,,6.5,Tendance baissière (pas un setup),33.09,839750674.0,42.1,0.064,-0.3,0.24,-5.59,7086656.0,26.6,29.1,31.0,0.37,0.0,0.0,1.0,0.653,0.185,0.0,0.353,0.063,0.0,Industrials,2026-07-03,43.94,-24.69,96
AIRJ,gestion_thermique,6.5,Tendance baissière (pas un setup),3.82,287290350.0,33.5,-0.009,1.06,-3.29,-16.41,3483601.0,42.6,43.6,6.0,1.0,0.0,0.0,0.355,0.962,0.5,0.0,0.045,0.222,0.0,Industrials,2026-07-03,4.84,-21.07,96
CYH,,6.5,Tendance baissière (pas un setup),2.74,386365638.0,38.8,-0.02,-0.72,-5.84,-5.19,3393984.0,11.0,12.7,37.0,0.91,0.0,0.0,1.0,0.376,0.455,0.37,0.019,0.008,0.0,Health Care,2026-07-03,3.9,-29.74,96
RJET,,6.5,Tendance baissière (pas un setup),17.59,823555005.0,44.5,-0.045,3.11,-3.09,-1.84,1508016.0,21.9,24.5,4.0,0.48,0.0,0.0,1.0,0.767,0.346,0.0,0.153,0.056,0.0,Industrials,2026-07-03,21.39,-17.77,96
ARRY,,6.5,Tendance baissière (pas un setup),4.06,625271230.0,44.0,0.039,4.1,1.75,-11.74,27701836.0,35.8,40.5,44.0,0.29,0.0,0.0,0.527,0.729,0.263,0.0,0.477,0.056,0.0,Information Technology,2026-07-03,6.97,-41.75,96
GRRR,,6.5,Tendance baissière (pas un setup),12.18,338086033.0,36.7,-0.138,-0.57,-12.06,-11.68,6737406.0,26.1,35.7,8.0,1.0,0.0,0.0,0.796,0.946,0.525,0.0,0.0,0.063,0.0,Information Technology,2026-07-03,18.51,-34.2,96
IRWD,,6.5,Tendance baissière (pas un setup),3.63,599821008.0,33.7,-0.073,-0.55,-12.74,-14.79,8987934.0,21.1,22.8,33.0,0.02,0.0,0.0,1.0,0.663,0.511,0.0,0.0,0.071,0.0,Health Care,2026-07-03,4.33,-16.17,96
PRCT,robotique,6.5,Tendance baissière (pas un setup),17.51,1002861769.0,40.1,-0.06,-1.74,-3.9,-23.07,25793276.0,23.6,27.0,62.0,0.42,0.0,0.0,1.0,0.566,0.232,0.0,0.364,0.032,0.0,Health Care,2026-07-03,21.03,-16.74,96
EFC,,6.5,Tendance baissière (pas un setup),11.67,1504115795.0,26.4,-0.064,1.48,-3.15,-12.43,20626185.0,13.8,16.0,89.0,0.0,0.0,0.0,1.0,0.067,0.0,0.022,0.316,0.016,0.539,Real Estate,2026-07-03,13.47,-13.36,96
NPCE,,6.5,Tendance baissière (pas un setup),12.67,434888552.0,34.9,-0.149,-4.16,-9.11,-14.97,1856824.0,20.0,21.0,42.0,0.93,0.0,0.0,1.0,0.625,0.606,0.0,0.0,0.008,0.0,Health Care,2026-07-03,16.14,-21.5,96
DNN,production_energie,6.5,Tendance baissière (pas un setup),2.71,2453135704.0,41.5,-0.004,3.04,4.63,-20.76,71685270.0,29.6,34.5,89.0,0.24,0.0,0.0,0.859,0.467,0.225,0.0,0.441,0.071,0.0,Energy,2026-07-03,3.2,-15.31,96
KAI,,6.4,Tendance baissière (pas un setup),263.66,3113591788.0,35.8,0.883,-1.3,-1.3,-11.75,47364698.0,23.7,25.3,5.0,0.0,0.0,0.0,1.0,0.971,0.0,0.0,0.332,0.008,0.155,Industrials,2026-07-03,309.0,-14.67,96
MAZE,,6.4,Tendance baissière (pas un setup),26.43,1468164510.0,50.5,0.203,0.0,-2.18,0.84,23897729.0,14.2,28.7,74.0,0.0,0.0,0.0,1.0,0.157,0.0,0.0,0.515,0.214,0.0,Health Care,2026-07-03,31.26,-15.45,96
AGO,,6.4,Tendance baissière (pas un setup),69.43,3053476411.0,39.3,0.155,0.43,0.67,-8.27,40566616.0,19.7,22.3,48.0,0.0,0.0,0.0,1.0,0.604,0.0,0.0,0.386,0.024,0.208,Financials,2026-07-03,83.67,-17.02,96
TREE,,6.4,Tendance baissière (pas un setup),24.7,346777157.0,36.1,0.221,0.78,1.44,-12.87,9072488.0,41.2,44.0,25.0,0.65,0.0,0.0,0.332,0.805,0.484,0.0,0.347,0.032,0.0,Financials,2026-07-03,45.0,-45.11,96
GEL,,6.4,Tendance baissière (pas un setup),14.28,1744649304.0,40.7,-0.042,1.85,3.33,-9.91,5015265.0,14.3,18.7,95.0,0.0,0.0,0.0,1.0,0.193,0.0,0.0,0.446,0.048,0.282,Energy,2026-07-03,14.2,0.56,96
PTLO,,6.4,Tendance baissière (pas un setup),3.78,287065387.0,44.9,0.028,6.48,6.48,-14.48,6127130.0,27.9,37.2,52.0,0.0,0.0,0.0,0.71,0.685,0.003,0.0,0.604,0.095,0.0,Consumer Discretionary,2026-07-03,4.98,-24.1,96
WHWK,,6.4,Tendance baissière (pas un setup),3.61,205802526.0,29.9,-0.02,-2.43,-3.22,-21.52,1529642.0,29.2,33.3,21.0,0.14,0.0,0.0,0.926,0.876,0.189,0.0,0.333,0.008,0.0,Health Care,2026-07-03,4.19,-13.84,96
MBC,,6.4,Tendance baissière (pas un setup),7.1,1444782479.0,41.8,0.069,1.72,1.87,-16.57,24278403.0,25.6,34.3,23.0,0.0,0.0,0.0,0.874,0.759,0.218,0.0,0.325,0.056,0.0,Consumer Discretionary,2026-07-03,9.88,-28.14,96
AGIO,,6.4,Tendance baissière (pas un setup),31.72,1893743697.0,40.9,-0.2,1.5,-4.74,-4.17,35037712.0,15.5,22.4,28.0,0.28,0.0,0.0,1.0,0.685,0.14,0.0,0.0,0.341,0.0,Health Care,2026-07-03,37.58,-15.59,96
AKR,,6.4,Tendance baissière (pas un setup),18.39,2525548758.0,19.3,-0.018,-0.11,-3.21,-8.41,25419534.0,19.3,19.7,42.0,0.43,0.0,0.0,1.0,0.747,0.215,0.0,0.026,0.008,0.356,Real Estate,2026-07-03,21.27,-13.54,96
MGEE,,6.4,Tendance baissière (pas un setup),70.59,2667173407.0,35.8,0.061,0.46,1.95,-8.76,15748637.0,15.1,18.2,95.0,0.0,0.0,0.0,1.0,0.052,0.0,0.0,0.416,0.032,0.408,Utilities,2026-07-03,84.23,-16.19,96
BMBL,,6.4,Tendance baissière (pas un setup),2.51,331240468.0,34.5,-0.028,-1.57,-2.33,-13.45,5911886.0,21.8,22.4,71.0,0.61,0.0,0.0,1.0,0.464,0.306,0.0,0.333,0.008,0.0,Communication Services,2026-07-03,3.28,-23.48,96
ACEL,,6.4,Tendance baissière (pas un setup),10.94,888256617.0,38.4,-0.002,0.55,0.55,-7.91,4173579.0,14.9,17.6,62.0,0.0,0.0,0.0,1.0,0.432,0.0,0.0,0.402,0.032,0.271,Consumer Discretionary,2026-07-03,12.77,-14.33,96
RNP,,6.4,Tendance baissière (pas un setup),18.35,901693824.0,28.5,-0.074,1.33,-2.7,-8.18,2699864.0,11.1,12.3,94.0,0.0,0.0,0.0,1.0,0.033,0.0,0.363,0.047,0.016,0.597,Financials,2026-07-03,20.65,-11.14,96
BBSI,,6.4,Tendance baissière (pas un setup),31.28,758076430.0,42.0,-0.041,0.16,2.29,-7.76,7431496.0,25.8,29.0,63.0,0.32,0.0,0.0,1.0,0.575,0.162,0.0,0.366,0.071,0.0,Industrials,2026-07-03,37.91,-17.49,96
NHI,,6.3,Tendance baissière (pas un setup),65.54,3218697844.0,34.4,0.049,0.8,-0.27,-6.21,28989566.0,17.2,18.5,25.0,0.0,0.0,0.0,1.0,0.822,0.0,0.0,0.351,0.016,0.148,Real Estate,2026-07-03,77.49,-15.42,96
AAUC,,6.3,Tendance baissière (pas un setup),20.19,2813433960.0,39.5,-0.238,2.07,-5.3,-14.52,9771984.0,17.4,30.7,60.0,1.0,0.0,0.0,1.0,0.507,0.5,0.0,0.037,0.063,0.0,Materials,2026-07-03,24.6,-17.93,96
CDLR,,6.3,Tendance baissière (pas un setup),22.04,2126658047.0,36.9,-0.341,0.64,-2.43,-11.59,1647714.0,15.9,19.4,90.0,0.38,0.0,0.0,1.0,0.211,0.19,0.0,0.409,0.024,0.115,Industrials,2026-07-03,22.17,-0.59,96
BCBP,,6.3,Tendance baissière (pas un setup),8.31,346957641.0,35.0,-0.003,-1.77,-2.81,-4.15,4077894.0,22.6,24.5,14.0,0.0,0.0,0.0,1.0,0.723,0.5,0.0,0.0,0.008,0.032,Financials,2026-07-03,10.28,-19.16,96
ETOR,,6.3,Tendance baissière (pas un setup),26.4,2126423191.0,37.1,0.004,2.76,2.8,-18.69,29283499.0,31.6,34.8,68.0,0.41,0.0,0.0,0.845,0.59,0.206,0.0,0.398,0.056,0.0,Financials,2026-07-03,40.47,-34.77,96
RHLD,,6.3,Tendance baissière (pas un setup),115.64,904257966.0,36.6,-0.683,0.01,-3.77,-15.34,14788276.0,21.8,22.9,29.0,0.8,0.0,0.0,1.0,0.829,0.399,0.0,0.034,0.056,0.0,Industrials,2026-07-03,148.34,-22.04,96
RGNX,,6.3,Tendance baissière (pas un setup),7.45,491798280.0,38.4,0.059,-3.99,0.0,-16.67,11761592.0,38.3,41.1,21.0,0.25,0.0,0.0,0.497,0.871,0.126,0.0,0.357,0.198,0.0,Health Care,2026-07-03,13.28,-43.9,96
BFS,,6.3,Tendance baissière (pas un setup),29.9,739041320.0,31.7,0.093,1.18,-0.86,-8.06,4530315.0,17.6,18.9,53.0,0.0,0.0,0.0,1.0,0.579,0.0,0.0,0.317,0.016,0.304,Real Estate,2026-07-03,37.59,-20.46,96
VGM,,6.3,Tendance baissière (pas un setup),8.79,476698999.0,30.8,-0.041,1.27,1.5,-12.39,3441646.0,15.5,19.4,99.0,0.0,0.0,0.0,1.0,0.005,0.0,0.0,0.399,0.016,0.456,Financials,2026-07-03,10.58,-16.92,96
RUN,,6.3,Tendance baissière (pas un setup),7.77,1871381050.0,39.3,-0.0,2.1,0.65,-12.6,62664397.0,30.6,33.4,47.0,0.5,0.0,0.0,0.921,0.645,0.25,0.0,0.336,0.016,0.0,Information Technology,2026-07-03,12.74,-39.01,96
OCGN,,6.3,Tendance baissière (pas un setup),1.04,352674817.0,42.4,0.011,0.0,-4.59,-23.53,9851846.0,30.2,34.9,1.0,0.0,0.0,0.0,0.839,0.852,0.127,0.0,0.362,0.071,0.0,Health Care,2026-07-03,1.51,-31.13,96
AD,,6.3,Tendance baissière (pas un setup),34.32,2968680000.0,37.8,-0.154,-0.52,1.51,-10.86,9865030.0,12.0,15.0,91.0,0.0,0.0,0.0,1.0,0.211,0.0,0.256,0.422,0.016,0.151,Communication Services,2026-07-03,36.24,-5.3,96
CAMP,,6.3,Tendance baissière (pas un setup),3.96,248502672.0,47.2,0.002,-1.25,1.28,-10.2,1357594.0,34.0,46.5,34.0,0.0,0.0,0.0,0.194,0.71,0.1,0.0,0.66,0.151,0.0,Health Care,2026-07-03,4.43,-10.61,96
AEVA,ia|laser_photonique,6.3,Tendance baissière (pas un setup),14.57,1015612894.0,43.7,0.121,1.89,4.29,-7.14,20873666.0,48.7,52.5,4.0,0.63,0.0,0.0,0.0,0.976,0.452,0.0,0.43,0.048,0.0,Information Technology,2026-07-03,23.98,-39.24,96
NOA,,6.3,Tendance baissière (pas un setup),12.24,339176055.0,37.1,-0.003,-0.08,2.43,-8.31,1293709.0,23.9,26.0,75.0,0.24,0.0,0.0,1.0,0.548,0.121,0.0,0.404,0.016,0.075,Energy,2026-07-03,12.91,-5.19,96
NAN,,6.2,Tendance baissière (pas un setup),9.76,2950602208.0,32.6,0.0,0.0,1.77,-8.61,1843957.0,14.0,15.8,92.0,0.0,0.0,0.0,1.0,0.048,0.0,0.0,0.342,0.008,0.475,Financials,2026-08-20,11.12,-12.23,48
ZENA,defense,6.2,Tendance baissière (pas un setup),1.3,261505248.0,37.6,-0.014,1.56,-11.56,-22.62,2281834.0,42.5,46.0,43.0,1.0,0.0,0.0,0.221,0.743,0.587,0.0,0.302,0.016,0.0,Information Technology,2026-07-03,1.42,-8.45,96
TV,,6.2,Tendance baissière (pas un setup),2.28,1407133008.0,38.3,0.002,-0.44,-2.98,-13.31,3598734.0,22.4,25.9,52.0,0.0,0.0,0.0,1.0,0.514,0.265,0.0,0.319,0.016,0.0,Communication Services,2026-07-28,2.81,-18.86,71
AORT,,6.2,Tendance baissière (pas un setup),21.84,1064835867.0,32.4,-0.083,-3.41,-4.46,-14.59,15197751.0,27.5,28.3,55.0,0.33,0.0,0.0,1.0,0.53,0.166,0.0,0.336,0.071,0.0,Health Care,2026-07-03,23.97,-8.89,96
AREC,,6.2,Tendance baissière (pas un setup),1.7,181851162.0,28.2,-0.015,-2.3,-6.08,-30.04,2946118.0,42.4,45.6,51.0,1.0,0.0,0.0,0.245,0.695,0.52,0.0,0.34,0.032,0.0,Materials,2026-07-03,1.96,-13.27,96
DERM,,6.2,Tendance baissière (pas un setup),6.16,173862273.0,37.4,-0.059,-7.92,-5.08,-21.63,1287150.0,24.4,25.4,62.0,0.21,0.0,0.0,1.0,0.333,0.106,0.0,0.313,0.206,0.0,Health Care,2026-07-03,7.09,-13.12,96
DOO,,6.2,Tendance baissière (pas un setup),56.09,3990464688.0,42.3,-0.064,1.98,-2.21,-16.42,15810780.0,19.7,23.0,44.0,0.18,0.0,0.0,1.0,0.735,0.09,0.0,0.376,0.032,0.0,Consumer Discretionary,2026-07-03,57.87,-3.08,96
TDOC,,6.2,Tendance baissière (pas un setup),5.77,1048316801.0,38.4,-0.013,-0.35,0.35,-8.12,21038183.0,39.2,42.2,36.0,0.86,0.0,0.0,0.431,0.768,0.441,0.0,0.327,0.016,0.0,Health Care,2026-07-03,9.2,-37.28,96
JBI,,6.2,Tendance baissière (pas un setup),4.32,589402613.0,43.7,0.026,-0.46,3.1,-15.13,10252864.0,24.2,29.6,56.0,0.0,0.0,0.0,1.0,0.524,0.026,0.0,0.498,0.056,0.0,Industrials,2026-07-03,5.35,-19.25,96
CLNE,,6.2,Tendance baissière (pas un setup),1.56,343894223.0,40.4,-0.006,0.0,-0.64,-5.45,2837540.0,21.2,22.7,32.0,0.32,0.0,0.0,1.0,0.81,0.162,0.0,0.315,0.008,0.0,Energy,2026-07-03,2.05,-23.9,96
FUL,,6.2,Tendance baissière (pas un setup),50.63,2725368295.0,41.4,0.328,0.38,2.08,-6.05,54087130.0,21.2,27.3,1.0,0.0,0.0,0.0,1.0,0.682,0.0,0.0,0.34,0.056,0.147,Materials,2026-07-03,58.06,-12.8,96
IPI,,6.2,Tendance baissière (pas un setup),33.53,451202279.0,37.4,-0.394,0.45,3.65,-17.23,6764693.0,21.5,26.4,98.0,0.36,0.0,0.0,1.0,0.313,0.181,0.0,0.439,0.048,0.0,Materials,2026-07-03,33.58,-0.15,96
UIS,,6.2,Tendance baissière (pas un setup),2.31,168435856.0,37.4,0.013,-0.43,1.32,-11.83,1477132.0,35.5,39.7,2.0,0.51,0.0,0.0,0.574,0.935,0.291,0.0,0.334,0.032,0.0,Information Technology,2026-07-03,3.75,-38.4,96
POST,,6.2,Tendance baissière (pas un setup),73.32,3222912943.0,35.7,-0.059,0.88,-0.15,-13.37,71009583.0,25.0,26.9,65.0,0.35,0.0,0.0,1.0,0.61,0.177,0.0,0.366,0.016,0.0,Consumer Staples,2026-07-03,92.78,-20.97,96
UPST,,6.2,Tendance baissière (pas un setup),23.86,2321889278.0,40.7,0.08,-2.01,3.11,-14.94,111785129.0,31.2,35.0,17.0,0.13,0.0,0.0,0.834,0.895,0.067,0.0,0.405,0.048,0.0,Financials,2026-07-03,34.78,-31.4,96
NTST,,6.2,Tendance baissière (pas un setup),17.64,1790953885.0,28.9,-0.032,1.15,-1.62,-12.2,32709696.0,20.1,21.7,92.0,0.01,0.0,0.0,1.0,0.344,0.006,0.0,0.37,0.016,0.313,Real Estate,2026-07-03,21.66,-18.56,96
BBAI,defense|ia|new_tech,6.2,Tendance baissière (pas un setup),2.58,1237095792.0,34.9,-0.011,-1.15,-2.64,-11.64,42826243.0,24.3,24.9,8.0,0.86,0.0,0.0,1.0,0.83,0.431,0.0,0.032,0.008,0.0,Information Technology,2026-07-03,3.53,-26.91,96
SITE,,6.2,Tendance baissière (pas un setup),90.47,3949503133.0,44.5,0.033,3.21,0.6,-10.05,100785119.0,14.6,18.9,17.0,0.0,0.0,0.0,1.0,0.817,0.0,0.0,0.458,0.024,0.0,Industrials,2026-07-03,112.39,-19.5,96
BKKT,,6.2,Tendance baissière (pas un setup),7.35,331260516.0,42.4,-0.142,-2.91,-9.26,-11.76,11099736.0,24.9,31.5,65.0,0.15,0.0,0.0,1.0,0.311,0.577,0.0,0.04,0.04,0.0,Information Technology,2026-07-03,8.36,-12.08,96
BKD,,6.2,Tendance baissière (pas un setup),10.9,2603108047.0,34.6,0.002,3.51,-0.73,-7.39,51160430.0,30.4,32.7,66.0,0.49,0.0,0.0,0.96,0.605,0.244,0.0,0.325,0.016,0.0,Health Care,2026-07-03,15.87,-31.32,96
EOSE,equipement_electrique|new_tech,6.2,Tendance baissière (pas un setup),3.26,1187186845.0,42.1,-0.033,-0.31,4.82,-15.98,94279421.0,29.0,35.5,58.0,0.34,0.0,0.0,0.805,0.652,0.169,0.0,0.403,0.063,0.0,Industrials,2026-07-03,5.23,-37.67,96
CRMD,,6.1,Tendance baissière (pas un setup),7.28,567434679.0,34.9,-0.063,0.28,-8.2,-13.64,6728417.0,18.9,21.4,21.0,0.82,0.0,0.0,1.0,0.876,0.41,0.0,0.0,0.024,0.0,Health Care,2026-07-03,8.75,-16.8,96
LADR,,6.1,Tendance baissière (pas un setup),8.68,1101190830.0,31.2,-0.035,1.88,-1.36,-9.39,13818610.0,15.9,17.8,99.0,0.0,0.0,0.0,1.0,0.177,0.0,0.0,0.335,0.016,0.402,Real Estate,2026-07-03,10.01,-13.29,96
EDN,,6.1,Tendance baissière (pas un setup),20.94,947386787.0,37.6,-0.183,0.53,0.96,-14.88,2319036.0,23.9,29.4,96.0,0.0,0.0,0.0,1.0,0.262,0.251,0.0,0.388,0.032,0.0,Utilities,2026-07-03,24.28,-13.76,96
HQL,,6.1,Tendance baissière (pas un setup),17.56,450934408.0,25.2,-0.189,-0.68,-5.03,-14.92,2533893.0,20.3,22.6,81.0,0.57,0.0,0.0,1.0,0.114,0.285,0.0,0.019,0.111,0.322,Financials,2026-07-03,20.12,-12.72,96
VIVO,,6.1,Tendance baissière (pas un setup),3.29,105258796.0,35.3,-0.057,-2.08,-10.6,-15.42,1466205.0,36.1,40.4,23.0,0.95,0.0,0.0,0.534,0.673,0.588,0.0,0.027,0.103,0.0,Information Technology,2026-07-03,4.68,-29.7,96
CENX,,6.1,Tendance baissière (pas un setup),37.18,3680570708.0,35.8,-0.057,0.65,2.71,-20.52,70866532.0,33.1,36.9,71.0,0.41,0.0,0.0,0.727,0.571,0.205,0.0,0.428,0.048,0.0,Materials,2026-07-03,43.76,-15.04,96
ROCK,,6.1,Tendance baissière (pas un setup),40.8,1211102671.0,41.8,-0.029,1.19,1.97,-13.65,15244487.0,29.1,33.7,78.0,0.0,0.0,0.0,0.906,0.377,0.0,0.0,0.378,0.23,0.0,Industrials,2026-07-03,43.92,-7.1,96
PENN,,6.1,Tendance baissière (pas un setup),15.91,2132999463.0,45.4,0.031,5.36,8.9,-6.8,55636008.0,25.8,34.1,88.0,0.0,0.0,0.0,0.884,0.14,0.0,0.0,0.645,0.079,0.038,Consumer Discretionary,2026-07-03,22.02,-27.75,96
LOVE,,6.1,Tendance baissière (pas un setup),14.76,212889871.0,45.7,0.09,-0.47,-5.51,-11.56,4775998.0,23.1,30.9,37.0,0.0,0.0,0.0,1.0,0.686,0.0,0.0,0.233,0.071,0.223,Consumer Discretionary,2026-07-03,17.49,-15.61,96
ARMP,,6.1,Tendance baissière (pas un setup),3.85,143150619.0,42.9,-0.017,5.19,7.24,-34.08,1918004.0,42.0,50.6,81.0,0.0,0.0,0.0,0.0,0.514,0.498,0.0,0.489,0.079,0.0,Health Care,2026-07-03,5.89,-34.63,96
NVST,,6.1,Tendance baissière (pas un setup),23.27,3737574088.0,34.0,0.01,-0.3,-0.26,-14.7,74740007.0,19.8,21.3,69.0,0.0,0.0,0.0,1.0,0.536,0.0,0.0,0.36,0.016,0.217,Health Care,2026-07-03,27.63,-15.78,96
ABUS,,6.1,Tendance baissière (pas un setup),4.48,886358301.0,35.2,-0.059,-4.07,-4.48,-13.01,39815434.0,17.8,21.8,72.0,0.0,0.0,0.0,1.0,0.167,0.0,0.0,0.302,0.04,0.407,Health Care,2026-07-03,4.87,-8.01,96
MMYT,,6.0,Tendance baissière (pas un setup),43.37,4079324171.0,25.2,-0.091,-3.62,-7.96,-22.02,51734051.0,33.3,34.7,11.0,0.0,0.0,0.0,0.85,0.83,0.5,0.0,0.0,0.016,0.0,Consumer Discretionary,2026-09-08,55.62,-22.02,29
MDWD,,6.0,Tendance baissière (pas un setup),13.15,169770156.0,42.3,-0.03,-2.66,-4.71,-1.05,1136066.0,11.6,15.8,13.0,0.33,0.0,0.0,1.0,0.87,0.168,0.302,0.021,0.04,0.0,Health Care,2026-07-03,15.16,-13.26,96
VCV,,6.0,Tendance baissière (pas un setup),8.95,428620199.0,25.7,-0.024,1.24,-0.56,-11.94,2772900.0,16.0,17.7,96.0,0.0,0.0,0.0,1.0,0.024,0.0,0.0,0.372,0.016,0.408,Financials,2026-07-03,10.79,-17.05,96
IMCR,,6.0,Tendance baissière (pas un setup),29.55,1521784132.0,27.6,-0.165,-0.14,-4.21,-18.21,13407508.0,22.1,23.0,63.0,0.35,0.0,0.0,1.0,0.426,0.174,0.0,0.312,0.024,0.086,Health Care,2026-07-03,32.5,-9.08,96
BC,,6.0,Tendance baissière (pas un setup),64.98,4210536871.0,31.9,0.206,0.23,-0.08,-12.7,54269012.0,22.8,25.6,46.0,0.03,0.0,0.0,1.0,0.702,0.014,0.0,0.363,0.008,0.105,Consumer Discretionary,2026-07-08,77.33,-15.97,91
AIRO,defense,6.0,Tendance baissière (pas un setup),6.53,206060138.0,37.0,-0.044,0.62,-3.83,-11.76,2726845.0,44.6,48.0,7.0,0.71,0.0,0.0,0.108,0.957,0.474,0.0,0.302,0.056,0.0,Industrials,2026-07-03,7.6,-14.08,96
ALOY,,6.0,Tendance baissière (pas un setup),8.12,563681720.0,39.4,0.039,0.12,1.5,-19.6,17040911.0,47.1,53.9,1.0,0.81,0.0,0.0,0.0,0.995,0.496,0.0,0.325,0.04,0.0,Materials,2026-07-03,13.28,-38.86,96
CLB,,6.0,Tendance baissière (pas un setup),10.3,472610783.0,37.5,-0.049,-2.0,6.08,-17.86,6991179.0,20.4,25.6,89.0,0.13,0.0,0.0,1.0,0.341,0.067,0.0,0.485,0.048,0.0,Energy,2026-07-03,11.46,-10.12,96
NAMS,,6.0,Tendance baissière (pas un setup),22.27,2662092754.0,38.9,0.197,-2.32,-6.47,-12.32,42904471.0,26.5,30.6,10.0,0.0,0.0,0.0,1.0,0.61,0.5,0.0,0.0,0.024,0.0,Health Care,2026-07-03,34.83,-36.06,96
GEVO,,6.0,Tendance baissière (pas un setup),1.28,316463493.0,27.9,-0.02,-0.78,-3.76,-21.95,4420374.0,27.3,27.8,76.0,0.37,0.0,0.0,1.0,0.543,0.185,0.0,0.353,0.008,0.0,Materials,2026-07-03,1.41,-9.22,96
AENT,,6.0,Tendance baissière (pas un setup),4.6,234506298.0,40.2,-0.028,-1.92,-1.29,-10.33,2934952.0,39.6,42.8,100.0,0.0,0.0,0.0,0.401,0.4,0.5,0.0,0.365,0.024,0.0,Communication Services,2026-09-14,6.42,-28.35,23
UFPI,,6.0,Tendance baissière (pas un setup),79.0,4357757789.0,43.0,0.044,1.23,0.29,-6.38,38500016.0,16.4,20.4,13.0,0.0,0.0,0.0,1.0,0.761,0.001,0.0,0.412,0.04,0.0,Materials,2026-07-06,89.19,-11.43,93
CEPU,,6.0,Tendance baissière (pas un setup),12.72,1925515720.0,45.4,-0.087,2.33,6.71,-9.4,3603206.0,20.5,27.4,99.0,0.0,0.0,0.0,1.0,0.134,0.0,0.0,0.628,0.056,0.0,Utilities,2026-07-03,14.66,-13.23,96
LCID,,6.0,Tendance baissière (pas un setup),4.16,1639331932.0,40.7,0.077,-0.24,2.21,-11.11,44741098.0,51.1,54.7,1.0,1.0,0.0,0.0,0.0,0.995,0.5,0.0,0.32,0.04,0.0,Consumer Discretionary,2026-07-03,6.08,-31.58,96
EVN,,6.0,Tendance baissière (pas un setup),9.17,363747885.0,25.1,-0.07,1.1,-1.19,-13.23,1588756.0,15.7,17.0,100.0,0.0,0.0,0.0,1.0,0.0,0.0,0.0,0.361,0.016,0.42,Financials,2026-09-30,9.28,-1.19,7
FLO,,6.0,Tendance baissière (pas un setup),5.74,1217209579.0,36.8,0.025,2.5,1.06,-6.54,46834272.0,27.4,31.7,35.0,0.0,0.0,0.0,1.0,0.761,0.039,0.0,0.369,0.04,0.0,Consumer Staples,2026-07-03,8.63,-33.49,96
BMA,,6.0,Tendance baissière (pas un setup),68.55,4383020507.0,38.0,-0.186,-0.33,3.79,-12.75,20182027.0,28.6,34.6,73.0,0.37,0.0,0.0,0.856,0.462,0.186,0.0,0.412,0.048,0.0,Financials,2026-08-17,77.61,-11.67,51
DRUG,,6.0,Tendance baissière (pas un setup),48.25,473793818.0,23.8,-0.329,-3.09,-3.0,-25.95,5575577.0,44.5,45.3,91.0,1.0,0.0,0.0,0.262,0.341,0.605,0.0,0.381,0.008,0.0,Health Care,2026-07-03,67.6,-28.62,96
UVV,,6.0,Tendance baissière (pas un setup),42.7,1063198274.0,37.8,0.081,1.35,2.52,-6.38,15552166.0,23.6,26.5,82.0,0.0,0.0,0.0,1.0,0.441,0.0,0.0,0.405,0.048,0.141,Consumer Staples,2026-07-03,51.62,-17.28,96
AOMR,,6.0,Tendance baissière (pas un setup),7.38,171325792.0,35.1,-0.026,1.79,-1.99,-11.19,1361616.0,16.7,19.8,96.0,0.0,0.0,0.0,1.0,0.024,0.0,0.0,0.364,0.016,0.413,Real Estate,2026-07-03,9.04,-18.36,96
UNF,,6.0,Tendance baissière (pas un setup),251.72,4552148028.0,27.9,-0.342,-0.46,-1.11,-8.52,102014363.0,17.8,18.9,81.0,0.0,0.0,0.0,1.0,0.114,0.0,0.0,0.338,0.008,0.406,Industrials,2026-07-03,273.56,-7.98,96
DTIL,,5.9,Tendance baissière (pas un setup),6.2,171129635.0,35.2,0.004,-1.74,0.32,-17.0,1745353.0,33.6,36.0,17.0,0.41,0.0,0.0,0.776,0.696,0.228,0.0,0.343,0.008,0.0,Health Care,2026-07-03,8.18,-24.21,96
FCPT,,5.9,Tendance baissière (pas un setup),21.3,2337811448.0,18.5,-0.059,0.33,-2.78,-14.08,29353137.0,18.4,19.0,93.0,0.0,0.0,0.0,1.0,0.193,0.0,0.0,0.349,0.008,0.35,Real Estate,2026-07-03,25.11,-15.17,96
ANGX,,5.9,Tendance baissière (pas un setup),4.14,773171161.0,37.5,-0.131,-0.48,-11.16,-9.61,10952584.0,28.0,36.5,65.0,0.0,0.0,0.0,0.749,0.39,0.0,0.0,0.023,0.548,0.0,Communication Services,2026-07-03,3.54,16.95,96
ANNX,,5.9,Tendance baissière (pas un setup),4.03,764003910.0,41.7,0.055,-4.05,-2.42,-17.25,15013290.0,29.3,36.3,25.0,0.0,0.0,0.0,0.76,0.639,0.242,0.0,0.315,0.04,0.0,Health Care,2026-07-03,5.46,-26.19,96
RLX,,5.9,Tendance baissière (pas un setup),1.7,2077832759.0,40.5,0.006,-1.16,0.0,-5.56,7530254.0,17.7,20.3,5.0,0.0,0.0,0.0,1.0,0.967,0.0,0.0,0.337,0.016,0.0,Consumer Staples,2026-07-03,1.93,-11.92,96
APC,,5.9,Tendance baissière (pas un setup),16.32,205146039.0,41.3,-0.114,3.49,8.29,-14.06,2965610.0,21.0,29.8,99.0,0.0,0.0,0.0,1.0,0.005,0.0,0.0,0.451,0.048,0.237,Energy,2026-09-18,18.59,-12.21,19
OBDC,,5.9,Tendance baissière (pas un setup),10.03,4946219967.0,24.5,-0.062,-1.38,-4.48,-9.42,38729130.0,13.6,14.0,71.0,0.35,0.0,0.0,1.0,0.324,0.174,0.048,0.0,0.008,0.452,Financials,2026-10-07,10.03,0.0,0
HQH,,5.9,Tendance baissière (pas un setup),19.33,915154224.0,22.1,-0.22,-1.28,-7.73,-14.32,3769649.0,20.0,21.9,77.0,0.73,0.0,0.0,1.0,0.138,0.365,0.0,0.0,0.024,0.332,Financials,2026-07-03,22.0,-12.14,96
ADT,,5.9,Tendance baissière (pas un setup),6.36,4646356817.0,37.5,-0.015,2.42,3.58,-14.07,54118977.0,19.5,23.7,96.0,0.07,0.0,0.0,1.0,0.166,0.033,0.0,0.455,0.056,0.128,Industrials,2026-07-07,6.75,-5.78,92
SRTA,,5.9,Tendance baissière (pas un setup),4.75,420217329.0,32.4,-0.052,-1.25,-6.86,-10.71,4238648.0,24.9,25.9,29.0,0.64,0.0,0.0,1.0,0.711,0.319,0.0,0.008,0.032,0.103,Health Care,2026-07-03,5.41,-12.2,96
NG,,5.9,Tendance baissière (pas un setup),6.62,2904727665.0,39.2,-0.069,0.15,0.76,-17.97,41637525.0,32.9,42.9,25.0,0.13,0.0,0.0,0.397,0.821,0.063,0.0,0.388,0.222,0.0,Materials,2026-07-03,6.44,2.8,96
SUPV,,5.9,Tendance baissière (pas un setup),7.44,679602812.0,42.1,-0.021,1.09,6.9,-15.36,4478827.0,27.1,34.2,83.0,0.18,0.0,0.0,0.879,0.425,0.092,0.0,0.46,0.063,0.0,Financials,2026-07-03,9.55,-22.09,96
CXM,,5.9,Tendance baissière (pas un setup),5.16,1198004114.0,38.6,0.03,-1.34,7.05,-12.69,16124883.0,37.6,43.0,45.0,0.56,0.0,0.0,0.391,0.729,0.278,0.0,0.422,0.048,0.0,Information Technology,2026-07-03,5.41,-4.62,96
ANIP,,5.9,Tendance baissière (pas un setup),71.52,1642062582.0,41.6,-0.169,-1.46,-1.51,0.41,31149510.0,14.0,16.4,72.0,0.0,0.0,0.0,1.0,0.284,0.5,0.0,0.014,0.008,0.124,Health Care,2026-07-03,86.03,-16.87,96
ABX,,5.8,Tendance baissière (pas un setup),8.39,820476969.0,43.2,0.022,1.82,4.09,-12.7,5705331.0,24.3,31.2,75.0,0.0,0.0,0.0,1.0,0.328,0.0,0.0,0.483,0.087,0.0,Financials,2026-07-03,11.86,-29.26,96
OPEN,,5.8,Tendance baissière (pas un setup),2.27,2204376684.0,27.4,0.007,-1.73,-4.22,-27.94,84323829.0,46.2,46.7,48.0,1.0,0.0,0.0,0.184,0.714,0.536,0.0,0.312,0.008,0.0,Real Estate,2026-07-03,4.9,-53.67,96
NMCO,,5.8,Tendance baissière (pas un setup),8.66,474320965.0,27.8,-0.042,0.58,-0.14,-13.82,5912904.0,17.4,18.2,99.0,0.0,0.0,0.0,1.0,0.005,0.0,0.0,0.357,0.016,0.367,Financials,2026-07-03,10.87,-20.33,96
GTY,,5.8,Tendance baissière (pas un setup),27.89,1727302975.0,23.2,-0.033,0.07,-2.14,-12.8,23531475.0,20.5,21.3,95.0,0.0,0.0,0.0,1.0,0.31,0.0,0.0,0.379,0.008,0.234,Real Estate,2026-07-03,34.34,-18.78,96
PAR,,5.8,Tendance baissière (pas un setup),14.5,599759266.0,37.6,0.012,-0.82,7.33,-26.66,14837435.0,27.7,34.0,90.0,0.07,0.0,0.0,0.889,0.438,0.036,0.0,0.454,0.095,0.0,Information Technology,2026-07-03,19.05,-23.88,96
UTI,,5.8,Tendance baissière (pas un setup),19.67,1083723194.0,38.1,0.305,2.61,5.58,-11.4,38465901.0,54.9,58.7,35.0,0.0,0.0,0.0,0.0,0.79,0.5,0.0,0.339,0.056,0.0,Consumer Staples,2026-07-03,48.24,-59.22,96
PSN,,5.8,Tendance baissière (pas un setup),42.1,4496507087.0,38.5,-0.076,-0.02,1.32,-11.52,55333477.0,32.4,41.8,52.0,0.62,0.0,0.0,0.456,0.636,0.309,0.0,0.387,0.032,0.0,Information Technology,2026-07-29,62.03,-32.13,70
HELE,,5.8,Tendance baissière (pas un setup),25.32,589754985.0,35.3,-0.301,-1.25,-10.05,-10.85,11725520.0,17.2,17.6,50.0,0.03,0.0,0.0,1.0,0.433,0.015,0.0,0.0,0.135,0.418,Consumer Staples,2026-07-03,28.14,-10.02,96
RXST,,5.8,Tendance baissière (pas un setup),4.65,193408640.0,31.3,-0.016,-2.31,-2.52,-27.06,4059939.0,37.5,38.2,85.0,0.55,0.0,0.0,0.657,0.49,0.276,0.0,0.402,0.008,0.0,Health Care,2026-07-03,5.61,-17.11,96
KREF,,5.8,Tendance baissière (pas un setup),6.26,366697954.0,38.1,-0.01,2.96,-0.32,-16.87,6293192.0,19.6,25.4,94.0,0.18,0.0,0.0,1.0,0.038,0.091,0.0,0.37,0.048,0.201,Real Estate,2026-07-03,7.03,-10.95,96
LAC,,5.8,Tendance baissière (pas un setup),2.54,922129075.0,31.3,-0.023,-0.39,-3.42,-15.33,27475526.0,29.1,30.4,35.0,0.18,0.0,0.0,1.0,0.777,0.088,0.0,0.314,0.008,0.0,Materials,2026-07-03,3.76,-32.45,96
MPAA,,5.8,Tendance baissière (pas un setup),10.68,202206651.0,42.1,0.07,0.56,1.23,-11.59,1399191.0,29.3,33.5,17.0,0.0,0.0,0.0,0.917,0.9,0.0,0.0,0.371,0.04,0.0,Consumer Discretionary,2026-07-03,14.67,-27.2,96
LEGN,,5.8,Tendance baissière (pas un setup),18.72,3640823091.0,45.2,0.14,-0.29,-0.53,-13.01,44331395.0,19.4,27.5,7.0,0.28,0.0,0.0,1.0,0.847,0.142,0.0,0.199,0.048,0.0,Health Care,2026-07-10,27.38,-31.63,89
MPLT,,5.8,Tendance baissière (pas un setup),9.69,627656242.0,30.9,0.045,4.47,-4.53,-29.63,5520105.0,39.7,44.5,68.0,1.0,0.0,0.0,0.306,0.59,0.5,0.0,0.307,0.016,0.0,Health Care,2026-07-03,37.09,-73.87,96
ANAB,,5.8,Tendance baissière (pas un setup),47.89,1417950155.0,29.0,-0.404,-2.66,-4.92,-15.69,28662044.0,20.6,21.5,33.0,0.33,0.0,0.0,1.0,0.602,0.166,0.0,0.316,0.008,0.0,Health Care,2026-07-03,63.42,-24.49,96
TTI,,5.7,Tendance baissière (pas un setup),6.14,909166863.0,41.3,0.065,1.82,5.68,-11.14,12161862.0,33.0,38.4,50.0,0.15,0.0,0.0,0.643,0.7,0.076,0.0,0.418,0.087,0.0,Industrials,2026-07-03,9.3,-33.98,96
CAPR,,5.7,Tendance baissière (pas un setup),7.75,450577165.0,40.9,-0.053,-0.39,-9.57,-17.55,33800966.0,29.5,73.1,19.0,1.0,0.0,0.0,0.0,0.867,0.655,0.0,0.0,0.167,0.0,Health Care,2026-07-03,23.21,-66.61,96
TNDM,,5.7,Tendance baissière (pas un setup),16.16,1124391905.0,38.1,0.072,-2.18,-2.47,-18.79,38420663.0,34.9,40.2,17.0,0.0,0.0,0.0,0.543,0.805,0.0,0.0,0.344,0.214,0.0,Health Care,2026-07-03,15.32,5.48,96
AQN,,5.7,Tendance baissière (pas un setup),5.06,3894923281.0,36.7,0.014,-0.2,0.2,-9.59,25817169.0,17.2,19.9,83.0,0.0,0.0,0.0,1.0,0.337,0.0,0.0,0.408,0.032,0.122,Utilities,2026-07-03,5.48,-7.66,96
HTLD,,5.7,Tendance baissière (pas un setup),11.33,876178483.0,38.1,0.021,-2.91,-2.75,-8.76,9185768.0,17.8,19.1,29.0,0.17,0.0,0.0,1.0,0.75,0.084,0.0,0.316,0.008,0.0,Industrials,2026-07-03,14.9,-23.96,96
LZB,,5.7,Tendance baissière (pas un setup),29.66,1187965188.0,36.3,0.235,0.47,-0.07,-9.46,23921531.0,29.6,31.7,4.0,0.0,0.0,0.0,1.0,0.976,0.0,0.0,0.316,0.008,0.0,Consumer Discretionary,2026-07-03,39.91,-25.68,96
ELDN,,5.7,Tendance baissière (pas un setup),2.45,199089822.0,31.1,0.005,-2.0,-2.0,-18.87,2191892.0,36.9,37.6,37.0,0.63,0.0,0.0,0.687,0.562,0.316,0.0,0.317,0.008,0.0,Health Care,2026-07-03,3.95,-37.97,96
UUUU,production_energie,5.7,Tendance baissière (pas un setup),11.26,2813502420.0,39.0,-0.024,4.07,2.46,-22.18,86967854.0,31.8,35.7,50.0,0.14,0.0,0.0,0.795,0.7,0.07,0.0,0.409,0.048,0.0,Energy,2026-07-03,13.81,-18.46,96
HAYW,,5.7,Tendance baissière (pas un setup),12.31,2611192054.0,31.6,0.033,-0.97,-0.24,-11.57,50884001.0,25.0,26.8,5.0,0.0,0.0,0.0,1.0,0.878,0.0,0.0,0.358,0.008,0.0,Industrials,2026-07-03,16.97,-27.46,96
SMR,new_tech|production_energie,5.7,Tendance baissière (pas un setup),8.02,3446380641.0,43.4,-0.064,4.43,3.35,-17.32,317325259.0,29.5,33.7,66.0,0.0,0.0,0.0,0.906,0.591,0.001,0.0,0.443,0.048,0.0,Industrials,2026-07-03,9.76,-17.83,96
IIIV,,5.7,Tendance baissière (pas un setup),14.96,393777255.0,45.4,0.128,-0.07,7.01,-9.88,9323039.0,33.5,39.4,46.0,0.0,0.0,0.0,0.589,0.627,0.0,0.0,0.59,0.056,0.0,Information Technology,2026-07-03,21.69,-31.03,96
INDI,semiconducteurs,5.7,Tendance baissière (pas un setup),2.85,660655317.0,35.5,0.004,-2.06,-3.72,-20.83,15496357.0,44.5,44.9,1.0,0.66,0.0,0.0,0.282,0.995,0.332,0.0,0.341,0.008,0.0,Information Technology,2026-07-03,4.33,-34.18,96
PPTA,,5.7,Tendance baissière (pas un setup),20.62,2579475458.0,36.0,-0.337,1.43,-4.23,-17.82,20867484.0,25.2,39.4,25.0,0.73,0.0,0.0,0.589,0.735,0.364,0.0,0.046,0.167,0.0,Materials,2026-07-03,21.33,-3.33,96
PROK,,5.7,Tendance baissière (pas un setup),1.6,483716248.0,43.1,-0.02,1.27,-1.84,-20.4,3146223.0,23.4,37.8,36.0,0.0,0.0,0.0,0.678,0.502,0.168,0.0,0.378,0.087,0.0,Health Care,2026-07-03,2.03,-21.18,96
CALY,,5.7,Tendance baissière (pas un setup),14.28,2549130240.0,34.4,0.047,0.0,0.85,-10.19,32527387.0,28.1,29.6,29.0,0.0,0.0,0.0,1.0,0.824,0.0,0.0,0.356,0.008,0.014,Consumer Discretionary,2026-07-03,18.26,-21.8,96
HAPN,,5.7,Tendance baissière (pas un setup),15.35,1771504572.0,36.1,0.073,-0.71,2.88,-13.52,26053285.0,27.8,31.5,49.0,0.0,0.0,0.0,1.0,0.554,0.0,0.0,0.402,0.04,0.028,Financials,2026-07-03,19.69,-22.04,96
PII,,5.7,Tendance baissière (pas un setup),52.79,3003937032.0,33.4,0.286,0.25,0.48,-15.56,46990420.0,31.6,33.5,60.0,0.16,0.0,0.0,0.918,0.638,0.082,0.0,0.382,0.016,0.0,Consumer Discretionary,2026-07-03,63.12,-16.37,96
MZTI,,5.7,Tendance baissière (pas un setup),100.2,2734558200.0,40.8,0.148,0.71,0.3,-4.01,46105546.0,16.4,19.1,1.0,0.0,0.0,0.0,1.0,0.901,0.0,0.0,0.33,0.016,0.0,Consumer Staples,2026-07-03,115.79,-13.46,96
BMI,,5.7,Tendance baissière (pas un setup),123.73,3586542579.0,40.1,-0.35,-0.93,-1.79,-6.61,52636460.0,12.0,12.9,4.0,0.36,0.0,0.0,1.0,0.712,0.181,0.25,0.033,0.048,0.0,Information Technology,2026-07-03,145.87,-15.18,96
THRM,,5.6,Tendance baissière (pas un setup),31.0,1687679618.0,34.2,-0.142,-3.82,-2.61,-18.84,49794917.0,25.7,30.7,74.0,0.0,0.0,0.0,1.0,0.157,0.0,0.0,0.35,0.198,0.0,Consumer Discretionary,2026-07-03,33.88,-8.5,96
JBLU,,5.6,Tendance baissière (pas un setup),4.03,1520568089.0,31.5,-0.0,-0.74,-5.84,-12.96,79228621.0,39.1,39.7,6.0,1.0,0.0,0.0,0.571,0.962,0.5,0.0,0.009,0.008,0.0,Industrials,2026-07-03,6.02,-33.06,96
MOVE,,5.6,Tendance baissière (pas un setup),10.59,334138592.0,42.9,-0.026,-6.7,-10.33,-28.15,2204617.0,43.9,55.6,1.0,1.0,0.0,0.0,0.0,0.995,0.63,0.0,0.061,0.079,0.0,Information Technology,2026-07-14,15.08,-29.77,85
UWMC,,5.6,Tendance baissière (pas un setup),1.2,1928353777.0,38.7,0.013,-6.98,-3.23,-18.37,15349957.0,41.5,54.6,20.0,1.0,0.0,0.0,0.0,0.865,0.5,0.0,0.338,0.008,0.0,Financials,2026-07-03,2.17,-44.7,96
EGAN,,5.6,Tendance baissière (pas un setup),5.29,138447060.0,35.9,0.049,-11.39,-6.04,-9.42,1935501.0,30.4,33.9,53.0,0.0,0.0,0.0,0.892,0.517,0.5,0.0,0.0,0.016,0.0,Information Technology,2026-07-03,6.53,-18.99,96
RBBN,,5.6,Tendance baissière (pas un setup),1.77,316517333.0,44.3,0.005,4.12,-1.12,-11.06,2347484.0,24.0,33.5,51.0,0.0,0.0,0.0,0.918,0.438,0.0,0.0,0.468,0.056,0.0,Information Technology,2026-07-03,2.14,-17.29,96
FOUR,,5.6,Tendance baissière (pas un setup),38.5,3039964620.0,43.8,0.063,2.53,3.83,-16.2,87869757.0,32.9,38.5,69.0,0.0,0.0,0.0,0.637,0.586,0.0,0.0,0.54,0.063,0.0,Information Technology,2026-07-03,51.35,-25.02,96
AURA,,5.6,Tendance baissière (pas un setup),6.17,639858672.0,38.1,0.008,-0.8,0.33,-18.39,6354149.0,26.2,28.9,63.0,0.0,0.0,0.0,1.0,0.619,0.0,0.0,0.38,0.04,0.0,Health Care,2026-07-03,7.74,-20.28,96
MAX,,5.6,Tendance baissière (pas un setup),9.68,593035307.0,32.8,0.036,0.41,3.2,-19.67,9294081.0,34.0,38.4,81.0,0.08,0.0,0.0,0.644,0.368,0.04,0.0,0.396,0.222,0.0,Communication Services,2026-07-03,13.43,-27.92,96
WRN,,5.6,Tendance baissière (pas un setup),2.17,490800674.0,39.7,-0.023,0.46,-2.25,-9.58,2801541.0,17.8,24.2,42.0,0.13,0.0,0.0,1.0,0.597,0.065,0.0,0.326,0.048,0.0,Materials,2026-07-03,2.3,-5.65,96
OTF,,5.6,Tendance baissière (pas un setup),9.36,4288615241.0,26.7,-0.073,-0.85,-5.65,-14.44,20863335.0,17.6,17.6,52.0,0.73,0.0,0.0,1.0,0.659,0.366,0.0,0.01,0.008,0.027,Financials,2026-07-03,10.46,-10.52,96
SKYH,,5.6,Tendance baissière (pas un setup),9.36,764052195.0,31.0,-0.06,0.21,-4.97,-10.69,1811912.0,20.0,22.2,40.0,0.12,0.0,0.0,1.0,0.666,0.06,0.0,0.032,0.032,0.334,Real Estate,2026-07-03,9.97,-6.12,96
EVLV,,5.6,Tendance baissière (pas un setup),4.68,847670363.0,39.9,-0.009,4.46,-0.64,-6.4,10980644.0,24.1,27.7,13.0,0.0,0.0,0.0,1.0,0.869,0.0,0.0,0.303,0.024,0.0,Industrials,2026-07-03,6.24,-25.0,96
CRTO,,5.6,Tendance baissière (pas un setup),14.8,725163873.0,27.7,-0.142,2.07,-4.21,-16.0,4679419.0,34.9,37.1,57.0,1.0,0.0,0.0,0.714,0.657,0.5,0.0,0.035,0.016,0.0,Communication Services,2026-07-03,19.08,-22.43,96
PHIN,,5.6,Tendance baissière (pas un setup),60.76,2226130227.0,38.1,0.353,0.96,0.56,-11.99,28094337.0,26.1,29.4,44.0,0.0,0.0,0.0,1.0,0.694,0.0,0.0,0.355,0.032,0.007,Consumer Discretionary,2026-07-03,75.71,-19.75,96
HROW,,5.6,Tendance baissière (pas un setup),30.35,1137756248.0,26.2,-0.125,-0.75,-3.34,-21.25,19686637.0,29.4,30.6,48.0,0.09,0.0,0.0,1.0,0.71,0.046,0.0,0.339,0.008,0.0,Health Care,2026-07-03,42.74,-28.99,96
TATT,defense,5.6,Tendance baissière (pas un setup),33.49,434805258.0,31.5,-0.375,1.18,-5.45,-16.21,4261502.0,36.8,38.1,50.0,0.92,0.0,0.0,0.663,0.7,0.528,0.0,0.016,0.016,0.0,Industrials,2026-07-03,47.6,-29.64,96
BBW,,5.6,Tendance baissière (pas un setup),25.64,315867749.0,39.4,0.354,-1.38,0.75,-12.1,14552720.0,35.6,39.9,45.0,0.41,0.0,0.0,0.561,0.729,0.203,0.0,0.356,0.04,0.0,Consumer Discretionary,2026-07-03,31.5,-18.6,96
SSTK,,5.6,Tendance baissière (pas un setup),4.08,150746551.0,34.9,0.017,1.75,1.49,-28.92,4078802.0,38.6,43.5,69.0,0.79,0.0,0.0,0.363,0.568,0.396,0.0,0.339,0.024,0.0,Communication Services,2026-07-03,9.81,-58.41,96
ONEW,,5.6,Tendance baissière (pas un setup),9.72,161989817.0,39.8,0.048,0.52,-0.1,-23.46,1089213.0,29.0,33.6,48.0,0.24,0.0,0.0,0.911,0.613,0.119,0.0,0.337,0.024,0.0,Consumer Discretionary,2026-07-03,10.83,-10.25,96
INO,,5.6,Tendance baissière (pas un setup),1.13,116839195.0,43.9,-0.016,-1.74,1.8,-20.98,3202579.0,22.1,61.4,18.0,1.0,0.0,0.0,0.0,0.828,0.5,0.0,0.162,0.151,0.0,Health Care,2026-07-03,1.22,-7.38,96
OXLC,,5.6,Tendance baissière (pas un setup),8.68,1506848000.0,33.4,-0.035,-2.8,-3.66,-8.18,9167256.0,10.1,17.2,38.0,0.09,0.0,0.0,1.0,0.455,0.044,0.483,0.031,0.103,0.0,Financials,2026-07-03,8.81,-1.48,96
FCN,,5.6,Tendance baissière (pas un setup),137.61,3799628836.0,43.6,0.535,-0.3,4.18,-9.29,71104945.0,21.4,26.2,82.0,0.0,0.0,0.0,1.0,0.11,0.0,0.0,0.46,0.063,0.09,Industrials,2026-07-03,153.59,-10.4,96
WAFD,,5.5,Tendance baissière (pas un setup),29.92,2213937521.0,27.0,-0.028,-0.83,-1.22,-17.58,47023634.0,21.2,23.0,90.0,0.0,0.0,0.0,1.0,0.129,0.0,0.0,0.394,0.008,0.211,Financials,2026-07-03,38.34,-21.96,96
HLLY,,5.5,Tendance baissière (pas un setup),2.32,281263212.0,35.4,-0.017,1.31,-5.31,-23.93,3507098.0,29.6,31.7,71.0,0.0,0.0,0.0,1.0,0.557,0.092,0.0,0.325,0.016,0.0,Consumer Discretionary,2026-07-03,2.4,-3.33,96
VRDN,,5.5,Tendance baissière (pas un setup),18.22,2064185141.0,30.5,-0.325,-4.11,-8.88,-20.51,40438344.0,26.7,27.3,53.0,0.0,0.0,0.0,1.0,0.421,0.0,0.0,0.036,0.365,0.0,Health Care,2026-07-03,19.4,-6.08,96
RITM,,5.5,Tendance baissière (pas un setup),8.66,4835804888.0,31.3,-0.035,-0.92,-2.31,-11.61,59769583.0,14.9,15.5,71.0,0.0,0.0,0.0,1.0,0.188,0.0,0.0,0.349,0.008,0.245,Real Estate,2026-10-01,8.93,-3.02,6
VRTS,,5.5,Tendance baissière (pas un setup),132.02,874327534.0,35.4,1.169,-1.82,0.58,-17.19,19859165.0,23.2,27.3,84.0,0.0,0.0,0.0,1.0,0.347,0.0,0.0,0.379,0.071,0.065,Financials,2026-07-03,151.64,-12.94,96
GHRS,,5.5,Tendance baissière (pas un setup),21.52,1475350384.0,26.4,-0.452,-2.93,-12.77,-23.77,7550638.0,31.5,32.5,79.0,0.25,0.0,0.0,0.97,0.218,0.125,0.0,0.304,0.127,0.0,Health Care,2026-07-03,27.01,-20.33,96
DX,,5.5,Tendance baissière (pas un setup),10.85,2692611049.0,17.6,-0.084,0.18,-4.74,-14.7,90029999.0,16.8,17.7,99.0,0.0,0.0,0.0,1.0,0.005,0.0,0.0,0.32,0.008,0.357,Real Estate,2026-07-03,13.01,-16.6,96
ADAM,,5.5,Tendance baissière (pas un setup),7.72,697152639.0,20.3,-0.06,0.0,-2.65,-18.06,11431631.0,22.9,24.8,86.0,0.0,0.0,0.0,1.0,0.148,0.0,0.0,0.37,0.008,0.237,Real Estate,2026-07-03,9.14,-15.54,96
TBBK,,5.5,Tendance baissière (pas un setup),48.44,1975713028.0,27.4,0.373,0.23,-0.25,-27.56,37436560.0,33.7,35.6,4.0,0.0,0.0,0.0,0.799,0.976,0.0,0.0,0.375,0.008,0.0,Financials,2026-07-03,63.89,-24.18,96
EVER,,5.5,Tendance baissière (pas un setup),19.39,683298772.0,36.4,-0.016,-0.1,2.54,-22.16,20848428.0,29.5,36.8,82.0,0.0,0.0,0.0,0.735,0.306,0.0,0.0,0.378,0.23,0.0,Communication Services,2026-07-03,24.86,-22.0,96
LFMD,,5.5,Tendance baissière (pas un setup),2.73,131588285.0,33.1,-0.024,0.37,-5.21,-11.36,2628130.0,32.1,33.6,63.0,0.29,0.0,0.0,0.912,0.57,0.436,0.0,0.021,0.008,0.0,Health Care,2026-07-03,4.87,-43.94,96
QUBT,laser_photonique|new_tech|quantique,5.5,Tendance baissière (pas un setup),7.86,1779086327.0,38.6,-0.085,-1.01,-7.09,-1.87,60232626.0,19.5,25.2,23.0,0.52,0.0,0.0,1.0,0.603,0.381,0.0,0.0,0.032,0.0,Information Technology,2026-07-03,9.05,-13.15,96
KD,,5.5,Tendance baissière (pas un setup),11.48,2500553659.0,40.7,-0.046,-1.12,1.68,-12.7,51175107.0,22.0,25.5,78.0,0.25,0.0,0.0,1.0,0.39,0.125,0.0,0.343,0.032,0.0,Information Technology,2026-07-03,12.25,-6.29,96
MC,,5.5,Tendance baissière (pas un setup),56.05,4386981261.0,28.5,-0.159,0.0,-3.36,-18.79,56884662.0,20.5,21.8,75.0,0.0,0.0,0.0,1.0,0.533,0.0,0.0,0.326,0.008,0.127,Financials,2026-07-13,63.75,-12.08,86
ENTA,,5.5,Tendance baissière (pas un setup),12.17,354456142.0,42.6,0.038,-3.41,-3.72,-13.57,3793072.0,19.1,22.7,24.0,0.0,0.0,0.0,1.0,0.676,0.213,0.0,0.055,0.071,0.032,Health Care,2026-07-03,15.11,-19.46,96
MBUU,,5.4,Tendance baissière (pas un setup),22.76,447854802.0,35.5,0.05,-0.09,-2.44,-18.36,6025450.0,25.2,27.0,44.0,0.0,0.0,0.0,1.0,0.733,0.0,0.0,0.334,0.008,0.0,Consumer Discretionary,2026-07-03,25.07,-9.21,96
CASH,,5.4,Tendance baissière (pas un setup),73.06,1517701828.0,33.9,0.157,-0.49,2.08,-12.12,19357650.0,20.3,23.0,71.0,0.0,0.0,0.0,1.0,0.337,0.0,0.0,0.406,0.024,0.075,Financials,2026-07-03,88.72,-17.65,96
DEI,,5.4,Tendance baissière (pas un setup),9.81,1643030469.0,40.0,0.042,1.76,4.25,-12.36,23934765.0,20.4,24.0,63.0,0.0,0.0,0.0,1.0,0.414,0.0,0.0,0.403,0.056,0.0,Real Estate,2026-07-03,12.51,-21.58,96
WSC,,5.4,Tendance baissière (pas un setup),17.36,3145475031.0,32.1,0.112,1.7,-0.52,-13.11,50686175.0,36.6,39.4,2.0,0.25,0.0,0.0,0.59,0.986,0.125,0.0,0.32,0.016,0.0,Industrials,2026-07-03,26.66,-34.88,96
TTAM,,5.4,Tendance baissière (pas un setup),13.56,2499955025.0,39.6,0.042,0.44,-1.16,-12.09,3759692.0,23.7,26.0,29.0,0.13,0.0,0.0,1.0,0.6,0.065,0.0,0.306,0.016,0.0,Materials,2026-07-03,18.21,-25.54,96
BHVN,,5.4,Tendance baissière (pas un setup),12.08,1824608874.0,37.8,-0.088,-6.86,-9.1,-23.01,39392277.0,33.8,34.9,38.0,0.0,0.0,0.0,0.841,0.615,0.0,0.0,0.017,0.373,0.0,Health Care,2026-07-03,15.96,-24.31,96
SPB,,5.4,Tendance baissière (pas un setup),76.72,1764222125.0,27.8,-0.94,0.96,-4.85,-13.31,25964107.0,22.1,23.4,94.0,0.49,0.0,0.0,1.0,0.299,0.245,0.0,0.009,0.016,0.262,Consumer Staples,2026-07-03,84.99,-9.73,96
ZSQR,,5.4,Tendance baissière (pas un setup),4.36,231081731.0,60.7,0.185,9.0,5.06,47.8,1633439.0,22.1,62.3,86.0,0.08,0.49,0.0,0.0,0.086,0.54,0.0,0.5,0.341,0.0,Information Technology,2026-07-03,10.99,-60.33,96
VC,,5.4,Tendance baissière (pas un setup),89.31,2384168764.0,33.8,-0.041,0.04,2.58,-12.99,51234937.0,18.2,21.5,72.0,0.0,0.0,0.0,1.0,0.312,0.034,0.0,0.413,0.032,0.02,Consumer Discretionary,2026-07-03,102.45,-12.83,96
WOOF,,5.4,Tendance baissière (pas un setup),2.22,635850973.0,34.1,-0.002,1.83,-2.63,-17.78,5530034.0,31.1,33.5,33.0,0.0,0.0,0.0,0.914,0.805,0.0,0.0,0.33,0.024,0.0,Consumer Discretionary,2026-07-03,2.62,-15.27,96
FAC,,5.4,Tendance baissière (pas un setup),5.46,584346918.0,44.2,-0.045,-0.18,-11.94,4.8,2711058.0,19.4,36.5,47.0,0.0,0.0,0.0,0.751,0.368,0.206,0.0,0.139,0.206,0.0,Industrials,2026-07-03,10.23,-46.63,96
PUMP,,5.4,Tendance baissière (pas un setup),9.53,1170511929.0,40.1,0.003,-0.63,7.32,-16.91,41672155.0,26.4,33.4,87.0,0.0,0.0,0.0,0.924,0.434,0.0,0.0,0.45,0.048,0.0,Energy,2026-07-03,12.09,-21.17,96
VSEC,,5.4,Tendance baissière (pas un setup),168.48,4728386483.0,37.2,-0.176,0.21,-1.81,-17.38,74434972.0,32.0,36.3,19.0,0.07,0.0,0.0,0.762,0.812,0.037,0.0,0.37,0.024,0.0,Industrials,2026-09-18,175.08,-3.77,19
CAR,,5.4,Tendance baissière (pas un setup),112.65,3979446188.0,42.7,1.124,4.32,5.49,-18.8,51734721.0,32.7,38.9,39.0,0.11,0.0,0.0,0.616,0.509,0.056,0.0,0.451,0.087,0.0,Industrials,2026-07-31,152.0,-25.89,68
CNL,,5.3,Tendance baissière (pas un setup),12.22,1133315880.0,38.2,-0.079,0.91,-2.24,-27.04,2525857.0,31.3,34.8,42.0,0.0,0.0,0.0,0.847,0.748,0.0,0.0,0.365,0.024,0.0,Materials,2026-08-26,16.47,-25.8,42
VSNT,,5.3,Tendance baissière (pas un setup),31.47,4367793775.0,29.8,-0.227,1.45,-1.0,-17.52,62420224.0,24.8,28.9,94.0,0.07,0.0,0.0,1.0,0.315,0.037,0.0,0.409,0.032,0.0,Communication Services,2026-09-18,36.33,-13.38,19
LCII,,5.3,Tendance baissière (pas un setup),82.19,1998162760.0,29.0,0.074,-0.47,-3.74,-19.89,31625621.0,24.2,25.1,63.0,0.0,0.0,0.0,1.0,0.624,0.0,0.0,0.351,0.008,0.0,Consumer Discretionary,2026-07-03,103.36,-20.48,96
SFBS,,5.3,Tendance baissière (pas un setup),38.72,4233839174.0,27.8,-0.152,-2.0,-2.93,-9.8,30432195.0,15.5,15.7,65.0,0.0,0.0,0.0,1.0,0.344,0.0,0.0,0.039,0.008,0.483,Financials,2026-07-03,86.64,-55.31,96
CWK,,5.3,Tendance baissière (pas un setup),11.94,2802481674.0,37.8,-0.008,0.76,1.62,-12.59,28584917.0,23.8,25.9,35.0,0.0,0.0,0.0,1.0,0.662,0.0,0.0,0.344,0.016,0.0,Real Estate,2026-07-03,13.99,-14.65,96
CDZI,,5.3,Tendance baissière (pas un setup),3.5,296369763.0,44.6,-0.017,-1.96,-2.23,-16.07,3979522.0,20.5,34.8,17.0,0.11,0.0,0.0,0.846,0.607,0.054,0.0,0.182,0.175,0.0,Utilities,2026-07-03,4.19,-16.47,96
AIOT,,5.3,Tendance baissière (pas un setup),2.71,363752238.0,38.4,0.009,-3.9,-1.45,-10.26,4657175.0,39.0,42.6,30.0,0.53,0.0,0.0,0.413,0.819,0.265,0.0,0.308,0.016,0.0,Information Technology,2026-07-03,4.37,-37.99,96
ZUMZ,,5.3,Tendance baissière (pas un setup),14.1,216161643.0,42.6,0.16,2.69,2.32,-21.8,6047761.0,31.8,36.8,75.0,0.0,0.0,0.0,0.735,0.479,0.0,0.0,0.427,0.111,0.0,Consumer Discretionary,2026-07-03,17.55,-19.66,96
ADV,,5.3,Tendance baissière (pas un setup),27.25,349405768.0,33.9,-0.539,-0.44,-7.78,-13.35,1865850.0,38.3,50.0,54.0,1.0,0.0,0.0,0.002,0.644,0.5,0.0,0.313,0.032,0.0,Communication Services,2026-07-03,38.86,-29.88,96
TMQ,,5.3,Tendance baissière (pas un setup),2.97,538642791.0,34.9,-0.018,-2.3,-4.19,-10.0,4003927.0,25.7,28.5,10.0,0.31,0.0,0.0,1.0,0.882,0.217,0.0,0.047,0.008,0.0,Materials,2026-07-03,3.41,-12.9,96
AMSF,,5.3,Tendance baissière (pas un setup),23.6,437450969.0,34.1,0.055,1.37,-1.13,-7.66,15468740.0,22.7,24.0,32.0,0.0,0.0,0.0,1.0,0.724,0.0,0.0,0.306,0.016,0.0,Financials,2026-07-03,34.99,-32.55,96
SEG,,5.3,Tendance baissière (pas un setup),22.55,288855037.0,22.6,-0.088,0.22,-3.34,-14.13,2050948.0,23.8,25.5,94.0,0.0,0.0,0.0,1.0,0.248,0.0,0.0,0.329,0.008,0.205,Real Estate,2026-07-03,27.12,-16.85,96
UPBD,,5.3,Tendance baissière (pas un setup),15.36,895478861.0,29.3,-0.01,0.2,0.84,-17.01,16281350.0,27.4,30.3,95.0,0.21,0.0,0.0,1.0,0.251,0.104,0.0,0.39,0.008,0.0,Information Technology,2026-07-03,19.89,-22.78,96
PERI,,5.3,Tendance baissière (pas un setup),8.55,336274227.0,39.7,0.007,0.47,-0.58,-8.16,5004331.0,15.8,17.8,33.0,0.0,0.0,0.0,1.0,0.805,0.0,0.0,0.049,0.063,0.196,Communication Services,2026-07-03,9.4,-9.04,96
PFSI,,5.3,Tendance baissière (pas un setup),62.76,3260480659.0,28.8,0.002,-0.3,-1.34,-14.37,40543874.0,28.2,30.4,85.0,0.16,0.0,0.0,1.0,0.377,0.08,0.0,0.372,0.008,0.0,Financials,2026-07-03,83.47,-24.81,96
URG,production_energie,5.3,Tendance baissière (pas un setup),1.12,445607366.0,39.2,-0.006,5.66,0.9,-20.0,8413541.0,27.3,33.1,67.0,0.0,0.0,0.0,0.938,0.536,0.0,0.0,0.395,0.04,0.0,Energy,2026-07-03,1.35,-17.04,96
JRVR,,5.3,Tendance baissière (pas un setup),3.47,160484162.0,32.4,-0.002,1.17,1.76,-16.37,1281679.0,28.1,30.4,73.0,0.0,0.0,0.0,1.0,0.498,0.0,0.0,0.388,0.016,0.0,Financials,2026-07-03,4.46,-22.2,96
PATK,,5.2,Tendance baissière (pas un setup),66.64,2140361113.0,29.6,0.139,0.08,-3.59,-19.56,45284525.0,25.2,26.3,63.0,0.0,0.0,0.0,1.0,0.606,0.0,0.0,0.338,0.008,0.0,Consumer Discretionary,2026-07-03,85.03,-21.63,96
ARR,,5.2,Tendance baissière (pas un setup),13.49,2254143899.0,17.6,-0.08,-0.3,-3.71,-16.19,69832565.0,17.6,18.8,98.0,0.0,0.0,0.0,1.0,0.014,0.0,0.0,0.327,0.008,0.274,Real Estate,2026-07-03,17.13,-21.25,96
ELVN,,5.2,Tendance baissière (pas un setup),42.39,3105947559.0,24.6,-0.263,-6.77,-8.86,-28.54,75438913.0,32.0,33.9,72.0,0.0,0.0,0.0,0.897,0.428,0.0,0.0,0.337,0.103,0.0,Health Care,2026-07-03,49.82,-14.91,96
CTRN,,5.2,Tendance baissière (pas un setup),49.19,410217398.0,30.5,-0.201,2.78,-2.98,-30.87,10968462.0,36.9,39.6,82.0,0.0,0.0,0.0,0.579,0.51,0.0,0.0,0.369,0.19,0.0,Consumer Discretionary,2026-07-03,55.28,-11.02,96
GBX,,5.2,Tendance baissière (pas un setup),40.09,1240372012.0,29.3,-0.076,-1.09,-2.48,-7.33,17429992.0,22.9,24.9,33.0,0.13,0.0,0.0,1.0,0.543,0.065,0.0,0.312,0.008,0.0,Industrials,2026-07-03,47.54,-15.67,96
SANA,,5.2,Tendance baissière (pas un setup),2.75,823241752.0,32.4,-0.013,-4.51,-5.5,-28.57,13015438.0,34.8,35.0,2.0,0.0,0.0,0.0,0.834,0.917,0.0,0.0,0.319,0.008,0.0,Health Care,2026-07-03,4.01,-31.42,96
IVT,,5.2,Tendance baissière (pas un setup),29.75,2319858322.0,25.9,0.024,-0.03,-1.75,-8.07,22324473.0,18.8,19.1,47.0,0.0,0.0,0.0,1.0,0.58,0.0,0.0,0.037,0.008,0.353,Real Estate,2026-07-03,35.57,-16.36,96
BGSI,,5.2,Tendance baissière (pas un setup),77.0,2143405495.0,35.4,0.13,-1.5,-2.49,-14.77,4880593.0,33.3,34.3,56.0,0.13,0.0,0.0,0.873,0.667,0.066,0.0,0.32,0.008,0.0,Consumer Discretionary,2026-07-03,97.27,-20.84,96
XPER,,5.2,Tendance baissière (pas un setup),5.28,257515220.0,28.6,0.026,-2.76,-4.52,-8.81,2136742.0,34.3,34.5,14.0,0.58,0.0,0.0,0.864,0.914,0.292,0.0,0.0,0.008,0.0,Information Technology,2026-07-03,8.2,-35.61,96
BOH,,5.2,Tendance baissière (pas un setup),67.3,2655011651.0,22.5,-0.336,-1.07,-2.7,-12.81,35208831.0,17.0,17.3,100.0,0.0,0.0,0.0,1.0,0.0,0.0,0.0,0.325,0.008,0.29,Financials,2026-07-03,82.73,-18.65,96
NATR,,5.2,Tendance baissière (pas un setup),12.54,220647821.0,25.4,0.092,1.13,-1.72,-10.56,1608667.0,41.2,42.3,24.0,1.0,0.0,0.0,0.427,0.857,0.499,0.0,0.026,0.016,0.0,Consumer Staples,2026-07-03,21.47,-41.59,96
LINC,,5.2,Tendance baissière (pas un setup),22.74,721346432.0,35.0,0.237,2.43,5.57,-11.31,17617173.0,49.2,52.9,52.0,0.79,0.0,0.0,0.0,0.686,0.396,0.0,0.351,0.063,0.0,Consumer Staples,2026-07-03,52.33,-56.55,96
NAGE,,5.2,Tendance baissière (pas un setup),2.69,212848945.0,32.3,-0.031,0.37,-8.81,-15.14,1524738.0,25.9,28.1,60.0,0.56,0.0,0.0,1.0,0.527,0.369,0.0,0.001,0.008,0.0,Health Care,2026-07-03,3.43,-21.57,96
IRTC,,5.2,Tendance baissière (pas un setup),107.2,3533633922.0,36.1,-0.135,-1.73,-6.15,-12.9,60847269.0,21.6,22.4,6.0,0.42,0.0,0.0,1.0,0.967,0.209,0.0,0.002,0.008,0.0,Health Care,2026-07-03,126.48,-15.24,96
MCFT,,5.2,Tendance baissière (pas un setup),19.41,472427191.0,37.0,0.097,-1.52,-3.34,-19.63,6109173.0,25.3,26.7,46.0,0.0,0.0,0.0,1.0,0.715,0.0,0.0,0.303,0.008,0.0,Consumer Discretionary,2026-07-03,23.79,-18.41,96
NBHC,,5.2,Tendance baissière (pas un setup),38.26,1704083068.0,27.4,-0.203,1.24,-2.47,-9.06,21035169.0,12.3,13.7,85.0,0.0,0.0,0.0,1.0,0.211,0.0,0.212,0.007,0.016,0.385,Financials,2026-07-03,44.51,-14.04,96
CCAP,,5.2,Tendance baissière (pas un setup),9.07,334377014.0,28.6,0.002,0.61,-1.36,-9.25,2893240.0,21.1,22.3,39.0,0.0,0.0,0.0,1.0,0.653,0.0,0.0,0.312,0.016,0.0,Financials,2026-07-03,11.12,-18.44,96
CNXC,,5.2,Tendance baissière (pas un setup),24.84,1515695814.0,41.9,-0.461,-3.98,-0.16,-22.76,61581937.0,26.6,33.7,57.0,0.0,0.0,0.0,0.905,0.257,0.0,0.0,0.309,0.183,0.0,Information Technology,2026-07-03,23.6,5.25,96
TTGT,,5.1,Tendance baissière (pas un setup),3.61,261120903.0,38.1,-0.02,-1.1,-3.48,-10.86,1331848.0,24.8,29.2,17.0,0.37,0.0,0.0,1.0,0.9,0.185,0.0,0.028,0.016,0.0,Information Technology,2026-07-03,4.02,-10.2,96
SAFE,,5.1,Tendance baissière (pas un setup),12.1,856876988.0,29.9,-0.008,1.68,2.34,-18.78,8221734.0,27.5,30.5,94.0,0.0,0.0,0.0,1.0,0.154,0.0,0.0,0.439,0.04,0.013,Real Estate,2026-07-03,16.39,-26.17,96
FLG,,5.1,Tendance baissière (pas un setup),11.56,4798473184.0,18.3,-0.052,-0.09,-2.36,-14.5,66791384.0,20.1,21.5,98.0,0.0,0.0,0.0,1.0,0.183,0.0,0.0,0.342,0.008,0.164,Financials,2026-09-29,12.04,-3.99,8
ALM,,5.1,Tendance baissière (pas un setup),13.04,3761788980.0,40.2,-0.048,-3.55,-1.14,-25.78,87101036.0,33.0,44.8,57.0,0.45,0.0,0.0,0.29,0.644,0.223,0.0,0.373,0.056,0.0,Materials,2026-07-03,15.71,-17.0,96
LGIH,,5.1,Tendance baissière (pas un setup),46.09,1071512856.0,36.4,-0.063,-0.78,-3.74,-16.2,15122985.0,26.6,28.5,25.0,0.24,0.0,0.0,1.0,0.724,0.126,0.0,0.047,0.087,0.0,Consumer Discretionary,2026-07-03,62.03,-25.7,96
SRI,,5.1,Tendance baissière (pas un setup),6.5,185398681.0,36.1,-0.048,-0.46,-3.13,-13.1,1155809.0,15.5,16.6,60.0,0.0,0.0,0.0,1.0,0.455,0.058,0.0,0.303,0.024,0.0,Consumer Discretionary,2026-07-03,6.93,-6.2,96
SLRC,,5.1,Tendance baissière (pas un setup),11.43,623559467.0,31.6,-0.032,-0.09,-2.39,-6.72,4659617.0,11.2,11.3,62.0,0.18,0.0,0.0,0.875,0.462,0.088,0.353,0.038,0.008,0.114,Financials,2026-07-03,12.36,-7.52,96
SNDL,,5.1,Tendance baissière (pas un setup),1.23,302728637.0,32.3,-0.021,-1.6,-9.56,-14.29,1810478.0,15.8,20.2,69.0,0.64,0.0,0.0,1.0,0.548,0.321,0.0,0.0,0.032,0.0,Consumer Staples,2026-07-03,1.38,-10.87,96
LAZ,,5.1,Tendance baissière (pas un setup),36.36,3543302798.0,39.3,0.086,3.06,1.56,-19.2,73822753.0,22.6,25.1,76.0,0.0,0.0,0.0,1.0,0.497,0.0,0.0,0.352,0.016,0.0,Financials,2026-07-03,41.54,-12.47,96
PSQL,,5.1,Tendance baissière (pas un setup),6.84,1452088846.0,41.9,0.011,10.5,11.4,-14.07,4791419.0,72.3,76.1,80.0,0.11,0.0,0.0,0.0,0.519,0.379,0.0,0.41,0.056,0.0,Information Technology,2026-09-02,15.56,-56.04,35
MRTN,,5.1,Tendance baissière (pas un setup),12.87,1050985680.0,34.8,0.037,-1.38,-1.53,-10.24,10901203.0,16.9,18.3,44.0,0.0,0.0,0.0,1.0,0.562,0.0,0.0,0.344,0.008,0.006,Industrials,2026-07-03,17.46,-26.29,96
FVR,,5.1,Tendance baissière (pas un setup),16.41,401322189.0,31.9,-0.075,1.3,-2.23,-12.89,4028102.0,24.7,26.0,82.0,0.0,0.0,0.0,1.0,0.248,0.0,0.0,0.311,0.016,0.152,Real Estate,2026-07-03,20.86,-21.33,96
IDR,,5.1,Tendance baissière (pas un setup),27.59,436644030.0,39.2,-0.14,-1.0,-3.9,-12.27,6141048.0,23.9,25.4,7.0,0.33,0.0,0.0,1.0,0.924,0.167,0.0,0.04,0.008,0.0,Materials,2026-07-03,33.47,-17.57,96
SLDB,,5.0,Tendance baissière (pas un setup),6.92,741998647.0,32.0,-0.124,-1.98,-3.35,-32.49,11628320.0,34.0,36.5,78.0,0.0,0.0,0.0,0.747,0.363,0.089,0.0,0.378,0.056,0.0,Health Care,2026-07-03,10.84,-36.16,96
CBIO,,5.0,Tendance baissière (pas un setup),13.57,504043266.0,31.9,-0.255,-2.65,-8.06,-35.01,8421367.0,39.2,39.8,76.0,0.0,0.0,0.0,0.566,0.333,0.28,0.0,0.346,0.008,0.0,Health Care,2026-07-03,17.09,-20.6,96
MESO,,5.0,Tendance baissière (pas un setup),13.61,1770454278.0,34.9,-0.128,-4.29,-8.47,-21.42,3327399.0,25.8,25.9,40.0,0.36,0.0,0.0,1.0,0.678,0.268,0.0,0.016,0.008,0.0,Health Care,2026-07-03,14.38,-5.35,96
ACHR,,5.0,Tendance baissière (pas un setup),4.65,3619025589.0,32.2,-0.082,-1.48,-8.1,-18.56,129918949.0,36.2,38.7,57.0,0.94,0.0,0.0,0.629,0.657,0.471,0.0,0.003,0.008,0.0,Industrials,2026-07-03,4.98,-6.63,96
JACK,,5.0,Tendance baissière (pas un setup),12.28,235522172.0,29.8,-0.046,-0.65,-8.77,-23.92,7099652.0,46.7,47.4,17.0,0.96,0.0,0.0,0.146,0.895,0.478,0.0,0.019,0.111,0.0,Consumer Discretionary,2026-07-03,17.2,-28.6,96
TRON,,5.0,Tendance baissière (pas un setup),1.29,611952863.0,35.6,-0.011,-4.44,-5.84,-12.84,1031917.0,46.4,46.8,22.0,0.91,0.0,0.0,0.179,0.867,0.574,0.0,0.043,0.008,0.0,Consumer Discretionary,2026-07-03,1.63,-20.86,96
GILT,,5.0,Tendance baissière (pas un setup),9.22,695842141.0,33.2,-0.017,-1.91,-7.24,-8.89,5192456.0,25.2,29.1,10.0,0.42,0.0,0.0,1.0,0.839,0.212,0.0,0.0,0.008,0.0,Information Technology,2026-07-03,12.88,-28.42,96
SOC,,5.0,Tendance baissière (pas un setup),3.57,684974372.0,37.0,-0.059,2.88,5.0,-24.68,35198395.0,34.3,39.7,82.0,0.26,0.0,0.0,0.575,0.425,0.131,0.0,0.4,0.056,0.0,Energy,2026-07-03,4.25,-16.0,96
CDRE,defense,5.0,Tendance baissière (pas un setup),25.5,1091928717.0,33.1,0.01,2.0,-0.12,-14.31,13723009.0,31.8,34.7,69.0,0.0,0.0,0.0,0.853,0.586,0.0,0.0,0.358,0.024,0.0,Industrials,2026-07-03,29.44,-13.38,96
IART,,5.0,Tendance baissière (pas un setup),13.32,1035929780.0,32.4,-0.247,0.23,-19.95,-20.33,16789500.0,35.0,39.7,78.0,0.0,0.0,0.0,0.571,0.133,0.5,0.0,0.0,0.167,0.0,Health Care,2026-07-03,18.05,-26.2,96
EH,,5.0,Tendance baissière (pas un setup),4.1,310965984.0,32.4,-0.02,1.74,-5.75,-12.58,2812831.0,33.3,34.8,28.0,0.53,0.0,0.0,0.845,0.833,0.267,0.0,0.029,0.016,0.0,Industrials,2026-07-03,6.31,-35.02,96
PRKS,,5.0,Tendance baissière (pas un setup),33.88,1536163549.0,40.7,0.333,-1.48,5.28,-16.24,26705764.0,32.2,37.8,67.0,0.0,0.0,0.0,0.68,0.412,0.0,0.0,0.444,0.079,0.0,Consumer Discretionary,2026-07-03,48.44,-30.06,96
NMRK,,5.0,Tendance baissière (pas un setup),12.59,2281668414.0,31.7,-0.045,0.08,0.96,-17.44,28643064.0,23.5,26.2,90.0,0.0,0.0,0.0,1.0,0.323,0.0,0.0,0.396,0.016,0.0,Real Estate,2026-07-03,15.72,-19.91,96
LASR,laser_photonique|semiconducteurs,5.0,Tendance baissière (pas un setup),40.03,2309338586.0,42.8,0.666,1.34,2.61,-0.07,31635286.0,50.0,53.4,1.0,1.0,0.0,0.0,0.0,0.995,0.5,0.0,0.09,0.063,0.0,Information Technology,2026-07-03,63.25,-36.71,96
IMSR,,5.0,Tendance baissière (pas un setup),3.93,416325548.0,37.5,-0.023,4.8,-1.01,-23.69,6537603.0,36.1,40.5,66.0,0.37,0.0,0.0,0.526,0.565,0.183,0.0,0.339,0.032,0.0,Utilities,2026-07-03,6.46,-39.16,96
EIKN,,5.0,Tendance baissière (pas un setup),7.51,406779375.0,34.7,-0.068,-0.4,-5.06,-30.85,6070396.0,48.2,51.6,41.0,0.0,0.0,0.0,0.0,0.752,0.397,0.0,0.347,0.016,0.0,Health Care,2026-09-11,9.21,-18.46,26
CPS,,5.0,Tendance baissière (pas un setup),22.19,394298726.0,41.0,0.101,0.73,4.62,-18.36,6032712.0,31.7,37.6,53.0,0.0,0.0,0.0,0.687,0.669,0.0,0.0,0.379,0.048,0.0,Consumer Discretionary,2026-07-03,26.39,-15.92,96
FRPH,,5.0,Tendance baissière (pas un setup),20.25,388765595.0,29.8,-0.087,1.1,-3.85,-10.36,2196800.0,15.8,16.8,76.0,0.12,0.0,0.0,1.0,0.543,0.062,0.0,0.014,0.016,0.289,Real Estate,2026-07-03,25.31,-19.99,96
AMPX,new_tech,4.9,Tendance baissière (pas un setup),9.47,1383383452.0,43.7,0.043,0.21,-0.63,-4.25,51605252.0,29.4,37.1,1.0,0.34,0.0,0.0,0.714,0.852,0.17,0.0,0.133,0.04,0.0,Industrials,2026-07-03,12.38,-23.51,96
ANRO,,4.9,Tendance baissière (pas un setup),23.69,929645444.0,22.4,-0.58,-1.33,-10.87,-33.36,18351582.0,36.8,37.3,86.0,0.0,0.0,0.0,0.706,0.323,0.0,0.0,0.329,0.183,0.0,Health Care,2026-07-03,24.78,-4.4,96
ARVN,,4.9,Tendance baissière (pas un setup),7.31,477973056.0,31.2,-0.058,-2.01,-2.53,-22.15,7318076.0,24.9,25.9,67.0,0.0,0.0,0.0,1.0,0.455,0.0,0.0,0.346,0.008,0.0,Health Care,2026-07-03,8.39,-12.87,96
KRUS,,4.9,Tendance baissière (pas un setup),40.06,486722430.0,46.1,0.711,-0.77,2.27,-9.39,10980507.0,25.6,37.0,37.0,0.0,0.0,0.0,0.725,0.587,0.035,0.0,0.293,0.095,0.0,Consumer Discretionary,2026-07-03,57.61,-30.46,96
SMG,,4.9,Tendance baissière (pas un setup),50.52,2941288242.0,36.7,0.07,2.89,2.06,-15.05,59420617.0,30.4,34.0,80.0,0.0,0.0,0.0,0.887,0.402,0.0,0.0,0.37,0.04,0.0,Materials,2026-07-03,68.85,-26.62,96
RNAC,,4.9,Tendance baissière (pas un setup),6.75,204223626.0,25.0,-0.058,-5.46,-6.77,-27.18,1135813.0,38.0,38.0,22.0,0.0,0.0,0.0,0.669,0.781,0.0,0.0,0.324,0.063,0.0,Health Care,2026-07-03,10.59,-36.26,96
SHAZ,,4.9,Tendance baissière (pas un setup),48.12,1722864661.0,39.2,-0.732,0.88,-11.17,-13.98,77019894.0,39.9,51.1,12.0,0.94,0.0,0.0,0.0,0.929,0.468,0.0,0.001,0.159,0.0,Information Technology,2026-09-24,57.73,-16.65,13
NLOP,,4.8,Tendance baissière (pas un setup),9.66,143103965.0,23.7,-0.045,0.94,-3.21,-12.18,1819947.0,20.3,21.5,90.0,0.0,0.0,0.0,1.0,0.237,0.0,0.0,0.339,0.016,0.052,Real Estate,2026-07-03,11.16,-13.44,96
PLNT,,4.8,Tendance baissière (pas un setup),42.25,3177916771.0,35.7,-0.078,0.43,3.71,-16.95,127096736.0,26.4,30.5,84.0,0.0,0.0,0.0,1.0,0.112,0.0,0.0,0.403,0.04,0.0,Consumer Discretionary,2026-07-03,53.45,-20.95,96
ATS,,4.8,Tendance baissière (pas un setup),18.25,1770386528.0,36.4,0.059,-1.51,-0.27,-7.12,5107679.0,36.3,38.0,37.0,0.1,0.0,0.0,0.666,0.781,0.049,0.0,0.326,0.008,0.0,Industrials,2026-07-03,27.68,-34.07,96
APAM,,4.8,Tendance baissière (pas un setup),35.0,2837543415.0,32.7,-0.067,1.74,-3.9,-15.8,37662328.0,20.9,23.9,70.0,0.0,0.0,0.0,1.0,0.488,0.0,0.0,0.028,0.024,0.302,Financials,2026-07-03,35.41,-1.16,96
HYMC,,4.8,Tendance baissière (pas un setup),19.09,1778838290.0,39.3,-0.122,1.54,-1.5,-15.87,43968051.0,35.9,40.0,7.0,0.0,0.0,0.0,0.557,0.957,0.0,0.0,0.324,0.024,0.0,Materials,2026-07-03,23.62,-19.18,96
GSHD,,4.8,Tendance baissière (pas un setup),43.39,1541035118.0,31.3,-0.098,-6.06,-1.36,-33.46,27340205.0,41.7,42.2,83.0,0.0,0.0,0.0,0.436,0.324,0.0,0.0,0.385,0.214,0.0,Financials,2026-07-03,52.69,-17.65,96
PSFE,,4.8,Tendance baissière (pas un setup),5.56,290318024.0,35.9,-0.055,-1.24,-5.28,-17.14,2083547.0,39.0,41.3,52.0,0.34,0.0,0.0,0.481,0.639,0.171,0.0,0.31,0.024,0.0,Information Technology,2026-07-03,8.41,-33.89,96
KNF,,4.8,Tendance baissière (pas un setup),53.23,3021516847.0,39.9,0.33,2.42,1.04,-13.91,62954042.0,34.7,39.7,24.0,0.0,0.0,0.0,0.573,0.685,0.025,0.0,0.368,0.048,0.0,Materials,2026-07-03,84.88,-37.29,96
BWAY,,4.8,Tendance baissière (pas un setup),11.89,477138673.0,24.1,-0.107,-2.78,-11.8,-15.97,1407843.0,31.7,32.5,58.0,0.64,0.0,0.0,0.971,0.478,0.322,0.0,0.0,0.008,0.0,Health Care,2026-07-03,15.19,-21.72,96
NXRT,,4.8,Tendance baissière (pas un setup),20.18,515595226.0,42.7,-0.033,8.44,4.72,-13.13,20195956.0,24.5,32.1,98.0,0.0,0.0,0.0,0.993,0.015,0.0,0.0,0.427,0.056,0.0,Real Estate,2026-07-03,28.72,-29.74,96
MITT,,4.8,Tendance baissière (pas un setup),5.67,180325703.0,28.6,-0.017,0.71,-1.05,-13.13,2672336.0,19.3,20.4,88.0,0.0,0.0,0.0,1.0,0.371,0.0,0.0,0.345,0.016,0.0,Real Estate,2026-07-03,7.68,-26.17,96
AVR,,4.8,Tendance baissière (pas un setup),7.05,687082242.0,29.5,-0.054,-6.62,-7.11,-22.01,7906491.0,30.2,30.5,44.0,0.0,0.0,0.0,1.0,0.609,0.0,0.0,0.04,0.19,0.0,Health Care,2026-07-03,10.24,-31.15,96
TRN,,4.8,Tendance baissière (pas un setup),26.21,2088137228.0,32.0,-0.054,-0.68,-1.87,-7.45,21772958.0,31.6,34.6,40.0,0.0,0.0,0.0,0.856,0.561,0.0,0.0,0.339,0.016,0.0,Industrials,2026-07-03,34.12,-23.18,96
KLC,,4.8,Tendance baissière (pas un setup),2.0,237034066.0,33.4,0.03,10.5,3.09,-25.09,1411665.0,64.4,67.8,63.0,0.71,0.0,0.0,0.0,0.624,0.356,0.0,0.354,0.048,0.0,Consumer Staples,2026-07-03,4.85,-58.76,96
MFA,,4.8,Tendance baissière (pas un setup),7.28,735920189.0,22.9,-0.049,-0.95,-4.51,-14.64,16093350.0,18.0,18.8,100.0,0.0,0.0,0.0,1.0,0.0,0.0,0.0,0.31,0.008,0.201,Real Estate,2026-07-03,9.48,-23.21,96
HOS,,4.8,Tendance baissière (pas un setup),7.72,1715126052.0,32.1,-0.023,-1.66,0.13,-16.09,22291713.0,30.6,32.3,87.0,0.0,0.0,0.0,0.986,0.347,0.0,0.0,0.364,0.016,0.0,Industrials,2026-09-07,9.2,-16.09,30
RTB,,4.7,Tendance baissière (pas un setup),8.73,130589224.0,41.4,0.184,-1.8,-7.42,-23.69,1412823.0,56.4,66.0,35.0,0.0,0.0,0.0,0.0,0.79,0.088,0.0,0.037,0.452,0.0,Information Technology,2026-07-15,14.96,-41.64,84
COCO,,4.7,Tendance baissière (pas un setup),54.48,3197659907.0,38.3,0.107,-1.52,-3.66,-1.18,81135151.0,22.1,27.6,21.0,0.0,0.0,0.0,1.0,0.686,0.113,0.0,0.0,0.087,0.0,Consumer Staples,2026-07-03,66.16,-17.65,96
LWAY,,4.7,Tendance baissière (pas un setup),20.46,309084044.0,17.5,-0.084,-2.57,-3.22,-18.19,3643687.0,36.0,36.6,64.0,0.05,0.0,0.0,0.742,0.614,0.026,0.0,0.352,0.008,0.0,Consumer Staples,2026-07-03,30.94,-33.87,96
ABAT,new_tech,4.7,Tendance baissière (pas un setup),2.15,306542180.0,40.2,-0.009,-0.92,-1.83,-22.66,8969528.0,25.5,30.7,25.0,0.0,0.0,0.0,1.0,0.802,0.117,0.0,0.048,0.016,0.0,Industrials,2026-07-03,2.81,-23.49,96
DLX,,4.7,Tendance baissière (pas un setup),22.54,1033600777.0,36.5,-0.117,-0.57,-4.09,-7.2,9997274.0,18.5,19.3,19.0,0.3,0.0,0.0,1.0,0.669,0.148,0.0,0.0,0.008,0.069,Industrials,2026-07-03,24.31,-7.28,96
PNNT,,4.7,Tendance baissière (pas un setup),3.21,209600462.0,33.2,-0.021,-0.62,-3.89,-12.22,1751763.0,14.9,17.6,54.0,0.48,0.0,0.0,1.0,0.476,0.242,0.0,0.048,0.008,0.0,Financials,2026-07-03,3.45,-6.96,96
GOW,,4.7,Tendance baissière (pas un setup),4.01,187428122.0,35.7,-0.298,-7.39,121.55,-48.26,6885067.0,69.2,87.7,100.0,0.0,0.0,0.0,0.0,0.0,0.5,0.0,0.411,0.056,0.0,Energy,2026-10-01,3.18,26.1,6
ARKO,,4.7,Tendance baissière (pas un setup),4.2,471180028.0,36.6,0.05,-0.24,2.19,-14.11,3570981.0,48.5,51.2,19.0,0.57,0.0,0.0,0.0,0.886,0.285,0.0,0.342,0.024,0.0,Consumer Discretionary,2026-07-03,8.04,-47.76,96
PRG,,4.7,Tendance baissière (pas un setup),31.28,1245933480.0,25.7,-0.075,1.23,-0.67,-20.39,22848445.0,32.5,34.4,83.0,0.0,0.0,0.0,0.869,0.398,0.0,0.0,0.385,0.016,0.0,Industrials,2026-07-03,44.13,-29.12,96
IIPR,,4.7,Tendance baissière (pas un setup),50.26,1385736001.0,27.0,-0.32,-0.55,-4.47,-8.96,23533093.0,16.0,17.4,47.0,0.0,0.0,0.0,1.0,0.521,0.0,0.0,0.0,0.008,0.322,Real Estate,2026-07-03,63.36,-20.68,96
ABEO,,4.7,Tendance baissière (pas un setup),5.01,286491925.0,33.7,-0.022,-1.96,-2.91,-16.5,8318794.0,34.5,36.1,38.0,0.0,0.0,0.0,0.773,0.732,0.0,0.0,0.309,0.008,0.0,Health Care,2026-07-03,6.4,-21.72,96
IRON,,4.7,Tendance baissière (pas un setup),61.65,2366918833.0,24.9,-0.268,-2.65,-6.41,-22.19,42983746.0,26.3,26.7,81.0,0.0,0.0,0.0,1.0,0.393,0.0,0.0,0.318,0.008,0.0,Health Care,2026-07-03,76.26,-19.16,96
CYD,,4.7,Tendance baissière (pas un setup),32.19,1207714785.0,36.9,0.158,1.0,-1.29,-14.0,4855790.0,36.2,40.3,41.0,0.0,0.0,0.0,0.537,0.66,0.072,0.0,0.342,0.032,0.0,Consumer Discretionary,2026-07-03,43.39,-25.81,96
GRND,,4.7,Tendance baissière (pas un setup),13.94,2423059540.0,37.6,-0.223,2.95,-13.52,-8.59,26310497.0,24.6,28.6,60.0,0.0,0.0,0.0,1.0,0.238,0.0,0.0,0.0,0.19,0.178,Information Technology,2026-07-03,16.06,-13.2,96
MARA,,4.7,Tendance baissière (pas un setup),10.97,4237703288.0,42.6,-0.216,-1.79,-8.51,-3.01,522324911.0,21.5,37.9,55.0,0.52,0.0,0.0,0.672,0.496,0.258,0.0,0.048,0.127,0.0,Financials,2026-07-03,12.4,-11.53,96
ARTV,,4.7,Tendance baissière (pas un setup),7.27,355431180.0,31.7,-0.021,1.96,3.41,-35.03,4436404.0,40.7,46.9,75.0,0.0,0.0,0.0,0.174,0.55,0.12,0.0,0.455,0.087,0.0,Health Care,2026-07-03,9.61,-24.35,96
TBLA,,4.7,Tendance baissière (pas un setup),3.23,814333885.0,28.9,-0.012,-1.22,-5.28,-16.32,6819843.0,40.2,41.1,53.0,0.85,0.0,0.0,0.494,0.681,0.426,0.0,0.045,0.008,0.0,Communication Services,2026-07-03,5.14,-37.16,96
WYFI,,4.7,Tendance baissière (pas un setup),17.33,673237885.0,40.6,0.053,-0.74,-6.48,-11.31,22900192.0,46.4,48.7,1.0,1.0,0.0,0.0,0.074,0.995,0.5,0.0,0.008,0.056,0.0,Information Technology,2026-07-03,31.44,-44.88,96
TROX,,4.7,Tendance baissière (pas un setup),3.87,618039112.0,27.5,0.024,-1.02,-3.01,-19.54,9422029.0,45.1,47.6,41.0,0.55,0.0,0.0,0.136,0.752,0.275,0.0,0.351,0.008,0.0,Materials,2026-07-03,6.21,-37.68,96
UAMY,,4.7,Tendance baissière (pas un setup),3.99,597180842.0,32.7,-0.035,1.01,-4.55,-23.27,21659595.0,43.2,45.2,27.0,0.91,0.0,0.0,0.265,0.838,0.457,0.0,0.048,0.016,0.0,Materials,2026-07-03,7.43,-46.3,96
MAMA,,4.7,Tendance baissière (pas un setup),12.73,600187280.0,33.0,0.04,-0.7,-1.09,-16.03,11388322.0,34.2,34.9,75.0,0.0,0.0,0.0,0.84,0.548,0.0,0.0,0.344,0.008,0.0,Consumer Staples,2026-07-03,18.68,-31.85,96
CMPR,,4.7,Tendance baissière (pas un setup),73.65,1793338907.0,26.0,-0.178,-3.54,-5.78,-15.78,14884615.0,29.2,29.4,39.0,0.31,0.0,0.0,1.0,0.701,0.153,0.0,0.049,0.008,0.0,Industrials,2026-07-03,97.62,-24.55,96
PMT,,4.6,Tendance baissière (pas un setup),8.03,700234967.0,31.8,-0.057,2.03,0.37,-16.7,18544376.0,19.1,23.1,91.0,0.0,0.0,0.0,1.0,0.052,0.0,0.0,0.407,0.032,0.0,Real Estate,2026-07-03,10.81,-25.72,96
LBTYK,,4.6,Tendance baissière (pas un setup),8.95,3051028278.0,31.5,-0.061,1.7,-0.67,-14.19,19351325.0,16.6,19.4,98.0,0.0,0.0,0.0,1.0,0.133,0.0,0.0,0.384,0.024,0.0,Communication Services,2026-07-03,10.9,-17.89,96
SUPX,,4.6,Tendance baissière (pas un setup),6.9,298194092.0,45.2,-0.093,6.98,-2.27,-15.02,5722301.0,38.8,50.3,34.0,0.0,0.0,0.0,0.0,0.795,0.0,0.0,0.531,0.111,0.0,Information Technology,2026-07-03,8.01,-13.86,96
HGV,,4.6,Tendance baissière (pas un setup),34.73,2699359556.0,30.0,0.144,2.0,-2.93,-17.41,43890503.0,34.9,36.3,61.0,0.04,0.0,0.0,0.76,0.556,0.022,0.0,0.329,0.016,0.0,Consumer Discretionary,2026-07-03,52.91,-34.36,96
VYX,,4.6,Tendance baissière (pas un setup),6.73,929210414.0,38.8,-0.025,-1.61,1.66,-26.37,22957753.0,33.6,35.0,90.0,0.0,0.0,0.0,0.833,0.457,0.0,0.0,0.361,0.016,0.0,Information Technology,2026-07-03,8.7,-22.64,96
REAX,,4.6,Tendance baissière (pas un setup),16.74,366940800.0,43.6,0.108,1.82,1.95,-10.34,13286163.0,42.0,50.6,45.0,0.19,0.0,0.0,0.0,0.729,0.097,0.0,0.473,0.095,0.0,Real Estate,2026-07-03,2.17,671.43,96
SLVM,,4.6,Tendance baissière (pas un setup),32.91,1308509597.0,38.9,-0.19,-1.38,-1.93,-7.25,12943035.0,20.3,24.1,77.0,0.0,0.0,0.0,1.0,0.301,0.0,0.0,0.321,0.016,0.0,Materials,2026-07-03,38.54,-14.61,96
SPIR,espace,4.6,Tendance baissière (pas un setup),10.98,446033634.0,37.9,-0.033,0.83,-1.52,-8.35,7933308.0,27.6,31.1,6.0,0.21,0.0,0.0,1.0,0.8,0.104,0.0,0.041,0.016,0.0,Industrials,2026-07-03,18.44,-40.46,96
CDNL,,4.6,Tendance baissière (pas un setup),28.72,1392341436.0,36.5,0.689,0.03,4.93,-21.16,19199825.0,56.9,59.9,29.0,0.54,0.0,0.0,0.0,0.824,0.27,0.0,0.323,0.04,0.0,Industrials,2026-07-20,71.23,-59.68,79
MFIC,,4.6,Tendance baissière (pas un setup),8.5,700167338.0,26.7,-0.038,-0.12,-4.06,-8.7,5347456.0,11.7,11.9,70.0,0.07,0.0,0.0,0.989,0.313,0.037,0.284,0.013,0.008,0.127,Financials,2026-07-03,9.98,-14.83,96
UNIT,,4.6,Tendance baissière (pas un setup),8.1,1966073594.0,28.2,-0.117,1.89,-5.48,-20.35,23556381.0,25.1,29.6,89.0,0.0,0.0,0.0,1.0,0.25,0.0,0.0,0.343,0.024,0.0,Real Estate,2026-07-03,10.75,-24.65,96
VEL,,4.6,Tendance baissière (pas un setup),14.87,587089266.0,25.4,-0.095,1.64,-1.65,-19.32,3362366.0,22.5,26.1,97.0,0.0,0.0,0.0,1.0,0.116,0.0,0.0,0.379,0.024,0.0,Financials,2026-07-03,18.57,-19.92,96
GOGO,,4.6,Tendance baissière (pas un setup),2.3,311668083.0,41.9,0.009,7.48,3.14,-19.01,3751815.0,51.2,56.5,67.0,0.57,0.0,0.0,0.0,0.6,0.287,0.0,0.376,0.056,0.0,Communication Services,2026-07-03,3.57,-35.57,96
STC,,4.5,Tendance baissière (pas un setup),51.72,1578608132.0,23.1,-1.054,1.75,-8.88,-22.78,19131795.0,26.4,30.6,100.0,0.0,0.0,0.0,1.0,0.0,0.0,0.0,0.39,0.032,0.0,Financials,2026-07-03,67.96,-23.9,96
NN,,4.5,Tendance baissière (pas un setup),13.27,2240107506.0,37.7,-0.103,-0.38,-4.46,-12.58,36160170.0,33.4,38.5,13.0,0.51,0.0,0.0,0.641,0.847,0.256,0.0,0.034,0.016,0.0,Information Technology,2026-07-03,16.28,-18.49,96
CTEV,,4.5,Tendance baissière (pas un setup),24.09,408264384.0,35.6,-0.381,-2.39,11.32,-37.31,4776176.0,43.3,52.3,93.0,0.0,0.0,0.0,0.0,0.388,0.0,0.0,0.5,0.23,0.0,Health Care,2026-07-03,32.64,-26.19,96
WHR,,4.5,Tendance baissière (pas un setup),30.15,1965761247.0,28.2,-0.05,0.4,-1.7,-23.28,99239081.0,36.0,37.4,65.0,0.0,0.0,0.0,0.701,0.61,0.0,0.0,0.341,0.008,0.0,Consumer Discretionary,2026-07-03,38.1,-20.87,96
ONIT,,4.5,Tendance baissière (pas un setup),27.77,232005020.0,25.1,-0.303,0.98,-6.97,-21.69,2889211.0,32.7,34.4,90.0,0.0,0.0,0.0,0.865,0.381,0.0,0.0,0.336,0.024,0.0,Financials,2026-07-03,38.96,-28.72,96
LBTYA,,4.5,Tendance baissière (pas un setup),9.14,3117540353.0,31.0,-0.068,1.67,-1.3,-13.94,31279077.0,17.2,20.3,99.0,0.0,0.0,0.0,1.0,0.067,0.0,0.0,0.375,0.032,0.0,Communication Services,2026-07-03,11.3,-19.12,96
VOYG,defense|espace,4.5,Tendance baissière (pas un setup),30.88,1913564367.0,43.1,-0.321,2.25,0.46,-9.02,86508691.0,32.0,50.9,15.0,0.0,0.0,0.0,0.0,0.7,0.0,0.0,0.408,0.206,0.0,Industrials,2026-07-03,34.22,-9.76,96
PZZA,,4.5,Tendance baissière (pas un setup),19.58,644606631.0,33.8,0.159,0.2,-3.69,-13.67,31936597.0,38.4,40.4,21.0,0.08,0.0,0.0,0.532,0.876,0.042,0.0,0.3,0.008,0.0,Consumer Discretionary,2026-07-03,35.82,-45.34,96
COLL,,4.5,Tendance baissière (pas un setup),21.88,712316812.0,30.1,0.217,0.05,-1.57,-7.01,20047603.0,40.3,41.5,8.0,0.0,0.0,0.0,0.472,0.952,0.283,0.0,0.044,0.008,0.0,Health Care,2026-07-03,37.03,-40.91,96
RCUS,,4.5,Tendance baissière (pas un setup),24.28,3091654369.0,37.2,-0.018,-1.86,-5.34,-18.14,45160369.0,23.1,26.2,48.0,0.0,0.0,0.0,1.0,0.53,0.0,0.0,0.025,0.024,0.217,Health Care,2026-07-03,30.33,-19.95,96
PTON,,4.5,Tendance baissière (pas un setup),4.87,2137305671.0,42.8,0.032,-2.79,-3.37,-9.81,46209715.0,27.6,30.3,1.0,0.02,0.0,0.0,1.0,0.842,0.01,0.0,0.086,0.016,0.0,Consumer Discretionary,2026-07-03,5.75,-15.3,96
NCDL,,4.5,Tendance baissière (pas un setup),10.9,538319009.0,23.9,-0.056,-0.37,-3.54,-10.01,2834851.0,13.7,14.2,63.0,0.0,0.0,0.0,1.0,0.433,0.0,0.042,0.03,0.008,0.246,Financials,2026-07-03,12.68,-14.04,96
CCCC,,4.5,Tendance baissière (pas un setup),2.88,354312392.0,33.0,-0.015,-3.68,-7.99,-23.4,6607423.0,34.2,36.2,33.0,0.65,0.0,0.0,0.765,0.508,0.325,0.0,0.02,0.016,0.0,Health Care,2026-07-03,4.3,-33.02,96
AKTS,,4.5,Tendance baissière (pas un setup),17.86,993364252.0,23.9,-0.244,-3.56,-9.29,-33.97,10524637.0,35.4,35.6,75.0,0.0,0.0,0.0,0.799,0.48,0.0,0.0,0.343,0.008,0.0,Health Care,2026-08-17,24.93,-28.36,51
NKTX,,4.4,Tendance baissière (pas un setup),2.31,165453267.0,32.8,-0.059,-8.7,-11.83,-20.89,1614080.0,30.0,38.0,21.0,0.35,0.0,0.0,0.665,0.656,0.239,0.0,0.016,0.063,0.0,Health Care,2026-07-03,3.22,-28.26,96
BCRX,,4.4,Tendance baissière (pas un setup),7.95,2031504085.0,32.4,-0.024,-1.85,-3.87,-20.18,49045524.0,25.6,26.3,14.0,0.0,0.0,0.0,1.0,0.914,0.0,0.0,0.04,0.008,0.029,Health Care,2026-07-03,9.84,-19.21,96
FRMI,production_energie,4.4,Tendance baissière (pas un setup),4.23,2712528544.0,37.5,-0.023,4.19,-1.17,-17.38,79176556.0,44.9,48.9,52.0,0.48,0.0,0.0,0.06,0.686,0.238,0.0,0.356,0.032,0.0,Real Estate,2026-07-07,8.21,-48.48,92
HE,,4.4,Tendance baissière (pas un setup),8.93,1542461076.0,21.7,0.015,1.36,-1.65,-19.48,29626620.0,33.2,35.1,94.0,0.0,0.0,0.0,0.829,0.27,0.0,0.0,0.383,0.016,0.0,Utilities,2026-07-03,13.63,-34.48,96
VITL,,4.4,Tendance baissière (pas un setup),9.4,403556307.0,40.4,-0.096,1.62,0.11,-5.24,20019003.0,33.1,38.2,84.0,0.0,0.0,0.0,0.655,0.126,0.1,0.0,0.335,0.079,0.0,Consumer Staples,2026-07-03,12.76,-26.33,96
ALKT,,4.4,Tendance baissière (pas un setup),14.11,1508951338.0,30.0,-0.213,-0.28,5.53,-28.34,35123023.0,33.0,37.3,100.0,0.0,0.0,0.0,0.707,0.099,0.0,0.0,0.468,0.048,0.0,Information Technology,2026-07-03,19.02,-25.81,96
PIPR,,4.4,Tendance baissière (pas un setup),65.66,4640211307.0,31.5,-0.674,0.05,1.45,-14.77,61686103.0,16.5,19.9,92.0,0.0,0.0,0.0,1.0,0.119,0.0,0.0,0.338,0.008,0.025,Financials,2026-09-30,64.72,1.45,7
CELC,,4.4,Tendance baissière (pas un setup),71.25,3486398445.0,31.2,-0.798,-3.22,-7.92,-25.55,87607261.0,27.3,29.6,43.0,0.5,0.0,0.0,1.0,0.369,0.249,0.0,0.024,0.008,0.0,Health Care,2026-07-15,111.05,-35.84,84
BRUN,,4.4,Tendance baissière (pas un setup),15.17,1205824480.0,42.2,0.019,5.86,-8.89,-14.0,36870544.0,43.6,49.9,5.0,0.14,0.0,0.0,0.006,0.971,0.421,0.0,0.015,0.087,0.0,Information Technology,2026-07-03,31.76,-52.24,96
OSS,,4.4,Tendance baissière (pas un setup),8.34,208000684.0,33.1,0.052,0.12,-3.58,-16.35,6791692.0,42.8,43.3,1.0,0.7,0.0,0.0,0.371,0.995,0.348,0.0,0.0,0.008,0.0,Information Technology,2026-07-03,15.69,-46.85,96
FMC,,4.3,Tendance baissière (pas un setup),9.03,1404637865.0,37.3,-0.119,0.33,0.22,-29.76,43150568.0,32.3,37.6,95.0,0.0,0.0,0.0,0.691,0.299,0.0,0.0,0.414,0.024,0.0,Materials,2026-07-03,11.35,-20.44,96
STOK,,4.3,Tendance baissière (pas un setup),24.37,1572504518.0,30.2,-0.137,-3.75,-5.83,-18.25,26718966.0,28.2,32.2,100.0,0.0,0.0,0.0,0.987,0.216,0.002,0.0,0.315,0.008,0.0,Health Care,2026-07-03,32.7,-25.47,96
EVC,,4.3,Tendance baissière (pas un setup),6.7,618331644.0,23.7,-0.035,-5.9,-8.72,-19.93,9949908.0,44.6,46.8,38.0,0.62,0.0,0.0,0.176,0.771,0.308,0.0,0.008,0.167,0.0,Communication Services,2026-07-03,13.05,-48.66,96
CLDX,,4.3,Tendance baissière (pas un setup),31.01,2434808140.0,31.6,-0.204,-4.85,-1.99,-21.85,73592728.0,31.3,32.7,99.0,0.0,0.0,0.0,0.961,0.005,0.0,0.0,0.36,0.048,0.0,Health Care,2026-07-03,38.37,-19.18,96
OLMA,,4.3,Tendance baissière (pas un setup),7.92,692981047.0,25.1,-0.093,-4.0,-7.26,-26.33,12463907.0,35.1,36.1,77.0,0.0,0.0,0.0,0.771,0.456,0.0,0.0,0.323,0.008,0.0,Health Care,2026-07-03,12.64,-37.34,96
ELA,,4.3,Tendance baissière (pas un setup),12.15,315456233.0,32.8,0.118,0.83,-2.49,-13.65,1621809.0,45.4,46.8,29.0,0.33,0.0,0.0,0.178,0.829,0.166,0.0,0.305,0.016,0.0,Consumer Discretionary,2026-07-03,25.56,-52.46,96
ALT,,4.3,Tendance baissière (pas un setup),2.67,519362262.0,29.5,-0.066,0.0,-10.1,-21.93,12403855.0,24.8,25.6,90.0,0.44,0.0,0.0,1.0,0.333,0.231,0.0,0.035,0.008,0.0,Health Care,2026-07-03,3.16,-15.51,96
BRSP,,4.3,Tendance baissière (pas un setup),3.79,479526642.0,23.2,0.001,0.53,-2.07,-15.67,8037776.0,25.7,26.9,90.0,0.0,0.0,0.0,1.0,0.132,0.0,0.0,0.336,0.008,0.0,Real Estate,2026-07-03,5.44,-30.33,96
WINA,,4.3,Tendance baissière (pas un setup),295.85,1062743199.0,39.2,2.094,0.68,-3.3,-7.02,30667433.0,22.9,27.0,2.0,0.0,0.0,0.0,1.0,0.846,0.0,0.0,0.025,0.04,0.0,Consumer Discretionary,2026-07-03,424.29,-30.27,96
CIGI,,4.3,Tendance baissière (pas un setup),87.61,4477205758.0,35.2,0.053,-1.61,-2.7,-11.52,24843810.0,21.2,21.4,7.0,0.0,0.0,0.0,1.0,0.907,0.024,0.0,0.026,0.008,0.0,Real Estate,2026-07-08,100.52,-12.84,91
CTMX,,4.3,Tendance baissière (pas un setup),2.56,557822167.0,32.6,-0.014,-0.78,-6.91,-31.0,11527808.0,34.1,36.2,76.0,0.0,0.0,0.0,0.769,0.464,0.0,0.0,0.322,0.008,0.0,Health Care,2026-07-03,3.82,-32.98,96
OPFI,,4.3,Tendance baissière (pas un setup),6.18,526586966.0,35.5,-0.002,2.32,1.64,-16.71,6448548.0,39.4,42.0,87.0,0.04,0.0,0.0,0.444,0.476,0.019,0.0,0.427,0.04,0.0,Financials,2026-07-03,9.96,-37.95,96
NSLR,,4.3,Tendance baissière (pas un setup),7.5,198549165.0,27.8,0.003,0.0,-3.35,-25.74,4392422.0,33.5,37.5,83.0,0.0,0.0,0.0,0.693,0.498,0.0,0.0,0.346,0.008,0.0,Financials,2026-07-03,11.79,-36.39,96
MGPI,,4.3,Tendance baissière (pas un setup),13.02,278811270.0,32.6,0.054,1.96,-2.4,-20.61,4173471.0,35.8,38.8,87.0,0.0,0.0,0.0,0.624,0.425,0.0,0.0,0.367,0.048,0.0,Consumer Staples,2026-07-03,16.98,-23.32,96
SEVN,,4.3,Tendance baissière (pas un setup),6.9,156330581.0,33.0,-0.04,0.88,-4.43,-8.49,1461474.0,14.8,17.2,96.0,0.0,0.0,0.0,1.0,0.043,0.0,0.0,0.306,0.024,0.054,Real Estate,2026-07-03,8.57,-19.49,96
QTTB,,4.2,Tendance baissière (pas un setup),8.11,241430369.0,25.1,-0.035,-3.11,-14.9,-32.36,10987890.0,52.2,54.4,60.0,0.0,0.0,0.0,0.0,0.44,0.006,0.0,0.347,0.278,0.0,Health Care,2026-07-03,13.09,-38.04,96
MIAX,,4.2,Tendance baissière (pas un setup),30.79,3055319349.0,25.1,-0.36,-10.29,-9.09,-27.36,67320821.0,35.2,35.4,89.0,0.0,0.0,0.0,0.812,0.352,0.0,0.0,0.334,0.008,0.0,Financials,2026-07-03,40.84,-24.61,96
CTNM,,4.2,Tendance baissière (pas un setup),12.65,475907320.0,40.8,0.009,-0.55,10.0,-24.25,9548665.0,28.9,39.0,69.0,0.0,0.0,0.0,0.608,0.261,0.0,0.0,0.343,0.079,0.038,Health Care,2026-07-03,15.1,-16.23,96
OXM,,4.2,Tendance baissière (pas un setup),25.49,381796204.0,28.9,0.073,0.43,1.92,-17.43,16142130.0,40.3,43.3,68.0,0.0,0.0,0.0,0.371,0.59,0.0,0.0,0.432,0.024,0.0,Consumer Discretionary,2026-07-03,34.88,-26.92,96
RCAT,defense|robotique,4.2,Tendance baissière (pas un setup),6.34,968209055.0,31.5,0.005,-0.08,-1.71,-24.25,60725397.0,46.1,46.7,29.0,0.15,0.0,0.0,0.184,0.824,0.074,0.0,0.38,0.008,0.0,Industrials,2026-07-03,10.44,-39.27,96
CCB,,4.2,Tendance baissière (pas un setup),40.76,623070689.0,37.3,-0.026,-0.46,1.95,-19.01,10528420.0,44.7,51.8,79.0,0.62,0.0,0.0,0.0,0.447,0.31,0.0,0.365,0.032,0.0,Financials,2026-07-03,78.35,-47.98,96
AIR,,4.1,Tendance baissière (pas un setup),104.03,4181403770.0,33.5,-0.807,1.75,-2.55,-17.79,76220992.0,32.4,35.6,90.0,0.0,0.0,0.0,0.8,0.176,0.0,0.0,0.344,0.04,0.0,Industrials,2026-09-10,124.6,-16.51,27
ENOV,,4.1,Tendance baissière (pas un setup),18.2,1049584791.0,40.1,0.279,-2.62,-1.41,-1.94,34637838.0,42.5,45.4,1.0,0.0,0.0,0.0,0.257,0.995,0.0,0.0,0.317,0.024,0.0,Health Care,2026-07-03,22.5,-19.11,96
BXMT,,4.1,Tendance baissière (pas un setup),11.25,1896115399.0,27.2,-0.081,2.18,-4.98,-17.63,37116074.0,30.6,33.5,90.0,0.0,0.0,0.0,0.918,0.144,0.0,0.0,0.306,0.024,0.0,Real Estate,2026-07-03,17.25,-34.78,96
KZIA,,4.1,Tendance baissière (pas un setup),9.26,143982610.0,34.5,-0.005,-0.96,-5.03,-24.78,2922120.0,46.1,47.6,45.0,0.1,0.0,0.0,0.136,0.729,0.167,0.0,0.333,0.008,0.0,Health Care,2026-07-03,13.25,-30.11,96
PALI,,4.1,Tendance baissière (pas un setup),1.49,259663131.0,37.9,-0.01,2.05,2.76,-28.71,6511113.0,33.5,41.1,97.0,0.0,0.0,0.0,0.496,0.256,0.0,0.0,0.43,0.056,0.0,Health Care,2026-07-03,2.1,-29.05,96
LENZ,,4.1,Tendance baissière (pas un setup),3.79,119083100.0,37.3,-0.007,5.57,-1.81,-36.41,3159952.0,43.8,48.7,67.0,0.41,0.0,0.0,0.07,0.6,0.205,0.0,0.341,0.032,0.0,Health Care,2026-07-03,5.89,-35.65,96
FUN,,4.1,Tendance baissière (pas un setup),12.08,1235981049.0,40.9,0.134,-0.41,11.23,-22.11,30880492.0,36.4,45.0,72.0,0.0,0.0,0.0,0.278,0.529,0.0,0.0,0.465,0.048,0.0,Consumer Discretionary,2026-07-03,20.99,-42.45,96
WD,,4.1,Tendance baissière (pas un setup),35.1,1204833650.0,36.5,-0.234,6.17,-3.31,-17.62,19740218.0,32.2,36.7,88.0,0.0,0.0,0.0,0.737,0.372,0.0,0.0,0.307,0.024,0.0,Financials,2026-07-03,54.55,-35.66,96
TRTX,,4.1,Tendance baissière (pas un setup),6.05,464452504.0,17.3,-0.044,0.5,-4.57,-20.41,7581148.0,28.4,28.9,98.0,0.0,0.0,0.0,1.0,0.01,0.0,0.0,0.314,0.008,0.036,Real Estate,2026-07-03,8.4,-27.98,96
SGRY,,4.1,Tendance baissière (pas un setup),13.41,1755613867.0,43.7,-0.076,0.6,-6.94,-5.96,32875897.0,19.4,22.1,62.0,0.15,0.0,0.0,1.0,0.378,0.077,0.0,0.118,0.016,0.0,Health Care,2026-07-03,17.23,-22.17,96
ALLO,,4.1,Tendance baissière (pas un setup),1.46,504416686.0,23.2,-0.014,-2.67,-9.88,-25.89,9491636.0,34.5,35.9,23.0,0.21,0.0,0.0,0.785,0.862,0.107,0.0,0.024,0.008,0.0,Health Care,2026-07-03,2.08,-29.81,96
METC,,4.1,Tendance baissière (pas un setup),8.22,523476512.0,32.6,-0.102,2.75,-1.91,-37.73,18984019.0,45.9,48.2,85.0,0.41,0.0,0.0,0.101,0.49,0.207,0.0,0.383,0.024,0.0,Materials,2026-07-03,12.95,-36.53,96
ASMB,,4.1,Tendance baissière (pas un setup),22.18,451598019.0,25.2,-0.222,-2.46,-5.54,-39.4,10459053.0,40.1,41.1,86.0,0.0,0.0,0.0,0.495,0.486,0.0,0.0,0.405,0.008,0.0,Health Care,2026-07-03,27.74,-20.04,96
FBRT,,4.0,Tendance baissière (pas un setup),6.14,509898854.0,22.5,-0.101,-0.49,-5.83,-26.33,17886235.0,27.6,28.3,99.0,0.0,0.0,0.0,1.0,0.005,0.0,0.0,0.325,0.008,0.0,Real Estate,2026-07-03,8.07,-23.92,96
KRRO,,4.0,Tendance baissière (pas un setup),9.76,143722305.0,37.1,-0.056,-2.11,2.09,-20.26,2362549.0,35.6,39.0,99.0,0.0,0.0,0.0,0.611,0.219,0.0,0.0,0.384,0.048,0.0,Health Care,2026-07-03,14.0,-30.29,96
CRDL,,4.0,Tendance baissière (pas un setup),1.31,158065183.0,24.0,-0.07,-0.76,-22.49,-40.45,2652712.0,44.0,52.5,84.0,0.01,0.0,0.4,0.0,0.406,0.007,0.0,0.0,0.341,0.0,Health Care,2026-07-29,1.2,9.17,70
LXRX,,4.0,Tendance baissière (pas un setup),1.75,778672885.0,32.0,-0.016,0.57,-6.91,-21.88,6708304.0,30.6,31.7,60.0,0.0,0.0,0.0,1.0,0.287,0.132,0.0,0.045,0.04,0.0,Health Care,2026-07-03,2.32,-24.57,96
OI,,4.0,Tendance baissière (pas un setup),5.75,883543545.0,33.8,0.008,3.23,1.95,-19.47,23399535.0,40.5,45.1,54.0,0.07,0.0,0.0,0.27,0.676,0.037,0.0,0.37,0.032,0.0,Consumer Discretionary,2026-07-03,9.79,-41.27,96
NAK,,4.0,Tendance baissière (pas un setup),1.3,730758161.0,37.3,-0.0,0.0,-10.34,-11.56,5579653.0,28.2,33.7,21.0,0.2,0.0,0.0,0.905,0.674,0.101,0.0,0.0,0.024,0.0,Materials,2026-07-03,1.86,-30.11,96
CIM,,4.0,Tendance baissière (pas un setup),9.2,770148726.0,19.3,-0.079,0.22,-5.64,-17.31,15609859.0,25.2,25.9,100.0,0.0,0.0,0.0,1.0,0.0,0.0,0.0,0.304,0.008,0.031,Real Estate,2026-07-03,13.12,-29.88,96
RH,,4.0,Tendance baissière (pas un setup),117.16,2218208908.0,27.9,0.489,-0.25,-4.13,-20.83,117175271.0,41.7,42.8,20.0,0.0,0.0,0.0,0.398,0.881,0.0,0.0,0.301,0.008,0.0,Consumer Discretionary,2026-07-03,169.08,-30.71,96
PLAY,,4.0,Tendance baissière (pas un setup),6.86,238938218.0,39.8,0.107,1.48,5.7,-21.33,24331275.0,42.6,47.6,68.0,0.0,0.0,0.0,0.132,0.59,0.0,0.0,0.435,0.087,0.0,Communication Services,2026-07-03,11.04,-37.86,96
YELP,,4.0,Tendance baissière (pas un setup),18.14,984342085.0,35.2,0.084,-1.95,-0.77,-16.25,28075991.0,37.9,40.9,82.0,0.0,0.0,0.0,0.505,0.467,0.0,0.0,0.376,0.024,0.0,Communication Services,2026-07-03,26.52,-31.6,96
MEC,,4.0,Tendance baissière (pas un setup),16.46,419735448.0,36.3,0.195,0.43,0.86,-16.28,9823563.0,44.6,51.7,25.0,0.34,0.0,0.0,0.0,0.7,0.171,0.0,0.361,0.024,0.0,Industrials,2026-07-03,33.55,-50.94,96
ASPI,production_energie,4.0,Tendance baissière (pas un setup),2.85,436931733.0,37.7,0.023,-2.73,8.16,-32.14,14780123.0,36.6,44.2,53.0,0.0,0.0,0.0,0.324,0.537,0.0,0.0,0.427,0.04,0.0,Materials,2026-07-03,5.63,-49.38,96
ACAD,,4.0,Tendance baissière (pas un setup),19.74,3401310925.0,17.2,-0.468,-1.84,-2.37,-29.55,55531848.0,36.2,36.8,100.0,0.0,0.0,0.0,0.734,0.054,0.0,0.0,0.445,0.008,0.0,Health Care,2026-07-03,25.97,-23.99,96
NXST,,4.0,Tendance baissière (pas un setup),157.36,4847994245.0,35.9,-0.132,0.45,-2.55,-11.01,66448912.0,20.1,22.2,29.0,0.0,0.0,0.0,1.0,0.716,0.0,0.0,0.043,0.016,0.0,Communication Services,2026-09-09,169.15,-6.97,28
LODE,,4.0,Tendance baissière (pas un setup),2.26,171744286.0,26.3,-0.011,-0.88,-3.83,-27.33,3765352.0,39.1,40.2,67.0,0.0,0.0,0.0,0.547,0.565,0.0,0.0,0.343,0.008,0.0,Materials,2026-07-03,4.19,-46.06,96
NESR,,3.9,Tendance baissière (pas un setup),24.51,2471876491.0,23.3,-0.924,1.79,-7.47,-29.47,67676791.0,33.6,36.1,94.0,0.0,0.0,0.0,0.773,0.22,0.0,0.0,0.32,0.016,0.0,Energy,2026-07-03,27.9,-12.15,96
BLND,,3.9,Tendance baissière (pas un setup),1.02,241243585.0,28.0,-0.005,-1.92,-0.97,-33.77,2376137.0,51.0,51.9,96.0,0.57,0.0,0.0,0.0,0.393,0.286,0.0,0.379,0.008,0.0,Information Technology,2026-07-03,1.81,-43.65,96
NNNN,,3.9,Tendance baissière (pas un setup),4.9,705066880.0,29.8,0.033,1.45,-20.45,-25.08,1118764.0,64.5,66.2,36.0,0.0,0.0,0.0,0.0,0.786,0.5,0.0,0.0,0.016,0.0,Health Care,2026-08-19,8.35,-41.32,49
TRIP,,3.9,Tendance baissière (pas un setup),8.52,998538394.0,38.9,0.112,-3.07,1.43,-8.68,39461218.0,43.4,46.7,13.0,0.0,0.0,0.0,0.185,0.898,0.0,0.0,0.356,0.024,0.0,Consumer Discretionary,2026-07-03,14.29,-40.38,96
ABG,,3.9,Tendance baissière (pas un setup),169.76,3047517430.0,29.2,-0.985,-1.2,-2.41,-21.86,49875681.0,34.0,35.0,96.0,0.09,0.0,0.0,0.836,0.024,0.046,0.0,0.333,0.008,0.0,Consumer Discretionary,2026-07-03,205.4,-17.35,96
CHCT,,3.9,Tendance baissière (pas un setup),13.63,390551866.0,32.9,-0.044,2.02,-5.28,-9.13,5604511.0,27.3,29.0,73.0,0.03,0.0,0.0,1.0,0.522,0.014,0.0,0.0,0.016,0.091,Real Estate,2026-07-03,18.31,-25.56,96
IMNM,,3.9,Tendance baissière (pas un setup),19.31,2278640170.0,26.9,-0.349,-8.79,-11.79,-27.84,33188178.0,35.8,37.1,87.0,0.0,0.0,0.0,0.719,0.291,0.0,0.0,0.315,0.024,0.0,Health Care,2026-07-03,23.61,-18.21,96
SOHU,,3.9,Tendance baissière (pas un setup),12.54,326905536.0,34.7,-0.058,-0.08,-4.35,-8.8,1253496.0,18.0,19.6,56.0,0.0,0.0,0.0,1.0,0.516,0.0,0.0,0.029,0.016,0.083,Communication Services,2026-09-16,13.79,-9.06,21
EU,production_energie,3.9,Tendance baissière (pas un setup),1.14,221480307.0,50.9,0.002,6.54,-0.87,-8.06,8809927.0,24.0,48.7,83.0,0.0,0.0,0.0,0.074,0.13,0.0,0.0,0.541,0.143,0.0,Energy,2026-07-03,1.29,-11.63,96
KBH,,3.9,Tendance baissière (pas un setup),45.4,2783461651.0,31.7,-0.044,0.8,-4.26,-13.11,91529646.0,23.3,24.4,26.0,0.0,0.0,0.0,1.0,0.73,0.0,0.0,0.023,0.016,0.0,Consumer Discretionary,2026-07-03,61.16,-25.77,96
SPRB,,3.9,Tendance baissière (pas un setup),42.78,122964646.0,31.0,-0.919,-5.8,-9.49,-26.14,4786538.0,33.7,37.5,74.0,0.0,0.0,0.0,0.696,0.342,0.014,0.0,0.316,0.008,0.0,Health Care,2026-07-03,52.51,-18.53,96
RSI,,3.9,Tendance baissière (pas un setup),20.56,4765260240.0,34.4,-0.004,-2.05,4.58,-22.94,81806395.0,35.8,40.3,97.0,0.0,0.0,0.0,0.538,0.124,0.0,0.0,0.429,0.056,0.0,Consumer Discretionary,2026-09-23,21.57,-4.68,14
ALIT,,3.9,Tendance baissière (pas un setup),9.06,244068183.0,31.1,-0.171,3.66,-1.84,-39.28,5444612.0,56.5,59.1,63.0,0.43,0.0,0.0,0.0,0.59,0.217,0.0,0.353,0.024,0.0,Information Technology,2026-07-03,14.26,-36.47,96
RCKT,,3.9,Tendance baissière (pas un setup),2.48,272241001.0,27.3,-0.053,-4.98,-4.25,-35.75,5987208.0,37.8,38.3,98.0,0.0,0.0,0.0,0.647,0.242,0.0,0.0,0.385,0.008,0.0,Health Care,2026-07-03,3.84,-35.42,96
OCS,,3.8,Tendance baissière (pas un setup),8.72,537047997.0,27.7,-0.054,1.87,-4.49,-28.35,2686738.0,36.4,39.4,67.0,0.0,0.0,0.0,0.588,0.364,0.0,0.0,0.333,0.016,0.0,Health Care,2026-07-03,14.12,-38.24,96
TRVI,,3.8,Tendance baissière (pas un setup),13.18,1877831584.0,21.1,-0.069,-3.94,-8.6,-23.64,28730726.0,31.7,32.7,61.0,0.15,0.0,0.0,0.963,0.558,0.074,0.0,0.023,0.008,0.0,Health Care,2026-07-03,17.93,-26.49,96
IPX,,3.8,Tendance baissière (pas un setup),17.01,577292303.0,38.1,-0.21,2.41,-7.05,-21.79,6831718.0,36.1,42.4,56.0,0.0,0.0,0.0,0.422,0.56,0.0,0.0,0.336,0.024,0.0,Materials,2026-07-03,28.78,-40.9,96
BRBR,,3.8,Tendance baissière (pas un setup),7.69,894179312.0,29.9,-0.003,-0.52,-0.77,-25.99,31767167.0,45.7,48.3,62.0,0.15,0.0,0.0,0.095,0.629,0.075,0.0,0.398,0.024,0.0,Consumer Staples,2026-07-03,13.86,-44.52,96
SLI,,3.8,Tendance baissière (pas un setup),1.73,426936600.0,27.8,-0.027,0.58,-3.89,-28.51,3856214.0,38.4,40.4,83.0,0.0,0.0,0.0,0.534,0.449,0.0,0.0,0.333,0.016,0.0,Materials,2026-07-03,2.72,-36.4,96
AIIO,,3.8,Tendance baissière (pas un setup),1.13,134510201.0,21.8,0.007,1.8,-17.52,-38.59,2314065.0,66.0,69.3,26.0,0.0,0.0,0.0,0.0,0.843,0.225,0.0,0.013,0.198,0.0,Consumer Discretionary,2026-07-03,4.17,-72.9,96
PONY,,3.8,Tendance baissière (pas un setup),6.13,2657609720.0,33.4,-0.065,0.33,-6.27,-16.6,27819771.0,28.9,30.8,23.0,0.05,0.0,0.0,1.0,0.697,0.023,0.0,0.002,0.008,0.0,Information Technology,2026-07-03,6.83,-10.25,96
XRAY,,3.7,Tendance baissière (pas un setup),8.52,1698495024.0,26.1,-0.052,-0.47,-5.12,-25.13,48783487.0,41.0,41.6,75.0,0.02,0.0,0.0,0.469,0.552,0.012,0.0,0.314,0.008,0.0,Health Care,2026-07-03,11.65,-26.87,96
BHF,,3.7,Tendance baissière (pas un setup),50.03,2877303497.0,38.3,0.126,0.42,-3.79,-6.63,54479240.0,22.1,24.7,69.0,0.0,0.0,0.0,1.0,0.328,0.0,0.0,0.002,0.008,0.163,Financials,2026-07-03,64.01,-21.84,96
RAIL,,3.7,Tendance baissière (pas un setup),6.6,216422448.0,38.8,-0.042,-2.37,-4.21,-7.04,2065239.0,24.7,27.6,47.0,0.0,0.0,0.0,1.0,0.56,0.0,0.0,0.041,0.008,0.0,Industrials,2026-07-03,8.97,-26.42,96
NGNE,,3.7,Tendance baissière (pas un setup),25.45,509289672.0,27.3,-0.576,-3.85,-10.36,-34.07,10305182.0,39.4,40.8,92.0,0.0,0.0,0.0,0.51,0.344,0.0,0.0,0.334,0.048,0.0,Health Care,2026-07-03,35.34,-27.99,96
TRDA,,3.7,Tendance baissière (pas un setup),5.42,211036746.0,30.4,-0.117,-1.09,-13.42,-23.98,2143208.0,32.0,35.4,81.0,0.43,0.0,0.0,0.812,0.358,0.216,0.0,0.009,0.008,0.0,Health Care,2026-07-03,7.72,-29.79,96
TPB,,3.7,Tendance baissière (pas un setup),58.27,1168250685.0,29.7,-0.089,1.15,-3.01,-22.44,28336127.0,36.5,40.4,94.0,0.0,0.0,0.0,0.531,0.224,0.0,0.0,0.385,0.032,0.0,Consumer Staples,2026-07-03,85.94,-32.2,96
MOMO,,3.7,Tendance baissière (pas un setup),4.77,704755103.0,35.5,0.003,2.8,-1.45,-11.17,5150496.0,20.9,23.5,38.0,0.0,0.0,0.0,1.0,0.622,0.0,0.0,0.021,0.016,0.0,Communication Services,2026-07-03,5.87,-18.74,96
ARDX,,3.7,Tendance baissière (pas un setup),3.31,824810863.0,31.9,0.021,-2.36,-2.36,-12.43,15324027.0,35.4,37.0,17.0,0.1,0.0,0.0,0.724,0.865,0.05,0.0,0.032,0.008,0.0,Health Care,2026-07-03,5.27,-37.19,96
BYND,,3.7,Tendance baissière (pas un setup),7.99,137379788.0,28.1,-0.041,-0.87,-2.92,-32.23,12838828.0,58.7,59.5,83.0,0.44,0.0,0.0,0.0,0.505,0.222,0.0,0.351,0.008,0.0,Consumer Staples,2026-08-17,0.42,1802.38,51
IVA,,3.7,Tendance baissière (pas un setup),3.46,817529499.0,38.7,0.014,-0.57,5.17,-27.62,9280617.0,32.2,39.1,65.0,0.0,0.0,0.0,0.605,0.21,0.0,0.0,0.352,0.032,0.0,Health Care,2026-07-03,3.91,-11.51,96
SAR,,3.7,Tendance baissière (pas un setup),15.81,254239282.0,27.7,-0.072,-3.36,-5.75,-9.0,2436077.0,18.8,19.5,72.0,0.29,0.0,0.0,1.0,0.215,0.144,0.0,0.011,0.008,0.037,Financials,2026-07-03,22.36,-29.29,96
XFOR,,3.7,Tendance baissière (pas un setup),2.77,274636478.0,24.8,-0.027,-4.48,-4.48,-31.44,4068299.0,42.5,44.0,97.0,0.0,0.0,0.0,0.334,0.419,0.075,0.0,0.369,0.008,0.0,Health Care,2026-07-03,4.13,-32.93,96
ZURA,,3.7,Tendance baissière (pas un setup),3.96,379483383.0,29.2,-0.023,0.76,-1.0,-36.44,8752372.0,43.9,45.9,82.0,0.0,0.0,0.0,0.228,0.471,0.0,0.0,0.36,0.103,0.0,Health Care,2026-07-03,5.17,-23.4,96
DNLI,,3.7,Tendance baissière (pas un setup),19.28,3081857930.0,31.7,0.004,-3.16,-7.35,-13.46,39660602.0,25.1,26.1,13.0,0.0,0.0,0.0,1.0,0.672,0.0,0.0,0.0,0.008,0.021,Health Care,2026-07-03,25.83,-25.36,96
FG,,3.6,Tendance baissière (pas un setup),20.72,2712977530.0,30.8,0.017,-5.86,-5.3,-16.36,17073598.0,32.0,32.7,43.0,0.0,0.0,0.0,0.959,0.588,0.0,0.0,0.039,0.008,0.0,Financials,2026-07-03,27.94,-25.84,96
WLFC,,3.6,Tendance baissière (pas un setup),42.85,906025156.0,19.8,-1.006,0.02,-15.55,-23.78,9653297.0,42.1,42.9,67.0,0.71,0.0,0.0,0.395,0.48,0.354,0.0,0.0,0.008,0.0,Industrials,2026-07-03,226.52,-81.08,96
GBFH,,3.6,Tendance baissière (pas un setup),17.64,255997719.0,26.9,-0.012,-0.14,-5.44,-13.17,1452165.0,44.4,44.8,74.0,0.74,0.0,0.0,0.289,0.557,0.37,0.0,0.026,0.008,0.0,Financials,2026-07-03,31.8,-44.53,96
ONT,,3.6,Tendance baissière (pas un setup),14.52,509904996.0,42.1,-0.251,2.18,2.91,-18.66,11581372.0,37.7,47.4,83.0,0.17,0.0,0.0,0.143,0.298,0.085,0.0,0.407,0.056,0.0,Industrials,2026-07-03,20.92,-30.59,96
SFIX,,3.6,Tendance baissière (pas un setup),2.67,356721844.0,43.9,0.031,-0.37,5.53,-12.46,10287531.0,39.6,52.5,83.0,0.0,0.0,0.0,0.0,0.137,0.124,0.0,0.502,0.063,0.0,Consumer Discretionary,2026-07-03,3.84,-30.47,96
WRD,,3.6,Tendance baissière (pas un setup),5.12,1716513152.0,36.4,-0.056,0.99,-2.66,-14.38,15838347.0,21.1,23.6,71.0,0.0,0.0,0.0,1.0,0.484,0.0,0.0,0.03,0.024,0.0,Information Technology,2026-07-03,5.52,-7.25,96
FLNC,equipement_electrique,3.6,Tendance baissière (pas un setup),8.03,1482308843.0,39.6,0.181,4.97,2.69,-22.42,69266640.0,49.3,55.7,59.0,0.0,0.0,0.0,0.0,0.648,0.0,0.0,0.374,0.111,0.0,Utilities,2026-07-03,17.0,-52.76,96
CRBU,,3.6,Tendance baissière (pas un setup),1.13,121680527.0,27.7,-0.002,-4.62,-8.47,-27.71,1806351.0,35.5,35.8,25.0,0.0,0.0,0.0,0.789,0.848,0.0,0.0,0.022,0.008,0.0,Health Care,2026-07-03,1.82,-37.91,96
PRLD,,3.6,Tendance baissière (pas un setup),3.81,304051278.0,34.2,-0.045,1.06,-3.79,-30.22,2209883.0,44.2,48.0,60.0,0.08,0.0,0.0,0.11,0.638,0.04,0.0,0.364,0.04,0.0,Health Care,2026-07-03,4.91,-22.4,96
KRMN,defense|espace,3.6,Tendance baissière (pas un setup),33.29,4412047139.0,37.1,0.484,0.82,1.31,-16.73,145427291.0,47.8,50.3,4.0,0.0,0.0,0.0,0.0,0.954,0.0,0.0,0.352,0.032,0.0,Industrials,2026-09-09,39.69,-16.12,28
GPI,,3.6,Tendance baissière (pas un setup),236.96,2825090436.0,37.8,-0.72,-1.86,-1.65,-21.21,70353057.0,37.2,38.0,79.0,0.0,0.0,0.0,0.668,0.267,0.0,0.0,0.303,0.008,0.0,Consumer Discretionary,2026-07-03,288.39,-17.83,96
SNDX,,3.6,Tendance baissière (pas un setup),17.37,1551090384.0,39.6,0.017,-2.58,-4.74,-15.52,33435343.0,17.3,19.8,24.0,0.0,0.0,0.0,1.0,0.634,0.0,0.0,0.003,0.008,0.0,Health Care,2026-07-03,21.82,-20.39,96
EARN,,3.5,Tendance baissière (pas un setup),3.57,134086326.0,24.5,-0.056,-2.46,-15.0,-16.56,1624855.0,18.1,21.5,100.0,0.26,0.0,0.0,1.0,0.0,0.131,0.0,0.0,0.008,0.095,Financials,2026-07-03,4.36,-18.12,96
ASLE,,3.5,Tendance baissière (pas un setup),4.97,237202012.0,27.9,-0.037,0.4,-6.4,-14.31,2598908.0,24.9,26.1,62.0,0.0,0.0,0.0,1.0,0.572,0.0,0.0,0.0,0.008,0.0,Industrials,2026-07-03,6.57,-24.35,96
FLWS,,3.5,Tendance baissière (pas un setup),2.59,166239399.0,33.7,0.019,1.97,-0.38,-30.56,1349573.0,39.1,44.2,71.0,0.0,0.0,0.0,0.32,0.424,0.0,0.0,0.358,0.04,0.0,Consumer Discretionary,2026-07-03,3.85,-32.73,96
GPK,,3.5,Tendance baissière (pas un setup),8.61,2549176244.0,28.2,-0.035,0.0,-6.51,-16.48,69877319.0,28.9,30.6,48.0,0.0,0.0,0.0,1.0,0.569,0.0,0.0,0.016,0.008,0.0,Consumer Discretionary,2026-07-03,10.85,-20.65,96
ABOS,,3.5,Tendance baissière (pas un setup),2.03,146804089.0,31.8,-0.051,-4.69,-9.58,-36.16,1401903.0,39.2,40.1,91.0,0.0,0.0,0.0,0.549,0.229,0.0,0.0,0.352,0.008,0.0,Health Care,2026-07-03,2.74,-25.91,96
PRTA,,3.5,Tendance baissière (pas un setup),8.02,411722531.0,38.2,-0.044,-3.02,-8.66,-18.33,4473390.0,18.7,21.0,25.0,0.0,0.0,0.0,1.0,0.567,0.0,0.0,0.017,0.008,0.0,Health Care,2026-07-03,9.69,-17.23,96
TECX,,3.5,Tendance baissière (pas un setup),22.41,438101292.0,27.1,-0.142,-3.03,-3.98,-27.12,6396666.0,42.3,44.1,89.0,0.0,0.0,0.0,0.327,0.467,0.0,0.0,0.376,0.008,0.0,Health Care,2026-07-03,37.93,-40.92,96
FIP,,3.5,Tendance baissière (pas un setup),2.67,315545238.0,33.1,-0.006,-1.48,-5.32,-21.7,4212435.0,42.8,44.5,55.0,0.08,0.0,0.0,0.305,0.567,0.038,0.0,0.315,0.016,0.0,Industrials,2026-07-03,4.44,-39.86,96
ALHC,,3.5,Tendance baissière (pas un setup),8.37,1736232197.0,33.0,0.181,-1.53,5.82,-38.18,116663591.0,56.2,61.4,94.0,0.0,0.0,0.0,0.0,0.438,0.0,0.0,0.463,0.079,0.0,Health Care,2026-07-03,23.8,-64.83,96
FINV,,3.5,Tendance baissière (pas un setup),3.01,710642946.0,30.7,0.018,3.08,-0.99,-11.21,3216362.0,40.9,43.2,77.0,0.0,0.0,0.0,0.377,0.538,0.0,0.0,0.311,0.024,0.0,Financials,2026-07-03,4.83,-37.68,96
STWD,,3.4,Tendance baissière (pas un setup),12.93,4786284524.0,16.2,-0.112,-0.39,-6.84,-16.81,77549446.0,20.7,21.7,100.0,0.0,0.0,0.0,1.0,0.094,0.0,0.0,0.041,0.008,0.149,Real Estate,2026-10-01,13.5,-4.22,6
WGO,,3.4,Tendance baissière (pas un setup),24.95,705308880.0,29.0,-0.129,-0.2,-6.41,-18.61,17168916.0,23.9,25.0,57.0,0.0,0.0,0.0,1.0,0.543,0.0,0.0,0.0,0.008,0.0,Consumer Discretionary,2026-07-03,31.16,-19.93,96
JBIO,,3.4,Tendance baissière (pas un setup),13.41,852840960.0,21.6,-0.08,-4.69,-5.43,-32.61,16871372.0,46.4,47.4,61.0,0.0,0.0,0.0,0.144,0.633,0.0,0.0,0.381,0.008,0.0,Health Care,2026-07-03,21.51,-37.66,96
NKLR,production_energie,3.4,Tendance baissière (pas un setup),3.6,397803269.0,35.4,0.004,4.65,8.11,-31.69,2357033.0,44.3,49.2,90.0,0.0,0.0,0.0,0.043,0.457,0.0,0.0,0.432,0.063,0.0,Utilities,2026-07-03,4.62,-22.08,96
OMAB,,3.4,Tendance baissière (pas un setup),94.64,4568384286.0,36.3,-0.424,-0.36,-4.23,-5.09,16324846.0,15.9,18.0,52.0,0.0,0.0,0.0,1.0,0.348,0.0,0.0,0.006,0.008,0.072,Industrials,2026-07-21,104.01,-9.01,78
QFIN,,3.4,Tendance baissière (pas un setup),6.37,775559501.0,19.0,-0.005,-2.82,-5.77,-25.83,15366771.0,52.2,53.1,79.0,0.32,0.0,0.0,0.0,0.524,0.16,0.0,0.337,0.008,0.0,Financials,2026-07-03,15.46,-58.8,96
VNDA,,3.4,Tendance baissière (pas un setup),4.52,273291345.0,30.3,-0.054,-1.31,-10.14,-16.76,5617218.0,19.9,21.5,66.0,0.0,0.0,0.0,1.0,0.51,0.0,0.0,0.0,0.008,0.0,Health Care,2026-07-03,6.21,-27.21,96
VERA,,3.4,Tendance baissière (pas un setup),29.42,2120103316.0,35.2,-0.458,-1.37,-9.13,-18.03,85324945.0,20.8,23.6,43.0,0.0,0.0,0.0,1.0,0.506,0.0,0.0,0.008,0.016,0.0,Health Care,2026-07-03,41.2,-28.59,96
SION,,3.4,Tendance baissière (pas un setup),4.75,214758895.0,26.5,0.539,-2.06,-7.77,-33.84,9147852.0,91.4,92.7,85.0,1.0,0.0,0.0,0.0,0.49,0.5,0.0,0.0,0.016,0.0,Health Care,2026-07-03,43.99,-89.2,96
RILY,,3.4,Tendance baissière (pas un setup),4.97,199792782.0,28.2,-0.061,1.84,1.02,-29.3,3748749.0,36.6,41.8,98.0,0.0,0.0,0.0,0.454,0.23,0.0,0.0,0.361,0.024,0.0,Financials,2026-07-03,7.98,-37.72,96
RYAM,,3.4,Tendance baissière (pas un setup),6.79,459304172.0,26.0,-0.197,-2.16,-15.23,-20.12,7353913.0,31.4,31.8,90.0,0.27,0.0,0.0,1.0,0.189,0.133,0.0,0.0,0.008,0.0,Materials,2026-07-03,7.36,-7.74,96
KYTX,,3.4,Tendance baissière (pas un setup),6.16,380955615.0,30.2,-0.067,-2.53,-9.94,-25.33,6835339.0,32.6,34.4,29.0,0.0,0.0,0.0,0.869,0.651,0.0,0.0,0.025,0.008,0.0,Health Care,2026-07-03,8.89,-30.71,96
THO,,3.4,Tendance baissière (pas un setup),67.63,3490679234.0,37.3,-0.172,0.58,-3.61,-12.1,65806973.0,17.2,19.3,52.0,0.0,0.0,0.0,1.0,0.443,0.0,0.0,0.024,0.016,0.0,Consumer Discretionary,2026-07-03,76.5,-11.59,96
HUBG,,3.4,Tendance baissière (pas un setup),28.16,1722082842.0,22.0,0.013,-2.02,-6.91,-22.93,45982765.0,42.0,42.5,79.0,0.0,0.0,0.0,0.415,0.524,0.0,0.0,0.302,0.008,0.0,Industrials,2026-07-03,44.94,-37.34,96
DYN,,3.4,Tendance baissière (pas un setup),15.4,2875895037.0,23.6,0.08,-0.26,-5.0,-36.57,56757808.0,43.6,45.3,74.0,0.0,0.0,0.0,0.259,0.557,0.0,0.0,0.35,0.016,0.0,Health Care,2026-07-03,23.07,-33.25,96
AIRS,,3.3,Tendance baissière (pas un setup),1.86,134097089.0,35.9,0.017,-2.62,3.33,-33.45,1904286.0,64.2,68.6,69.0,0.09,0.0,0.0,0.0,0.586,0.043,0.0,0.38,0.04,0.0,Health Care,2026-07-03,4.52,-58.85,96
BW,,3.3,Tendance baissière (pas un setup),5.91,880383540.0,36.8,-0.006,4.79,1.72,-16.76,32757477.0,51.1,55.3,69.0,0.14,0.0,0.0,0.0,0.586,0.07,0.0,0.351,0.04,0.0,Industrials,2026-07-03,11.74,-49.66,96
CARG,,3.3,Tendance baissière (pas un setup),28.73,2559081023.0,27.3,-0.259,-2.11,-7.8,-14.85,46083528.0,30.3,31.4,77.0,0.0,0.0,0.0,1.0,0.3,0.0,0.0,0.043,0.032,0.0,Consumer Discretionary,2026-07-03,36.24,-20.72,96
ELVR,,3.3,Tendance baissière (pas un setup),37.42,726007984.0,23.0,-0.246,-0.98,-8.58,-34.17,2520957.0,46.2,48.6,71.0,0.0,0.0,0.0,0.076,0.571,0.0,0.0,0.411,0.016,0.0,Materials,2026-07-03,69.67,-46.29,96
NUVB,,3.3,Tendance baissière (pas un setup),4.88,1713481377.0,25.7,-0.091,-1.41,-13.17,-28.34,32091330.0,35.6,37.6,90.0,0.25,0.0,0.0,0.689,0.351,0.125,0.0,0.0,0.071,0.0,Health Care,2026-07-03,5.7,-14.39,96
CARS,,3.3,Tendance baissière (pas un setup),9.45,505884147.0,28.5,-0.13,-2.58,-9.66,-19.44,7710259.0,29.2,30.2,75.0,0.02,0.0,0.0,1.0,0.348,0.008,0.0,0.029,0.008,0.0,Communication Services,2026-07-03,11.32,-16.52,96
TYRA,,3.3,Tendance baissière (pas un setup),20.24,1391620205.0,35.5,-0.223,-3.3,-7.92,-29.35,32874058.0,39.1,43.9,76.0,0.0,0.0,0.0,0.339,0.543,0.0,0.0,0.301,0.008,0.0,Health Care,2026-07-03,30.62,-33.9,96
TSHA,,3.2,Tendance baissière (pas un setup),4.39,1430409263.0,28.6,-0.025,-2.23,-12.02,-21.61,21897777.0,35.0,36.9,20.0,0.0,0.0,0.0,0.728,0.754,0.0,0.0,0.0,0.008,0.0,Health Care,2026-07-03,6.53,-32.77,96
CABA,,3.2,Tendance baissière (pas un setup),2.02,342481799.0,34.0,-0.022,-2.88,2.02,-41.79,14912550.0,46.1,51.2,94.0,0.0,0.0,0.0,0.0,0.438,0.0,0.0,0.473,0.032,0.0,Health Care,2026-07-03,3.19,-36.68,96
DMRA,,3.2,Tendance baissière (pas un setup),19.55,1206929396.0,28.9,-0.063,-3.31,-5.37,-34.96,19681533.0,41.7,45.8,87.0,0.0,0.0,0.0,0.234,0.369,0.058,0.0,0.353,0.008,0.0,Health Care,2026-07-03,29.98,-34.79,96
MRP,,3.2,Tendance baissière (pas un setup),23.17,3847330469.0,24.1,-0.441,2.93,-9.7,-25.24,74374259.0,25.6,29.8,100.0,0.0,0.0,0.0,1.0,0.0,0.0,0.0,0.019,0.016,0.147,Real Estate,2026-07-03,29.77,-22.17,96
BNTC,,3.2,Tendance baissière (pas un setup),9.0,313944534.0,29.8,-0.112,-2.49,-7.69,-29.02,1985505.0,35.6,39.1,94.0,0.0,0.0,0.0,0.608,0.1,0.0,0.0,0.307,0.008,0.0,Health Care,2026-07-03,13.22,-31.92,96
AXGN,,3.2,Tendance baissière (pas un setup),36.31,2130362637.0,25.5,-0.8,-2.44,-14.44,-24.79,68706703.0,31.4,32.3,82.0,0.0,0.0,0.0,0.983,0.434,0.0,0.0,0.0,0.008,0.0,Health Care,2026-07-03,45.89,-20.88,96
PACK,,3.2,Tendance baissière (pas un setup),3.97,340460407.0,35.5,0.037,0.25,-9.15,-12.56,2148940.0,40.9,44.0,13.0,0.18,0.0,0.0,0.335,0.858,0.152,0.0,0.0,0.016,0.0,Consumer Discretionary,2026-07-03,6.55,-39.39,96
JKS,,3.2,Tendance baissière (pas un setup),9.09,476045009.0,24.8,0.071,-1.2,-5.31,-24.12,7822128.0,47.5,48.4,79.0,0.16,0.0,0.0,0.087,0.529,0.078,0.0,0.343,0.008,0.0,Information Technology,2026-07-03,15.84,-42.61,96
AVTX,,3.2,Tendance baissière (pas un setup),13.59,728831551.0,27.3,-0.126,-6.92,-12.77,-29.33,19223188.0,35.3,37.1,34.0,0.0,0.0,0.0,0.719,0.671,0.0,0.0,0.031,0.016,0.0,Health Care,2026-07-03,18.84,-27.87,96
ACRE,,3.2,Tendance baissière (pas un setup),3.75,208054174.0,28.2,-0.033,1.35,-5.3,-14.83,2361807.0,20.7,22.8,88.0,0.0,0.0,0.0,1.0,0.238,0.0,0.0,0.038,0.016,0.017,Real Estate,2026-07-03,4.52,-17.04,96
MLCO,,3.1,Tendance baissière (pas un setup),4.24,1668292456.0,29.0,-0.032,0.24,-7.02,-18.62,9060760.0,27.4,30.5,98.0,0.06,0.0,0.0,1.0,0.158,0.028,0.0,0.046,0.016,0.0,Consumer Discretionary,2026-07-03,5.39,-21.34,96
SABS,,3.1,Tendance baissière (pas un setup),2.93,266590058.0,29.3,-0.035,-5.48,-9.01,-21.24,2265635.0,26.6,28.4,82.0,0.0,0.0,0.0,1.0,0.11,0.048,0.0,0.041,0.008,0.0,Health Care,2026-07-03,3.92,-25.26,96
GENB,,3.1,Tendance baissière (pas un setup),13.8,1771263617.0,37.6,-0.32,-0.79,-10.51,-15.8,19237445.0,39.1,44.9,52.0,0.0,0.0,0.0,0.283,0.65,0.0,0.0,0.038,0.175,0.0,Health Care,2026-10-02,13.8,0.0,5
MLTX,,3.1,Tendance baissière (pas un setup),10.95,931918201.0,25.8,0.025,-3.78,-4.37,-27.05,23799606.0,44.3,44.5,72.0,0.0,0.0,0.0,0.307,0.461,0.0,0.0,0.306,0.008,0.0,Health Care,2026-07-03,18.95,-42.22,96
WVE,,3.1,Tendance baissière (pas un setup),3.52,693609576.0,25.8,-0.011,-6.13,-3.3,-27.57,13456831.0,45.1,45.7,90.0,0.14,0.0,0.0,0.238,0.305,0.068,0.0,0.337,0.008,0.0,Health Care,2026-07-03,6.26,-43.77,96
UNCY,,3.1,Tendance baissière (pas un setup),4.23,117827737.0,32.0,-0.049,0.95,-7.03,-18.02,4515293.0,27.7,30.1,83.0,0.0,0.0,0.0,1.0,0.352,0.0,0.0,0.0,0.016,0.0,Health Care,2026-07-03,5.73,-26.18,96
IMDX,,3.1,Tendance baissière (pas un setup),3.38,110608080.0,40.2,-0.019,-7.9,0.0,-18.16,1239902.0,36.5,42.3,59.0,0.0,0.0,0.0,0.428,0.248,0.0,0.0,0.321,0.016,0.0,Health Care,2026-07-03,5.74,-41.11,96
MPT,,3.0,Tendance baissière (pas un setup),3.3,1970760000.0,32.3,-0.007,-0.3,-5.98,-15.76,42039836.0,30.5,32.4,66.0,0.0,0.0,0.0,0.978,0.304,0.0,0.0,0.014,0.008,0.0,Real Estate,2026-07-03,4.59,-28.1,96
ZNTL,,3.0,Tendance baissière (pas un setup),2.67,252765077.0,35.2,0.006,-3.96,-1.66,-33.08,4019873.0,48.2,51.6,75.0,0.0,0.0,0.0,0.0,0.535,0.0,0.0,0.386,0.032,0.0,Health Care,2026-07-03,4.46,-40.13,96
CHRS,,3.0,Tendance baissière (pas un setup),1.03,159135995.0,33.4,-0.017,-8.04,-12.71,-27.46,1980197.0,32.5,33.8,92.0,0.0,0.0,0.0,0.902,0.239,0.051,0.0,0.028,0.008,0.0,Health Care,2026-07-03,1.45,-28.97,96
RNA,,3.0,Tendance baissière (pas un setup),7.99,136674088.0,26.1,-0.006,0.25,-5.11,-43.69,3636724.0,45.6,48.0,87.0,0.0,0.0,0.0,0.11,0.43,0.0,0.0,0.386,0.016,0.0,Health Care,2026-10-02,8.14,-1.84,5
MLYS,,3.0,Tendance baissière (pas un setup),21.95,1940531126.0,29.8,-0.602,-5.79,-10.33,-22.19,39315060.0,31.4,31.6,87.0,0.0,0.0,0.0,1.0,0.222,0.0,0.0,0.026,0.008,0.0,Health Care,2026-07-03,27.69,-20.73,96
SVRA,,3.0,Tendance baissière (pas un setup),4.65,955389070.0,31.8,-0.046,-2.72,-8.46,-13.41,11384363.0,22.4,23.2,56.0,0.0,0.0,0.0,1.0,0.334,0.0,0.0,0.0,0.008,0.0,Health Care,2026-07-03,6.22,-25.24,96
CLVT,,3.0,Tendance baissière (pas un setup),1.47,940306084.0,24.9,-0.038,1.38,-13.53,-28.99,8109235.0,39.5,41.2,91.0,0.37,0.0,0.0,0.492,0.452,0.186,0.0,0.0,0.016,0.0,Information Technology,2026-07-03,2.59,-43.24,96
LYEL,,3.0,Tendance baissière (pas un setup),8.61,210989264.0,21.1,-0.094,-5.07,-10.59,-40.08,1601604.0,49.8,49.9,75.0,0.15,0.0,0.0,0.003,0.552,0.075,0.0,0.321,0.008,0.0,Health Care,2026-07-03,14.05,-38.72,96
VNET,,2.9,Tendance baissière (pas un setup),5.4,1538073684.0,36.9,-0.106,-0.92,-5.43,-15.23,27635054.0,32.2,35.9,98.0,0.27,0.0,0.0,0.782,0.116,0.133,0.0,0.025,0.016,0.0,Information Technology,2026-07-03,7.92,-31.82,96
BUR,,2.9,Tendance baissière (pas un setup),3.62,792097959.0,37.8,-0.03,1.97,-7.18,-16.78,8591820.0,19.8,22.3,90.0,0.0,0.0,0.0,1.0,0.155,0.0,0.0,0.016,0.016,0.0,Financials,2026-07-03,4.26,-15.02,96
OCUL,,2.9,Tendance baissière (pas un setup),7.34,1611980471.0,30.8,-0.294,1.24,-6.73,-31.02,32366777.0,37.5,42.2,100.0,0.0,0.0,0.0,0.435,0.0,0.0,0.0,0.353,0.024,0.0,Health Care,2026-07-03,9.64,-23.86,96
CMTG,,2.9,Tendance baissière (pas un setup),1.21,170711889.0,30.3,-0.003,2.54,-6.2,-25.31,1375234.0,45.0,47.3,85.0,0.0,0.0,0.0,0.152,0.49,0.0,0.0,0.332,0.016,0.0,Real Estate,2026-07-03,2.37,-48.95,96
FOA,,2.9,Tendance baissière (pas un setup),12.99,224816501.0,28.5,0.123,-3.85,-0.23,-24.3,1053814.0,47.7,51.1,51.0,0.0,0.0,0.0,0.0,0.584,0.0,0.0,0.373,0.016,0.0,Financials,2026-07-03,27.47,-52.71,96
VELO,new_tech,2.9,Tendance baissière (pas un setup),9.57,307667059.0,38.0,-0.037,0.0,-11.39,-17.57,14235290.0,45.7,52.3,3.0,0.51,0.0,0.0,0.0,0.882,0.254,0.0,0.0,0.016,0.0,Information Technology,2026-07-03,15.63,-38.77,96
IMTX,,2.9,Tendance baissière (pas un setup),7.5,1122237570.0,31.0,-0.099,-2.98,-12.38,-21.55,6596467.0,24.8,25.9,80.0,0.0,0.0,0.0,1.0,0.263,0.0,0.0,0.0,0.008,0.0,Health Care,2026-07-03,9.95,-24.62,96
PYXS,,2.9,Tendance baissière (pas un setup),2.02,240547676.0,29.1,-0.133,-9.82,-30.34,-48.07,3847535.0,51.3,54.2,73.0,0.0,0.0,0.0,0.0,0.562,0.0,0.0,0.045,0.286,0.0,Health Care,2026-07-03,2.63,-23.19,96
QURE,,2.8,Tendance baissière (pas un setup),23.06,1599589461.0,17.6,-1.99,1.14,-5.92,-48.18,100757619.0,55.4,59.0,93.0,0.0,0.0,0.0,0.0,0.043,0.0,0.0,0.355,0.175,0.0,Health Care,2026-07-03,41.81,-44.85,96
PSEC,,2.8,Tendance baissière (pas un setup),1.83,976884834.0,20.9,-0.031,-5.18,-13.68,-16.6,11394134.0,20.3,21.6,86.0,0.0,0.0,0.0,1.0,0.215,0.0,0.0,0.0,0.008,0.0,Financials,2026-07-03,2.24,-18.3,96
RC,,2.8,Tendance baissière (pas un setup),1.12,185013911.0,25.1,-0.039,1.82,-8.94,-35.48,2299813.0,43.5,45.6,100.0,0.0,0.0,0.0,0.247,0.165,0.001,0.0,0.377,0.024,0.0,Real Estate,2026-07-03,1.79,-37.43,96
ENVX,new_tech,2.8,Tendance baissière (pas un setup),2.7,592511045.0,37.2,0.021,1.12,-1.82,-18.67,20484617.0,46.4,50.7,11.0,0.34,0.0,0.0,0.0,0.933,0.169,0.0,0.044,0.024,0.0,Industrials,2026-07-03,5.36,-49.63,96
ECC,,2.8,Tendance baissière (pas un setup),3.29,199579704.0,24.0,-0.024,-3.52,-7.32,-14.74,3344637.0,16.0,17.9,79.0,0.0,0.0,0.0,1.0,0.129,0.0,0.0,0.025,0.008,0.0,Financials,2026-07-03,3.86,-14.77,96
UPB,,2.8,Tendance baissière (pas un setup),4.59,251399078.0,25.8,-0.022,-5.36,-11.56,-23.63,3453424.0,40.4,41.2,44.0,0.11,0.0,0.0,0.491,0.708,0.054,0.0,0.004,0.008,0.0,Health Care,2026-07-03,7.51,-38.88,96
BBOT,,2.8,Tendance baissière (pas un setup),3.5,280609935.0,18.1,0.037,-2.78,-10.71,-61.02,4159947.0,64.2,64.4,87.0,0.0,0.0,0.0,0.0,0.476,0.0,0.0,0.395,0.008,0.0,Health Care,2026-07-03,8.11,-56.84,96
VYGR,,2.8,Tendance baissière (pas un setup),2.46,151580152.0,24.1,-0.046,0.0,-6.82,-29.91,1748170.0,31.5,33.4,100.0,0.0,0.0,0.0,0.921,0.157,0.0,0.0,0.045,0.008,0.0,Health Care,2026-07-03,3.78,-34.92,96
EYPT,,2.8,Tendance baissière (pas un setup),3.17,273292477.0,29.0,0.165,0.63,-7.31,-30.79,13181634.0,78.5,79.3,79.0,0.67,0.0,0.0,0.0,0.524,0.335,0.0,0.024,0.016,0.0,Health Care,2026-07-03,13.98,-77.32,96
IHRT,,2.7,Tendance baissière (pas un setup),2.01,268735245.0,27.4,-0.01,-1.95,-7.59,-28.34,1703693.0,50.5,54.2,60.0,0.0,0.0,0.0,0.0,0.638,0.0,0.0,0.305,0.016,0.0,Communication Services,2026-07-03,4.38,-54.11,96
CRVS,,2.7,Tendance baissière (pas un setup),10.56,888317169.0,28.4,-0.145,-1.68,-10.2,-26.62,15645214.0,32.8,35.1,71.0,0.0,0.0,0.0,0.827,0.267,0.0,0.0,0.046,0.008,0.0,Health Care,2026-07-03,15.23,-30.66,96
ALMS,,2.7,Tendance baissière (pas un setup),6.93,896986206.0,21.9,0.526,1.32,-4.94,-37.57,25184670.0,76.3,77.3,79.0,0.0,0.0,0.0,0.0,0.524,0.0,0.0,0.342,0.016,0.0,Health Care,2026-07-03,26.5,-73.85,96
CATX,,2.7,Tendance baissière (pas un setup),2.36,269397925.0,34.0,-0.015,-8.17,-9.92,-24.6,7175855.0,33.7,35.4,51.0,0.0,0.0,0.0,0.811,0.32,0.0,0.0,0.025,0.008,0.0,Health Care,2026-07-03,3.63,-34.99,96
CALM,,2.7,Tendance baissière (pas un setup),63.4,2961452864.0,21.8,-0.389,-2.45,-7.51,-15.05,97407303.0,33.4,33.5,99.0,0.0,0.0,0.0,0.917,0.141,0.0,0.0,0.044,0.008,0.0,Consumer Staples,2026-07-03,83.85,-24.39,96
GT,,2.7,Tendance baissière (pas un setup),4.66,1341608114.0,29.6,-0.016,-0.43,-6.8,-25.44,53958586.0,37.5,38.2,57.0,0.0,0.0,0.0,0.655,0.579,0.0,0.0,0.005,0.008,0.0,Consumer Discretionary,2026-07-03,6.59,-29.29,96
RWT,,2.7,Tendance baissière (pas un setup),3.44,432106766.0,33.0,-0.009,0.0,-10.65,-20.23,32329508.0,26.3,34.0,83.0,0.0,0.0,0.0,0.888,0.27,0.0,0.0,0.0,0.008,0.0,Real Estate,2026-07-03,4.48,-23.21,96
RAPP,,2.7,Tendance baissière (pas un setup),31.15,1494523609.0,22.6,-0.521,-3.23,-5.66,-31.94,18296465.0,41.1,43.3,100.0,0.0,0.0,0.0,0.372,0.0,0.0,0.0,0.358,0.008,0.0,Health Care,2026-07-03,38.97,-20.07,96
SAIQ,,2.7,Tendance baissière (pas un setup),5.16,167106868.0,37.1,-0.657,-22.64,-50.62,-51.32,22377518.0,60.2,86.4,100.0,0.0,0.0,0.0,0.0,0.0,0.5,0.0,0.039,0.024,0.0,Industrials,2026-10-06,6.67,-22.64,1
XENE,,2.6,Tendance baissière (pas un setup),36.57,3541454598.0,22.5,-0.101,-2.66,-1.83,-38.79,113098864.0,45.2,46.4,98.0,0.0,0.0,0.0,0.199,0.01,0.0,0.0,0.418,0.008,0.0,Health Care,2026-09-18,57.35,-36.23,19
LXEO,,2.6,Tendance baissière (pas un setup),3.3,270752642.0,32.1,-0.017,-3.23,-3.51,-32.52,6801069.0,38.9,44.9,95.0,0.0,0.0,0.0,0.285,0.083,0.0,0.0,0.355,0.016,0.0,Health Care,2026-07-03,4.69,-29.64,96
DBVT,,2.5,Tendance baissière (pas un setup),9.98,590646689.0,27.3,-0.134,-4.41,-13.59,-25.91,4969896.0,34.0,35.1,90.0,0.0,0.0,0.0,0.828,0.266,0.0,0.0,0.0,0.008,0.0,Health Care,2026-07-03,15.82,-36.92,96
VRRM,,2.5,Tendance baissière (pas un setup),2.82,428591507.0,23.4,-0.016,-1.74,-7.24,-30.71,26936088.0,53.0,53.8,62.0,0.0,0.0,0.0,0.0,0.574,0.0,0.0,0.304,0.008,0.0,Information Technology,2026-07-03,4.3,-34.42,96
KPLT,,2.5,Tendance baissière (pas un setup),4.29,364002446.0,28.1,-0.387,-4.67,-5.51,-45.7,2416268.0,55.3,56.1,100.0,0.0,0.0,0.0,0.0,0.21,0.0,0.0,0.423,0.008,0.0,Information Technology,2026-09-17,9.3,-53.87,20
BGS,,2.5,Tendance baissière (pas un setup),2.44,198312637.0,24.4,-0.034,-3.94,-17.98,-23.47,7062030.0,33.6,34.7,85.0,0.08,0.0,0.0,0.853,0.09,0.042,0.0,0.0,0.008,0.0,Consumer Staples,2026-07-03,4.08,-40.2,96
DAVA,,2.5,Tendance baissière (pas un setup),1.88,102135894.0,32.2,-0.023,-1.57,13.94,-38.56,1637975.0,44.5,52.8,100.0,0.0,0.0,0.0,0.0,0.0,0.0,0.0,0.46,0.048,0.0,Information Technology,2026-07-03,3.01,-37.54,96
IVR,,2.5,Tendance baissière (pas un setup),5.72,615703185.0,19.0,-0.049,0.35,-8.63,-19.04,23266683.0,22.4,23.3,98.0,0.0,0.0,0.0,1.0,0.01,0.0,0.0,0.01,0.008,0.0,Real Estate,2026-07-03,7.85,-27.13,96
PSNY,,2.5,Tendance baissière (pas un setup),5.93,974181165.0,17.9,0.105,-2.79,-10.83,-35.61,1889818.0,60.5,60.8,71.0,0.0,0.0,0.0,0.0,0.576,0.0,0.0,0.305,0.008,0.0,Consumer Discretionary,2026-07-03,20.44,-70.99,96
ORC,,2.5,Tendance baissière (pas un setup),5.07,1011989431.0,16.8,-0.077,0.4,-10.58,-21.23,36257607.0,23.1,24.6,100.0,0.0,0.0,0.0,1.0,0.0,0.0,0.0,0.021,0.008,0.0,Real Estate,2026-07-03,6.92,-26.73,96
AIV,,2.5,Tendance baissière (pas un setup),1.87,271592999.0,12.0,-0.022,-0.53,-9.22,-26.95,4884620.0,31.8,31.8,100.0,0.0,0.0,0.0,1.0,0.0,0.0,0.0,0.021,0.008,0.0,Real Estate,2026-07-03,2.96,-36.82,96
MRLN,,2.4,Tendance baissière (pas un setup),1.56,157665743.0,28.2,0.006,-0.64,-12.36,-53.43,7808993.0,66.6,67.2,90.0,0.0,0.0,0.0,0.0,0.457,0.0,0.0,0.319,0.008,0.0,Industrials,2026-07-03,5.28,-70.45,96
PCT,,2.4,Tendance baissière (pas un setup),4.01,804623764.0,22.1,-0.088,-2.08,-9.59,-37.32,27786469.0,49.6,51.5,78.0,0.0,0.0,0.0,0.0,0.438,0.0,0.0,0.332,0.008,0.0,Industrials,2026-07-03,7.61,-47.31,96
PUSA,,2.4,Tendance baissière (pas un setup),2.86,463205427.0,32.7,-0.094,-1.38,-20.91,-22.84,3228179.0,31.5,37.6,35.0,0.0,0.0,0.0,0.686,0.39,0.0,0.0,0.0,0.016,0.0,Consumer Discretionary,2026-08-17,3.64,-21.43,51
INSE,,2.3,Tendance baissière (pas un setup),3.97,104642737.0,36.6,-0.008,-0.25,20.67,-28.98,1730387.0,45.5,56.0,98.0,0.0,0.0,0.0,0.0,0.01,0.0,0.0,0.423,0.04,0.0,Consumer Discretionary,2026-07-03,7.88,-49.62,96
KLXE,,2.3,Tendance baissière (pas un setup),1.36,143192563.0,33.3,-0.001,-0.73,-6.21,-11.11,1367214.0,40.4,42.1,17.0,0.0,0.0,0.0,0.439,0.647,0.0,0.0,0.004,0.008,0.0,Energy,2026-10-02,1.41,-3.55,5
RLMD,,2.3,Tendance baissière (pas un setup),3.28,349877095.0,23.2,-0.038,-5.75,-12.06,-25.96,5457757.0,41.2,41.4,90.0,0.16,0.0,0.0,0.476,0.392,0.081,0.0,0.001,0.008,0.0,Health Care,2026-07-03,6.28,-47.77,96
PHAT,,2.3,Tendance baissière (pas un setup),6.78,548508333.0,32.1,-0.026,1.19,-7.88,-28.63,10487770.0,44.6,46.7,68.0,0.22,0.0,0.0,0.182,0.59,0.109,0.0,0.042,0.016,0.0,Health Care,2026-07-03,11.2,-39.46,96
ABR,,2.3,Tendance baissière (pas un setup),3.49,651087570.0,18.1,-0.07,0.58,-12.09,-33.52,23744551.0,34.2,35.9,88.0,0.0,0.0,0.0,0.784,0.071,0.0,0.0,0.035,0.016,0.0,Real Estate,2026-07-03,5.27,-33.78,96
SAH,,2.3,Tendance baissière (pas un setup),61.0,1928502922.0,33.6,0.14,-2.6,1.92,-24.28,23984607.0,46.0,48.3,87.0,0.0,0.0,0.0,0.095,0.159,0.0,0.0,0.358,0.008,0.0,Consumer Discretionary,2026-07-03,83.73,-27.15,96
STRO,,2.3,Tendance baissière (pas un setup),14.45,239597921.0,23.9,0.112,-4.49,-10.25,-28.0,5554863.0,45.2,45.8,8.0,0.0,0.0,0.0,0.231,0.952,0.0,0.0,0.0,0.008,0.0,Health Care,2026-07-03,30.43,-52.51,96
VKTX,,2.2,Tendance baissière (pas un setup),28.38,3567043915.0,38.9,-0.585,-3.07,-10.78,-18.61,307151293.0,34.2,34.6,92.0,0.0,0.0,0.0,0.853,0.048,0.0,0.0,0.0,0.008,0.0,Health Care,2026-07-03,37.44,-24.2,96
CUE,,2.2,Tendance baissière (pas un setup),23.14,168098540.0,38.5,-0.968,-5.01,-9.29,-15.67,13414584.0,44.2,46.5,60.0,0.0,0.0,0.0,0.195,0.238,0.0,0.0,0.04,0.19,0.0,Health Care,2026-07-03,28.26,-18.12,96
BIOA,,2.2,Tendance baissière (pas un setup),6.29,288691558.0,23.3,0.053,-1.1,-11.9,-34.41,6556985.0,74.7,75.9,72.0,0.44,0.0,0.0,0.0,0.567,0.22,0.0,0.007,0.008,0.0,Health Care,2026-07-03,25.1,-74.94,96
LRMR,,2.2,Tendance baissière (pas un setup),2.78,288794565.0,25.4,-0.077,-2.8,-11.46,-27.42,5089974.0,37.7,38.6,100.0,0.0,0.0,0.0,0.631,0.164,0.019,0.0,0.046,0.008,0.0,Health Care,2026-07-03,3.26,-14.72,96
AGMB,,2.2,Tendance baissière (pas un setup),8.84,435352099.0,31.4,-0.264,1.73,-16.05,-43.98,1830909.0,46.4,51.7,90.0,0.0,0.0,0.0,0.0,0.324,0.0,0.0,0.3,0.032,0.0,Health Care,2026-09-14,13.06,-32.31,23
EVEX,,2.1,Tendance baissière (pas un setup),1.71,595911629.0,27.6,-0.026,0.59,-11.86,-22.97,2111547.0,42.4,43.8,72.0,0.08,0.0,0.0,0.346,0.547,0.039,0.0,0.0,0.016,0.0,Industrials,2026-07-03,2.6,-34.23,96
QNC,quantique,2.1,Tendance baissière (pas un setup),1.63,357654062.0,44.0,-0.008,-0.61,-6.86,-5.23,2687884.0,36.1,42.7,72.0,0.0,0.0,0.0,0.403,0.167,0.0,0.0,0.139,0.024,0.0,Information Technology,2026-09-29,2.2,-25.91,8
DFH,,2.0,Tendance baissière (pas un setup),9.74,881812049.0,29.3,-0.087,-1.42,-11.45,-29.42,12875495.0,41.0,41.2,90.0,0.0,0.0,0.0,0.491,0.385,0.0,0.0,0.018,0.008,0.0,Consumer Discretionary,2026-07-03,16.79,-41.99,96
GLAS,,2.0,Tendance baissière (pas un setup),5.16,454069597.0,17.7,-0.184,-3.55,-24.01,-41.89,9206927.0,51.3,53.1,100.0,0.0,0.0,0.0,0.0,0.227,0.0,0.0,0.312,0.008,0.0,Health Care,2026-07-03,12.5,-58.72,96
KDK,,1.9,Tendance baissière (pas un setup),1.72,345063252.0,18.8,-0.117,-0.58,-19.25,-54.97,12903975.0,63.1,67.6,100.0,0.0,0.0,0.0,0.0,0.0,0.0,0.0,0.371,0.024,0.0,Information Technology,2026-07-03,5.32,-67.67,96
CLPT,,1.9,Tendance baissière (pas un setup),11.01,335851539.0,35.4,-0.326,-4.43,-6.46,-21.13,9839259.0,36.1,38.4,88.0,0.0,0.0,0.0,0.645,0.071,0.0,0.0,0.012,0.032,0.0,Health Care,2026-07-03,18.72,-41.19,96
SPHR,,1.9,Tendance baissière (pas un setup),105.38,3784575906.0,19.6,-3.155,-4.89,-21.53,-26.01,94713608.0,42.0,43.0,90.0,0.22,0.0,0.0,0.39,0.205,0.112,0.0,0.0,0.008,0.0,Communication Services,2026-07-14,144.98,-27.31,85
RARE,,1.9,Tendance baissière (pas un setup),14.46,1425595104.0,35.3,0.445,-0.28,-5.61,-5.49,81602406.0,49.3,55.3,28.0,0.0,0.0,0.0,0.0,0.833,0.0,0.0,0.037,0.032,0.0,Health Care,2026-07-03,33.47,-56.8,96
NBTX,,1.8,Tendance baissière (pas un setup),25.23,1281883393.0,24.7,-0.885,0.52,-19.9,-34.97,4851507.0,46.0,48.3,81.0,0.3,0.0,0.0,0.097,0.448,0.15,0.0,0.0,0.008,0.0,Health Care,2026-07-03,38.4,-34.3,96
YSS,espace,1.8,Tendance baissière (pas un setup),8.03,1102981568.0,37.3,0.084,-3.37,-9.06,-10.38,31638130.0,56.2,59.3,18.0,0.0,0.0,0.0,0.0,0.89,0.0,0.0,0.0,0.032,0.0,Industrials,2026-09-03,8.67,-7.38,34
LU,,1.8,Tendance baissière (pas un setup),1.01,875355781.0,32.8,-0.016,-1.94,-18.55,-19.2,2039311.0,42.0,42.5,70.0,0.0,0.0,0.0,0.415,0.218,0.067,0.0,0.0,0.008,0.0,Financials,2026-07-03,1.4,-27.86,96
BCAX,,1.7,Tendance baissière (pas un setup),16.56,1095823787.0,20.6,-0.338,-4.22,-10.78,-28.53,14550705.0,42.7,43.6,92.0,0.0,0.0,0.0,0.358,0.339,0.0,0.0,0.048,0.008,0.0,Health Care,2026-07-03,29.0,-42.9,96
ALXO,,1.7,Tendance baissière (pas un setup),1.11,153487467.0,21.5,-0.036,-8.26,-17.78,-44.78,2099203.0,49.1,50.0,99.0,0.0,0.0,0.0,0.0,0.077,0.0,0.0,0.306,0.008,0.0,Health Care,2026-07-03,2.07,-46.38,96
NCMI,,1.7,Tendance baissière (pas un setup),2.16,203192157.0,36.6,0.023,0.93,-6.09,-12.9,3169784.0,49.4,53.4,41.0,0.0,0.0,0.0,0.0,0.752,0.0,0.0,0.036,0.024,0.0,Communication Services,2026-07-03,3.97,-45.59,96
TARA,,1.5,Tendance baissière (pas un setup),2.56,150988972.0,17.3,-0.093,-2.85,-20.4,-35.15,5483850.0,38.8,39.4,100.0,0.0,0.0,0.0,0.589,0.0,0.0,0.0,0.017,0.008,0.0,Health Care,2026-07-03,4.06,-36.95,96
GLUE,,1.5,Tendance baissière (pas un setup),9.87,842043268.0,20.8,-0.088,-3.89,-15.93,-28.68,16067459.0,56.6,57.0,77.0,0.21,0.0,0.0,0.0,0.538,0.107,0.0,0.0,0.008,0.0,Health Care,2026-07-03,24.21,-59.23,96
CRBP,,1.3,Tendance baissière (pas un setup),5.78,111792674.0,23.9,-0.12,-1.2,-12.82,-47.83,10502930.0,50.2,51.3,75.0,0.0,0.0,0.0,0.0,0.548,0.0,0.0,0.046,0.008,0.0,Health Care,2026-07-03,9.25,-37.51,96
CWH,,1.3,Tendance baissière (pas un setup),4.53,467925969.0,27.2,-0.077,-0.44,-11.18,-34.91,12441916.0,35.7,43.8,90.0,0.0,0.0,0.0,0.347,0.148,0.0,0.0,0.035,0.008,0.0,Consumer Discretionary,2026-07-03,7.23,-37.34,96
YARW,,1.2,Tendance baissière (pas un setup),18.73,174270682.0,25.9,-0.585,-7.73,-22.57,-38.0,4810690.0,57.7,58.1,72.0,0.0,0.0,0.0,0.0,0.557,0.0,0.0,0.005,0.032,0.0,Health Care,2026-08-04,33.59,-44.24,64
IPSC,,1.2,Tendance baissière (pas un setup),1.32,239019424.0,21.1,-0.039,-10.81,-20.0,-37.44,1127773.0,41.3,42.7,100.0,0.01,0.0,0.0,0.407,0.067,0.003,0.0,0.0,0.008,0.0,Health Care,2026-07-03,2.43,-45.68,96
IMUX,,1.1,Tendance baissière (pas un setup),7.82,106699732.0,23.2,-0.086,-3.1,-12.23,-40.35,4232033.0,55.1,55.8,88.0,0.0,0.0,0.0,0.0,0.471,0.0,0.0,0.045,0.008,0.0,Health Care,2026-07-03,14.8,-47.16,96
TNXP,,1.0,Tendance baissière (pas un setup),7.7,131977130.0,16.3,-0.271,-4.58,-20.21,-41.4,5914252.0,46.9,47.0,100.0,0.0,0.0,0.0,0.169,0.295,0.0,0.0,0.0,0.008,0.0,Health Care,2026-07-03,12.34,-37.6,96
EVMN,,1.0,Tendance baissière (pas un setup),6.61,239890867.0,17.9,-0.153,-0.6,-20.84,-46.13,8812374.0,56.1,59.6,83.0,0.0,0.0,0.0,0.0,0.477,0.0,0.0,0.024,0.008,0.0,Health Care,2026-07-03,12.96,-49.0,96
GPCR,,0.9,Tendance baissière (pas un setup),27.47,1958881772.0,16.5,-0.532,-0.43,-15.97,-41.97,51969869.0,50.6,52.5,92.0,0.0,0.0,0.0,0.0,0.439,0.0,0.0,0.018,0.008,0.0,Health Care,2026-07-03,53.45,-48.61,96
ACRS,,0.8,Tendance baissière (pas un setup),3.7,544635904.0,24.2,-0.161,-13.35,-29.92,-40.03,17636815.0,43.9,44.7,100.0,0.0,0.0,0.0,0.295,0.008,0.0,0.0,0.0,0.008,0.0,Health Care,2026-07-03,5.56,-33.45,96
EMAT,,0.8,Tendance baissière (pas un setup),1.92,1218625240.0,29.8,-0.152,-6.57,-34.02,-36.42,4771472.0,61.8,62.5,89.0,0.0,0.0,0.0,0.0,0.409,0.0,0.0,0.005,0.008,0.0,Materials,2026-08-17,3.03,-36.63,51
AVXL,,0.6,Tendance baissière (pas un setup),1.6,148314947.0,18.5,-0.071,-2.74,-32.2,-44.06,2351532.0,56.5,57.6,93.0,0.0,0.0,0.0,0.0,0.304,0.0,0.0,0.0,0.008,0.0,Health Care,2026-07-03,2.76,-42.03,96
FHTX,,0.5,Tendance baissière (pas un setup),1.97,116989071.0,12.3,-0.167,-1.5,-44.03,-59.96,3859329.0,74.1,76.5,100.0,0.0,0.0,0.0,0.0,0.244,0.0,0.0,0.0,0.008,0.0,Health Care,2026-07-03,5.3,-62.83,96
NXH,,0.4,Tendance baissière (pas un setup),1.83,174760760.0,12.2,-0.11,-11.17,-38.8,-53.67,11092334.0,68.1,69.7,100.0,0.0,0.0,0.0,0.0,0.192,0.0,0.0,0.0,0.008,0.0,Consumer Discretionary,2026-09-04,3.89,-52.96,33
AVBP,,0.1,Tendance baissière (pas un setup),15.09,744053631.0,16.6,-0.912,-46.98,-48.92,-51.24,33619623.0,53.8,65.2,96.0,0.0,0.0,0.0,0.0,0.024,0.0,0.0,0.0,0.008,0.0,Health Care,2026-07-03,34.67,-56.48,96
NKTR,,0.1,Tendance baissière (pas un setup),39.91,1362646891.0,19.8,-2.338,-5.47,-32.63,-46.21,110214324.0,48.7,49.4,100.0,0.0,0.0,0.0,0.033,0.0,0.0,0.0,0.0,0.008,0.0,Health Care,2026-07-03,71.04,-43.82,96
LQDA,,0.0,Tendance baissière (pas un setup),25.91,2319175366.0,19.4,-4.544,-6.26,-63.35,-62.26,159660714.0,72.3,76.2,100.0,0.0,0.0,0.0,0.0,0.0,0.0,0.0,0.0,0.008,0.0,Health Care,2026-10-01,30.26,-14.38,6
