horizon_days,bucket,cohort,n_trades,winrate,avg_ret,median_ret,p95_ret,p05_ret,generated_at_utc
1,event,P0_other,100,31.0,-0.40329080129019634,-0.5080212186859501,2.66892011771233,-2.6731232187402405,2025-09-11T23:48:16Z
