ticker,themes,score,setup,price,mcap_usd,rsi,macd_hist,chg_1d,chg_7d,chg_1m,avg_dollar_vol,dist_to_high_pct,base_depth_pct,bbwidth_pctile,vol_dryup,overext,c_trend,c_base,c_vcp,c_volume,c_pivot,c_momentum,c_rs,c_hi52,sector,first_scan_date,first_scan_price,pct_since_first,days_tracked
EFSI,,90.3,Squeeze / VCP prêt à casser,45.8,247824909.0,59.4,-0.138,0.48,1.08,0.31,1663558.0,4.9,16.8,2.0,1.0,0.0,0.797,1.0,0.986,1.0,1.0,0.819,0.881,0.836,Financials,2026-07-03,40.91,11.95,98
DMLP,,87.8,Cup & Handle probable,29.45,1445741966.0,57.6,-0.038,1.52,2.97,-0.71,2823944.0,3.6,17.0,36.0,1.0,0.0,0.737,1.0,0.386,1.0,1.0,0.892,0.873,0.881,Energy,2026-07-03,25.37,16.08,98
NKSH,,87.5,Squeeze / VCP prêt à casser,42.98,273809248.0,57.4,-0.007,0.42,1.22,2.31,1392902.0,1.4,11.2,2.0,0.61,0.0,0.779,0.863,0.862,0.804,1.0,0.819,0.921,0.947,Financials,2026-07-03,36.55,17.59,98
GCT,,86.2,Squeeze / VCP prêt à casser,56.42,2014771572.0,65.9,0.187,0.82,6.07,8.75,36992722.0,0.5,28.1,7.0,0.12,0.0,0.893,1.0,0.695,0.562,0.994,0.819,0.992,0.947,Information Technology,2026-07-03,33.21,69.89,98
SIG,,86.2,Squeeze / VCP prêt à casser,105.89,4057412861.0,64.1,-0.126,2.43,1.57,3.33,90374293.0,0.7,25.9,2.0,0.13,0.0,0.908,1.0,0.792,0.567,1.0,0.816,0.984,0.895,Consumer Discretionary,2026-07-03,84.12,25.88,98
RIGL,,86.2,Squeeze / VCP prêt à casser,48.72,910082974.0,57.6,-0.149,1.52,3.73,3.18,12037754.0,2.4,27.6,11.0,0.58,0.0,0.859,1.0,0.681,0.791,1.0,0.813,0.952,0.775,Health Care,2026-07-03,38.72,25.83,98
ATKR,equipement_electrique,85.5,Squeeze / VCP prêt à casser,94.84,3203037200.0,71.6,-0.218,-0.01,0.07,0.67,74334588.0,0.0,25.8,7.0,0.76,0.0,0.8,1.0,0.957,0.878,0.817,0.694,0.825,0.998,Industrials,2026-07-03,69.21,37.03,98
ITGR,,85.2,Squeeze / VCP prêt à casser,126.65,4305092879.0,76.1,-0.305,0.05,0.18,0.63,92942953.0,0.1,22.4,2.0,1.0,0.0,0.809,1.0,0.986,1.0,0.847,0.574,0.778,0.996,Health Care,2026-07-03,95.14,33.12,98
LPG,,84.9,Squeeze / VCP prêt à casser,58.23,2491235515.0,64.5,-0.056,3.59,2.9,8.58,35519100.0,2.9,29.8,9.0,0.14,0.0,0.932,1.0,0.548,0.569,1.0,0.812,0.976,0.903,Energy,2026-07-03,36.01,61.71,98
UFCS,,84.7,Squeeze / VCP prêt à casser,56.4,1449786760.0,66.4,0.201,2.45,4.56,5.09,7572683.0,0.6,10.7,22.0,0.46,0.0,0.749,0.783,0.501,0.73,1.0,0.804,0.984,0.98,Financials,2026-07-03,53.93,4.58,98
HPK,,84.4,Squeeze / VCP prêt à casser,8.73,1103932979.0,62.2,0.067,2.46,9.95,6.33,4895689.0,4.4,30.1,19.0,0.0,0.0,0.776,1.0,0.78,0.5,1.0,0.902,0.976,0.854,Energy,2026-07-03,6.7,30.3,98
FLYW,,83.9,Setup en formation,18.43,2242335232.0,60.7,0.133,1.54,4.95,3.77,25390390.0,6.6,20.9,4.0,0.73,0.0,0.721,1.0,0.894,0.867,0.926,0.864,0.77,0.78,Information Technology,2026-07-03,18.75,-1.71,98
ACCO,,83.8,Momentum en formation,4.46,411691753.0,62.8,0.017,0.9,5.19,4.69,2666511.0,0.4,8.8,28.0,0.45,0.0,0.76,0.462,0.637,0.725,0.971,0.871,0.984,0.985,Industrials,2026-07-03,4.2,6.19,98
BOW,,83.7,Squeeze / VCP prêt à casser,34.1,1123356471.0,70.4,-0.014,0.21,0.89,1.37,10030420.0,2.8,14.3,20.0,0.69,0.0,0.762,1.0,0.881,0.738,1.0,0.707,0.849,0.908,Financials,2026-07-03,31.48,8.32,98
JAKK,,83.6,Cup & Handle probable,27.96,320002536.0,74.4,0.361,0.68,9.65,17.23,1970534.0,0.6,16.5,94.0,0.96,0.0,0.871,1.0,0.047,0.978,1.0,0.453,1.0,0.98,Consumer Discretionary,2026-07-03,23.44,19.28,98
CMTV,,83.5,Momentum en formation,43.9,245879598.0,64.3,0.246,4.13,3.76,6.63,1477304.0,-0.3,11.8,56.0,0.46,0.0,0.783,0.965,0.667,0.641,0.672,0.846,0.976,0.996,Financials,2026-07-03,39.13,12.19,98
DHX,,83.4,Squeeze / VCP prêt à casser,4.97,215818224.0,61.0,-0.006,2.26,4.19,9.96,1206284.0,4.2,34.3,1.0,0.12,0.0,0.895,0.872,0.995,0.429,1.0,0.83,0.968,0.859,Information Technology,2026-08-26,4.38,13.47,44
REPX,,83.2,Cup & Handle probable,44.64,988944962.0,67.2,0.126,3.31,8.72,3.48,14608945.0,1.5,28.1,42.0,0.0,0.0,0.843,1.0,0.412,0.5,1.0,0.82,0.992,0.951,Energy,2026-07-03,32.51,37.31,98
HRTG,,83.2,Cup & Handle probable,35.23,1047473016.0,64.1,0.052,2.0,4.14,3.47,10046692.0,3.5,21.6,25.0,0.3,0.0,0.795,1.0,0.848,0.398,1.0,0.901,0.952,0.884,Financials,2026-07-03,27.12,29.9,98
MGNI,,83.0,Squeeze / VCP prêt à casser,25.45,3650144796.0,58.6,0.001,0.83,0.04,7.93,55775952.0,5.2,29.5,15.0,0.53,0.0,0.884,1.0,0.658,0.529,1.0,0.808,0.96,0.827,Communication Services,2026-07-03,20.38,24.88,98
LILA,,82.6,Fin d'accumulation,8.77,1718043000.0,55.3,0.02,-1.57,4.9,1.39,2975290.0,2.9,13.6,35.0,0.94,0.0,0.786,1.0,0.51,0.613,1.0,0.873,0.865,0.904,Communication Services,2026-07-03,7.62,15.09,98
OPRT,,82.4,Squeeze / VCP prêt à casser,8.66,398249611.0,65.6,-0.017,3.96,5.29,11.31,6155356.0,0.0,37.1,5.0,0.0,0.0,0.949,0.719,0.773,0.483,0.8,0.8,1.0,0.998,Financials,2026-07-03,5.9,46.78,98
AII,,82.4,Cup & Handle probable,26.97,528481654.0,63.1,0.015,1.97,4.37,4.05,5059254.0,0.1,27.3,41.0,0.0,0.0,0.844,1.0,0.632,0.359,0.844,0.899,0.984,0.996,Financials,2026-07-03,19.27,39.96,98
DV,,82.4,Squeeze / VCP prêt à casser,13.5,2092322435.0,65.1,-0.026,0.0,0.07,1.28,48497800.0,1.1,20.8,5.0,0.35,0.0,0.795,1.0,0.971,0.369,1.0,0.903,0.841,0.963,Communication Services,2026-07-03,11.44,18.01,98
WEAV,,82.0,Squeeze / VCP prêt à casser,7.39,591193489.0,63.1,-0.024,0.27,0.14,1.23,10872899.0,0.1,37.2,12.0,1.0,0.0,0.82,0.713,0.929,0.791,0.854,0.863,0.77,0.866,Health Care,2026-07-03,6.58,12.31,98
NSIT,,81.8,Squeeze / VCP prêt à casser,161.37,4736023925.0,58.6,-0.318,0.77,0.02,3.41,62352738.0,4.2,25.7,1.0,0.12,0.0,0.859,1.0,0.899,0.356,1.0,0.823,0.944,0.859,Information Technology,2026-07-03,113.34,42.38,98
CIX,,81.7,Cup & Handle probable,39.48,487051218.0,62.9,-0.051,0.46,8.43,11.37,1393252.0,2.0,37.3,36.0,0.0,0.0,1.0,0.704,0.584,0.365,1.0,0.856,1.0,0.933,Industrials,2026-09-22,38.49,2.57,17
STNG,,81.5,Cup & Handle probable,88.15,4562889939.0,64.4,0.121,4.31,2.75,6.13,104351540.0,2.1,18.8,32.0,0.0,0.0,0.813,1.0,0.41,0.5,1.0,0.814,0.944,0.929,Energy,2026-07-03,73.01,20.74,98
CFFI,,81.3,Cup & Handle probable,101.51,330079153.0,67.9,0.474,-0.49,4.81,8.94,6398682.0,1.5,21.3,75.0,0.0,0.0,0.918,1.0,0.285,0.5,1.0,0.73,0.984,0.935,Financials,2026-08-07,88.64,14.52,63
ABM,,81.3,Squeeze / VCP prêt à casser,49.89,2924281995.0,59.6,-0.042,2.34,2.95,0.91,24548777.0,2.1,10.8,4.0,0.0,0.0,0.743,0.794,0.868,0.445,1.0,0.86,0.921,0.929,Industrials,2026-07-03,44.27,12.69,98
PBT,,81.1,Cup & Handle probable,34.85,1624316541.0,60.5,0.056,3.72,11.31,-1.13,6508430.0,5.8,21.7,43.0,0.0,0.0,0.708,1.0,0.509,0.5,1.0,0.961,0.913,0.808,Energy,2026-07-03,24.8,40.52,98
CRCT,,81.0,Cup & Handle probable,6.4,1340444262.0,67.1,0.018,0.63,-1.77,17.86,3948424.0,3.9,31.1,80.0,0.61,0.0,1.0,1.0,0.392,0.783,1.0,0.421,0.96,0.87,Information Technology,2026-07-03,4.46,43.5,98
TEN,,80.7,Cup & Handle probable,51.83,1561513663.0,66.1,0.042,4.1,5.82,16.94,27947076.0,3.7,30.8,66.0,0.0,0.0,0.93,1.0,0.205,0.5,1.0,0.787,0.968,0.876,Energy,2026-07-03,37.37,38.69,98
PBYI,,80.6,Cup & Handle probable,9.97,514652058.0,59.4,-0.013,1.63,1.32,10.17,3160256.0,1.3,26.6,30.0,0.21,0.0,0.863,1.0,0.433,0.326,1.0,0.811,0.992,0.957,Health Care,2026-07-03,8.26,20.7,98
FMAO,,80.5,Squeeze / VCP prêt à casser,35.31,486330350.0,55.1,-0.053,1.17,1.15,1.15,1770143.0,2.2,13.0,1.0,0.88,0.0,0.766,1.0,0.815,0.441,1.0,0.81,0.849,0.925,Financials,2026-07-03,30.67,15.13,98
GNE,,80.4,Cup & Handle probable,16.78,441643274.0,67.7,0.024,0.6,2.19,6.74,1340961.0,0.3,19.5,27.0,0.02,0.0,0.842,1.0,0.648,0.316,0.919,0.755,1.0,0.986,Utilities,2026-07-03,14.62,14.77,98
INFU,,80.2,Cup & Handle probable,13.41,267089397.0,66.6,0.019,0.6,4.6,9.92,1801143.0,3.2,35.9,26.0,0.33,0.0,0.927,0.784,0.655,0.663,1.0,0.486,0.992,0.894,Health Care,2026-07-03,10.16,31.99,98
ZIM,,80.2,Squeeze / VCP prêt à casser,30.26,3645298376.0,59.2,-0.055,0.9,1.71,3.0,46485389.0,2.3,20.9,17.0,0.38,0.0,0.796,1.0,0.641,0.319,1.0,0.861,0.929,0.925,Industrials,2026-07-03,25.57,18.34,98
RDVT,,79.7,Squeeze / VCP prêt à casser,79.86,1281511424.0,60.1,-0.165,2.58,-0.49,7.34,15290272.0,2.4,22.8,1.0,0.74,0.0,0.909,1.0,0.867,0.431,1.0,0.507,0.976,0.921,Information Technology,2026-07-03,65.52,21.89,98
DDI,,79.7,Cup & Handle probable,13.57,672440181.0,70.9,0.032,0.44,3.12,6.68,2555547.0,0.8,15.8,56.0,0.0,0.0,0.827,1.0,0.555,0.415,1.0,0.611,1.0,0.974,Communication Services,2026-07-03,11.49,18.1,98
HURN,,79.4,Squeeze / VCP prêt à casser,165.31,2630094002.0,60.1,-0.075,5.56,-1.85,10.45,41741591.0,3.7,16.6,15.0,0.5,0.0,0.857,1.0,0.688,0.75,1.0,0.537,0.976,0.617,Industrials,2026-07-03,97.16,70.14,98
HZO,,79.3,Squeeze / VCP prêt à casser,52.43,1158008093.0,72.8,-0.263,-0.08,0.19,0.5,38076274.0,0.2,38.9,7.0,0.4,0.0,0.878,0.614,0.957,0.699,0.899,0.701,0.73,0.992,Consumer Discretionary,2026-07-03,34.48,52.06,98
PARR,,79.2,Cup & Handle probable,87.65,4391232307.0,61.5,0.602,1.78,1.67,5.44,79967629.0,2.0,27.4,48.0,0.32,0.0,0.868,1.0,0.518,0.237,1.0,0.821,0.968,0.933,Energy,2026-07-03,58.49,49.85,98
PKOH,,79.2,Setup en formation,48.45,702040985.0,60.4,0.094,0.35,4.1,3.5,3338136.0,9.1,27.4,14.0,0.77,0.0,0.848,1.0,0.758,0.614,0.613,0.829,0.96,0.697,Industrials,2026-07-03,36.3,33.47,98
TENB,,79.2,Cup & Handle probable,39.01,4296560737.0,60.4,0.434,0.18,8.03,15.86,167175255.0,2.9,31.6,26.0,0.0,0.0,0.846,1.0,0.79,0.5,1.0,0.842,0.873,0.644,Information Technology,2026-07-03,38.6,1.06,98
CNXN,,79.1,Cup & Handle probable,90.89,2293890818.0,65.5,0.047,-1.19,-1.81,9.86,13859537.0,3.2,18.8,35.0,0.11,0.0,0.91,1.0,0.641,0.557,1.0,0.481,0.952,0.893,Information Technology,2026-07-03,72.43,25.49,98
RCMT,,79.1,Squeeze / VCP prêt à casser,41.85,297585264.0,61.6,-0.114,1.09,-0.4,3.87,3303873.0,2.9,34.9,23.0,0.04,0.0,0.944,0.839,0.831,0.522,1.0,0.544,0.944,0.86,Industrials,2026-07-03,28.5,46.84,98
SXC,,79.0,Setup en formation,9.75,827529788.0,50.5,0.006,-0.81,0.1,-4.32,10536938.0,8.7,31.0,2.0,0.85,0.0,0.76,1.0,0.834,0.829,0.662,0.814,0.778,0.71,Materials,2026-07-03,7.82,24.68,98
KRT,,79.0,Cup & Handle probable,53.8,1072326590.0,64.9,-0.1,0.79,0.81,14.79,10523938.0,2.8,30.5,48.0,0.0,0.0,1.0,1.0,0.522,0.5,1.0,0.5,0.96,0.906,Consumer Discretionary,2026-07-03,34.25,57.08,98
SMWB,,78.9,En base (loin du pivot),8.43,733127190.0,55.9,0.022,3.69,3.31,4.85,3984071.0,11.3,28.1,6.0,1.0,0.0,0.745,1.0,0.816,1.0,0.342,0.875,0.817,0.625,Information Technology,2026-07-03,6.18,36.41,98
JOYY,,78.9,Setup en formation,80.85,4181723053.0,68.7,0.067,-0.59,0.68,11.84,27362030.0,1.0,14.2,34.0,0.14,0.0,0.873,1.0,0.631,0.568,1.0,0.398,0.976,0.956,Communication Services,2026-07-03,67.26,20.21,98
ASC,,78.9,Squeeze / VCP prêt à casser,19.47,794426895.0,62.9,0.013,5.36,1.14,6.8,12633762.0,2.2,23.6,16.0,0.0,0.0,0.867,1.0,0.505,0.502,1.0,0.53,0.984,0.928,Industrials,2026-07-03,14.86,31.02,98
ECPG,,78.9,Fin d'accumulation,100.06,2122209162.0,56.9,0.285,0.8,6.11,2.8,29932335.0,4.7,12.5,29.0,0.66,0.0,0.718,1.0,0.734,0.394,1.0,0.886,0.849,0.844,Financials,2026-07-03,90.61,10.43,98
BTX,,78.8,Cup & Handle probable,9.24,2178756648.0,58.1,0.037,-1.7,0.87,3.76,3919395.0,2.6,19.4,34.0,0.64,0.0,0.806,1.0,0.679,0.612,1.0,0.54,0.873,0.912,Financials,2026-07-03,8.6,7.44,98
BOX,,78.7,Cup & Handle probable,36.31,4981760068.0,66.0,0.303,1.71,4.94,5.28,90029636.0,0.1,16.6,59.0,0.52,0.0,0.813,1.0,0.436,0.26,0.833,0.844,1.0,0.997,Information Technology,2026-07-03,27.89,30.19,98
DKL,,78.7,Setup en formation,56.6,3271327237.0,57.8,0.206,1.13,3.91,-0.11,12390931.0,6.2,16.1,32.0,0.0,0.0,0.7,1.0,0.768,0.5,0.975,0.909,0.786,0.793,Energy,2026-07-03,52.25,8.33,98
FRSH,,78.6,Squeeze / VCP prêt à casser,13.64,3558959330.0,62.2,0.1,0.29,3.73,14.33,99044499.0,5.1,24.3,17.0,0.47,0.0,0.859,1.0,0.612,0.234,1.0,0.862,0.96,0.831,Information Technology,2026-07-03,10.34,31.91,98
RBKB,,78.6,Squeeze / VCP prêt à casser,12.95,202485760.0,52.2,0.003,-0.15,0.23,1.25,1869665.0,2.5,11.7,22.0,0.58,0.0,0.75,0.951,0.769,0.79,1.0,0.522,0.754,0.916,Financials,2026-07-23,12.04,7.56,78
VREX,,78.5,Squeeze / VCP prêt à casser,18.47,777587000.0,72.8,-0.112,0.16,-0.11,-0.16,10583179.0,0.9,41.7,8.0,1.0,0.0,0.907,0.461,0.952,0.7,1.0,0.701,0.698,0.971,Health Care,2026-07-03,10.61,74.08,98
AMPL,,78.3,Squeeze / VCP prêt à casser,15.29,1909966649.0,70.1,0.105,3.59,6.92,23.41,24405637.0,-0.5,45.1,18.0,0.55,0.0,1.0,0.273,0.614,0.775,0.603,0.628,1.0,0.998,Information Technology,2026-07-03,8.84,72.96,98
CBZ,,78.2,Squeeze / VCP prêt à casser,54.8,2973660569.0,71.1,-0.126,0.09,0.16,0.35,51421287.0,1.4,2.2,3.0,1.0,0.0,0.822,0.0,0.981,1.0,1.0,0.765,0.675,0.881,Industrials,2026-07-03,35.12,56.04,98
BWLP,,78.0,Squeeze / VCP prêt à casser,26.32,4192302240.0,66.8,0.003,3.26,2.13,7.56,10089880.0,0.6,24.5,6.0,0.2,0.0,0.907,1.0,0.684,0.099,1.0,0.749,0.976,0.981,Energy,2026-07-03,18.37,43.28,98
MG,,77.8,Cup & Handle probable,20.7,659292785.0,56.0,-0.13,-0.86,0.34,3.6,11074988.0,4.9,32.2,29.0,0.0,0.0,0.901,0.989,0.829,0.5,1.0,0.53,0.889,0.836,Industrials,2026-07-03,16.69,24.03,98
HSTM,,77.8,Cup & Handle probable,32.47,993448451.0,77.4,0.31,1.15,6.95,13.25,5632896.0,-0.2,15.2,72.0,0.38,0.0,0.852,1.0,0.435,0.689,0.738,0.393,1.0,0.997,Health Care,2026-07-03,28.41,14.29,98
IBTA,,77.6,Squeeze / VCP prêt à casser,43.28,1002780894.0,65.6,-0.022,4.21,8.42,10.61,8922898.0,0.3,45.1,2.0,0.59,0.0,0.871,0.272,0.888,0.297,0.938,0.838,1.0,0.988,Information Technology,2026-07-03,35.57,21.68,98
PRCH,,77.6,Squeeze / VCP prêt à casser,17.53,2311015731.0,61.2,0.07,1.27,4.66,7.02,26189488.0,4.6,27.5,7.0,0.21,0.0,0.85,1.0,0.564,0.247,1.0,0.812,0.944,0.848,Financials,2026-07-03,15.19,15.4,98
PUBM,,77.5,Cup & Handle probable,18.68,850875139.0,61.8,-0.034,0.59,-2.61,15.45,14284341.0,4.1,36.1,40.0,0.0,0.0,1.0,0.773,0.645,0.5,1.0,0.5,0.968,0.863,Information Technology,2026-07-03,13.55,37.86,98
USPH,,77.5,Squeeze / VCP prêt à casser,83.52,1246343737.0,55.8,-0.284,0.68,1.11,7.26,16457166.0,4.4,19.6,19.0,0.38,0.0,0.834,1.0,0.798,0.691,1.0,0.504,0.857,0.721,Health Care,2026-07-03,72.35,15.44,98
FBLA,,77.4,Setup en formation,17.25,275106071.0,71.8,0.074,0.76,2.8,8.63,1853784.0,0.6,11.8,95.0,0.0,0.0,0.839,0.968,0.142,0.498,1.0,0.546,1.0,0.979,Financials,2026-07-03,15.21,13.41,98
CON,,77.3,Squeeze / VCP prêt à casser,36.61,4668424315.0,64.7,0.102,0.58,4.69,7.11,39537097.0,0.6,18.4,22.0,0.0,0.0,0.823,1.0,0.672,0.0,1.0,0.855,0.992,0.97,Health Care,2026-07-03,31.91,14.73,98
WKC,,77.3,Setup en formation,37.24,1904886329.0,66.1,0.196,1.53,4.37,5.35,45731382.0,6.8,13.5,22.0,0.11,0.0,0.749,1.0,0.658,0.554,0.902,0.807,0.865,0.699,Energy,2026-07-03,33.21,12.13,98
TK,,77.2,Cup & Handle probable,15.37,1333786037.0,69.8,0.045,4.34,5.27,11.14,8728666.0,-0.8,28.9,35.0,0.06,0.0,0.934,1.0,0.405,0.53,0.485,0.637,1.0,0.996,Energy,2026-07-03,10.31,49.08,98
RELL,,77.2,Setup en formation,19.97,296838433.0,68.0,0.359,-0.15,7.6,14.64,4428092.0,7.9,27.5,52.0,0.62,0.0,0.827,1.0,0.46,0.808,0.766,0.729,0.913,0.55,Information Technology,2026-07-03,16.61,20.23,98
GTE,,77.0,Setup en formation,10.49,371140700.0,58.2,0.004,1.16,4.8,0.19,5454344.0,8.9,44.0,12.0,1.0,0.0,0.855,0.333,0.868,0.763,0.632,0.845,0.937,0.702,Energy,2026-07-03,5.91,77.5,98
BGR,,77.0,Squeeze / VCP prêt à casser,17.55,2379537705.0,59.9,-0.004,2.21,3.24,0.33,1780936.0,1.5,12.3,7.0,0.0,0.0,0.737,1.0,0.741,0.165,1.0,0.903,0.841,0.949,Financials,2026-07-03,14.96,17.31,98
GNK,,76.9,Cup & Handle probable,27.81,1212143485.0,59.1,0.039,2.62,2.17,2.47,14036748.0,2.1,17.0,53.0,0.36,0.0,0.769,1.0,0.535,0.179,1.0,0.828,0.944,0.928,Industrials,2026-07-03,24.5,13.51,98
GSL,,76.9,Squeeze / VCP prêt à casser,45.48,1633561737.0,55.3,-0.029,1.7,0.09,1.02,13780531.0,2.3,15.1,10.0,0.46,0.0,0.763,1.0,0.64,0.274,1.0,0.8,0.865,0.922,Industrials,2026-07-03,38.11,19.34,98
SPT,,76.8,Setup en formation,11.08,671361709.0,60.7,0.067,4.92,6.74,9.38,10367507.0,6.6,32.3,42.0,0.7,0.0,0.759,0.984,0.537,0.352,0.928,0.912,0.921,0.73,Information Technology,2026-07-03,8.08,37.13,98
CLDT,,76.7,Setup en formation,13.65,635620631.0,61.0,0.049,1.26,0.66,6.6,3902459.0,2.8,13.9,31.0,0.29,0.0,0.797,1.0,0.547,0.646,1.0,0.506,0.817,0.905,Real Estate,2026-07-03,13.04,4.68,98
RNW,,76.6,Squeeze / VCP prêt à casser,6.9,2514378547.0,68.1,-0.005,0.15,1.02,0.73,8201746.0,0.0,12.3,13.0,1.0,0.0,0.763,1.0,0.924,0.671,0.8,0.824,0.833,0.485,Utilities,2026-07-03,6.09,13.3,98
KSS,,76.6,Cup & Handle probable,20.11,2280000309.0,65.8,0.3,-0.05,6.29,14.78,72933372.0,1.6,22.2,66.0,0.28,0.0,0.861,1.0,0.349,0.638,1.0,0.792,0.968,0.405,Consumer Discretionary,2026-07-03,18.19,10.56,98
SMTI,,76.5,Squeeze / VCP prêt à casser,35.05,322040627.0,63.2,-0.122,0.0,0.49,0.06,6240198.0,0.8,5.6,2.0,1.0,0.0,0.833,0.0,0.99,0.52,1.0,0.893,0.802,0.973,Health Care,2026-07-03,24.84,41.1,98
ARX,,76.4,Squeeze / VCP prêt à casser,19.75,4289473902.0,69.7,-0.13,0.0,0.1,-0.45,40736849.0,0.8,45.9,1.0,1.0,0.0,0.892,0.228,0.995,0.5,1.0,0.817,0.746,0.975,Financials,2026-07-03,13.77,43.43,98
HSHP,,76.2,Cup & Handle probable,18.65,871887500.0,61.5,-0.067,5.85,3.32,4.81,9952618.0,4.6,27.7,29.0,0.0,0.0,0.833,1.0,0.53,0.126,1.0,0.842,0.968,0.847,Industrials,2026-07-03,14.14,31.9,98
MTLS,,76.2,Cup & Handle probable,8.4,496164362.0,65.0,-0.016,-1.18,-1.18,12.6,1899134.0,4.8,28.5,75.0,0.0,0.0,1.0,1.0,0.31,0.5,1.0,0.5,0.929,0.841,Information Technology,2026-07-03,7.16,17.32,98
BSVN,,76.1,Squeeze / VCP prêt à casser,55.57,529351818.0,58.7,-0.098,0.8,1.05,2.26,2802914.0,3.1,14.2,3.0,0.0,0.0,0.813,1.0,0.972,0.307,1.0,0.536,0.905,0.896,Financials,2026-07-03,49.59,12.06,98
ITIC,,76.1,Fin d'accumulation,298.63,563812245.0,57.3,0.698,0.84,4.51,0.1,14971949.0,3.4,10.7,39.0,0.67,0.0,0.721,0.781,0.658,0.337,1.0,0.885,0.833,0.887,Financials,2026-07-03,281.21,6.19,98
PRAA,,75.9,Squeeze / VCP prêt à casser,20.32,765007482.0,57.1,-0.013,0.2,7.74,6.17,10109996.0,5.4,21.4,15.0,0.0,0.0,0.751,1.0,0.585,0.5,1.0,0.88,0.77,0.67,Financials,2026-07-03,18.28,11.16,98
CHEF,,75.8,Squeeze / VCP prêt à casser,111.4,4544683646.0,51.3,-0.082,0.35,-1.03,1.93,66874301.0,6.0,12.2,6.0,0.65,0.0,0.79,1.0,0.765,0.643,1.0,0.515,0.778,0.8,Consumer Staples,2026-07-03,95.62,16.5,98
DHT,,75.8,Cup & Handle probable,24.93,4014768010.0,75.7,0.105,5.15,5.81,17.59,104393136.0,0.2,33.3,59.0,0.0,0.01,1.0,0.925,0.248,0.5,0.88,0.415,1.0,0.981,Energy,2026-07-03,17.18,45.11,98
CRVL,,75.8,Cup & Handle probable,76.35,3856940196.0,71.7,0.09,-0.18,2.18,14.92,16657589.0,1.5,24.2,52.0,0.0,0.0,0.907,1.0,0.69,0.5,1.0,0.272,1.0,0.871,Financials,2026-07-03,64.14,19.04,98
PAYS,,75.7,Cup & Handle probable,14.96,844673854.0,67.6,0.188,0.07,4.18,14.81,11347949.0,0.9,40.9,62.0,0.0,0.0,1.0,0.506,0.424,0.256,1.0,0.712,1.0,0.971,Information Technology,2026-07-03,8.26,81.11,98
SFL,,75.7,Cup & Handle probable,13.56,1803382151.0,62.1,-0.007,2.11,0.59,8.22,20000725.0,3.0,19.7,25.0,0.01,0.0,0.847,1.0,0.448,0.379,1.0,0.544,0.96,0.9,Industrials,2026-07-03,10.59,28.05,98
FLXS,,75.7,Cup & Handle probable,86.52,354017431.0,57.4,-0.093,0.02,0.07,4.38,7695847.0,4.3,22.8,53.0,0.0,0.0,0.902,1.0,0.578,0.407,1.0,0.5,0.937,0.857,Consumer Discretionary,2026-07-03,72.49,19.35,98
SHO,,75.6,Squeeze / VCP prêt à casser,11.35,2110463730.0,61.7,0.028,1.34,0.35,4.1,20622472.0,4.3,13.9,17.0,0.72,0.0,0.739,1.0,0.769,0.86,1.0,0.5,0.595,0.851,Real Estate,2026-07-03,11.38,-0.26,98
NAT,,75.4,Cup & Handle probable,8.58,1816820689.0,71.6,0.011,4.51,5.02,22.57,43634558.0,1.5,33.5,41.0,0.0,0.0,1.0,0.919,0.352,0.5,1.0,0.29,1.0,0.95,Energy,2026-07-03,5.81,47.68,98
SND,,75.4,Squeeze / VCP prêt à casser,5.3,224715023.0,55.6,-0.003,1.53,2.71,-1.67,1387515.0,3.3,25.9,3.0,0.26,0.0,0.789,1.0,0.886,0.44,1.0,0.804,0.714,0.715,Energy,2026-07-03,4.7,12.77,98
GIC,,75.3,Cup & Handle probable,42.56,1621890993.0,62.1,0.026,-1.14,-1.18,7.72,6720797.0,4.1,21.9,63.0,0.0,0.0,0.914,1.0,0.219,0.5,1.0,0.5,0.937,0.865,Industrials,2026-07-03,33.21,28.15,98
GENC,,75.1,En base (loin du pivot),18.08,265011252.0,55.8,0.062,2.55,4.21,-3.57,1032038.0,10.5,29.9,21.0,0.31,0.0,0.74,1.0,0.835,0.657,0.444,0.861,0.841,0.652,Industrials,2026-08-19,19.24,-6.03,51
HIPO,,75.0,Cup & Handle probable,34.21,902780724.0,67.1,0.295,5.55,8.57,6.51,5700828.0,1.9,15.3,46.0,0.24,0.0,0.741,1.0,0.473,0.34,1.0,0.82,0.984,0.611,Financials,2026-07-03,28.93,18.25,98
DFIN,,74.9,Squeeze / VCP prêt à casser,50.2,1234186227.0,60.1,0.212,0.8,5.71,2.74,11257927.0,2.2,18.8,24.0,0.29,0.0,0.718,1.0,0.676,0.405,1.0,0.914,0.778,0.641,Information Technology,2026-07-03,46.21,8.63,98
III,,74.9,Cup & Handle probable,5.72,276925003.0,65.6,0.019,-1.21,-0.35,13.04,1438091.0,3.1,31.8,79.0,0.0,0.0,0.979,1.0,0.26,0.5,1.0,0.492,0.968,0.74,Information Technology,2026-07-03,4.11,39.17,98
BSM,,74.8,Momentum en formation,14.75,3137480922.0,53.8,0.005,0.89,1.86,-1.01,5423480.0,3.0,8.1,30.0,0.37,0.0,0.7,0.354,0.63,0.683,1.0,0.873,0.683,0.901,Energy,2026-07-03,13.79,6.96,98
NRP,,74.7,Squeeze / VCP prêt à casser,111.31,1474903360.0,57.9,0.019,0.84,4.6,-0.38,2938243.0,3.5,17.2,2.0,1.0,0.0,0.745,1.0,0.66,0.566,1.0,0.859,0.698,0.607,Energy,2026-07-03,99.11,12.31,98
ICFI,,74.6,Setup en formation,86.82,1557019809.0,56.8,0.126,4.79,2.18,0.73,16494906.0,9.1,17.2,17.0,0.35,0.0,0.7,1.0,0.728,0.675,0.61,0.888,0.762,0.636,Industrials,2026-07-03,74.99,15.78,98
IBEX,,74.4,Cup & Handle probable,44.4,589571350.0,67.3,-0.085,2.87,0.27,19.87,6557621.0,1.9,29.3,59.0,0.0,0.0,0.984,1.0,0.501,0.266,1.0,0.418,0.976,0.935,Information Technology,2026-07-03,32.13,38.19,98
PANL,,74.2,Squeeze / VCP prêt à casser,8.6,563074439.0,61.9,0.009,2.99,2.26,3.61,3679509.0,0.7,24.6,8.0,0.0,0.0,0.795,1.0,0.73,0.001,1.0,0.83,0.984,0.778,Industrials,2026-07-03,6.6,30.3,98
OSPN,,74.2,Squeeze / VCP prêt à casser,18.01,663707636.0,58.1,-0.045,1.75,-0.17,11.86,10924119.0,4.4,20.8,2.0,0.0,0.0,0.894,1.0,0.794,0.269,1.0,0.5,0.913,0.855,Information Technology,2026-07-03,14.44,24.72,98
RLGT,,74.0,Setup en formation,9.43,442212966.0,62.9,0.075,0.86,4.66,13.89,3799509.0,7.5,21.1,87.0,0.0,0.0,0.804,1.0,0.395,0.5,0.806,0.816,0.802,0.748,Industrials,2026-07-03,9.49,-0.63,98
HVT,,74.0,Setup en formation,27.51,428980651.0,49.4,-0.04,0.26,0.33,0.29,3300049.0,6.7,17.8,1.0,0.48,0.0,0.748,1.0,0.928,0.741,0.917,0.501,0.651,0.778,Consumer Discretionary,2026-07-03,24.97,10.17,98
BST,,74.0,Cup & Handle probable,50.1,1110107283.0,56.6,0.051,-1.46,-2.01,4.95,6136111.0,4.2,19.7,29.0,0.0,0.0,0.834,1.0,0.424,0.39,1.0,0.5,0.944,0.859,Financials,2026-07-03,48.5,3.3,98
TNK,,73.6,Cup & Handle probable,106.62,3693728140.0,71.3,0.305,4.41,5.55,10.71,48344291.0,-1.1,29.9,26.0,0.05,0.0,0.958,1.0,0.443,0.411,0.375,0.587,1.0,0.976,Energy,2026-07-03,67.6,57.72,98
NWE,,73.5,Momentum en formation,74.63,4591077146.0,69.9,0.625,0.89,8.9,5.75,42802265.0,1.8,13.4,88.0,0.0,0.0,0.707,1.0,0.071,0.46,1.0,0.756,0.77,0.94,Utilities,2026-07-03,71.32,4.64,98
LILAK,,73.5,Momentum en formation,8.72,1708248000.0,55.2,0.018,-1.47,5.06,1.04,12899954.0,3.1,13.2,34.0,0.02,0.0,0.786,1.0,0.511,0.008,1.0,0.869,0.897,0.898,Communication Services,2026-07-03,7.63,14.29,98
SBC,,73.5,Setup en formation,5.34,549202676.0,70.4,0.008,0.0,5.33,23.18,1164621.0,3.1,46.3,53.0,0.0,0.0,1.0,0.207,0.281,0.5,1.0,0.599,1.0,0.897,Industrials,2026-09-30,4.84,10.33,9
CBNK,,73.5,Setup en formation,39.13,637445543.0,62.4,0.3,0.62,-1.68,8.69,5945100.0,3.9,12.8,100.0,0.0,0.0,0.843,1.0,0.0,0.5,1.0,0.5,0.944,0.871,Financials,2026-07-03,35.52,10.16,98
UTMD,,73.5,Setup en formation,73.88,235204555.0,53.7,-0.203,0.59,-0.63,6.41,2683320.0,3.9,11.7,29.0,0.21,0.0,0.768,0.956,0.824,0.464,1.0,0.515,0.77,0.87,Health Care,2026-07-03,72.78,1.51,98
RCEL,,73.5,Fin d'accumulation,13.33,412254871.0,72.5,0.077,2.15,10.99,31.2,3835920.0,1.3,68.6,56.0,1.0,0.15,1.0,0.0,0.333,1.0,1.0,0.513,1.0,0.958,Health Care,2026-07-03,5.06,163.44,98
KGEI,,73.4,Setup en formation,6.46,232246658.0,54.7,-0.039,1.73,5.56,-3.87,1082994.0,6.9,30.3,11.0,0.0,0.0,0.782,1.0,0.662,0.175,0.885,0.869,0.865,0.769,Energy,2026-07-03,4.64,39.22,98
CRAI,,73.3,Cup & Handle probable,177.56,1114519262.0,62.8,1.549,1.5,1.02,7.27,21923777.0,4.7,15.8,54.0,0.33,0.0,0.757,1.0,0.404,0.664,1.0,0.834,0.857,0.298,Industrials,2026-07-03,146.79,20.96,98
SPNT,,73.2,Squeeze / VCP prêt à casser,25.03,2907610350.0,56.9,-0.05,1.67,2.54,3.17,28799655.0,5.5,15.6,25.0,0.0,0.0,0.724,1.0,0.477,0.5,1.0,0.841,0.611,0.815,Financials,2026-07-03,24.63,1.62,98
PAGS,,73.2,Cup & Handle probable,10.68,3104437932.0,67.3,0.17,1.62,20.41,14.47,43603400.0,4.6,27.0,100.0,0.0,0.05,0.836,1.0,0.0,0.5,1.0,0.817,0.881,0.714,Information Technology,2026-07-03,9.12,17.11,98
DSX,,73.2,Setup en formation,2.9,360799733.0,56.3,-0.016,2.47,2.84,-0.68,3568102.0,9.4,34.0,32.0,0.0,0.0,0.782,0.889,0.625,0.5,0.578,0.861,0.865,0.688,Industrials,2026-07-03,2.1,38.1,98
KE,,73.2,Cup & Handle probable,28.79,690729536.0,65.1,0.186,-0.96,1.7,14.98,5405866.0,1.4,25.0,99.0,0.31,0.0,0.93,1.0,0.252,0.619,1.0,0.512,0.849,0.666,Industrials,2026-07-03,25.09,14.75,98
BPRN,,73.1,Squeeze / VCP prêt à casser,43.6,297055564.0,55.1,-0.064,1.61,1.02,0.11,1360190.0,2.0,8.8,3.0,0.0,0.0,0.763,0.463,0.738,0.5,1.0,0.549,0.873,0.933,Financials,2026-08-13,43.23,0.86,57
NVGS,,73.1,Squeeze / VCP prêt à casser,24.49,1511032290.0,63.9,-0.017,3.95,2.9,8.03,12556877.0,3.9,22.9,17.0,0.0,0.0,0.792,1.0,0.495,0.001,1.0,0.84,0.929,0.87,Energy,2026-07-03,19.12,28.09,98
PD,,73.1,Squeeze / VCP prêt à casser,15.8,1242667993.0,67.8,-0.004,2.8,1.41,16.35,25672086.0,0.4,37.1,3.0,0.0,0.0,1.0,0.716,0.74,0.307,0.976,0.432,1.0,0.807,Information Technology,2026-07-03,9.98,58.32,98
WEYS,,73.0,Cup & Handle probable,52.02,496842136.0,75.0,0.443,0.97,3.6,15.86,1636388.0,0.6,26.9,90.0,0.0,0.0,0.978,1.0,0.173,0.5,1.0,0.162,1.0,0.971,Consumer Discretionary,2026-08-13,46.73,11.32,57
CLMB,,72.7,Cup & Handle probable,32.6,608336831.0,63.3,0.104,-0.49,-1.39,19.37,5199825.0,4.4,31.2,89.0,0.0,0.0,1.0,1.0,0.067,0.414,1.0,0.5,0.944,0.77,Information Technology,2026-07-03,23.86,36.63,98
CZFS,,72.7,Squeeze / VCP prêt à casser,79.46,382191078.0,47.4,-0.168,0.66,0.4,-3.15,3248304.0,5.6,12.7,16.0,0.0,0.0,0.72,1.0,0.812,0.5,1.0,0.651,0.643,0.815,Financials,2026-07-13,70.38,12.9,88
SLDE,,72.6,Cup & Handle probable,25.3,2955336491.0,61.9,0.066,2.72,7.07,2.39,35631935.0,5.4,26.8,74.0,0.0,0.0,0.776,1.0,0.212,0.0,1.0,0.933,0.96,0.819,Financials,2026-07-03,21.25,19.06,98
SB,,72.6,Cup & Handle probable,8.82,1007638977.0,55.9,-0.008,4.38,-1.34,5.5,14217190.0,5.3,23.0,33.0,0.0,0.0,0.81,1.0,0.571,0.283,1.0,0.547,0.913,0.825,Industrials,2026-07-03,6.4,37.81,98
LUXE,,72.5,Cup & Handle probable,10.45,1459863234.0,70.4,0.074,1.46,4.5,43.15,3695863.0,0.1,32.7,87.0,0.0,0.07,1.0,0.961,0.205,0.5,0.838,0.596,1.0,0.728,Consumer Discretionary,2026-07-03,8.03,30.14,98
CNNE,,72.5,Squeeze / VCP prêt à casser,15.9,689650209.0,60.1,0.009,2.32,2.85,2.86,8275718.0,0.9,13.5,13.0,0.02,0.0,0.76,1.0,0.823,0.053,1.0,0.826,0.992,0.578,Consumer Discretionary,2026-07-03,14.72,8.02,98
AVBC,,72.4,Squeeze / VCP prêt à casser,22.02,439746138.0,52.4,0.016,0.46,1.66,1.38,3339587.0,2.5,8.4,18.0,0.23,0.0,0.722,0.399,0.778,0.616,1.0,0.83,0.595,0.881,Financials,2026-07-03,21.07,4.51,98
DSGR,,72.3,Squeeze / VCP prêt à casser,35.07,1622177650.0,72.7,-0.021,0.0,0.37,0.92,7462042.0,0.1,1.6,17.0,0.85,0.0,0.763,0.0,0.899,0.925,0.834,0.571,0.667,0.978,Industrials,2026-07-03,27.2,28.93,98
AUDC,,72.3,Cup & Handle probable,11.32,278368411.0,69.9,0.058,3.57,3.57,16.34,1288490.0,-0.4,21.3,71.0,0.07,0.0,0.891,1.0,0.188,0.537,0.658,0.355,1.0,0.954,Information Technology,2026-07-03,9.72,16.46,98
JILL,,72.2,Squeeze / VCP prêt à casser,24.47,363697047.0,65.8,-0.161,-0.08,0.29,12.97,6105454.0,2.6,31.2,1.0,0.0,0.0,1.0,1.0,0.896,0.0,1.0,0.481,0.921,0.912,Consumer Discretionary,2026-07-03,16.49,48.39,98
RCBC,,72.1,Cup & Handle probable,54.7,776723809.0,68.9,0.209,0.09,4.51,4.09,5628268.0,1.9,19.3,76.0,0.0,0.0,0.839,1.0,0.233,0.0,1.0,0.7,1.0,0.936,Financials,2026-08-07,46.8,16.88,63
FET,,72.0,Setup en formation,84.37,967951615.0,57.1,-0.149,2.52,2.52,5.17,14982284.0,6.2,44.1,7.0,0.48,0.0,0.897,0.33,0.777,0.432,0.977,0.536,0.968,0.794,Energy,2026-07-03,46.98,79.59,98
AOUT,,71.9,Setup en formation,16.3,205725968.0,59.2,-0.202,1.43,1.62,8.67,1943244.0,7.9,44.9,29.0,1.0,0.0,1.0,0.281,0.605,0.732,0.768,0.5,0.913,0.738,Consumer Discretionary,2026-07-03,13.37,21.91,98
LXP,,71.9,Squeeze / VCP prêt à casser,61.01,3596982677.0,65.6,-0.025,0.08,0.1,0.38,53520041.0,0.3,1.3,3.0,0.2,0.0,0.737,0.0,0.981,0.598,0.918,0.843,0.643,0.968,Real Estate,2026-07-03,55.56,9.81,98
DK,,71.8,Setup en formation,76.6,4690384528.0,59.1,0.192,1.51,3.04,1.75,203096757.0,6.9,31.5,51.0,0.0,0.0,0.844,1.0,0.542,0.0,0.889,0.855,0.937,0.77,Energy,2026-07-03,52.61,45.6,98
UTZ,,71.8,Squeeze / VCP prêt à casser,14.32,2061538890.0,78.5,-0.034,0.21,0.42,1.15,23896133.0,-0.1,2.3,10.0,1.0,0.0,0.851,0.0,0.938,0.847,0.744,0.476,0.754,0.998,Consumer Staples,2026-07-03,8.27,73.16,98
EXPO,,71.6,Momentum en formation,69.78,3317765742.0,58.8,0.411,1.2,-0.17,3.42,43798878.0,2.5,12.6,60.0,0.0,0.0,0.736,1.0,0.34,0.5,1.0,0.853,0.746,0.545,Industrials,2026-07-03,60.98,14.43,98
NMM,,71.6,Squeeze / VCP prêt à casser,91.99,2683192561.0,56.3,-0.256,1.33,0.37,1.28,15581988.0,3.2,18.9,7.0,0.0,0.0,0.823,1.0,0.654,0.16,1.0,0.545,0.881,0.894,Industrials,2026-07-03,72.47,26.94,98
NSP,,71.4,Setup en formation,49.74,1899832730.0,53.3,0.07,3.13,2.28,-1.05,23141979.0,9.5,16.9,31.0,0.34,0.0,0.7,1.0,0.696,0.67,0.565,0.882,0.619,0.668,Industrials,2026-07-03,45.37,9.63,98
TOP,,71.3,En base (loin du pivot),15.66,1968548334.0,59.2,-0.055,1.03,4.89,7.19,1352987.0,10.1,51.8,6.0,0.86,0.0,0.976,0.0,0.962,0.563,0.488,0.826,0.968,0.663,Financials,2026-07-21,2.24,599.11,80
BATRA,,71.3,Cup & Handle probable,57.76,3706337731.0,54.6,-0.092,0.35,-0.14,5.19,3095416.0,4.5,15.7,68.0,0.77,0.0,0.768,1.0,0.351,0.696,1.0,0.506,0.619,0.85,Communication Services,2026-07-03,57.61,0.26,98
KRP,,71.2,Momentum en formation,15.16,1738906424.0,61.6,0.07,1.61,4.84,-0.07,13974217.0,3.1,10.9,40.0,0.15,0.0,0.7,0.825,0.472,0.292,1.0,0.912,0.651,0.895,Energy,2026-07-03,14.49,4.62,98
KELYA,,71.1,Setup en formation,16.17,561615518.0,50.3,-0.07,1.7,-1.58,1.32,4335377.0,8.5,18.1,11.0,0.73,0.0,0.745,1.0,0.852,0.368,0.689,0.827,0.722,0.717,Industrials,2026-07-03,13.08,23.62,98
PRLB,,71.1,Setup en formation,92.21,2205838122.0,54.8,-0.063,-1.14,-2.29,13.99,23789664.0,7.8,27.2,83.0,0.0,0.0,0.985,1.0,0.1,0.5,0.781,0.5,0.921,0.742,Industrials,2026-07-03,76.4,20.69,98
PEB,,71.1,Setup en formation,18.98,2141754750.0,59.4,0.06,1.44,0.9,6.45,43038134.0,3.3,11.4,37.0,0.08,0.0,0.778,0.892,0.596,0.54,1.0,0.5,0.706,0.843,Real Estate,2026-07-03,18.78,1.06,98
DAC,,71.1,Cup & Handle probable,170.22,3098595515.0,73.2,0.782,3.49,5.24,10.04,26334255.0,-1.2,20.3,66.0,0.0,0.0,0.876,1.0,0.205,0.469,0.308,0.54,1.0,0.993,Industrials,2026-07-03,122.32,39.16,98
NPK,,71.0,Cup & Handle probable,152.01,1084753545.0,57.0,-0.112,2.93,1.26,2.43,17325713.0,3.9,24.3,25.0,0.0,0.0,0.773,1.0,0.714,0.0,1.0,0.809,0.794,0.87,Industrials,2026-07-03,123.21,23.37,98
LCUT,,71.0,Setup en formation,9.3,213796175.0,57.8,0.071,0.76,7.51,5.56,1404692.0,8.6,21.5,37.0,0.54,0.0,0.755,1.0,0.68,0.362,0.681,0.822,0.778,0.715,Consumer Discretionary,2026-07-03,8.56,8.64,98
NBBK,,71.0,Squeeze / VCP prêt à casser,22.55,988106950.0,51.1,-0.022,1.26,1.26,-1.44,5906841.0,3.6,8.8,1.0,0.78,0.0,0.704,0.475,0.871,0.507,1.0,0.83,0.563,0.879,Financials,2026-07-03,21.14,6.67,98
HCI,,70.8,Momentum en formation,192.35,2392616067.0,64.9,1.225,3.01,6.04,3.58,33184526.0,3.1,12.8,84.0,0.0,0.0,0.715,1.0,0.182,0.0,1.0,0.903,0.984,0.742,Financials,2026-07-03,182.64,5.32,98
LEGH,,70.8,Setup en formation,28.37,674724788.0,48.3,-0.063,0.28,-2.81,4.11,2271869.0,9.5,18.8,29.0,0.84,0.0,0.782,1.0,0.672,0.92,0.565,0.392,0.738,0.684,Consumer Discretionary,2026-07-03,26.38,7.54,98
CFBK,,70.7,Setup en formation,34.55,221655940.0,50.4,0.013,1.29,1.98,-2.89,1241276.0,9.3,12.4,5.0,1.0,0.0,0.7,1.0,0.894,0.549,0.582,0.835,0.635,0.689,Financials,2026-07-03,31.84,8.51,98
TXO,,70.5,Setup en formation,14.34,795101476.0,52.8,-0.049,2.94,3.91,-6.76,2199023.0,8.0,19.8,58.0,0.48,0.0,0.7,1.0,0.431,0.241,0.756,0.906,0.833,0.735,Energy,2026-07-03,12.37,15.93,98
FOSL,,70.5,Cup & Handle probable,7.0,413966364.0,66.8,0.094,-1.13,2.94,44.03,5208075.0,4.5,40.9,86.0,0.42,0.06,1.0,0.504,0.113,0.596,1.0,0.429,0.976,0.85,Consumer Discretionary,2026-07-03,4.23,65.48,98
BWIN,,70.4,Squeeze / VCP prêt à casser,31.85,4443021938.0,57.4,-0.086,0.13,0.25,12.82,178477515.0,2.6,19.6,1.0,0.0,0.0,0.831,1.0,0.995,0.0,1.0,0.513,0.857,0.913,Financials,2026-07-03,28.41,12.11,98
FIGS,,70.4,Setup en formation,14.98,2488780825.0,62.5,0.145,6.54,6.39,12.97,41417035.0,8.5,38.3,36.0,0.27,0.0,0.822,0.65,0.552,0.636,0.682,0.865,0.778,0.523,Consumer Discretionary,2026-07-03,9.99,49.95,98
ASIC,,70.3,Setup en formation,26.93,1290672171.0,53.9,-0.153,5.73,0.67,-0.74,1921199.0,7.1,20.4,58.0,0.28,0.0,0.721,1.0,0.44,0.141,0.858,0.853,0.865,0.762,Financials,2026-07-03,25.42,5.94,98
ARDT,,70.3,Setup en formation,11.07,1561378190.0,59.0,0.052,1.75,8.0,-0.72,4651052.0,6.9,15.2,17.0,0.32,0.0,0.7,1.0,0.746,0.659,0.888,0.908,0.81,0.05,Health Care,2026-07-03,10.76,2.88,98
KRNT,,70.3,Setup en formation,18.16,780057425.0,70.4,0.301,1.25,7.62,14.25,5783175.0,6.2,24.1,98.0,0.0,0.0,0.864,1.0,0.129,0.5,0.978,0.338,0.976,0.726,Industrials,2026-07-03,15.61,16.34,98
MD,,70.3,Squeeze / VCP prêt à casser,26.24,2132085831.0,51.3,0.015,1.59,1.86,-3.14,20318702.0,4.8,18.0,10.0,0.2,0.0,0.7,1.0,0.823,0.31,1.0,0.822,0.556,0.797,Health Care,2026-07-03,26.76,-1.94,98
FNKO,,70.1,En base (loin du pivot),6.5,363972479.0,67.4,0.136,3.01,16.07,20.59,6039770.0,11.6,30.1,55.0,0.44,0.1,0.754,1.0,0.597,0.718,0.304,0.8,0.937,0.615,Consumer Discretionary,2026-07-03,5.51,17.97,98
RGR,,70.0,Cup & Handle probable,43.61,696811744.0,66.7,0.141,-0.77,-0.23,14.4,10862198.0,2.7,18.6,97.0,0.0,0.0,0.913,1.0,0.229,0.5,1.0,0.435,0.825,0.718,Industrials,2026-07-03,37.65,15.83,98
SILC,,70.0,Setup en formation,56.84,326694209.0,62.1,0.855,-5.19,5.99,32.19,7824351.0,9.8,43.5,79.0,0.67,0.0,1.0,0.363,0.266,0.835,0.528,0.5,0.968,0.674,Information Technology,2026-07-03,42.59,33.46,98
FCBC,,69.9,Squeeze / VCP prêt à casser,47.61,900320764.0,49.9,0.061,0.15,0.08,0.68,4454845.0,5.1,10.3,1.0,0.23,0.0,0.714,0.717,0.883,0.614,1.0,0.533,0.587,0.83,Financials,2026-07-03,45.12,5.52,98
DLO,,69.7,Setup en formation,15.0,4423979340.0,61.1,0.115,1.56,9.25,2.28,22792932.0,7.1,16.3,21.0,0.88,0.0,0.3,1.0,0.739,0.438,0.86,0.942,0.69,0.697,Information Technology,2026-07-03,14.88,0.81,98
WABC,,69.7,Momentum en formation,59.59,1377193607.0,52.8,-0.066,2.2,0.79,2.27,16463328.0,3.6,10.7,26.0,0.0,0.0,0.7,0.777,0.561,0.5,1.0,0.805,0.54,0.814,Financials,2026-07-03,59.51,0.13,98
RSKD,,69.6,Cup & Handle probable,8.04,1093168312.0,72.8,0.036,-0.12,1.39,35.81,18423142.0,1.6,37.5,96.0,0.0,0.0,1.0,0.697,0.024,0.5,1.0,0.201,1.0,0.903,Information Technology,2026-07-03,5.13,56.73,98
CNK,,69.6,Fin d'accumulation,36.77,4262078908.0,54.2,-0.041,0.96,1.63,4.02,76173618.0,5.9,13.7,35.0,0.6,0.0,0.784,1.0,0.39,0.373,1.0,0.533,0.786,0.804,Communication Services,2026-07-03,31.53,16.62,98
GO,,69.6,Squeeze / VCP prêt à casser,11.93,1182077990.0,58.7,0.041,-0.08,1.36,5.67,24800730.0,5.8,30.9,4.0,0.7,0.0,0.8,1.0,0.726,0.35,1.0,0.855,0.929,0.096,Consumer Staples,2026-07-03,10.39,14.82,98
MEOH,,69.5,Squeeze / VCP prêt à casser,62.04,4799678877.0,59.9,0.053,2.7,5.96,-0.08,53282072.0,3.8,20.5,10.0,0.03,0.0,0.76,1.0,0.814,0.015,1.0,0.885,0.683,0.784,Materials,2026-07-03,45.47,36.44,98
XMAX,,69.4,Setup en formation,8.82,572203021.0,54.1,0.015,0.92,3.89,3.76,4706295.0,6.2,10.6,7.0,0.42,0.0,0.7,0.773,0.957,0.341,0.979,0.871,0.508,0.794,Consumer Discretionary,2026-07-03,8.94,-1.34,98
ACB,,69.3,Cup & Handle probable,4.43,274469173.0,65.3,0.031,-0.67,13.59,14.18,4602534.0,5.1,42.4,74.0,0.88,0.0,0.973,0.422,0.157,0.732,1.0,0.878,0.976,0.0,Health Care,2026-07-03,2.84,55.99,98
SHIP,,69.3,Setup en formation,17.63,382001516.0,53.9,0.0,2.26,1.73,-1.62,8431843.0,6.4,18.7,24.0,0.0,0.0,0.734,1.0,0.573,0.0,0.953,0.834,0.833,0.787,Industrials,2026-07-03,13.43,31.27,98
PNTG,,69.3,Squeeze / VCP prêt à casser,40.37,1410086717.0,54.7,-0.014,1.89,4.07,1.94,18002606.0,5.5,14.6,14.0,0.0,0.0,0.745,1.0,0.643,0.0,1.0,0.816,0.778,0.815,Health Care,2026-07-03,38.52,4.8,98
TNET,,69.2,Setup en formation,66.49,3052206030.0,53.9,0.047,3.17,2.51,0.16,20710124.0,8.6,15.4,34.0,0.68,0.0,0.7,1.0,0.642,0.34,0.676,0.885,0.698,0.714,Industrials,2026-07-03,55.21,20.43,98
PRTH,,69.2,Cup & Handle probable,7.8,643034902.0,78.3,0.002,0.26,0.26,43.78,18043031.0,0.5,34.9,90.0,0.0,0.0,1.0,0.836,0.457,0.5,1.0,0.0,0.921,0.954,Information Technology,2026-07-03,7.18,8.64,98
PK,,69.1,Squeeze / VCP prêt à casser,15.21,3062355999.0,52.0,0.003,0.07,-1.36,1.17,52371509.0,4.6,11.9,21.0,0.53,0.0,0.774,0.975,0.663,0.338,1.0,0.501,0.714,0.847,Real Estate,2026-07-03,14.42,5.48,98
IDT,,69.1,Cup & Handle probable,80.65,2003240026.0,77.7,0.89,0.55,0.93,18.76,29928159.0,2.0,22.6,100.0,0.0,0.0,1.0,1.0,0.0,0.5,1.0,0.022,0.984,0.933,Communication Services,2026-07-03,58.82,37.11,98
OMER,,69.0,Setup en formation,19.12,1384064602.0,54.9,-0.193,1.97,3.52,-1.39,26890893.0,10.0,46.5,24.0,0.85,0.0,0.941,0.196,0.726,0.535,0.502,0.819,0.881,0.667,Health Care,2026-07-03,9.28,106.03,98
ARHS,,68.9,Setup en formation,9.75,1382079397.0,58.5,0.082,-0.91,-1.22,15.93,15009647.0,7.0,32.6,90.0,0.0,0.0,0.989,0.969,0.228,0.5,0.879,0.5,0.913,0.49,Consumer Discretionary,2026-07-03,8.62,13.11,98
PAYO,,68.9,Squeeze / VCP prêt à casser,7.16,2426171986.0,57.9,0.0,0.0,0.28,0.7,21000269.0,0.4,2.4,6.0,0.78,0.0,0.733,0.0,0.962,0.625,0.967,0.822,0.46,0.986,Information Technology,2026-07-03,7.09,0.99,98
PPIH,,68.9,Squeeze / VCP prêt à casser,31.17,255443729.0,56.7,-0.091,-1.7,-0.48,5.48,2437943.0,4.3,27.2,10.0,0.36,0.0,0.906,1.0,0.812,0.641,1.0,0.502,0.587,0.496,Industrials,2026-07-03,25.46,22.43,98
DSP,,68.8,En base (loin du pivot),13.16,875124432.0,56.6,0.073,2.97,3.42,2.65,7956712.0,11.1,35.7,24.0,0.0,0.0,0.703,0.792,0.761,0.5,0.365,0.858,0.833,0.631,Information Technology,2026-07-03,12.96,1.54,98
EPC,,68.8,Setup en formation,27.73,1278045613.0,53.3,0.037,0.87,3.97,2.36,16705294.0,6.9,13.1,10.0,0.22,0.0,0.706,1.0,0.809,0.247,0.886,0.849,0.587,0.77,Consumer Staples,2026-07-03,27.21,1.91,98
STGW,,68.6,Setup en formation,8.76,2141604951.0,58.3,0.046,1.27,3.55,2.82,12532050.0,8.3,19.3,11.0,0.04,0.0,0.721,1.0,0.785,0.104,0.716,0.876,0.786,0.724,Communication Services,2026-07-03,7.4,18.38,98
FIVN,,68.6,En base (loin du pivot),35.15,2626532115.0,54.5,-0.263,4.06,-1.68,15.74,89903749.0,12.1,32.6,24.0,0.34,0.0,0.869,0.964,0.507,0.669,0.234,0.545,0.952,0.596,Information Technology,2026-07-03,23.44,49.96,98
FBIZ,,68.5,Squeeze / VCP prêt à casser,70.61,590887075.0,51.5,-0.028,0.73,1.61,-1.31,4541863.0,4.2,10.0,13.0,0.23,0.0,0.72,0.663,0.759,0.116,1.0,0.841,0.706,0.859,Financials,2026-07-03,63.85,10.59,98
AAMI,,68.5,Squeeze / VCP prêt à casser,93.3,3311228942.0,52.7,-0.027,0.81,-0.81,0.97,46156973.0,5.2,19.0,17.0,0.0,0.0,0.798,1.0,0.509,0.154,1.0,0.508,0.865,0.827,Financials,2026-07-03,73.09,27.65,98
GDYN,ia,68.4,Setup en formation,8.01,649826317.0,54.3,-0.014,4.43,-4.42,2.04,6927565.0,8.1,26.5,21.0,1.0,0.0,0.796,1.0,0.669,0.695,0.732,0.538,0.873,0.282,Information Technology,2026-07-03,6.09,31.53,98
AI,ia,68.4,Squeeze / VCP prêt à casser,11.34,1823243567.0,62.1,0.035,0.98,2.07,9.25,48410297.0,1.1,24.9,9.0,0.54,0.0,0.137,1.0,0.776,0.772,1.0,0.829,0.937,0.0,Information Technology,2026-07-03,9.06,25.17,98
GCBC,,68.4,Momentum en formation,34.34,584655155.0,47.8,-0.066,0.5,1.3,-2.05,1539654.0,5.5,9.7,39.0,0.0,0.0,0.703,0.616,0.703,0.5,1.0,0.722,0.563,0.817,Financials,2026-07-03,34.66,-0.92,98
IOSP,,68.3,Cup & Handle probable,97.69,2406206981.0,60.1,0.067,0.28,2.65,4.4,23643924.0,2.8,16.6,68.0,0.0,0.0,0.812,1.0,0.279,0.0,1.0,0.545,0.952,0.907,Materials,2026-07-03,83.1,17.56,98
BSTZ,,68.2,Cup & Handle probable,29.91,662740695.0,51.8,0.065,-2.83,-3.17,0.31,5955495.0,5.8,21.0,50.0,0.0,0.0,0.813,1.0,0.351,0.222,1.0,0.5,0.857,0.806,Financials,2026-07-03,29.39,1.77,98
ASH,,68.2,Setup en formation,70.69,3237133325.0,53.2,0.277,0.03,3.03,-1.59,48053469.0,9.1,13.9,3.0,0.29,0.0,0.7,1.0,0.897,0.242,0.607,0.898,0.69,0.695,Materials,2026-07-03,67.01,5.49,98
GMAB,,68.2,En base (loin du pivot),36.05,4631589217.0,56.8,0.07,-1.64,4.34,9.11,139302801.0,10.3,30.2,64.0,0.0,0.0,0.916,1.0,0.214,0.5,0.468,0.53,0.968,0.658,Health Care,2026-07-15,28.73,25.48,86
NWFL,,68.0,Momentum en formation,33.87,369253246.0,49.4,-0.027,0.42,1.96,-1.6,1201253.0,4.5,9.0,33.0,0.28,0.0,0.7,0.503,0.59,0.408,1.0,0.822,0.595,0.849,Financials,2026-07-03,32.22,5.12,98
HNI,,68.0,Setup en formation,46.91,3386048238.0,50.7,-0.009,0.93,0.39,-0.8,26286272.0,6.3,16.4,1.0,0.31,0.0,0.738,1.0,0.644,0.187,0.964,0.809,0.667,0.706,Consumer Discretionary,2026-07-03,41.43,13.23,98
FLNG,,68.0,Momentum en formation,31.55,1706614463.0,54.6,-0.046,2.14,0.73,1.32,10960202.0,4.3,14.8,25.0,0.34,0.0,0.717,1.0,0.69,0.169,1.0,0.827,0.54,0.856,Energy,2026-07-03,29.29,7.72,98
GTN,,68.0,En base (loin du pivot),4.83,497414570.0,60.1,0.021,1.26,7.1,2.93,4848446.0,10.2,28.0,22.0,0.43,0.0,0.721,1.0,0.82,0.715,0.47,0.899,0.683,0.261,Communication Services,2026-07-03,4.11,17.52,98
ZD,,67.9,Setup en formation,55.91,1916997799.0,49.9,-0.261,1.84,2.74,1.07,40629851.0,7.6,16.7,41.0,0.0,0.0,0.72,1.0,0.586,0.178,0.805,0.813,0.738,0.748,Communication Services,2026-07-03,52.43,6.64,98
TWIN,,67.9,En base (loin du pivot),26.02,378302594.0,51.2,0.026,-4.37,-3.13,5.47,2359848.0,11.0,24.6,49.0,0.35,0.0,0.969,1.0,0.463,0.535,0.373,0.5,0.913,0.633,Industrials,2026-07-03,22.86,13.82,98
NOG,,67.9,Setup en formation,25.14,2678645078.0,60.3,0.126,3.97,6.89,-0.36,50938740.0,6.3,28.1,37.0,0.49,0.0,0.707,1.0,0.611,0.245,0.967,0.919,0.683,0.516,Energy,2026-07-03,17.95,40.06,98
PLX,,67.7,Squeeze / VCP prêt à casser,2.7,217543433.0,52.8,-0.015,-0.37,0.75,1.12,2229658.0,5.3,23.9,4.0,0.0,0.0,0.823,1.0,0.803,0.0,1.0,0.804,0.849,0.488,Health Care,2026-07-03,2.32,16.38,98
UAN,,67.5,Setup en formation,125.82,1329871727.0,47.4,-0.472,0.43,1.0,-5.51,3144809.0,8.0,15.8,62.0,1.0,0.0,0.7,1.0,0.492,0.507,0.745,0.717,0.611,0.732,Materials,2026-07-03,114.0,10.37,98
DJCO,,67.4,Setup en formation,641.5,883956208.0,49.1,-4.865,1.11,-1.77,0.71,39199642.0,7.4,22.8,13.0,0.34,0.0,0.778,1.0,0.857,0.214,0.829,0.46,0.841,0.755,Information Technology,2026-07-03,584.83,9.69,98
CGAU,,67.4,En base (loin du pivot),21.82,4357679204.0,48.7,-0.167,3.17,1.3,-6.35,26273166.0,11.0,31.6,11.0,0.79,0.0,0.734,1.0,0.775,0.522,0.374,0.76,0.714,0.633,Materials,2026-07-03,16.58,31.6,98
ALRM,,67.3,Squeeze / VCP prêt à casser,55.26,2712725999.0,52.8,0.186,1.06,0.73,0.49,27875085.0,5.0,10.4,15.0,0.0,0.0,0.727,0.727,0.659,0.413,1.0,0.549,0.659,0.835,Information Technology,2026-07-03,49.69,11.21,98
WK,,67.2,Setup en formation,73.69,4009951001.0,56.3,0.14,3.02,5.83,1.28,115740508.0,8.5,29.2,27.0,0.0,0.0,0.736,1.0,0.566,0.5,0.684,0.874,0.841,0.196,Information Technology,2026-07-03,51.93,41.9,98
AVPT,,66.9,Setup en formation,14.41,3048657789.0,61.7,0.102,0.91,2.34,11.19,34326817.0,6.6,19.6,73.0,0.0,0.0,0.869,1.0,0.162,0.067,0.924,0.531,0.984,0.77,Information Technology,2026-07-03,11.46,25.74,98
ASO,,66.8,Setup en formation,52.76,3248902289.0,63.9,0.373,0.27,10.26,3.46,88263959.0,7.0,26.1,66.0,0.18,0.0,0.379,1.0,0.44,0.589,0.879,0.894,0.635,0.508,Consumer Discretionary,2026-07-03,47.84,10.28,98
SBLK,,66.7,Setup en formation,30.47,3398323671.0,51.9,-0.102,2.63,0.13,-2.21,59400338.0,7.3,19.9,37.0,0.0,0.0,0.739,1.0,0.563,0.0,0.834,0.813,0.802,0.756,Industrials,2026-07-03,25.15,21.15,98
EBF,,66.7,Setup en formation,22.75,575979632.0,71.8,0.061,1.11,0.89,6.96,3988649.0,0.8,9.2,79.0,0.0,0.0,0.786,0.526,0.19,0.5,1.0,0.244,0.897,0.972,Industrials,2026-07-03,21.49,5.86,98
MSGE,,66.4,Setup en formation,81.66,3862945408.0,57.2,0.164,-0.41,2.01,7.02,50999684.0,9.7,16.7,1.0,0.0,0.0,0.762,1.0,0.747,0.07,0.54,0.82,0.857,0.677,Communication Services,2026-07-03,78.39,4.17,98
CRON,,66.4,En base (loin du pivot),3.22,1186289422.0,46.2,-0.02,-0.62,0.31,2.06,2968598.0,10.8,25.6,24.0,0.95,0.0,0.765,1.0,0.752,0.595,0.406,0.566,0.73,0.642,Health Care,2026-07-03,2.86,12.59,98
MH,,66.3,Squeeze / VCP prêt à casser,13.37,2557798843.0,56.2,-0.022,2.06,2.37,8.88,8500824.0,5.7,26.6,10.0,0.1,0.0,0.365,1.0,0.662,0.549,1.0,0.858,0.81,0.143,Consumer Staples,2026-07-03,10.5,27.33,98
LTC,,66.3,Squeeze / VCP prêt à casser,42.05,2266728924.0,48.8,-0.211,0.57,-1.45,-0.74,29503717.0,3.4,14.2,11.0,0.0,0.0,0.772,1.0,0.776,0.16,1.0,0.426,0.706,0.885,Real Estate,2026-07-03,39.28,7.05,98
AMN,,66.3,Setup en formation,35.44,1372590881.0,53.2,0.13,-2.98,-1.17,3.14,24458929.0,7.8,21.5,25.0,0.21,0.0,0.829,1.0,0.795,0.124,0.774,0.5,0.857,0.74,Health Care,2026-07-03,34.75,1.99,98
WEST,,66.3,Setup en formation,8.19,799568300.0,55.4,0.027,0.24,2.37,6.36,2677337.0,6.2,25.4,13.0,0.48,0.0,0.754,1.0,0.914,0.684,0.97,0.535,0.563,0.346,Consumer Staples,2026-07-03,7.06,16.01,98
EIG,,66.2,Momentum en formation,50.07,899282535.0,62.2,0.181,1.81,2.92,2.1,8758297.0,4.1,10.3,53.0,0.15,0.0,0.703,0.717,0.373,0.073,1.0,0.864,0.706,0.863,Financials,2026-07-03,51.93,-3.58,98
LIND,,66.2,Cup & Handle probable,35.54,2332123747.0,72.7,0.842,1.51,5.68,40.14,31025286.0,2.3,33.1,100.0,0.0,0.15,1.0,0.937,0.051,0.5,1.0,0.203,0.984,0.925,Consumer Discretionary,2026-07-03,26.22,35.55,98
NHC,,66.2,Squeeze / VCP prêt à casser,225.17,3526476312.0,51.4,0.046,1.8,0.81,-0.61,24723213.0,5.6,15.3,5.0,0.23,0.0,0.743,1.0,0.85,0.116,1.0,0.517,0.706,0.813,Health Care,2026-07-03,218.44,3.08,98
TSBK,,66.1,Setup en formation,45.38,352859814.0,49.4,-0.023,1.14,1.68,-2.35,1357408.0,8.1,11.6,37.0,0.73,0.0,0.7,0.937,0.537,0.467,0.737,0.8,0.524,0.73,Financials,2026-07-03,44.67,1.59,98
ANL,,66.1,Setup en formation,15.51,998812018.0,53.8,-0.186,10.39,-1.59,5.55,2858338.0,8.5,31.2,6.0,0.33,0.0,0.841,1.0,0.642,0.309,0.688,0.533,0.81,0.664,Health Care,2026-07-03,9.49,63.44,98
CRSR,,66.0,En base (loin du pivot),13.09,1416036393.0,49.3,-0.098,-3.68,-5.49,6.16,14407972.0,12.6,31.9,1.0,1.0,0.0,0.936,1.0,0.976,0.565,0.174,0.458,0.825,0.58,Information Technology,2026-07-03,8.9,47.08,98
AMC,,66.0,En base (loin du pivot),2.88,2570701357.0,53.8,-0.015,0.0,4.35,17.07,85545852.0,15.3,31.8,22.0,0.5,0.0,0.979,1.0,0.467,0.75,0.0,0.549,0.889,0.49,Communication Services,2026-07-03,1.89,52.38,98
JMSB,,66.0,Squeeze / VCP prêt à casser,22.95,323873475.0,49.2,-0.023,0.7,0.22,-0.04,1964323.0,5.0,7.9,2.0,0.0,0.0,0.706,0.312,0.99,0.5,1.0,0.753,0.437,0.833,Financials,2026-07-03,22.17,3.52,98
NVEC,semiconducteurs,65.9,En base (loin du pivot),111.45,539102151.0,56.2,0.829,-0.42,0.59,12.51,10553577.0,15.8,28.9,21.0,1.0,0.0,0.833,1.0,0.815,1.0,0.0,0.5,0.722,0.442,Information Technology,2026-07-03,98.22,13.47,98
HRMY,,65.9,Setup en formation,39.6,2306161163.0,45.3,-0.267,0.66,0.08,-4.85,42427826.0,8.9,20.6,29.0,0.0,0.0,0.707,1.0,0.524,0.5,0.632,0.538,0.746,0.702,Health Care,2026-07-03,37.26,6.28,98
WNC,,65.8,Setup en formation,13.41,546285490.0,56.4,0.161,-1.61,8.26,3.76,11957916.0,7.3,21.6,52.0,0.51,0.0,0.837,1.0,0.315,0.256,0.838,0.535,0.794,0.757,Industrials,2026-07-03,13.26,1.13,98
ACU,,65.8,Squeeze / VCP prêt à casser,61.94,237466997.0,49.4,-0.248,-0.06,-1.67,0.42,3223531.0,4.3,15.8,24.0,0.0,0.0,0.836,1.0,0.857,0.0,1.0,0.46,0.746,0.858,Consumer Staples,2026-07-27,53.94,14.83,74
ASAN,,65.7,Setup en formation,9.87,2259935055.0,58.4,0.062,5.79,10.53,19.64,75924097.0,6.1,27.3,29.0,0.0,0.0,0.31,1.0,0.604,0.5,0.989,0.907,0.929,0.0,Information Technology,2026-07-03,7.34,34.47,98
WLY,,65.6,Setup en formation,49.4,2507721346.0,54.5,0.301,1.23,1.77,3.7,23668992.0,9.7,16.5,7.0,0.25,0.0,0.3,1.0,0.957,0.626,0.54,0.861,0.595,0.554,Communication Services,2026-07-03,52.76,-6.37,98
KN,,65.5,Setup en formation,37.14,3172139508.0,50.4,0.109,-2.44,-2.85,3.63,25127560.0,9.0,21.2,28.0,0.74,0.0,0.809,1.0,0.707,0.869,0.623,0.5,0.468,0.55,Information Technology,2026-07-03,36.78,0.98,98
FCAP,,65.5,Squeeze / VCP prêt à casser,64.11,214423909.0,58.4,0.355,-0.33,3.4,1.87,1582726.0,3.5,12.5,23.0,0.0,0.0,0.725,1.0,0.474,0.0,1.0,0.836,0.69,0.727,Financials,2026-08-20,62.65,2.33,50
BRBS,,65.4,Setup en formation,3.9,349786527.0,50.7,-0.005,0.52,0.78,-3.47,5170045.0,7.0,17.3,36.0,0.0,0.0,0.733,1.0,0.603,0.0,0.871,0.825,0.69,0.766,Financials,2026-07-03,3.59,8.64,98
NECB,,65.4,Momentum en formation,27.41,377327677.0,60.6,0.067,0.29,4.06,2.31,1082979.0,0.3,6.8,38.0,0.31,0.0,0.706,0.133,0.406,0.3,0.931,0.899,0.722,0.853,Financials,2026-07-03,27.61,-0.72,98
HOG,,65.3,Setup en formation,26.75,2783939562.0,54.9,0.181,-0.74,7.73,0.99,54127421.0,6.7,16.3,58.0,0.4,0.0,0.3,1.0,0.312,0.202,0.916,0.932,0.714,0.777,Consumer Discretionary,2026-07-03,24.96,7.17,98
SKWD,,65.3,Setup en formation,59.31,2633156000.0,64.1,0.52,3.2,8.27,5.25,21355441.0,9.7,20.1,47.0,0.67,0.0,0.3,1.0,0.639,0.34,0.536,0.977,0.73,0.676,Financials,2026-07-03,61.42,-3.44,98
BZH,,65.3,Squeeze / VCP prêt à casser,33.41,891366204.0,62.5,-0.021,-0.03,0.06,0.48,27017496.0,3.3,8.3,2.0,0.0,0.0,0.755,0.385,0.986,0.0,1.0,0.856,0.627,0.891,Consumer Discretionary,2026-07-03,28.07,19.02,98
ACNB,,65.2,Setup en formation,63.19,642637877.0,46.1,-0.058,0.11,0.48,-1.73,4117679.0,6.5,9.9,22.0,0.56,0.0,0.705,0.644,0.722,0.504,0.935,0.574,0.556,0.783,Financials,2026-07-03,60.25,4.88,98
TRMD,,65.2,Cup & Handle probable,40.06,4112190127.0,67.4,0.149,2.93,3.25,12.97,96070026.0,3.6,36.6,80.0,0.0,0.0,1.0,0.747,0.119,0.0,1.0,0.409,0.984,0.881,Energy,2026-07-03,27.7,44.62,98
FRD,,65.1,En base (loin du pivot),41.85,301855303.0,53.0,0.287,-2.65,5.6,-6.08,2108889.0,14.2,32.5,18.0,1.0,0.0,0.744,0.972,0.89,0.5,0.0,0.882,0.754,0.527,Materials,2026-07-03,33.62,24.48,98
OVBC,,65.1,Fin d'accumulation,45.6,214821646.0,55.8,0.1,-0.26,2.93,-2.33,1223188.0,4.2,13.3,38.0,1.0,0.0,0.7,1.0,0.565,0.521,1.0,0.877,0.405,0.449,Financials,2026-07-03,42.61,7.02,98
CBRL,,65.1,Setup en formation,55.34,1236983476.0,58.5,0.953,-1.88,7.0,8.19,57012706.0,8.2,28.9,82.0,0.0,0.0,0.836,1.0,0.162,0.5,0.729,0.518,0.698,0.728,Consumer Discretionary,2026-07-03,53.5,3.44,98
XERS,,65.0,En base (loin du pivot),10.19,1857843918.0,67.3,0.128,0.79,10.16,32.17,31936172.0,10.1,37.8,98.0,0.0,0.0,1.0,0.679,0.01,0.5,0.492,0.458,1.0,0.665,Health Care,2026-07-03,8.28,23.07,98
SAFT,,65.0,Squeeze / VCP prêt à casser,103.94,1525889299.0,77.5,-0.201,0.06,0.13,0.49,12989947.0,0.1,1.8,13.0,1.0,0.0,0.806,0.0,0.792,0.5,0.827,0.431,0.754,0.998,Financials,2026-07-03,77.47,34.17,98
COHU,semiconducteurs,64.9,Setup en formation,68.37,3236528664.0,60.2,0.443,-3.4,-2.8,20.62,67002723.0,9.7,44.1,83.0,0.2,0.0,1.0,0.326,0.319,0.602,0.537,0.5,0.897,0.676,Information Technology,2026-07-03,59.27,15.35,98
ESEA,,64.9,Setup en formation,73.41,517972224.0,51.7,0.165,0.77,4.11,-0.3,3035817.0,6.9,12.7,50.0,0.28,0.0,0.3,1.0,0.623,0.395,0.893,0.863,0.516,0.771,Industrials,2026-07-03,66.38,10.59,98
ETD,,64.8,Setup en formation,20.86,525724213.0,46.0,-0.089,0.48,-1.42,-3.92,10384613.0,8.3,17.4,17.0,0.6,0.0,0.733,1.0,0.788,0.301,0.717,0.555,0.714,0.688,Consumer Discretionary,2026-07-03,21.69,-3.83,98
GEO,,64.7,Setup en formation,30.96,4074942321.0,49.6,-0.025,1.44,0.55,-2.06,91366856.0,6.7,12.9,39.0,0.0,0.0,0.712,1.0,0.367,0.5,0.917,0.494,0.571,0.778,Industrials,2026-07-03,30.25,2.35,98
FORR,,64.7,Setup en formation,11.65,221804350.0,52.8,-0.032,5.05,0.34,-3.24,1448573.0,8.6,23.9,5.0,0.04,0.0,0.743,1.0,0.734,0.018,0.672,0.833,0.73,0.712,Industrials,2026-07-03,9.45,23.28,98
VBNK,,64.6,Setup en formation,21.88,709329449.0,48.5,-0.202,-0.09,-1.04,0.83,3213672.0,9.0,23.8,10.0,0.0,0.0,0.794,1.0,0.79,0.5,0.627,0.429,0.73,0.581,Financials,2026-07-03,21.9,-0.09,98
GCO,,64.6,Setup en formation,36.87,398939004.0,62.5,0.33,1.1,5.92,7.4,5530249.0,8.9,20.3,19.0,0.84,0.0,0.733,1.0,0.771,0.42,0.632,0.854,0.556,0.485,Consumer Discretionary,2026-07-03,33.16,11.19,98
CLBK,,64.6,Setup en formation,11.01,2967691936.0,43.9,-0.041,1.94,-1.34,-4.09,55656537.0,8.2,12.8,38.0,1.0,0.0,0.7,1.0,0.371,0.999,0.719,0.137,0.595,0.725,Financials,2026-07-03,21.17,-47.99,98
SPOK,,64.5,Momentum en formation,11.06,231354595.0,65.8,0.07,0.09,3.66,4.64,1425489.0,1.9,11.0,80.0,0.58,0.0,0.043,0.839,0.449,0.79,1.0,0.824,0.825,0.165,Health Care,2026-07-03,10.49,5.43,98
SPSC,,64.5,Setup en formation,83.32,2999534498.0,57.2,-0.215,2.86,-1.05,6.47,46081488.0,6.8,26.9,1.0,0.22,0.0,0.833,1.0,0.905,0.108,0.895,0.813,0.897,0.084,Information Technology,2026-07-03,59.07,41.05,98
ACVA,,64.4,Squeeze / VCP prêt à casser,10.44,1772795311.0,75.2,-0.096,0.0,-0.1,41.66,160339681.0,0.6,37.1,1.0,0.0,0.0,1.0,0.714,0.995,0.0,1.0,0.108,0.865,0.981,Consumer Discretionary,2026-07-03,7.3,43.01,98
NWL,,64.3,En base (loin du pivot),5.73,2440407000.0,53.8,0.028,0.17,7.91,-4.5,30751614.0,18.7,29.9,11.0,1.0,0.0,0.7,1.0,0.933,0.631,0.0,0.928,0.675,0.376,Consumer Staples,2026-07-03,5.83,-1.72,98
EXFY,,64.3,En base (loin du pivot),2.3,209729327.0,50.7,-0.001,1.32,-2.95,0.44,1267508.0,18.1,37.7,2.0,1.0,0.0,0.772,0.682,0.99,0.705,0.0,0.8,0.778,0.395,Information Technology,2026-07-03,1.7,35.29,98
VGZ,,64.2,Setup en formation,2.67,389743494.0,60.4,-0.01,1.14,-0.37,17.62,6928182.0,7.6,42.2,71.0,0.0,0.0,1.0,0.433,0.176,0.5,0.798,0.512,0.921,0.51,Materials,2026-07-03,1.83,45.9,98
ADUS,,64.2,Setup en formation,114.26,2133725518.0,49.1,0.011,0.87,2.29,-4.17,25026990.0,7.2,12.7,33.0,0.24,0.0,0.7,1.0,0.593,0.12,0.849,0.821,0.595,0.727,Health Care,2026-07-03,105.17,8.64,98
PLUS,,64.2,Setup en formation,91.6,2389882289.0,51.8,0.032,-1.28,-1.39,3.75,22110124.0,6.4,13.2,1.0,0.19,0.0,0.76,1.0,0.844,0.095,0.954,0.536,0.643,0.788,Information Technology,2026-07-03,80.82,13.34,98
VIA,,64.2,Cup & Handle probable,30.93,2520968610.0,65.2,0.05,1.44,2.35,19.14,27744791.0,2.4,39.5,33.0,0.0,0.0,1.0,0.582,0.501,0.5,1.0,0.532,1.0,0.0,Information Technology,2026-07-03,19.31,60.18,98
NUTX,,64.1,Setup en formation,205.01,1403902945.0,49.3,-1.297,-3.76,-3.44,3.71,35164512.0,9.4,36.9,3.0,0.12,0.0,0.954,0.725,0.822,0.227,0.581,0.453,0.873,0.688,Health Care,2026-07-03,196.53,4.31,98
ENR,,64.1,Squeeze / VCP prêt à casser,21.44,1468289177.0,49.5,-0.035,-0.46,1.08,6.14,19473015.0,5.9,17.6,15.0,0.59,0.0,0.739,1.0,0.785,0.293,1.0,0.506,0.595,0.667,Industrials,2026-07-03,21.75,-1.43,98
WOR,,64.1,Setup en formation,61.22,2995297716.0,56.4,0.092,1.27,3.52,2.78,28669603.0,9.4,19.7,71.0,0.0,0.0,0.788,1.0,0.171,0.369,0.58,0.546,0.857,0.688,Industrials,2026-07-03,54.57,12.19,98
CCO,,64.1,Fin d'accumulation,2.43,1237098043.0,65.7,0.007,1.25,1.25,2.1,12951151.0,0.4,7.4,85.0,0.91,0.0,0.705,0.23,0.27,0.68,0.964,0.829,0.302,0.986,Communication Services,2026-07-03,2.41,0.83,98
BHC,,64.1,En base (loin du pivot),6.04,2258902988.0,53.5,0.049,-1.79,5.41,-1.95,11886276.0,17.3,31.9,6.0,1.0,0.0,0.7,1.0,0.967,0.904,0.0,0.88,0.611,0.183,Health Care,2026-07-03,4.9,23.27,98
HLF,,64.0,Squeeze / VCP prêt à casser,12.82,1343579332.0,59.3,0.065,1.34,4.4,1.5,16431871.0,2.7,21.0,6.0,0.61,0.0,0.338,1.0,0.962,0.766,1.0,0.822,0.571,0.0,Consumer Staples,2026-07-03,13.11,-2.21,98
DRH,,64.0,Setup en formation,12.6,2578031581.0,59.0,0.028,2.02,0.72,5.32,40820410.0,7.8,14.1,2.0,0.0,0.0,0.74,1.0,0.779,0.147,0.773,0.528,0.754,0.739,Real Estate,2026-07-03,12.08,4.3,98
VLGEA,,64.0,Setup en formation,43.94,650729035.0,47.2,-0.186,0.27,-3.49,3.57,2147497.0,5.6,12.4,32.0,0.55,0.0,0.764,1.0,0.512,0.773,1.0,0.323,0.373,0.74,Consumer Staples,2026-07-03,42.34,3.78,98
INTA,,63.9,En base (loin du pivot),38.65,2964253440.0,56.4,0.192,2.79,2.82,0.03,20517768.0,12.8,31.9,2.0,0.73,0.0,0.74,1.0,0.951,0.367,0.148,0.881,0.817,0.355,Information Technology,2026-07-03,27.39,41.11,98
VSTM,,63.9,Setup en formation,8.11,734469507.0,56.8,-0.017,-1.93,2.66,2.14,18654513.0,6.2,36.0,7.0,0.09,0.0,0.949,0.78,0.571,0.043,0.97,0.823,0.944,0.165,Health Care,2026-07-03,4.5,80.22,98
TALO,,63.8,Setup en formation,16.95,2830064683.0,53.2,-0.022,1.74,1.86,-3.2,38583341.0,9.5,25.8,16.0,0.0,0.0,0.743,1.0,0.767,0.0,0.565,0.834,0.762,0.684,Energy,2026-07-03,13.59,24.72,98
VIR,,63.7,Setup en formation,11.12,1881681453.0,52.8,0.012,-3.47,-1.51,2.87,25905628.0,6.9,28.5,21.0,0.0,0.0,0.868,1.0,0.476,0.0,0.892,0.535,0.794,0.771,Health Care,2026-07-03,10.04,10.76,98
AMPH,,63.7,Setup en formation,25.81,1097904335.0,60.7,-0.117,1.06,1.81,12.02,13988241.0,7.2,29.7,57.0,0.0,0.0,0.979,1.0,0.257,0.0,0.855,0.529,0.96,0.581,Health Care,2026-07-03,19.64,31.42,98
RPD,,63.7,En base (loin du pivot),12.96,873512294.0,58.4,0.036,3.76,7.46,22.73,23518981.0,12.4,41.4,1.0,0.52,0.0,0.831,0.48,0.925,0.762,0.2,0.838,0.921,0.0,Information Technology,2026-07-03,9.29,39.5,98
FRNM,,63.4,Setup en formation,15.81,1698734129.0,52.5,-0.12,-1.37,1.09,0.38,14539028.0,9.7,43.0,56.0,0.09,0.0,0.961,0.39,0.315,0.543,0.543,0.522,0.841,0.678,Health Care,2026-07-23,13.14,20.32,78
YEXT,,63.2,En base (loin du pivot),6.82,675034761.0,64.3,0.014,3.02,3.02,11.99,6194886.0,13.5,32.2,6.0,0.3,0.0,0.873,0.987,0.88,0.316,0.069,0.83,0.984,0.184,Information Technology,2026-07-03,4.95,37.78,98
LSPD,,63.2,Squeeze / VCP prêt à casser,10.41,1387803601.0,60.6,0.099,1.76,7.54,6.01,8247152.0,5.2,15.3,20.0,0.07,0.0,0.3,1.0,0.773,0.537,1.0,0.875,0.611,0.197,Information Technology,2026-07-03,10.8,-3.61,98
ALNT,gestion_thermique,63.1,En base (loin du pivot),108.63,1846982770.0,51.6,-0.131,-4.15,-6.31,13.26,24725915.0,10.5,32.3,52.0,0.43,0.0,1.0,0.983,0.38,0.304,0.433,0.5,0.833,0.649,Information Technology,2026-07-03,86.89,25.02,98
SCSC,,63.0,En base (loin du pivot),59.16,1191648758.0,53.4,0.026,-0.87,-4.92,3.86,15976665.0,11.4,26.0,13.0,0.34,0.0,0.847,1.0,0.924,0.169,0.324,0.5,0.921,0.62,Information Technology,2026-07-03,50.87,16.3,98
FRAF,,62.7,Squeeze / VCP prêt à casser,63.32,284913532.0,53.4,0.08,-0.22,1.64,0.88,2521963.0,3.2,7.6,6.0,0.06,0.0,0.715,0.274,0.73,0.131,1.0,0.831,0.556,0.893,Financials,2026-07-03,63.62,-0.47,98
DMAC,,62.6,Setup en formation,8.01,431944833.0,60.6,0.008,0.25,-4.07,21.55,1774376.0,7.2,27.9,86.0,0.0,0.0,1.0,1.0,0.086,0.369,0.852,0.5,0.921,0.229,Health Care,2026-07-03,7.62,5.12,98
UVE,,62.6,Momentum en formation,46.97,1307191774.0,71.6,0.333,3.8,8.9,7.8,7777975.0,-3.5,8.2,42.0,0.47,0.0,0.746,0.363,0.348,0.36,0.0,0.682,0.992,0.973,Financials,2026-07-03,43.01,9.21,98
MDXG,,62.5,Setup en formation,4.62,673413362.0,50.9,-0.028,0.22,-0.43,-1.28,5539837.0,7.4,24.6,24.0,0.41,0.0,0.07,1.0,0.667,0.703,0.823,0.824,0.857,0.0,Health Care,2026-07-03,3.95,16.96,98
EGBN,,62.5,Squeeze / VCP prêt à casser,28.3,862696436.0,53.5,-0.004,0.96,0.32,3.55,9868763.0,2.8,9.0,1.0,0.0,0.0,0.722,0.493,0.741,0.397,1.0,0.537,0.476,0.888,Financials,2026-07-03,27.59,2.57,98
PLBC,,62.5,Squeeze / VCP prêt à casser,61.77,429858418.0,49.4,-0.072,0.65,0.24,-0.29,3022601.0,3.5,7.0,4.0,0.52,0.0,0.72,0.172,0.709,0.467,1.0,0.513,0.579,0.884,Financials,2026-07-03,59.13,4.46,98
EGY,,62.4,Setup en formation,6.0,631150668.0,55.4,-0.011,3.63,3.45,-2.76,8463826.0,9.0,23.8,38.0,0.0,0.0,0.7,1.0,0.605,0.0,0.631,0.903,0.659,0.702,Energy,2026-07-03,5.06,18.58,98
OGN,,62.4,Squeeze / VCP prêt à casser,13.75,3610879704.0,57.0,0.003,-0.29,0.29,0.59,29300573.0,0.3,2.0,21.0,0.87,0.0,0.722,0.0,0.471,0.662,0.916,0.864,0.246,0.988,Health Care,2026-07-03,13.55,1.48,98
DNOW,,62.4,Setup en formation,15.65,2829299194.0,49.5,-0.036,1.89,2.42,-3.04,36064999.0,9.0,23.1,6.0,0.38,0.0,0.742,1.0,0.789,0.274,0.624,0.511,0.69,0.689,Industrials,2026-07-03,12.6,24.21,98
AMTB,,62.3,Squeeze / VCP prêt à casser,29.03,1137681578.0,49.2,-0.082,1.26,-1.12,0.52,10619254.0,4.0,7.0,12.0,0.44,0.0,0.745,0.174,0.652,0.418,1.0,0.479,0.675,0.839,Financials,2026-07-03,25.37,14.43,98
QTWO,,62.3,Setup en formation,58.69,3659597050.0,51.5,0.31,1.84,3.91,-1.84,36605283.0,13.1,19.3,19.0,0.74,0.0,0.3,1.0,0.825,0.871,0.117,0.885,0.69,0.233,Information Technology,2026-07-03,52.63,11.51,98
CVSA,,62.2,Setup en formation,130.29,4411646500.0,59.1,0.944,2.35,5.65,3.48,44181978.0,8.3,18.0,10.0,0.26,0.0,0.3,1.0,0.938,0.343,0.709,0.898,0.619,0.446,Consumer Staples,2026-07-03,129.88,0.32,98
WTBA,,62.2,Squeeze / VCP prêt à casser,28.78,490518924.0,47.5,-0.048,-0.42,-0.35,-0.24,1657441.0,5.6,10.4,6.0,0.5,0.0,0.749,0.738,0.612,0.251,1.0,0.361,0.698,0.812,Financials,2026-07-03,27.09,6.24,98
PFIS,,62.2,Momentum en formation,69.07,691365997.0,47.7,-0.092,1.05,1.32,-2.57,3921467.0,5.8,10.7,41.0,0.25,0.0,0.7,0.784,0.576,0.125,1.0,0.693,0.556,0.806,Financials,2026-07-03,67.12,2.91,98
APLE,,62.2,Setup en formation,16.22,3829261362.0,55.7,0.041,1.12,-0.92,4.96,42623856.0,5.2,11.9,37.0,0.31,0.0,0.759,0.983,0.577,0.155,1.0,0.5,0.563,0.826,Real Estate,2026-07-03,16.64,-2.52,98
SKE,,62.2,En base (loin du pivot),31.41,3940783564.0,51.5,0.015,3.09,5.33,-4.67,15433083.0,12.3,27.5,2.0,0.49,0.0,0.7,1.0,0.817,0.668,0.211,0.879,0.516,0.367,Materials,2026-07-03,28.7,9.44,98
TITN,,62.1,En base (loin du pivot),23.66,556788343.0,52.3,-0.135,-1.58,1.2,-2.87,4875140.0,12.0,38.4,2.0,0.7,0.0,0.925,0.644,0.885,0.476,0.244,0.507,0.794,0.599,Industrials,2026-07-03,18.34,29.01,98
TASK,,62.1,Setup en formation,8.01,734413038.0,50.6,-0.072,1.52,-3.03,5.81,4164525.0,9.0,33.7,1.0,0.98,0.0,0.837,0.906,0.785,0.548,0.628,0.545,0.794,0.151,Information Technology,2026-07-03,5.03,59.24,98
PRSU,,62.0,Cup & Handle probable,52.1,1420462476.0,64.6,0.382,-0.76,2.26,8.41,13617006.0,2.2,15.9,56.0,0.0,0.0,0.8,1.0,0.46,0.0,1.0,0.53,0.722,0.739,Consumer Discretionary,2026-07-03,55.4,-5.96,98
VTMX,,61.9,Momentum en formation,33.94,3001946977.0,57.7,0.162,0.92,6.26,1.37,2063831.0,5.9,12.3,47.0,0.6,0.0,0.3,1.0,0.347,0.657,1.0,0.931,0.159,0.728,Real Estate,2026-07-03,34.59,-1.88,98
GPRK,,61.8,En base (loin du pivot),11.45,743056372.0,57.8,0.002,3.06,9.99,-3.86,8602686.0,12.8,31.2,21.0,0.1,0.0,0.764,1.0,0.672,0.048,0.151,0.897,0.873,0.573,Energy,2026-07-03,9.07,26.24,98
CZNC,,61.8,Squeeze / VCP prêt à casser,25.27,453214089.0,45.7,-0.055,0.28,0.32,-1.83,1405343.0,4.2,9.0,24.0,0.68,0.0,0.716,0.504,0.594,0.34,1.0,0.539,0.548,0.861,Financials,2026-07-03,23.63,6.94,98
LQDT,,61.7,Setup en formation,42.13,1320001066.0,47.8,-0.237,2.01,-3.46,1.81,11345493.0,6.4,17.2,1.0,0.0,0.0,0.759,1.0,0.897,0.0,0.953,0.361,0.722,0.787,Consumer Discretionary,2026-07-03,38.36,9.83,98
NXDR,,61.7,Setup en formation,2.51,970989489.0,56.0,0.001,2.03,1.21,16.74,5552171.0,7.4,21.4,11.0,0.25,0.0,0.776,1.0,0.592,0.523,0.827,0.55,0.849,0.0,Communication Services,2026-07-03,2.29,9.61,98
DXC,,61.7,Momentum en formation,12.37,1976462383.0,64.2,0.138,2.91,6.27,12.97,39774822.0,-1.1,17.2,57.0,0.11,0.0,0.395,1.0,0.307,0.557,0.342,0.901,0.849,0.296,Information Technology,2026-07-03,9.91,24.82,98
CYRX,,61.7,Setup en formation,16.9,855969790.0,49.6,-0.053,-2.59,-2.65,11.62,13748706.0,8.0,22.0,25.0,0.0,0.0,0.867,1.0,0.617,0.0,0.756,0.473,0.794,0.735,Industrials,2026-07-03,15.49,9.1,98
GOOD,,61.7,Squeeze / VCP prêt à casser,12.71,615259338.0,50.7,0.012,0.63,-0.08,-0.38,6229474.0,3.5,9.4,3.0,0.0,0.0,0.71,0.574,0.723,0.5,1.0,0.521,0.349,0.885,Real Estate,2026-07-03,12.62,0.71,98
BRZE,,61.7,Setup en formation,28.46,3232612792.0,58.7,0.53,0.0,10.96,19.96,56091071.0,18.7,36.4,5.0,0.67,0.0,0.3,0.755,0.813,0.834,0.0,0.916,0.841,0.208,Information Technology,2026-07-03,23.81,19.53,98
HG,,61.6,Momentum en formation,35.1,2920696869.0,59.9,0.152,2.27,4.0,2.12,14020842.0,5.8,12.2,29.0,0.12,0.0,0.3,1.0,0.647,0.088,1.0,0.888,0.492,0.803,Financials,2026-07-03,34.44,1.92,98
IMOS,semiconducteurs,61.6,Setup en formation,75.5,2642436278.0,61.6,0.822,-3.94,3.88,29.3,7352290.0,9.9,48.1,91.0,0.12,0.0,1.0,0.105,0.052,0.558,0.507,0.5,0.952,0.668,Information Technology,2026-07-03,63.93,18.1,98
BWFG,,61.4,Momentum en formation,65.66,523439682.0,47.6,-0.106,0.52,0.06,-1.57,4905893.0,5.4,9.0,25.0,0.17,0.0,0.723,0.504,0.807,0.087,1.0,0.649,0.603,0.821,Financials,2026-07-03,58.6,12.05,98
VAC,,61.3,En base (loin du pivot),104.21,3584336297.0,51.3,0.348,1.1,1.06,4.38,39097159.0,20.0,26.3,1.0,0.82,0.0,0.719,1.0,0.981,0.493,0.0,0.809,0.738,0.333,Consumer Discretionary,2026-07-03,100.25,3.95,98
RRGB,,61.2,En base (loin du pivot),8.44,159547667.0,57.9,0.146,2.68,12.68,2.93,1743178.0,22.9,38.6,13.0,0.93,0.0,0.727,0.632,0.919,0.562,0.0,0.869,0.857,0.236,Consumer Discretionary,2026-07-03,7.15,18.04,98
OSBC,,61.2,Squeeze / VCP prêt à casser,24.86,1264770300.0,48.4,0.002,0.81,0.93,-1.58,14133683.0,4.6,7.9,17.0,0.0,0.0,0.702,0.324,0.515,0.156,1.0,0.724,0.627,0.847,Financials,2026-07-03,23.23,7.02,98
REX,,61.2,Squeeze / VCP prêt à casser,44.84,1487595698.0,62.3,0.197,1.2,2.49,4.91,11788048.0,1.4,12.7,15.0,0.0,0.0,0.313,1.0,0.752,0.5,1.0,0.838,0.381,0.468,Materials,2026-07-03,44.98,-0.31,98
AQST,,61.1,En base (loin du pivot),4.76,597435444.0,52.1,-0.017,3.03,7.21,-7.57,10308535.0,13.2,34.4,21.0,0.86,0.0,0.7,0.869,0.788,0.726,0.098,0.88,0.786,0.0,Health Care,2026-07-03,4.18,13.88,98
BNED,,61.0,Setup en formation,11.94,413899861.0,58.1,0.115,2.4,2.23,10.25,2445195.0,9.0,20.2,23.0,0.65,0.0,0.301,1.0,0.862,0.551,0.629,0.801,0.579,0.382,Consumer Discretionary,2026-07-03,12.19,-2.05,98
APOG,,61.0,Setup en formation,40.77,851913571.0,63.4,0.643,-0.83,14.17,6.84,13819618.0,7.4,21.5,75.0,0.0,0.0,0.3,1.0,0.152,0.5,0.819,1.0,0.595,0.356,Industrials,2026-07-03,40.57,0.49,98
FUNC,,61.0,Squeeze / VCP prêt à casser,43.5,280741866.0,48.9,0.011,0.14,-0.82,-0.39,1370376.0,5.8,10.2,8.0,0.0,0.0,0.7,0.707,0.755,0.112,1.0,0.742,0.444,0.807,Financials,2026-07-03,44.53,-2.31,98
APPN,,60.9,En base (loin du pivot),38.66,2769122900.0,56.3,0.047,2.38,2.36,12.91,32183760.0,12.3,41.4,1.0,0.32,0.0,0.831,0.479,0.833,0.225,0.218,0.846,0.897,0.465,Information Technology,2026-07-03,24.4,58.44,98
SWBI,,60.9,Cup & Handle probable,14.31,641655821.0,57.8,0.069,-1.38,-0.69,7.86,6904019.0,4.5,20.1,71.0,0.43,0.0,0.781,1.0,0.506,0.717,1.0,0.5,0.325,0.434,Industrials,2026-07-03,14.95,-4.28,98
CARL,,60.8,En base (loin du pivot),14.05,383603539.0,43.0,-0.087,-2.29,2.11,-6.27,1298519.0,18.5,28.6,10.0,1.0,0.0,0.7,1.0,0.694,1.0,0.0,0.371,0.714,0.385,Health Care,2026-07-03,11.34,23.9,98
PNRG,,60.8,Setup en formation,211.5,334719900.0,55.5,0.39,0.92,5.0,-1.58,16792632.0,7.1,21.7,15.0,0.52,0.0,0.716,1.0,0.789,0.258,0.864,0.866,0.579,0.194,Energy,2026-07-03,173.3,22.04,98
GOTU,,60.8,Cup & Handle probable,2.71,646177392.0,74.4,0.024,-3.56,5.86,26.64,1360440.0,4.2,42.4,88.0,0.0,0.13,1.0,0.423,0.071,0.5,1.0,0.477,0.992,0.404,Consumer Staples,2026-07-03,1.75,54.86,98
ROG,,60.7,En base (loin du pivot),148.12,2646657780.0,57.2,1.308,-3.79,-4.93,14.22,42188953.0,10.7,28.3,90.0,0.0,0.0,0.96,1.0,0.057,0.5,0.408,0.5,0.722,0.588,Information Technology,2026-07-03,143.9,2.93,98
BATRK,,60.7,Setup en formation,52.45,3365606198.0,52.9,-0.092,0.94,0.38,5.64,28247362.0,4.4,12.7,78.0,0.18,0.0,0.749,1.0,0.371,0.276,1.0,0.513,0.421,0.854,Communication Services,2026-07-03,52.77,-0.61,98
CCSI,,60.7,Setup en formation,36.62,671058644.0,53.2,0.167,2.09,2.49,0.66,4598526.0,10.6,18.7,6.0,0.74,0.0,0.3,1.0,0.967,0.395,0.42,0.843,0.563,0.615,Information Technology,2026-07-03,37.94,-3.48,98
FTRE,,60.6,En base (loin du pivot),20.37,1937187000.0,56.9,0.042,-0.92,5.0,21.32,35333968.0,13.4,31.6,39.0,0.0,0.0,0.884,1.0,0.418,0.36,0.08,0.535,0.921,0.555,Health Care,2026-07-03,17.28,17.88,98
MPB,,60.6,Setup en formation,36.17,916374727.0,47.0,0.0,1.23,0.72,-1.42,3577471.0,6.9,10.8,17.0,0.83,0.0,0.3,0.802,0.669,0.553,0.888,0.623,0.437,0.765,Financials,2026-07-03,35.18,2.81,98
KINS,,60.4,Setup en formation,19.04,275625572.0,52.7,0.069,2.48,4.96,-1.55,1780253.0,8.6,16.5,46.0,0.38,0.0,0.3,1.0,0.638,0.296,0.673,0.914,0.476,0.713,Financials,2026-07-03,20.12,-5.37,98
IMPP,,60.2,Setup en formation,5.44,245962300.0,55.4,-0.01,2.45,3.23,1.49,2966992.0,9.4,25.7,87.0,0.0,0.0,0.712,1.0,0.279,0.08,0.58,0.873,0.817,0.427,Energy,2026-07-03,4.76,14.29,98
SONO,,60.2,Setup en formation,16.95,2005082944.0,52.2,-0.068,-0.18,-4.51,16.49,37797773.0,7.6,23.6,87.0,0.0,0.0,0.918,1.0,0.292,0.0,0.796,0.5,0.905,0.517,Information Technology,2026-07-03,13.62,24.45,98
PMTS,,60.1,En base (loin du pivot),25.0,289799550.0,48.2,0.084,-1.11,1.46,-11.5,6413927.0,20.0,35.0,4.0,0.0,0.0,0.704,0.833,0.976,0.5,0.0,0.757,0.786,0.333,Financials,2026-07-03,20.38,22.67,98
WRLD,,60.1,Setup en formation,180.2,840305036.0,51.9,0.944,2.13,4.99,-4.87,10812767.0,10.0,16.4,43.0,1.0,0.0,0.3,1.0,0.649,0.775,0.505,0.895,0.46,0.305,Financials,2026-07-03,207.98,-13.36,98
BCAL,,60.0,Squeeze / VCP prêt à casser,21.57,693487169.0,51.2,-0.022,0.89,0.09,0.93,5120874.0,3.2,8.6,1.0,0.0,0.0,0.728,0.428,0.762,0.04,1.0,0.536,0.651,0.893,Financials,2026-07-03,20.86,3.4,98
SIBN,,59.9,Setup en formation,18.86,845278325.0,51.0,0.052,-1.26,2.44,2.44,11055575.0,7.1,13.8,14.0,0.06,0.0,0.773,1.0,0.575,0.028,0.863,0.547,0.77,0.539,Health Care,2026-07-03,17.11,10.23,98
OPY,,59.8,Setup en formation,116.44,1246840102.0,46.2,-0.175,-1.51,-2.54,-5.13,14831741.0,7.5,18.5,10.0,0.21,0.0,0.759,1.0,0.674,0.4,0.813,0.27,0.54,0.75,Financials,2026-07-03,109.46,6.38,98
CTKB,,59.7,En base (loin du pivot),5.36,696710236.0,50.7,-0.057,0.37,-7.75,13.32,8694807.0,13.7,34.9,79.0,0.0,0.0,1.0,0.841,0.124,0.5,0.039,0.5,0.913,0.544,Health Care,2026-07-03,4.59,16.78,98
GGT,,59.6,Squeeze / VCP prêt à casser,4.01,110418362.0,54.6,0.003,0.0,0.5,1.27,1220601.0,2.1,5.4,2.0,0.65,0.0,0.705,0.0,0.839,0.589,1.0,0.833,0.087,0.93,Financials,2026-07-03,4.2,-4.52,98
EOLS,,59.5,En base (loin du pivot),7.8,515193432.0,48.3,-0.042,0.78,1.43,-8.98,5646453.0,16.2,38.6,12.0,0.83,0.0,0.7,0.636,0.755,0.613,0.0,0.772,0.714,0.459,Health Care,2026-07-03,6.9,13.04,98
COTY,,59.5,Setup en formation,2.79,2457115235.0,57.2,0.022,-0.36,5.28,3.72,13799921.0,9.7,22.3,22.0,1.0,0.0,0.054,1.0,0.841,0.685,0.536,0.859,0.794,0.0,Consumer Staples,2026-07-03,2.3,21.3,98
OABI,,59.5,En base (loin du pivot),4.66,677519255.0,53.8,-0.061,2.19,-6.61,16.06,6286876.0,14.2,65.0,14.0,0.62,0.0,1.0,0.0,0.573,0.809,0.0,0.5,0.889,0.527,Health Care,2026-07-03,2.42,92.56,98
RRBI,,59.4,Squeeze / VCP prêt à casser,101.85,670591196.0,51.8,0.018,1.63,0.42,0.17,7352991.0,2.9,7.0,19.0,0.19,0.0,0.723,0.168,0.716,0.196,1.0,0.531,0.611,0.904,Financials,2026-07-03,94.79,7.45,98
TISI,,59.3,En base (loin du pivot),26.53,121592535.0,46.4,-0.439,-3.84,-6.65,-0.52,1049192.0,10.3,45.2,33.0,0.0,0.0,1.0,0.266,0.793,0.5,0.465,0.276,0.81,0.657,Industrials,2026-09-21,27.95,-5.08,18
HTGC,,59.3,Setup en formation,16.55,3097564200.0,39.2,-0.094,1.16,-2.3,-6.02,20607095.0,7.7,15.0,63.0,0.81,0.0,0.7,1.0,0.352,0.405,0.788,0.306,0.627,0.743,Financials,2026-07-03,15.96,3.7,98
AVNT,,59.2,En base (loin du pivot),40.98,3758667159.0,47.1,0.047,-0.05,1.09,-1.55,28151723.0,11.6,23.1,1.0,0.55,0.0,0.704,1.0,0.977,0.277,0.306,0.627,0.611,0.615,Materials,2026-07-03,37.31,9.84,98
AVBH,,59.0,Setup en formation,31.35,344332098.0,47.9,0.032,0.61,1.33,-0.19,1970604.0,7.9,10.2,5.0,0.79,0.0,0.3,0.703,0.846,0.897,0.759,0.689,0.111,0.724,Financials,2026-07-03,32.96,-4.88,98
GEF,,58.9,Setup en formation,81.88,3780262123.0,47.1,0.011,-0.35,0.39,-1.27,33339895.0,8.9,12.8,5.0,0.0,0.0,0.7,1.0,0.868,0.0,0.636,0.651,0.603,0.703,Consumer Discretionary,2026-07-03,75.18,8.91,98
GDRX,,58.8,En base (loin du pivot),3.36,1146248504.0,50.2,-0.002,3.38,2.75,0.6,2663178.0,13.6,22.6,10.0,1.0,0.0,0.7,1.0,0.943,0.628,0.047,0.834,0.714,0.0,Health Care,2026-07-03,3.05,10.16,98
PRDO,,58.8,Momentum en formation,33.43,2091950949.0,61.2,0.199,3.85,5.06,0.75,24353252.0,4.1,15.7,51.0,0.05,0.0,0.3,1.0,0.444,0.304,1.0,0.902,0.381,0.589,Consumer Staples,2026-07-03,34.43,-2.9,98
SANG,,58.7,Cup & Handle probable,4.83,161877339.0,75.1,0.114,-0.41,-1.43,26.44,1868315.0,4.5,32.0,100.0,0.0,0.1,0.6,0.999,0.0,0.5,1.0,0.11,0.96,0.637,Information Technology,2026-09-30,4.93,-2.03,9
HHH,,58.7,Cup & Handle probable,71.93,4295734119.0,60.0,0.506,0.11,-0.18,14.63,63232504.0,4.1,19.9,98.0,0.0,0.0,0.506,1.0,0.01,0.5,1.0,0.5,0.77,0.299,Real Estate,2026-07-03,74.21,-3.07,98
AMWL,,58.7,En base (loin du pivot),12.53,213119738.0,46.4,-0.155,-0.87,-2.26,1.87,1302233.0,11.7,30.0,8.0,0.71,0.0,0.79,1.0,0.741,0.431,0.288,0.322,0.746,0.61,Health Care,2026-07-15,10.88,15.17,86
ENGS,,58.7,Cup & Handle probable,3.28,177699038.0,75.9,0.03,3.8,7.54,13.49,7009465.0,-1.2,25.9,52.0,0.0,0.0,0.953,1.0,0.542,0.5,0.306,0.427,1.0,0.0,Industrials,2026-07-30,2.51,30.68,71
PDFS,semiconducteurs,58.7,Setup en formation,52.18,2203416131.0,57.2,0.568,-1.86,-2.27,10.67,28133402.0,8.4,29.3,73.0,0.24,0.0,0.909,1.0,0.472,0.621,0.697,0.5,0.627,0.093,Information Technology,2026-07-03,59.18,-11.83,98
AUPH,,58.6,Setup en formation,16.22,2158089945.0,50.6,-0.069,1.31,1.69,-0.18,13571350.0,8.9,19.3,37.0,0.7,0.0,0.7,1.0,0.716,0.351,0.64,0.862,0.341,0.475,Health Care,2026-07-03,15.61,3.91,98
VSTS,,58.5,Setup en formation,14.0,1850241470.0,57.0,0.032,0.43,1.6,6.71,22917636.0,8.6,21.2,2.0,0.0,0.0,0.743,1.0,0.695,0.232,0.669,0.544,0.69,0.428,Industrials,2026-07-03,14.28,-1.96,98
FSBW,,58.5,Squeeze / VCP prêt à casser,44.32,348450399.0,55.2,-0.004,0.43,0.7,1.89,1426212.0,1.6,7.4,1.0,0.0,0.0,0.738,0.229,0.71,0.076,1.0,0.544,0.619,0.911,Financials,2026-07-17,45.27,-2.1,84
PSNL,,58.4,En base (loin du pivot),16.06,1715205944.0,48.4,-0.096,0.37,-0.68,-2.07,34685093.0,15.0,37.4,3.0,1.0,0.0,0.818,0.698,0.981,0.645,0.0,0.433,0.722,0.501,Health Care,2026-07-03,13.62,17.91,98
BTE,,58.4,Setup en formation,4.74,3360129120.0,53.6,-0.002,3.49,3.95,-4.71,86631357.0,8.8,21.8,52.0,0.0,0.0,0.7,1.0,0.434,0.069,0.644,0.868,0.524,0.634,Energy,2026-07-03,3.89,21.85,98
CAC,,58.4,Setup en formation,56.38,952655623.0,46.7,-0.087,0.75,-0.07,-1.4,5422409.0,6.9,10.6,16.0,0.26,0.0,0.7,0.771,0.905,0.266,0.881,0.337,0.532,0.768,Financials,2026-07-03,54.58,3.3,98
BLKB,,58.3,Setup en formation,44.84,2035291949.0,56.4,0.184,0.72,5.38,1.75,19166589.0,9.5,21.8,2.0,0.75,0.0,0.317,1.0,0.955,0.374,0.564,0.931,0.746,0.0,Information Technology,2026-07-03,30.09,49.02,98
PVH,,58.2,Setup en formation,81.14,3743623770.0,65.6,0.818,3.59,6.97,18.44,68816382.0,10.9,25.8,17.0,0.36,0.0,0.303,1.0,0.758,0.682,0.386,0.857,0.46,0.353,Consumer Discretionary,2026-07-03,75.23,7.86,98
SBH,,58.2,Setup en formation,16.03,1500765341.0,46.1,-0.055,-2.85,-0.25,-0.06,23220215.0,7.3,14.5,27.0,0.1,0.0,0.742,1.0,0.658,0.048,0.839,0.562,0.579,0.648,Consumer Discretionary,2026-07-03,14.14,13.37,98
BOTJ,,58.0,Squeeze / VCP prêt à casser,27.16,123397060.0,50.9,0.011,0.26,-0.15,-2.48,1138236.0,4.7,10.5,19.0,0.01,0.0,0.728,0.754,0.486,0.005,1.0,0.548,0.635,0.73,Financials,2026-08-17,27.77,-2.2,53
PCB,,58.0,Squeeze / VCP prêt à casser,27.89,391703950.0,52.0,0.033,0.94,0.25,0.54,1142623.0,3.5,7.3,6.0,0.16,0.0,0.712,0.217,0.701,0.4,1.0,0.54,0.5,0.705,Financials,2026-07-03,28.51,-2.17,98
ODD,,58.0,Squeeze / VCP prêt à casser,19.55,1107638192.0,62.4,-0.009,2.14,3.33,18.63,22582310.0,5.4,43.0,1.0,0.05,0.0,0.3,0.388,0.873,0.523,1.0,0.537,0.984,0.0,Consumer Staples,2026-07-03,17.9,9.22,98
EFOR,,58.0,Cup & Handle probable,35.93,1473130000.0,61.3,0.151,2.92,-0.72,17.42,25202510.0,4.6,36.3,31.0,0.56,0.0,0.595,0.761,0.45,0.394,1.0,0.546,0.913,0.0,Information Technology,2026-07-03,17.66,103.45,98
GCMG,,57.9,En base (loin du pivot),12.97,2630213537.0,48.4,0.014,0.62,-0.84,0.54,6560421.0,12.0,18.3,3.0,0.27,0.0,0.708,1.0,0.703,0.635,0.251,0.434,0.532,0.6,Financials,2026-07-03,12.91,0.46,98
STRA,,57.9,Setup en formation,82.39,1829680786.0,58.5,0.475,2.12,4.57,0.87,26169824.0,7.5,15.9,46.0,0.0,0.0,0.3,1.0,0.585,0.003,0.812,0.892,0.524,0.75,Consumer Staples,2026-07-03,80.98,1.74,98
LTRX,,57.8,Setup en formation,6.83,320186302.0,57.8,0.034,-5.27,-3.26,34.98,7870687.0,9.4,33.3,94.0,0.0,0.0,1.0,0.928,0.176,0.5,0.573,0.5,0.69,0.269,Information Technology,2026-07-03,5.49,24.41,98
MATV,,57.8,En base (loin du pivot),11.86,654554562.0,49.1,-0.052,-0.5,1.8,-4.66,5713659.0,11.7,38.7,3.0,0.6,0.0,0.799,0.625,0.95,0.382,0.282,0.783,0.675,0.299,Materials,2026-07-03,7.22,64.27,98
BORR,,57.8,Setup en formation,4.61,1418501956.0,60.7,0.035,7.21,13.83,7.21,28534990.0,6.5,23.9,61.0,0.0,0.0,0.3,1.0,0.488,0.5,0.939,0.972,0.548,0.0,Energy,2026-07-03,4.49,2.67,98
SHOO,,57.7,En base (loin du pivot),44.2,3234427599.0,49.4,0.119,-0.9,-3.26,2.22,50990323.0,10.6,18.3,43.0,0.0,0.0,0.765,1.0,0.594,0.5,0.423,0.461,0.492,0.646,Consumer Discretionary,2026-07-03,39.92,10.72,98
CMCL,,57.7,Setup en formation,24.41,471969278.0,52.8,-0.03,1.08,2.69,-6.04,4771509.0,9.2,33.4,2.0,0.23,0.0,0.748,0.924,0.797,0.347,0.601,0.86,0.635,0.0,Materials,2026-07-03,20.09,21.5,98
BMEZ,,57.7,Setup en formation,16.26,216794873.0,42.8,-0.066,-1.63,-1.93,-2.26,2331969.0,5.1,11.6,30.0,0.22,0.0,0.747,0.936,0.607,0.139,1.0,0.06,0.714,0.83,Financials,2026-07-03,15.71,3.5,98
TCPC,,57.7,Squeeze / VCP prêt à casser,4.03,338128183.0,57.2,-0.014,2.28,0.0,4.43,3140757.0,2.7,26.2,9.0,0.09,0.0,0.409,1.0,0.904,0.201,1.0,0.548,0.738,0.248,Financials,2026-07-03,3.36,19.94,98
GASS,,57.7,Setup en formation,9.22,342852025.0,51.7,0.005,1.99,0.88,-1.18,1082848.0,6.9,14.8,36.0,0.25,0.0,0.3,1.0,0.689,0.338,0.891,0.82,0.349,0.58,Industrials,2026-07-03,8.21,12.3,98
PDLB,,57.6,Squeeze / VCP prêt à casser,20.19,488353721.0,48.3,-0.008,0.55,0.55,-0.59,1768168.0,4.3,6.9,5.0,0.0,0.0,0.7,0.145,0.946,0.162,1.0,0.701,0.397,0.856,Financials,2026-07-03,20.11,0.4,98
NNBR,,57.5,En base (loin du pivot),4.01,375914282.0,56.1,0.048,-0.25,10.47,8.97,11873212.0,16.3,36.3,60.0,0.0,0.0,0.97,0.76,0.243,0.418,0.0,0.5,0.96,0.457,Industrials,2026-07-03,3.49,14.9,98
EMBC,,57.5,Setup en formation,5.75,325792694.0,57.3,-0.01,-2.71,-0.69,12.3,5884582.0,6.7,43.8,59.0,0.93,0.0,0.3,0.345,0.461,0.965,0.918,0.532,0.794,0.0,Health Care,2026-07-03,3.35,71.64,98
NXG,,57.5,Setup en formation,56.03,145774035.0,51.8,0.303,-1.18,2.92,-1.08,2851214.0,9.8,14.6,26.0,1.0,0.0,0.3,1.0,0.605,0.724,0.53,0.858,0.198,0.592,Financials,2026-07-03,63.03,-11.11,98
ERO,,57.5,En base (loin du pivot),35.98,3751921289.0,49.5,-0.071,-2.18,0.64,-5.93,45031729.0,11.9,36.8,13.0,0.52,0.0,0.881,0.733,0.737,0.259,0.265,0.468,0.786,0.604,Materials,2026-07-03,26.21,37.28,98
JANX,,57.4,Setup en formation,18.5,1131030301.0,60.4,0.135,3.24,9.08,-4.29,16255974.0,8.9,27.2,28.0,0.0,0.0,0.325,1.0,0.433,0.265,0.636,0.907,0.921,0.0,Health Care,2026-07-03,15.54,19.05,98
NTCT,,57.3,Setup en formation,39.3,2857397362.0,48.9,0.089,-1.92,-2.55,5.36,25671934.0,7.8,14.6,30.0,0.09,0.0,0.757,1.0,0.626,0.545,0.779,0.434,0.333,0.56,Information Technology,2026-07-03,40.93,-3.98,98
MQ,,57.3,Setup en formation,17.44,1815483665.0,61.0,0.09,2.23,2.59,9.62,16476814.0,6.7,18.2,35.0,0.19,0.0,0.372,1.0,0.54,0.435,0.914,0.546,0.683,0.276,Information Technology,2026-07-13,15.87,9.89,88
LFST,,57.2,En base (loin du pivot),12.06,4608779013.0,46.9,-0.038,-0.41,1.26,-4.44,65306586.0,11.1,25.7,37.0,0.0,0.0,0.723,1.0,0.699,0.0,0.367,0.667,0.73,0.631,Health Care,2026-07-03,11.27,7.01,98
VTEX,,57.2,Setup en formation,3.95,683324242.0,69.7,0.042,2.86,6.76,12.22,2573371.0,14.1,25.2,23.0,0.66,0.0,0.301,1.0,0.741,0.759,0.0,0.693,0.563,0.517,Information Technology,2026-07-03,4.14,-4.59,98
PLMR,,57.2,Setup en formation,131.44,3459196254.0,54.6,0.184,3.64,4.38,-1.25,32356421.0,7.8,16.1,67.0,0.13,0.0,0.3,1.0,0.428,0.165,0.774,0.906,0.484,0.645,Financials,2026-07-03,140.0,-6.11,98
STLN,,57.1,En base (loin du pivot),6.18,629841591.0,45.4,-0.06,-3.89,-0.56,-1.75,8984104.0,13.3,32.7,10.0,0.39,0.0,0.788,0.962,0.857,0.355,0.085,0.528,0.683,0.556,Health Care,2026-08-11,6.16,0.32,59
UFPT,,57.0,En base (loin du pivot),286.56,2219633582.0,45.2,0.216,-2.15,-2.86,2.86,32522803.0,15.4,26.5,37.0,0.97,0.0,0.798,1.0,0.674,0.796,0.0,0.197,0.714,0.487,Health Care,2026-07-03,272.36,5.21,98
OBIO,,56.9,En base (loin du pivot),5.73,344401931.0,49.7,-0.09,1.24,-9.76,5.14,2087487.0,11.8,41.1,23.0,0.0,0.0,0.984,0.496,0.648,0.206,0.269,0.482,0.849,0.605,Health Care,2026-07-03,4.19,36.75,98
TKNO,,56.9,En base (loin du pivot),8.44,453128796.0,55.4,-0.079,-3.1,-4.74,21.35,2655364.0,11.0,49.5,62.0,0.0,0.0,1.0,0.028,0.317,0.374,0.379,0.5,0.905,0.634,Health Care,2026-07-03,5.79,45.77,98
RPAY,,56.9,Setup en formation,3.87,347760704.0,53.4,0.007,1.57,3.75,9.01,1502785.0,7.6,17.1,1.0,0.5,0.0,0.3,1.0,0.92,0.451,0.795,0.814,0.524,0.124,Information Technology,2026-07-03,4.24,-8.73,98
CLFD,,56.9,Setup en formation,33.14,450172269.0,61.0,0.265,0.73,3.02,17.52,4331838.0,3.7,24.7,26.0,0.93,0.0,0.405,1.0,0.779,0.671,1.0,0.519,0.556,0.0,Information Technology,2026-07-03,33.97,-2.44,98
SYNA,,56.9,Cup & Handle probable,119.08,4726572540.0,68.6,2.714,-0.32,12.18,26.78,117347305.0,2.4,27.8,85.0,0.0,0.06,0.887,1.0,0.289,0.5,1.0,0.377,0.579,0.329,Information Technology,2026-07-03,119.52,-0.37,98
VRA,,56.9,Setup en formation,5.08,145738413.0,72.4,0.074,2.01,2.01,64.94,4659677.0,2.7,45.0,95.0,0.0,0.26,1.0,0.277,0.029,0.5,1.0,0.214,0.992,0.85,Consumer Discretionary,2026-07-03,3.91,29.92,98
PRGO,,56.9,Setup en formation,14.5,2012154053.0,54.3,-0.071,-0.34,3.42,1.12,40222829.0,7.6,37.5,36.0,0.26,0.0,0.893,0.695,0.411,0.313,0.802,0.545,0.897,0.017,Health Care,2026-07-03,11.02,31.58,98
CSWC,,56.8,Setup en formation,23.74,1475220835.0,51.9,0.069,1.06,1.89,-0.78,13391501.0,6.8,10.6,32.0,0.54,0.0,0.3,0.773,0.637,0.268,0.896,0.865,0.294,0.772,Financials,2026-07-03,23.73,0.04,98
CLOV,,56.8,En base (loin du pivot),4.58,2432695685.0,53.9,0.009,0.44,8.27,5.53,20242310.0,11.8,22.3,7.0,0.15,0.0,0.714,1.0,0.831,0.073,0.281,0.85,0.675,0.398,Health Care,2026-07-03,5.26,-12.93,98
PLGO,,56.8,Squeeze / VCP prêt à casser,24.45,2114439545.0,53.7,0.033,2.69,0.41,-1.18,12640441.0,5.8,20.2,14.0,0.0,0.0,0.3,1.0,0.882,0.0,1.0,0.538,0.548,0.779,Financials,2026-07-03,25.56,-4.34,98
IHS,,56.8,Fin d'accumulation,8.44,2831799114.0,55.8,-0.0,0.0,1.08,-0.24,7132951.0,0.9,4.8,29.0,0.94,0.0,0.708,0.0,0.516,0.471,1.0,0.893,0.175,0.81,Real Estate,2026-07-03,8.22,2.68,98
KWR,,56.7,Setup en formation,158.11,2720709763.0,47.4,0.165,0.5,-0.18,1.95,23859775.0,9.7,15.2,1.0,0.26,0.0,0.708,1.0,0.951,0.394,0.535,0.343,0.54,0.567,Materials,2026-07-03,161.16,-1.89,98
TAC,,56.7,Momentum en formation,12.89,4073240000.0,60.9,0.142,0.08,5.48,4.37,20920069.0,2.6,13.7,50.0,0.35,0.0,0.31,1.0,0.415,0.635,1.0,0.882,0.373,0.098,Utilities,2026-07-03,13.47,-4.31,98
PGNY,,56.7,Setup en formation,27.83,2135306788.0,61.8,0.24,1.02,11.99,2.62,33510406.0,12.6,23.6,50.0,0.0,0.0,0.3,1.0,0.423,0.338,0.176,0.965,0.698,0.472,Health Care,2026-07-03,30.22,-7.91,98
TDC,,56.6,En base (loin du pivot),30.29,2816970000.0,59.1,0.089,3.88,1.24,8.72,50388621.0,13.3,26.9,1.0,1.0,0.0,0.721,1.0,0.948,0.956,0.086,0.53,0.492,0.083,Information Technology,2026-07-03,34.56,-12.36,98
XGN,,56.5,Setup en formation,8.17,197921020.0,54.6,-0.081,-1.57,3.55,11.76,2547943.0,8.1,50.7,43.0,0.51,0.0,1.0,0.0,0.522,0.582,0.738,0.534,0.905,0.0,Health Care,2026-07-15,4.09,99.76,86
RLJ,,56.5,En base (loin du pivot),11.2,1706609766.0,57.2,0.05,0.63,1.45,4.45,19738840.0,11.9,17.8,9.0,0.23,0.0,0.724,1.0,0.775,0.295,0.26,0.529,0.619,0.603,Real Estate,2026-07-03,11.78,-4.92,98
QUAD,,56.4,En base (loin du pivot),9.49,488367756.0,48.0,0.002,1.93,2.15,-6.5,3091169.0,14.0,18.8,32.0,0.57,0.0,0.7,1.0,0.718,0.287,0.0,0.713,0.683,0.533,Industrials,2026-07-03,8.37,13.38,98
ARCO,,56.4,Momentum en formation,8.12,1710584023.0,60.4,0.111,2.78,17.51,1.31,16208350.0,4.1,21.3,96.0,0.0,0.0,0.3,1.0,0.024,0.5,1.0,0.939,0.27,0.492,Consumer Discretionary,2026-07-03,8.23,-1.34,98
KYN,,56.4,Momentum en formation,14.21,1934429041.0,50.1,0.022,1.5,3.05,-4.49,4501143.0,5.5,10.2,77.0,0.42,0.0,0.3,0.704,0.294,0.211,1.0,0.926,0.317,0.817,Financials,2026-07-03,13.91,2.16,98
POWW,defense,56.4,En base (loin du pivot),2.25,261137095.0,51.8,-0.004,0.9,-1.32,3.69,1211030.0,15.7,21.3,53.0,0.37,0.0,0.736,1.0,0.554,0.687,0.0,0.5,0.603,0.476,Industrials,2026-07-03,2.37,-5.06,98
CWBC,,56.3,Squeeze / VCP prêt à casser,26.07,707307203.0,48.5,-0.014,0.04,-0.65,0.23,5391074.0,3.0,8.7,21.0,0.5,0.0,0.724,0.449,0.546,0.436,1.0,0.409,0.397,0.766,Financials,2026-07-03,26.97,-3.34,98
FRBA,,56.3,Setup en formation,17.7,444878933.0,48.6,0.018,0.85,1.09,-0.45,1622570.0,8.4,12.2,6.0,0.47,0.0,0.3,1.0,0.92,0.235,0.696,0.729,0.365,0.719,Financials,2026-07-03,17.63,0.4,98
SMC,,56.3,Setup en formation,32.69,663871299.0,54.2,0.187,1.24,6.73,-4.53,2987968.0,10.4,19.4,59.0,0.0,0.0,0.3,1.0,0.355,0.111,0.454,0.926,0.643,0.655,Energy,2026-07-03,29.8,9.7,98
FF,,56.2,En base (loin du pivot),5.18,227211987.0,48.0,-0.009,1.17,3.19,-3.54,1701175.0,25.8,32.5,29.0,0.93,0.0,0.7,0.974,0.829,0.555,0.0,0.744,0.683,0.142,Materials,2026-07-03,4.69,10.45,98
MTW,,56.1,Setup en formation,21.72,783265967.0,51.9,-0.154,-1.5,-3.04,3.43,11065851.0,9.5,44.5,30.0,0.0,0.0,1.0,0.308,0.437,0.0,0.562,0.5,0.889,0.683,Industrials,2026-07-03,12.52,73.48,98
NEXN,,56.1,Setup en formation,9.06,515968531.0,48.5,0.053,1.23,-0.11,-1.2,3734859.0,19.8,24.8,7.0,0.67,0.0,0.3,1.0,0.957,0.791,0.0,0.747,0.5,0.339,Communication Services,2026-07-03,9.55,-5.13,98
HBNC,,56.1,Setup en formation,19.5,1001218121.0,54.9,0.069,1.14,3.07,0.48,13188638.0,6.1,11.7,16.0,0.0,0.0,0.3,0.95,0.505,0.0,0.989,0.848,0.405,0.782,Financials,2026-07-03,19.78,-1.42,98
OPRX,,55.9,Setup en formation,8.38,157845269.0,57.8,0.053,-1.99,-0.12,16.88,1433586.0,8.7,37.7,56.0,0.63,0.0,0.58,0.684,0.462,0.553,0.661,0.502,0.921,0.0,Health Care,2026-07-03,6.19,35.38,98
CHMG,,55.9,Squeeze / VCP prêt à casser,81.07,390876735.0,45.2,-0.188,0.55,0.57,-2.95,6622370.0,5.3,7.8,16.0,0.0,0.0,0.713,0.302,0.801,0.0,1.0,0.506,0.595,0.823,Financials,2026-07-03,74.5,8.82,98
NAVI,,55.9,Setup en formation,9.27,869376086.0,51.7,-0.034,2.54,1.76,-0.11,14247235.0,8.7,20.5,54.0,0.0,0.0,0.3,1.0,0.552,0.351,0.666,0.848,0.722,0.093,Financials,2026-07-03,8.61,7.67,98
FIRY,,55.9,En base (loin du pivot),12.02,199799529.0,57.4,-0.066,1.43,-1.31,21.54,2060300.0,13.6,35.2,56.0,1.0,0.0,1.0,0.823,0.267,0.694,0.048,0.5,0.905,0.0,Communication Services,2026-07-03,9.74,23.41,98
CCNE,,55.9,Setup en formation,33.64,996446571.0,46.5,-0.023,0.87,-0.12,-1.49,4808997.0,6.5,9.1,2.0,0.45,0.0,0.7,0.514,0.767,0.477,0.941,0.314,0.357,0.784,Financials,2026-07-03,33.69,-0.15,98
SGHT,,55.9,En base (loin du pivot),8.47,466595275.0,50.2,-0.088,0.0,-6.2,5.22,2828540.0,12.8,48.0,33.0,0.0,0.0,1.0,0.111,0.456,0.475,0.15,0.5,0.857,0.573,Health Care,2026-07-03,5.45,55.41,98
OESX,,55.8,En base (loin du pivot),26.81,109633758.0,48.2,-0.667,-1.76,-12.76,-2.86,1733725.0,15.3,69.3,49.0,1.0,0.0,1.0,0.0,0.627,0.77,0.0,0.388,0.833,0.49,Industrials,2026-08-26,25.02,7.15,44
SBR,,55.7,Momentum en formation,73.11,1065895913.0,55.1,0.135,1.06,4.76,-1.06,2142210.0,4.5,10.0,83.0,0.55,0.0,0.3,0.666,0.34,0.274,1.0,0.964,0.214,0.8,Energy,2026-07-03,73.11,0.0,98
KFRC,,55.5,Setup en formation,52.35,937536150.0,48.4,0.158,1.18,-3.15,2.75,11489663.0,13.5,18.6,2.0,0.68,0.0,0.3,1.0,0.866,0.838,0.061,0.42,0.563,0.518,Industrials,2026-07-03,50.93,2.79,98
RELY,,55.5,Setup en formation,23.52,4978808950.0,55.7,0.33,2.57,9.5,-2.28,87200897.0,14.4,28.9,10.0,0.0,0.0,0.3,1.0,0.855,0.5,0.0,0.889,0.492,0.52,Information Technology,2026-07-08,24.13,-2.53,93
ASBA,,55.5,Setup en formation,25.01,3774029383.0,58.1,-0.013,0.48,-0.24,0.68,1501616.0,1.0,4.6,41.0,0.0,0.0,0.73,0.0,0.412,0.5,1.0,0.503,0.31,0.966,,2026-07-03,24.47,2.21,98
ADMA,,55.5,Momentum en formation,10.33,2313761744.0,62.4,0.067,1.87,4.03,9.31,32848625.0,0.2,19.3,62.0,0.0,0.0,0.146,1.0,0.229,0.378,0.877,0.806,0.849,0.0,Health Care,2026-07-03,8.95,15.42,98
SMBK,,55.4,Setup en formation,50.06,855949558.0,45.0,-0.035,0.04,0.4,-1.59,6579741.0,7.5,10.4,49.0,0.19,0.0,0.7,0.736,0.486,0.135,0.808,0.507,0.54,0.749,Financials,2026-07-03,47.34,5.75,98
DGICA,,55.4,Setup en formation,18.54,688191488.0,50.8,0.022,1.76,2.04,-2.42,2134875.0,7.9,12.2,75.0,0.28,0.0,0.3,1.0,0.489,0.142,0.757,0.884,0.389,0.694,Financials,2026-07-03,19.29,-3.89,98
PAHC,,55.3,Setup en formation,37.4,1518499952.0,59.1,0.274,-0.85,4.27,1.63,8800579.0,8.0,19.4,21.0,0.02,0.0,0.053,1.0,0.694,0.51,0.751,0.819,0.69,0.0,Health Care,2026-07-03,33.26,12.45,98
VET,,55.3,En base (loin du pivot),11.86,1816952000.0,48.6,-0.038,2.86,2.24,-10.64,16421166.0,13.1,23.3,51.0,0.46,0.0,0.7,1.0,0.515,0.506,0.111,0.795,0.5,0.377,Energy,2026-07-03,8.99,31.92,98
RCKY,,55.1,En base (loin du pivot),45.42,340282598.0,51.9,0.166,-1.71,-1.26,5.31,2418648.0,14.0,20.4,24.0,0.45,0.0,0.772,1.0,0.764,0.381,0.001,0.501,0.659,0.534,Consumer Discretionary,2026-07-03,40.26,12.82,98
PSIX,,55.1,Setup en formation,48.5,1118674325.0,61.0,0.13,-6.06,6.83,15.26,19112613.0,6.9,50.3,27.0,0.4,0.0,0.3,0.0,0.553,0.595,0.889,0.875,0.817,0.0,Industrials,2026-07-03,37.08,30.8,98
BSRR,,55.1,Momentum en formation,39.72,514906129.0,48.3,-0.011,1.02,1.33,-1.61,1804433.0,5.7,8.8,35.0,0.84,0.0,0.3,0.467,0.649,0.419,1.0,0.734,0.27,0.757,Financials,2026-07-03,41.09,-3.33,98
CBLL,,55.1,Setup en formation,23.15,888453038.0,44.7,-0.191,-1.41,-1.95,-5.16,8480506.0,9.7,32.4,17.0,0.48,0.0,0.816,0.979,0.696,0.242,0.542,0.175,0.667,0.678,Health Care,2026-07-03,19.55,18.41,98
MAT,,55.1,Setup en formation,16.58,4736906000.0,72.3,0.411,1.28,10.24,20.49,128575148.0,3.8,28.0,100.0,0.0,0.19,0.422,1.0,0.0,0.5,1.0,0.576,0.976,0.125,Consumer Discretionary,2026-07-03,13.34,24.29,98
PLSE,,55.1,En base (loin du pivot),49.98,3564703898.0,50.1,-0.629,1.81,0.3,-5.64,27770402.0,15.1,43.1,14.0,0.19,0.0,0.876,0.384,0.88,0.093,0.0,0.833,0.81,0.495,Health Care,2026-07-03,29.2,71.16,98
OFG,,55.0,Setup en formation,50.92,2152158954.0,45.9,-0.048,0.91,0.45,-1.7,15191296.0,5.9,9.5,32.0,0.02,0.0,0.7,0.575,0.471,0.011,1.0,0.571,0.5,0.805,Financials,2026-07-03,49.48,2.91,98
EFXT,,55.0,En base (loin du pivot),24.01,2931690221.0,56.1,0.051,1.35,-5.62,6.38,14541503.0,10.8,28.4,42.0,0.5,0.0,0.844,1.0,0.348,0.638,0.403,0.5,0.421,0.419,Energy,2026-07-03,23.08,4.03,98
RDWR,,54.9,Setup en formation,29.39,1243401848.0,48.8,-0.023,-2.42,-2.42,4.96,11626377.0,7.3,26.3,1.0,0.0,0.0,0.776,1.0,0.872,0.031,0.839,0.427,0.452,0.654,Information Technology,2026-07-03,29.69,-1.01,98
CIVB,,54.9,Setup en formation,26.94,560196772.0,47.9,0.027,1.28,1.39,-0.74,3519971.0,9.6,13.0,17.0,0.49,0.0,0.3,1.0,0.555,0.465,0.556,0.69,0.349,0.682,Financials,2026-07-03,28.46,-5.34,98
GSBC,,54.8,Squeeze / VCP prêt à casser,78.36,853928649.0,48.6,0.033,0.73,0.32,-0.01,7167248.0,5.0,7.5,11.0,0.49,0.0,0.703,0.257,0.756,0.246,1.0,0.447,0.421,0.834,Financials,2026-07-03,78.83,-0.6,98
ATLC,,54.8,Setup en formation,91.75,1391850987.0,48.2,0.516,-3.05,2.76,-0.92,10714781.0,19.8,24.9,12.0,0.8,0.0,0.3,1.0,0.889,0.899,0.0,0.732,0.381,0.341,Financials,2026-07-03,96.4,-4.82,98
FMNB,,54.8,Setup en formation,15.2,900563094.0,45.4,-0.022,0.93,0.33,-2.26,5911807.0,6.6,9.0,65.0,0.36,0.0,0.7,0.499,0.365,0.18,0.925,0.525,0.508,0.78,Financials,2026-07-03,14.64,3.83,98
FLGT,,54.8,Setup en formation,20.82,572868400.0,48.1,-0.197,1.22,-2.25,4.89,7187487.0,8.6,29.5,13.0,0.0,0.0,0.822,1.0,0.524,0.5,0.674,0.383,0.73,0.0,Health Care,2026-07-03,20.85,-0.14,98
HBB,,54.7,En base (loin du pivot),35.0,470481620.0,53.8,-0.271,0.95,-5.71,12.32,3219326.0,12.5,43.4,79.0,0.0,0.0,1.0,0.369,0.124,0.269,0.19,0.5,0.929,0.584,Consumer Discretionary,2026-07-17,24.1,45.23,84
OBT,,54.7,Setup en formation,37.25,499446622.0,44.8,-0.04,0.46,0.16,-1.72,2384362.0,6.4,12.8,26.0,0.0,0.0,0.7,1.0,0.715,0.15,0.945,0.473,0.254,0.778,Financials,2026-07-03,37.65,-1.06,98
ACHV,,54.6,En base (loin du pivot),7.19,739868903.0,43.8,-0.092,-0.69,-4.52,-4.64,11423642.0,16.8,30.0,19.0,0.1,0.0,0.722,1.0,0.564,0.55,0.0,0.421,0.714,0.441,Health Care,2026-07-03,6.4,12.34,98
MASS,robotique,54.6,En base (loin du pivot),11.55,477404293.0,54.3,-0.015,-1.95,-7.67,19.2,4702287.0,13.5,43.8,75.0,0.36,0.0,1.0,0.344,0.243,0.339,0.066,0.5,0.929,0.551,Health Care,2026-07-03,8.69,32.91,98
BH,,54.6,Setup en formation,367.7,855472435.0,54.8,3.756,-0.33,2.94,0.9,36183915.0,11.0,18.6,27.0,1.0,0.0,0.3,1.0,0.838,0.5,0.369,0.851,0.524,0.201,Consumer Discretionary,2026-07-03,420.92,-12.64,98
LAND,,54.5,Squeeze / VCP prêt à casser,9.53,411091541.0,55.7,-0.027,-0.42,-0.1,1.3,5300793.0,4.1,21.2,3.0,0.83,0.0,0.397,1.0,0.679,0.413,1.0,0.545,0.516,0.199,Real Estate,2026-07-03,8.65,10.17,98
EVI,,54.5,En base (loin du pivot),19.06,245464820.0,61.9,-0.132,-1.24,-1.19,25.23,1085849.0,11.0,40.4,55.0,1.0,0.0,0.6,0.531,0.373,1.0,0.378,0.5,0.714,0.0,Industrials,2026-07-03,16.09,18.46,98
NATH,,54.3,Setup en formation,101.75,416937007.0,62.9,0.31,0.03,0.35,3.83,3401924.0,0.2,8.0,100.0,0.0,0.0,0.763,0.34,0.018,0.5,0.898,0.5,0.357,0.84,Consumer Discretionary,2026-07-03,101.55,0.2,98
AZTA,,54.3,En base (loin du pivot),36.0,1577102148.0,53.9,0.221,0.31,4.41,19.4,43403428.0,22.4,40.5,62.0,0.0,0.0,1.0,0.526,0.229,0.5,0.0,0.5,0.96,0.252,Health Care,2026-07-03,25.84,39.32,98
GRVY,,54.3,En base (loin du pivot),67.18,466827102.0,41.7,-0.139,-0.36,-1.03,-7.41,1304141.0,11.6,20.1,33.0,1.0,0.0,0.7,1.0,0.8,0.503,0.299,0.324,0.484,0.613,Communication Services,2026-07-03,65.58,2.44,98
BHE,,54.2,Setup en formation,81.16,2915261762.0,51.9,0.173,-2.49,-4.09,9.32,33975602.0,8.4,22.7,56.0,0.0,0.0,0.855,1.0,0.457,0.5,0.699,0.5,0.341,0.366,Information Technology,2026-07-03,86.13,-5.77,98
PGEN,,54.2,En base (loin du pivot),7.6,2721067877.0,50.9,-0.074,0.8,-7.43,11.76,44411718.0,15.4,40.1,52.0,0.0,0.0,1.0,0.551,0.286,0.332,0.0,0.5,0.897,0.488,Health Care,2026-07-03,5.64,34.75,98
IMMR,,54.2,Setup en formation,7.14,237091133.0,43.2,-0.012,-1.65,-2.33,-4.03,2781647.0,9.6,10.9,5.0,0.9,0.0,0.7,0.814,0.971,0.462,0.547,0.095,0.587,0.623,Information Technology,2026-07-03,6.78,5.31,98
ECO,,54.0,Cup & Handle probable,94.44,3687377218.0,77.7,0.502,7.27,10.15,31.77,72316345.0,-4.2,41.6,71.0,0.0,0.26,1.0,0.467,0.171,0.5,0.0,0.355,1.0,0.981,Industrials,2026-07-03,53.11,77.82,98
COFS,,54.0,Squeeze / VCP prêt à casser,33.02,493831270.0,48.5,0.024,-0.21,0.46,-0.83,2643743.0,4.8,8.1,7.0,0.3,0.0,0.3,0.346,0.853,0.149,1.0,0.734,0.365,0.838,Financials,2026-07-03,33.92,-2.65,98
PDM,,53.9,Setup en formation,9.08,1136206051.0,45.1,0.006,-0.11,3.06,-5.12,20813454.0,9.5,13.0,38.0,0.0,0.0,0.3,1.0,0.664,0.482,0.566,0.578,0.357,0.654,Real Estate,2026-07-03,9.61,-5.52,98
USCB,,53.8,Setup en formation,22.13,408840021.0,44.2,-0.092,0.68,0.27,-3.24,1989839.0,7.4,10.6,42.0,0.0,0.0,0.705,0.763,0.509,0.0,0.831,0.446,0.579,0.755,Financials,2026-07-03,20.45,8.22,98
KMTS,,53.8,En base (loin du pivot),25.77,1534907457.0,47.1,-0.03,-2.72,-4.96,7.06,11415898.0,13.1,27.3,52.0,0.0,0.0,0.869,1.0,0.386,0.5,0.111,0.317,0.659,0.53,Health Care,2026-07-03,26.98,-4.48,98
MSBI,,53.8,Setup en formation,32.56,675688767.0,46.3,-0.079,0.96,-0.55,-1.0,6011574.0,6.3,9.6,27.0,0.16,0.0,0.712,0.6,0.566,0.082,0.96,0.307,0.579,0.789,Financials,2026-07-03,30.35,7.28,98
ASYS,,53.8,En base (loin du pivot),16.21,283806317.0,51.2,0.174,-7.9,-6.03,6.23,4114519.0,11.2,26.9,74.0,1.0,0.0,0.875,1.0,0.444,1.0,0.353,0.5,0.341,0.0,Information Technology,2026-07-03,18.8,-13.78,98
XNCR,,53.8,En base (loin du pivot),24.5,1821658227.0,48.8,-0.093,0.99,-1.09,-1.76,37208119.0,20.0,37.7,1.0,0.0,0.0,0.842,0.683,0.772,0.5,0.0,0.448,0.77,0.335,Health Care,2026-07-03,15.0,63.33,98
PBI,,53.8,Setup en formation,16.98,2327791800.0,54.7,0.04,3.03,2.23,-1.11,30426948.0,10.4,16.2,21.0,0.03,0.0,0.3,1.0,0.708,0.164,0.444,0.829,0.452,0.652,Industrials,2026-07-03,16.82,0.95,98
EGHT,,53.7,En base (loin du pivot),2.16,311980682.0,54.7,0.002,0.93,-6.49,21.35,3579753.0,11.1,28.0,70.0,0.15,0.0,0.923,1.0,0.188,0.484,0.361,0.5,0.683,0.167,Information Technology,2026-07-03,1.83,18.03,98
PTEN,,53.7,En base (loin du pivot),11.48,4378298354.0,50.0,-0.0,2.23,1.59,-11.21,91433168.0,14.3,31.8,46.0,0.41,0.0,0.7,1.0,0.637,0.205,0.0,0.873,0.516,0.525,Energy,2026-07-03,8.66,32.56,98
DAVE,,53.6,Setup en formation,353.4,4507796174.0,51.7,2.326,2.49,4.07,-2.34,109105680.0,19.4,31.0,7.0,0.78,0.0,0.3,1.0,0.795,0.583,0.0,0.811,0.611,0.237,Information Technology,2026-07-03,387.36,-8.77,98
PRE,,53.6,En base (loin du pivot),22.0,372629840.0,47.8,-0.233,-2.09,0.23,-9.35,4491260.0,19.2,36.1,20.0,0.59,0.0,0.7,0.771,0.706,0.294,0.0,0.733,0.738,0.359,Consumer Staples,2026-07-03,16.93,29.95,98
MLAB,,53.6,En base (loin du pivot),126.06,705415246.0,47.1,-0.961,-3.0,-2.51,1.74,15884851.0,12.7,35.6,40.0,0.67,0.0,0.903,0.798,0.422,0.336,0.166,0.319,0.77,0.578,Information Technology,2026-07-03,105.54,19.44,98
LOPE,,53.5,Momentum en formation,160.3,4178225431.0,67.4,0.845,2.97,4.29,6.16,50090589.0,-1.4,12.3,42.0,0.28,0.0,0.351,1.0,0.448,0.574,0.254,0.755,0.73,0.062,Consumer Staples,2026-07-03,152.65,5.01,98
DRTS,,53.5,En base (loin du pivot),14.0,1294694156.0,42.5,-0.141,-1.75,-3.51,-1.89,7087470.0,11.3,28.4,13.0,0.74,0.0,0.799,1.0,0.805,0.436,0.333,0.03,0.659,0.622,Health Care,2026-07-03,13.23,5.82,98
ADPT,,53.5,En base (loin du pivot),26.09,4163855518.0,45.4,-0.371,-0.72,-4.68,6.84,73805734.0,15.1,29.0,61.0,0.0,0.0,0.915,1.0,0.233,0.5,0.0,0.211,0.833,0.496,Health Care,2026-07-03,21.19,23.12,98
ETON,,53.5,En base (loin du pivot),54.75,1564926641.0,47.4,-0.41,-0.24,5.33,-6.94,34443468.0,17.5,38.8,5.0,0.29,0.0,0.781,0.622,0.664,0.359,0.0,0.658,0.73,0.416,Health Care,2026-07-03,37.5,46.0,98
WLTH,,53.5,Momentum en formation,10.89,1700761432.0,62.9,0.053,-0.09,5.01,15.12,36714561.0,1.7,20.8,36.0,0.0,0.0,0.436,1.0,0.386,0.0,1.0,0.847,0.675,0.128,Information Technology,2026-07-23,9.19,18.5,78
BFST,,53.5,Squeeze / VCP prêt à casser,30.71,999606907.0,47.9,0.015,0.89,0.82,-1.29,6676595.0,5.1,8.8,10.0,0.31,0.0,0.3,0.474,0.707,0.157,1.0,0.683,0.373,0.829,Financials,2026-07-03,30.64,0.23,98
AEO,,53.3,Setup en formation,17.97,3011292794.0,60.5,0.189,1.76,0.0,6.39,98608652.0,3.8,24.5,98.0,0.12,0.0,0.456,1.0,0.214,0.558,1.0,0.5,0.627,0.0,Consumer Discretionary,2026-07-03,16.46,9.17,98
ACHC,,53.3,Setup en formation,28.48,2651495832.0,50.0,0.154,-2.57,5.76,1.03,43313000.0,13.6,19.2,7.0,0.89,0.0,0.3,1.0,0.936,0.592,0.054,0.836,0.444,0.316,Health Care,2026-07-03,31.91,-10.75,98
KRO,,53.2,En base (loin du pivot),7.82,900062575.0,45.6,-0.05,0.51,2.49,-7.57,3003623.0,14.2,36.6,6.0,0.64,0.0,0.7,0.742,0.962,0.322,0.0,0.567,0.643,0.526,Materials,2026-07-03,5.97,30.99,98
VMD,,53.1,Setup en formation,9.41,358410225.0,59.9,0.086,0.43,3.63,7.42,2461952.0,21.2,28.7,36.0,0.96,0.0,0.3,1.0,0.736,0.98,0.0,0.811,0.341,0.154,Health Care,2026-07-03,12.02,-21.71,98
TBI,,53.1,En base (loin du pivot),9.16,278870191.0,46.9,-0.038,1.89,-3.38,0.99,2429025.0,17.0,37.0,10.0,0.51,0.0,0.704,0.723,0.845,0.352,0.0,0.612,0.683,0.435,Industrials,2026-07-03,6.75,35.7,98
NEWP,,53.1,En base (loin du pivot),6.25,1157543900.0,49.6,-0.025,1.13,-0.48,2.46,5685981.0,17.2,41.7,15.0,0.0,0.0,0.798,0.46,0.775,0.5,0.0,0.523,0.722,0.426,Materials,2026-07-03,4.28,46.03,98
CSTL,,53.0,En base (loin du pivot),33.71,1029823881.0,48.0,-0.399,2.15,-4.38,4.33,13999656.0,11.3,35.5,25.0,0.39,0.0,0.887,0.805,0.572,0.365,0.342,0.374,0.81,0.204,Health Care,2026-07-03,24.11,39.82,98
OMDA,,52.9,Setup en formation,20.82,1274531756.0,49.1,0.172,-0.34,2.01,-3.16,29910361.0,18.2,28.3,4.0,0.13,0.0,0.3,1.0,0.91,0.567,0.0,0.773,0.579,0.245,Health Care,2026-07-03,22.39,-7.01,98
AGPU,,52.7,En base (loin du pivot),11.41,132254725.0,49.8,-0.118,-5.23,-0.09,4.49,4295808.0,15.4,47.3,3.0,0.92,0.0,1.0,0.15,0.67,0.581,0.0,0.497,0.881,0.185,Information Technology,2026-07-21,8.71,31.0,80
KRSA,,52.7,En base (loin du pivot),33.51,1526093152.0,55.1,-0.234,5.88,7.4,27.9,2781612.0,10.1,47.0,49.0,0.0,0.0,0.898,0.165,0.478,0.141,0.49,0.832,0.952,0.0,Health Care,2026-09-29,30.83,8.69,10
SRCE,,52.7,Setup en formation,85.01,2047196028.0,45.7,-0.053,0.68,-1.08,-1.06,9798909.0,6.8,9.1,21.0,0.44,0.0,0.705,0.509,0.58,0.278,0.896,0.24,0.5,0.772,Financials,2026-07-03,82.09,3.56,98
ETW,,52.7,Squeeze / VCP prêt à casser,9.54,1045562878.0,47.1,-0.006,0.53,0.95,-1.48,2603062.0,3.5,7.4,6.0,0.28,0.0,0.7,0.226,0.577,0.265,1.0,0.676,0.151,0.885,Financials,2026-07-03,9.54,0.0,98
REPL,,52.7,En base (loin du pivot),13.04,1228624027.0,47.0,0.018,-1.21,-3.05,-9.76,28946537.0,20.1,66.9,1.0,1.0,0.0,0.742,0.0,0.993,0.666,0.0,0.628,0.698,0.328,Health Care,2026-07-03,11.58,12.61,98
IMAX,,52.7,En base (loin du pivot),51.31,2813948869.0,44.4,-0.541,-0.27,-2.3,-0.56,60811916.0,11.1,19.7,34.0,0.64,0.0,0.802,1.0,0.395,0.368,0.36,0.15,0.683,0.629,Communication Services,2026-07-03,39.88,28.66,98
HBT,,52.6,Squeeze / VCP prêt à casser,35.53,1292070194.0,46.0,-0.048,0.0,-0.75,-1.72,5144490.0,5.3,7.3,11.0,0.14,0.0,0.741,0.209,0.738,0.07,1.0,0.266,0.611,0.824,Financials,2026-07-03,32.18,10.41,98
NVAX,,52.5,En base (loin du pivot),11.01,1816052443.0,56.5,0.015,-1.87,3.87,11.78,80132417.0,17.8,46.1,54.0,0.0,0.0,1.0,0.218,0.276,0.38,0.0,0.506,0.96,0.408,Health Care,2026-07-03,9.74,13.04,98
EZPW,,52.4,Setup en formation,31.17,1915190061.0,51.7,0.046,2.4,3.69,-5.75,20950219.0,13.2,25.8,6.0,0.93,0.0,0.3,1.0,0.967,0.561,0.097,0.869,0.262,0.465,Financials,2026-07-03,35.59,-12.42,98
PCYO,,52.4,Setup en formation,11.0,265071070.0,48.8,0.002,0.36,1.01,-2.05,1006201.0,6.9,11.6,2.0,0.0,0.0,0.3,0.94,0.99,0.062,0.888,0.782,0.246,0.614,Utilities,2026-09-01,11.1,-0.9,38
UTL,,52.4,Momentum en formation,52.38,955236984.0,54.2,0.156,1.18,3.52,-2.55,8340268.0,4.7,12.0,33.0,0.0,0.0,0.3,0.992,0.535,0.0,1.0,0.896,0.175,0.743,Utilities,2026-07-03,53.48,-2.06,98
ORRF,,52.4,Squeeze / VCP prêt à casser,41.38,813929124.0,47.7,-0.022,1.37,0.85,-1.59,4297549.0,5.4,8.9,17.0,0.22,0.0,0.3,0.486,0.602,0.112,1.0,0.668,0.397,0.821,Financials,2026-07-03,40.85,1.3,98
CTBI,,52.3,Squeeze / VCP prêt à casser,75.39,1369682052.0,48.6,-0.002,1.28,0.19,-0.45,10278859.0,4.8,8.0,22.0,0.0,0.0,0.703,0.339,0.468,0.0,1.0,0.453,0.54,0.84,Financials,2026-07-03,72.75,3.63,98
CERT,,52.3,En base (loin du pivot),8.64,1317935059.0,48.6,-0.031,-3.57,-7.49,13.24,26766710.0,15.2,37.9,52.0,0.36,0.0,1.0,0.674,0.286,0.678,0.0,0.413,0.889,0.0,Health Care,2026-07-03,6.97,23.96,98
GSM,,52.3,Setup en formation,4.19,782945566.0,50.3,0.008,-3.01,2.7,-6.34,4562782.0,11.5,34.7,9.0,0.92,0.0,0.345,0.848,0.912,0.458,0.316,0.829,0.548,0.135,Materials,2026-07-03,3.27,28.13,98
WCCB,,52.2,Étendu (déjà parti),61.16,643652916.0,80.5,-0.114,0.02,1.16,4.12,1781881.0,1.3,16.0,40.0,0.0,0.6,0.851,1.0,0.357,0.5,1.0,0.309,0.976,0.957,Financials,2026-10-05,60.66,0.82,4
CASS,,52.2,Setup en formation,53.95,690891739.0,43.9,-0.024,0.86,0.47,-2.62,4462618.0,9.0,13.3,21.0,0.22,0.0,0.3,1.0,0.876,0.165,0.624,0.446,0.508,0.7,Industrials,2026-07-03,52.51,2.74,98
NGVC,,52.2,Setup en formation,30.08,693227139.0,54.1,-0.032,0.13,-1.31,9.9,4407215.0,10.0,22.6,10.0,0.24,0.0,0.368,1.0,0.943,0.62,0.497,0.5,0.484,0.161,Consumer Staples,2026-07-03,32.6,-7.73,98
GNW,,52.1,Setup en formation,9.74,3680269100.0,50.2,0.016,1.14,4.62,-7.15,47014826.0,8.9,16.9,95.0,0.0,0.0,0.3,1.0,0.112,0.0,0.639,0.926,0.468,0.704,Financials,2026-07-03,9.61,1.35,98
CNO,,52.0,Setup en formation,53.55,4954519417.0,45.6,-0.078,1.06,0.89,-1.96,63490419.0,6.7,9.5,37.0,0.0,0.0,0.7,0.586,0.463,0.028,0.911,0.545,0.421,0.776,Financials,2026-07-03,52.43,2.14,98
SPFI,,52.0,Setup en formation,42.8,806313694.0,44.4,0.001,0.56,1.23,-4.89,4973604.0,7.0,11.5,45.0,0.52,0.0,0.3,0.924,0.43,0.472,0.88,0.501,0.23,0.718,Financials,2026-07-03,42.56,0.56,98
SMA,,52.0,Setup en formation,32.71,1811116817.0,53.3,0.16,-0.3,1.46,2.86,27108569.0,6.9,12.0,27.0,0.07,0.0,0.3,1.0,0.528,0.035,0.882,0.829,0.317,0.629,Real Estate,2026-07-03,33.67,-2.85,98
TMP,,51.9,Squeeze / VCP prêt à casser,96.55,1388669478.0,45.2,-0.145,-0.24,-0.47,-0.43,11495446.0,5.9,8.1,11.0,0.06,0.0,0.707,0.352,0.685,0.205,1.0,0.229,0.484,0.804,Financials,2026-07-03,94.54,2.13,98
AVIR,,51.8,En base (loin du pivot),5.16,413455223.0,47.3,-0.025,2.89,1.08,-2.18,1620630.0,12.6,23.2,17.0,0.21,0.0,0.7,1.0,0.704,0.322,0.172,0.651,0.532,0.331,Health Care,2026-07-03,4.98,3.61,98
JCAP,,51.8,Setup en formation,19.95,1145639443.0,47.7,0.067,-0.35,4.26,-7.42,5593368.0,17.5,22.4,43.0,0.71,0.0,0.3,1.0,0.705,0.568,0.0,0.778,0.46,0.417,Financials,2026-07-03,18.82,6.0,98
AMAL,,51.7,Setup en formation,47.18,1410688935.0,46.3,0.019,1.18,-1.38,-1.36,14447452.0,8.5,11.3,1.0,0.0,0.0,0.3,0.89,0.744,0.5,0.681,0.274,0.397,0.715,Financials,2026-07-03,46.04,2.48,98
CARE,,51.7,Setup en formation,30.47,675334978.0,46.9,0.081,0.93,0.36,-2.96,7859310.0,15.2,18.3,5.0,0.88,0.0,0.3,1.0,0.963,0.621,0.0,0.613,0.413,0.492,Financials,2026-07-03,33.13,-8.03,98
OSUR,,51.7,En base (loin du pivot),3.8,261735939.0,50.7,0.002,1.88,-2.06,13.1,2382762.0,10.4,25.7,80.0,0.0,0.0,0.767,1.0,0.119,0.5,0.453,0.5,0.437,0.432,Health Care,2026-07-03,4.35,-12.64,98
NGVT,,51.7,Setup en formation,71.41,2454927410.0,51.4,0.17,0.69,0.45,4.86,20020235.0,9.7,16.0,38.0,0.0,0.0,0.32,1.0,0.569,0.5,0.542,0.5,0.317,0.669,Materials,2026-07-03,72.49,-1.49,98
MNTK,,51.6,En base (loin du pivot),2.74,390014721.0,56.9,-0.02,3.01,-1.79,11.38,2449019.0,16.5,50.0,84.0,0.0,0.0,1.0,0.0,0.095,0.5,0.0,0.5,0.937,0.451,Materials,2026-09-25,2.88,-4.86,14
FRPT,,51.6,Setup en formation,65.18,3132425263.0,60.1,0.858,3.05,12.92,-3.02,66739958.0,15.5,27.4,25.0,0.55,0.0,0.3,1.0,0.803,0.273,0.0,0.98,0.651,0.193,Consumer Staples,2026-07-03,56.38,15.61,98
BWMN,gestion_thermique,51.5,Étendu (déjà parti),42.78,741613203.0,80.4,-0.205,-0.02,0.45,0.54,15851726.0,0.8,40.2,17.0,0.32,0.6,0.878,0.545,0.9,0.66,1.0,0.5,0.778,0.778,Industrials,2026-07-03,28.68,49.16,98
CDNA,,51.4,En base (loin du pivot),62.21,3218127342.0,59.0,-0.181,-1.32,-6.08,24.34,89968970.0,14.2,51.7,65.0,0.0,0.0,1.0,0.0,0.21,0.386,0.0,0.5,0.929,0.526,Health Care,2026-07-03,29.19,113.12,98
DGII,,51.4,En base (loin du pivot),74.93,2843452856.0,52.2,0.022,-0.37,2.1,8.74,29597192.0,13.7,23.8,33.0,0.01,0.0,0.772,1.0,0.596,0.041,0.036,0.513,0.762,0.543,Information Technology,2026-07-03,72.15,3.85,98
ETV,,51.4,Momentum en formation,14.99,1637932552.0,47.7,-0.032,0.6,0.27,-1.26,2975109.0,3.2,8.8,51.0,0.0,0.0,0.7,0.469,0.31,0.0,1.0,0.698,0.254,0.892,Financials,2026-07-03,15.02,-0.2,98
VNCE,,51.3,En base (loin du pivot),11.54,149382403.0,59.9,0.12,-13.62,13.69,80.88,6383679.0,14.2,63.5,66.0,0.0,0.13,1.0,0.0,0.205,0.217,0.0,0.822,0.984,0.527,Consumer Discretionary,2026-09-15,7.65,50.85,24
MVBF,,51.2,Setup en formation,29.5,382541457.0,43.3,-0.07,-0.27,-0.97,-3.72,1617187.0,7.4,10.6,56.0,0.24,0.0,0.7,0.761,0.447,0.121,0.824,0.383,0.429,0.753,Financials,2026-07-03,29.41,0.31,98
COSO,,51.2,Momentum en formation,26.9,321574597.0,49.4,0.043,0.79,1.93,-1.82,3968917.0,5.6,8.9,61.0,0.0,0.0,0.3,0.478,0.291,0.24,1.0,0.794,0.238,0.812,Financials,2026-07-03,26.83,0.26,98
WWW,,51.1,En base (loin du pivot),19.0,1559260441.0,47.2,-0.017,0.8,-1.3,-2.5,15094716.0,11.0,17.6,2.0,0.32,0.0,0.7,1.0,0.916,0.427,0.37,0.634,0.492,0.004,Consumer Discretionary,2026-07-03,16.53,14.94,98
FNRN,,51.1,Setup en formation,17.3,283638742.0,47.3,0.033,-1.37,-1.93,0.12,1804310.0,9.2,16.4,11.0,0.39,0.0,0.313,1.0,0.851,0.695,0.602,0.329,0.159,0.662,Financials,2026-07-03,17.82,-2.92,98
GFR,,51.1,Setup en formation,6.26,1504989712.0,53.1,0.023,1.95,11.99,-2.03,8076522.0,12.6,24.2,94.0,0.0,0.0,0.3,1.0,0.287,0.203,0.179,0.943,0.508,0.581,Energy,2026-07-16,6.26,0.0,85
HP,,51.0,Setup en formation,40.19,4016546200.0,50.2,0.074,1.39,5.21,-9.09,44174025.0,16.6,31.4,56.0,0.55,0.0,0.3,1.0,0.55,0.273,0.0,0.915,0.571,0.448,Energy,2026-07-03,31.3,28.4,98
KARO,,51.0,En base (loin du pivot),60.87,1880475171.0,42.2,-0.289,0.45,0.18,-4.62,4929738.0,11.5,13.9,81.0,0.74,0.0,0.7,1.0,0.219,0.372,0.309,0.379,0.548,0.616,Information Technology,2026-07-03,53.87,12.99,98
CENT,,50.9,Setup en formation,40.55,2538129849.0,50.6,0.225,1.0,3.44,2.09,3213743.0,13.7,18.3,2.0,0.78,0.0,0.3,1.0,0.986,0.394,0.041,0.881,0.278,0.544,Consumer Staples,2026-07-03,43.95,-7.74,98
GABC,,50.8,Squeeze / VCP prêt à casser,48.82,1834597407.0,46.3,-0.027,0.85,0.04,-0.87,7522389.0,6.0,8.3,11.0,0.14,0.0,0.7,0.38,0.737,0.07,1.0,0.299,0.46,0.802,Financials,2026-07-03,47.6,2.56,98
LOCO,,50.8,Setup en formation,14.94,454668079.0,56.1,0.101,2.12,5.29,-0.8,3245282.0,12.9,18.7,31.0,0.37,0.0,0.3,1.0,0.768,0.311,0.139,0.895,0.357,0.529,Consumer Discretionary,2026-07-03,16.68,-10.43,98
CMDB,,50.7,En base (loin du pivot),21.32,515527663.0,44.9,-0.318,2.16,-7.3,-9.2,1392524.0,13.9,31.8,52.0,0.63,0.0,0.776,1.0,0.487,0.315,0.013,0.198,0.81,0.537,Industrials,2026-07-03,18.18,17.27,98
MAN,,50.7,En base (loin du pivot),54.36,2528042785.0,43.0,-0.483,2.82,-3.41,-4.16,48443109.0,14.9,21.1,8.0,0.87,0.0,0.7,1.0,0.63,0.433,0.0,0.366,0.603,0.503,Industrials,2026-07-03,38.79,40.14,98
CXW,,50.7,En base (loin du pivot),32.71,3234806025.0,48.8,-0.125,2.8,0.68,-4.83,79492369.0,10.5,22.0,76.0,0.0,0.0,0.705,1.0,0.143,0.026,0.437,0.462,0.675,0.65,Industrials,2026-07-03,31.03,5.41,98
LXFR,,50.7,Squeeze / VCP prêt à casser,17.23,461061722.0,50.2,-0.009,0.06,-0.06,-0.12,6366777.0,0.8,2.0,2.0,0.43,0.0,0.715,0.0,0.95,0.213,1.0,0.509,0.365,0.642,Industrials,2026-07-03,17.14,0.53,98
INN,,50.6,Setup en formation,6.04,651434917.0,59.3,0.046,1.17,0.83,7.47,7381792.0,14.6,22.0,13.0,0.0,0.0,0.307,1.0,0.825,0.5,0.0,0.511,0.563,0.512,Real Estate,2026-07-03,6.79,-11.05,98
MYE,,50.6,En base (loin du pivot),30.68,1154122388.0,43.6,0.01,-0.16,-1.95,0.2,9394750.0,17.7,22.2,2.0,0.75,0.0,0.708,1.0,0.882,0.877,0.0,0.098,0.444,0.409,Consumer Discretionary,2026-07-03,31.54,-2.73,98
ASST,,50.5,En base (loin du pivot),28.23,2849507575.0,56.0,-0.599,0.16,-6.24,5.77,251672686.0,12.0,65.8,1.0,0.0,0.0,1.0,0.0,0.752,0.5,0.25,0.5,0.873,0.0,Financials,2026-07-03,13.11,115.33,98
SWVL,,50.5,En base (loin du pivot),3.82,114599129.0,47.8,-0.163,4.95,-1.55,-46.2,1074620.0,54.9,84.1,77.0,1.0,0.0,1.0,0.0,0.538,0.591,0.0,0.714,0.817,0.0,Industrials,2026-09-02,3.83,-0.26,37
LKFT,,50.4,Setup en formation,29.51,1944622565.0,53.2,-0.002,-1.63,2.25,7.58,11174812.0,8.9,20.8,77.0,0.0,0.0,0.358,1.0,0.138,0.5,0.632,0.543,0.484,0.381,Health Care,2026-07-03,30.39,-2.9,98
KIDS,,50.4,En base (loin du pivot),21.76,568148987.0,43.2,-0.019,-3.2,0.32,0.37,4207993.0,18.6,27.7,1.0,0.62,0.0,0.714,1.0,0.931,0.611,0.0,0.106,0.643,0.379,Health Care,2026-07-03,19.95,9.07,98
LIFE,,50.3,En base (loin du pivot),36.22,2309367424.0,53.7,-0.157,3.49,11.21,-8.81,63771765.0,14.9,54.9,14.0,0.0,0.0,0.811,0.0,0.716,0.0,0.0,0.866,0.849,0.504,Financials,2026-09-03,36.8,-1.58,36
MEI,,50.3,Setup en formation,15.25,543587058.0,53.4,0.202,0.93,6.72,9.01,8911473.0,19.6,31.8,5.0,0.42,0.0,0.303,1.0,0.861,0.631,0.0,0.54,0.651,0.169,Information Technology,2026-07-03,15.3,-0.33,98
BME,,50.3,Setup en formation,42.98,573053114.0,36.6,-0.208,-0.19,-1.44,-2.51,1621343.0,6.9,8.4,63.0,0.66,0.0,0.7,0.403,0.268,0.332,0.89,0.304,0.429,0.771,Financials,2026-07-03,43.65,-1.53,98
VTS,,50.3,Setup en formation,17.17,722931123.0,53.9,-0.033,0.82,2.39,-3.48,8990896.0,7.7,21.0,63.0,0.13,0.0,0.015,1.0,0.453,0.063,0.789,0.874,0.579,0.352,Energy,2026-07-03,15.48,10.92,98
MCS,,50.2,En base (loin du pivot),27.16,837401438.0,45.4,-0.123,1.84,0.18,0.52,6106020.0,16.0,19.3,10.0,0.82,0.0,0.71,1.0,0.857,0.409,0.0,0.258,0.635,0.467,Communication Services,2026-07-03,23.2,17.07,98
BCML,,50.2,Setup en formation,30.84,336776408.0,54.6,0.07,0.13,-0.19,3.63,1762435.0,3.5,8.5,28.0,0.15,0.0,0.726,0.421,0.625,0.175,1.0,0.507,0.302,0.635,Financials,2026-07-03,33.46,-7.83,98
ZLAB,,50.2,Setup en formation,24.81,2785325117.0,47.0,-0.156,-1.98,-2.71,-1.08,20801134.0,9.8,34.8,4.0,0.66,0.0,0.808,0.842,0.739,0.345,0.527,0.357,0.651,0.101,Health Care,2026-07-03,19.12,29.76,98
CMRE,,50.1,Squeeze / VCP prêt à casser,15.29,1843802125.0,54.2,0.041,1.66,0.39,1.46,5326530.0,3.8,12.9,12.0,0.31,0.0,0.3,1.0,0.758,0.189,1.0,0.54,0.27,0.531,Industrials,2026-07-03,14.26,7.22,98
CPK,,50.1,Setup en formation,128.16,3089483273.0,46.8,0.019,0.26,3.08,-1.35,25353823.0,6.8,9.6,48.0,0.01,0.0,0.3,0.599,0.377,0.421,0.899,0.657,0.19,0.717,Utilities,2026-07-03,125.0,2.53,98
FENC,,49.8,Setup en formation,10.63,372411420.0,46.8,-0.01,2.61,2.9,-8.76,1528582.0,19.8,29.1,1.0,1.0,0.0,0.3,1.0,0.912,0.5,0.0,0.633,0.524,0.341,Health Care,2026-07-03,10.7,-0.65,98
FDUS,,49.8,Setup en formation,19.09,724548809.0,47.9,-0.033,1.43,-1.39,0.11,6235021.0,5.7,8.6,26.0,0.31,0.0,0.704,0.438,0.443,0.155,1.0,0.371,0.341,0.809,Financials,2026-07-03,19.33,-1.24,98
CWCO,,49.8,Setup en formation,30.33,485590131.0,66.2,0.337,0.26,5.28,7.14,2871897.0,9.4,19.1,83.0,0.0,0.0,0.022,1.0,0.25,0.5,0.57,0.779,0.492,0.287,Utilities,2026-07-03,29.44,3.02,98
RBCAA,,49.8,Setup en formation,92.35,1813213845.0,43.1,-0.113,0.5,0.15,-3.55,9701869.0,9.2,11.5,10.0,0.38,0.0,0.7,0.916,0.938,0.19,0.603,0.117,0.46,0.694,Financials,2026-07-03,91.5,0.93,98
STNE,,49.8,Momentum en formation,11.6,2861890137.0,71.7,0.281,0.78,23.14,18.13,66924271.0,3.8,25.8,99.0,0.0,0.18,0.367,1.0,0.005,0.5,1.0,0.667,0.683,0.05,Information Technology,2026-07-03,11.17,3.85,98
CLW,,49.8,En base (loin du pivot),19.51,314652676.0,42.7,-0.107,0.83,0.31,-2.06,2671020.0,17.3,22.7,43.0,0.97,0.0,0.7,1.0,0.496,0.488,0.0,0.358,0.619,0.423,Materials,2026-07-03,15.92,22.55,98
CSQ,,49.6,Squeeze / VCP prêt à casser,20.43,3246074117.0,47.1,-0.017,-0.39,0.54,-1.38,3926568.0,3.2,7.9,24.0,0.22,0.0,0.7,0.314,0.457,0.187,1.0,0.651,0.071,0.894,Financials,2026-07-03,20.52,-0.44,98
OCC,,49.6,En base (loin du pivot),15.71,138908197.0,52.2,0.13,-2.78,-9.45,14.67,2475796.0,16.7,38.0,42.0,1.0,0.0,0.95,0.665,0.666,0.63,0.0,0.5,0.635,0.0,Information Technology,2026-07-03,16.0,-1.81,98
AIO,,49.6,Squeeze / VCP prêt à casser,25.35,870543640.0,51.3,0.095,-0.59,0.76,-0.93,1892769.0,5.8,10.8,10.0,0.11,0.0,0.3,0.808,0.538,0.145,1.0,0.81,0.103,0.683,Financials,2026-07-03,27.04,-6.25,98
EDRY,,49.6,En base (loin du pivot),60.79,174260067.0,58.0,-0.507,7.96,9.08,-0.47,11822134.0,16.8,67.2,68.0,0.0,0.0,1.0,0.0,0.19,0.0,0.0,0.858,0.929,0.44,Industrials,2026-08-10,34.72,75.09,60
ANGI,,49.5,Setup en formation,6.28,254693256.0,69.7,0.081,2.95,7.17,33.05,4499483.0,1.3,33.0,48.0,0.22,0.09,0.257,0.943,0.368,0.612,1.0,0.349,0.706,0.0,Communication Services,2026-07-03,6.06,3.63,98
MYFW,,49.5,Setup en formation,30.1,293930383.0,43.6,-0.01,0.6,1.21,-2.08,1173178.0,9.3,11.5,10.0,0.86,0.0,0.3,0.923,0.852,0.533,0.586,0.428,0.23,0.587,Financials,2026-07-03,32.99,-8.76,98
ATNI,,49.5,En base (loin du pivot),28.41,437609372.0,46.8,-0.023,-0.91,2.38,-4.05,2417445.0,14.1,30.6,27.0,0.21,0.0,0.7,1.0,0.695,0.105,0.0,0.681,0.516,0.531,Communication Services,2026-07-03,24.81,14.51,98
CV,,49.4,Setup en formation,6.62,352154819.0,54.2,0.018,1.22,4.75,3.92,1831667.0,9.7,21.6,9.0,0.0,0.0,0.745,1.0,0.71,0.242,0.539,0.81,0.373,0.0,Health Care,2026-07-03,7.28,-9.07,98
ZIP,,49.4,Setup en formation,3.98,327260129.0,56.2,0.062,4.46,11.8,7.86,2426435.0,25.5,37.3,11.0,0.9,0.0,0.3,0.704,0.933,0.514,0.0,0.933,0.579,0.031,Communication Services,2026-07-03,3.96,0.51,98
SFST,,49.4,Setup en formation,60.4,572094002.0,45.7,0.026,0.92,0.87,-2.88,5458386.0,7.2,10.6,53.0,0.57,0.0,0.3,0.762,0.576,0.286,0.849,0.555,0.214,0.76,Financials,2026-07-03,61.19,-1.29,98
QMCO,quantique,49.4,En base (loin du pivot),29.18,1149983829.0,54.1,-0.18,-6.08,-8.5,20.38,57526948.0,18.1,71.4,60.0,0.02,0.0,1.0,0.0,0.238,0.377,0.0,0.5,0.921,0.395,Information Technology,2026-07-03,10.16,187.2,98
PBAM,,49.4,Setup en formation,85.43,489495789.0,39.2,-0.276,-0.62,-0.3,-5.66,12829026.0,7.2,9.3,63.0,0.0,0.0,0.7,0.555,0.219,0.0,0.846,0.342,0.603,0.759,Financials,2026-08-17,86.6,-1.35,53
BILL,,49.3,Setup en formation,44.98,3835749654.0,47.6,-0.007,2.23,2.74,-6.17,79144602.0,14.5,22.1,58.0,0.81,0.0,0.3,1.0,0.601,0.404,0.0,0.748,0.611,0.287,Information Technology,2026-07-03,40.48,11.12,98
JOE,,49.2,Setup en formation,65.25,3714711928.0,48.6,0.03,0.54,0.14,2.19,19143577.0,7.3,14.4,9.0,0.0,0.0,0.71,1.0,0.797,0.0,0.834,0.427,0.254,0.645,Real Estate,2026-07-03,61.33,6.39,98
RBB,,49.2,Setup en formation,25.88,437785148.0,38.7,-0.058,0.08,-1.3,-1.9,2637645.0,6.7,8.7,13.0,0.81,0.0,0.3,0.442,0.781,0.715,0.912,0.035,0.325,0.74,Financials,2026-07-03,27.13,-4.61,98
HITI,,49.1,Setup en formation,2.58,229987944.0,46.2,-0.02,-5.49,-3.37,0.39,2616359.0,9.5,28.1,52.0,0.0,0.0,0.858,1.0,0.292,0.5,0.566,0.274,0.635,0.0,Health Care,2026-07-03,2.3,12.17,98
PPHC,,49.1,En base (loin du pivot),10.9,325858650.0,49.1,-0.092,2.06,3.61,-3.23,3652880.0,17.8,27.3,50.0,0.0,0.0,0.7,1.0,0.517,0.5,0.0,0.802,0.444,0.09,Industrials,2026-09-02,10.95,-0.46,37
RMBI,,49.1,Momentum en formation,15.36,257418947.0,48.4,0.002,0.92,2.71,-1.79,2270609.0,5.5,10.0,54.0,0.0,0.0,0.3,0.672,0.282,0.0,1.0,0.755,0.302,0.782,Financials,2026-07-15,15.26,0.66,86
ALLT,,49.1,Setup en formation,8.08,395298640.0,47.6,-0.045,-0.62,-3.81,7.45,2903366.0,8.3,17.0,25.0,0.0,0.0,0.801,1.0,0.717,0.227,0.714,0.352,0.619,0.0,Information Technology,2026-07-03,8.43,-4.15,98
GRDN,,49.0,En base (loin du pivot),41.6,2635039846.0,49.1,-0.301,2.26,1.86,-4.13,30920277.0,13.9,25.7,85.0,0.0,0.0,0.7,1.0,0.37,0.0,0.009,0.766,0.595,0.536,Health Care,2026-07-03,42.0,-0.95,98
ALVO,,49.0,En base (loin du pivot),5.67,2213746492.0,53.4,-0.05,-3.08,0.89,8.83,7787436.0,13.2,46.6,45.0,0.0,0.0,1.0,0.191,0.329,0.5,0.104,0.53,0.897,0.0,Health Care,2026-07-03,3.61,57.06,98
MRVI,,49.0,En base (loin du pivot),7.21,1872246836.0,46.8,-0.019,-2.96,-3.87,3.74,20153879.0,23.5,42.6,21.0,0.76,0.0,0.911,0.413,0.615,0.656,0.0,0.298,0.73,0.218,Health Care,2026-07-03,6.04,19.37,98
MLR,,48.9,En base (loin du pivot),52.8,599395315.0,41.0,-0.113,-0.47,-0.73,-3.58,4398987.0,11.2,18.1,5.0,0.59,0.0,0.7,1.0,0.936,0.293,0.347,0.033,0.54,0.626,Consumer Discretionary,2026-07-03,49.01,7.73,98
NMAX,,48.9,Setup en formation,10.36,1338104282.0,49.7,-0.114,3.6,4.96,-2.45,12640250.0,14.5,38.0,20.0,0.0,0.0,0.041,0.667,0.798,0.288,0.0,0.842,0.738,0.397,Communication Services,2026-07-03,8.99,15.24,98
XFLT,,48.9,Squeeze / VCP prêt à casser,18.99,673547423.0,45.3,-0.062,0.11,-0.99,-0.86,1928672.0,3.1,9.1,4.0,0.0,0.0,0.741,0.52,0.865,0.0,1.0,0.206,0.603,0.485,Financials,2026-07-03,17.79,6.75,98
NTGR,,48.8,Setup en formation,23.2,630553287.0,58.4,0.135,0.43,1.31,11.32,7631898.0,6.3,18.3,3.0,0.41,0.0,0.034,1.0,0.944,0.631,0.962,0.528,0.333,0.0,Information Technology,2026-07-03,21.5,7.91,98
CION,,48.8,Setup en formation,6.96,342450820.0,45.2,-0.036,1.02,-2.66,-2.64,2276782.0,8.2,25.2,21.0,1.0,0.0,0.013,1.0,0.872,0.5,0.723,0.506,0.476,0.189,Financials,2026-07-03,6.39,8.92,98
EFT,,48.7,Momentum en formation,10.61,308649303.0,52.6,0.017,-0.09,-1.21,0.87,1445498.0,2.2,5.0,79.0,0.0,0.0,0.306,0.0,0.124,0.5,1.0,0.8,0.103,0.861,Financials,2026-08-19,10.89,-2.57,51
RWAY,,48.7,Setup en formation,6.46,270737980.0,45.7,-0.055,1.89,-2.42,-1.22,2116806.0,5.1,24.3,27.0,1.0,0.0,0.051,1.0,0.681,0.5,1.0,0.254,0.571,0.186,Financials,2026-07-03,5.49,17.67,98
DCTH,,48.7,En base (loin du pivot),15.04,521869877.0,40.5,-0.117,-2.21,-2.4,-5.88,5918380.0,13.7,33.2,21.0,0.97,0.0,0.723,0.931,0.641,0.529,0.042,0.04,0.651,0.545,Health Care,2026-07-03,13.2,13.94,98
AGYS,,48.6,Setup en formation,102.59,2893631791.0,49.6,0.548,0.66,2.27,-3.31,24247276.0,15.6,23.0,5.0,0.54,0.0,0.3,1.0,0.862,0.469,0.0,0.858,0.548,0.021,Information Technology,2026-07-03,110.81,-7.42,98
SDRL,,48.6,Setup en formation,45.62,2853140630.0,47.8,-0.143,2.15,1.24,-5.0,28867151.0,10.7,19.0,33.0,0.29,0.0,0.3,1.0,0.615,0.393,0.415,0.714,0.317,0.408,Energy,2026-07-03,39.87,14.42,98
WASH,,48.5,Setup en formation,37.35,712425889.0,40.8,-0.08,-0.24,-1.14,-3.69,4784395.0,6.5,8.4,36.0,0.63,0.0,0.7,0.399,0.486,0.314,0.939,0.039,0.468,0.784,Financials,2026-07-03,35.56,5.03,98
KROS,,48.5,Squeeze / VCP prêt à casser,11.64,230788468.0,56.1,-0.018,3.84,3.37,2.92,2317183.0,3.4,19.6,15.0,0.11,0.0,0.039,1.0,0.631,0.232,1.0,0.549,0.69,0.0,Health Care,2026-07-03,11.26,3.37,98
AERO,,48.4,Squeeze / VCP prêt à casser,15.78,2302355794.0,51.7,0.048,-3.37,5.76,0.38,5699039.0,5.7,21.4,25.0,0.0,0.0,0.038,1.0,0.523,0.5,1.0,0.845,0.27,0.0,Industrials,2026-07-03,17.49,-9.78,98
WT,,48.3,En base (loin du pivot),22.68,3436294677.0,40.9,-0.143,-2.95,-5.62,-5.1,68470048.0,12.5,30.2,10.0,0.0,0.0,0.818,1.0,0.783,0.199,0.192,0.0,0.706,0.584,Financials,2026-07-03,18.04,25.72,98
CEVA,semiconducteurs,48.3,En base (loin du pivot),33.66,947666064.0,52.2,0.15,-5.13,-5.24,19.79,21244101.0,14.7,36.0,47.0,0.77,0.0,0.897,0.776,0.535,0.883,0.0,0.5,0.389,0.0,Information Technology,2026-07-03,40.42,-16.72,98
HAFC,,48.3,Squeeze / VCP prêt à casser,31.28,927280450.0,45.0,-0.046,-0.32,0.22,-0.57,7989140.0,4.3,7.7,8.0,0.16,0.0,0.7,0.29,0.603,0.147,1.0,0.505,0.183,0.807,Financials,2026-07-03,32.49,-3.72,98
BUUU,,48.2,En base (loin du pivot),40.83,769543425.0,55.0,-1.133,9.99,5.37,6.63,4297756.0,22.8,61.2,30.0,0.0,0.0,1.0,0.0,0.419,0.064,0.0,0.817,0.913,0.239,Industrials,2026-07-16,19.86,105.59,85
DEC,,48.1,Setup en formation,14.1,1082263703.0,52.0,0.028,0.5,4.99,-6.5,11668407.0,11.3,20.4,33.0,0.28,0.0,0.3,1.0,0.743,0.141,0.342,0.968,0.397,0.253,Energy,2026-07-03,14.3,-1.4,98
FVCB,,48.1,Setup en formation,17.56,316680640.0,41.1,-0.025,0.52,-0.23,-3.99,1247336.0,8.1,10.2,58.0,0.68,0.0,0.3,0.696,0.491,0.371,0.736,0.314,0.405,0.73,Financials,2026-07-03,17.47,0.52,98
BWB,,48.1,Setup en formation,20.38,568272313.0,42.3,-0.018,0.84,-0.2,-4.18,2113889.0,9.9,13.0,20.0,1.0,0.0,0.3,1.0,0.632,0.5,0.512,0.329,0.278,0.67,Financials,2026-07-03,21.46,-5.03,98
ATEC,,48.0,Setup en formation,10.35,1598568637.0,54.6,-0.006,0.98,4.55,15.13,25656690.0,6.2,22.0,6.0,0.0,0.0,0.123,1.0,0.768,0.0,0.979,0.542,0.786,0.0,Health Care,2026-07-03,8.92,16.03,98
CHCO,,48.0,Setup en formation,140.61,1974889948.0,45.5,-0.008,0.39,-0.55,-2.33,19411253.0,5.6,7.6,38.0,0.0,0.0,0.7,0.263,0.406,0.0,1.0,0.265,0.54,0.813,Financials,2026-07-03,134.85,4.27,98
AAT,,48.0,Setup en formation,21.61,1326945043.0,46.5,0.038,0.7,1.03,0.14,10896676.0,8.8,11.2,6.0,0.0,0.0,0.3,0.874,0.776,0.5,0.65,0.618,0.111,0.483,Real Estate,2026-07-03,25.51,-15.29,98
FCCO,,47.9,Setup en formation,32.44,304927274.0,41.5,-0.035,0.34,-0.09,-4.5,2257177.0,7.8,11.9,61.0,0.0,0.0,0.3,0.976,0.357,0.459,0.78,0.323,0.238,0.707,Financials,2026-07-03,32.93,-1.49,98
NNDM,new_tech|robotique,47.8,Setup en formation,1.56,328908857.0,48.0,-0.002,0.65,-3.7,4.0,2504962.0,7.7,13.0,3.0,0.92,0.0,0.031,1.0,0.97,0.867,0.788,0.377,0.294,0.0,Information Technology,2026-07-03,1.45,7.59,98
DDD,,47.7,En base (loin du pivot),3.35,556592540.0,46.3,-0.021,-1.76,-5.37,-0.89,8621258.0,14.1,34.6,17.0,0.55,0.0,0.84,0.855,0.715,0.368,0.0,0.268,0.635,0.377,Information Technology,2026-07-03,2.8,19.64,98
ABCL,,47.7,En base (loin du pivot),12.02,3893344459.0,46.3,-0.213,-6.31,-13.59,8.78,72632490.0,19.9,64.4,30.0,0.8,0.0,1.0,0.0,0.523,0.537,0.0,0.269,0.849,0.335,Health Care,2026-07-03,8.11,48.21,98
ANIK,,47.7,En base (loin du pivot),19.23,257354436.0,40.9,-0.159,-1.54,-0.67,-7.9,1830542.0,16.0,27.9,60.0,0.59,0.0,0.7,1.0,0.564,0.296,0.0,0.33,0.635,0.468,Health Care,2026-07-03,15.36,25.2,98
TWFG,,47.7,Setup en formation,25.52,1379401783.0,47.7,0.117,1.96,3.11,-5.31,4130180.0,18.5,24.3,68.0,0.25,0.0,0.3,1.0,0.59,0.277,0.0,0.777,0.548,0.384,Financials,2026-07-03,25.8,-1.09,98
IMKTA,,47.6,Setup en formation,85.59,1625728642.0,56.7,0.299,0.69,1.22,5.92,9743035.0,7.7,13.7,13.0,0.31,0.0,0.312,1.0,0.82,0.156,0.783,0.5,0.198,0.662,Consumer Staples,2026-07-03,90.17,-5.08,98
AYA,,47.6,En base (loin du pivot),26.32,3791031942.0,45.3,-0.285,0.69,-2.19,-11.94,36153727.0,14.2,37.7,12.0,0.0,0.0,0.759,0.686,0.894,0.0,0.0,0.51,0.683,0.527,Materials,2026-07-03,19.62,34.15,98
TGB,,47.5,En base (loin du pivot),8.31,3041653773.0,45.5,-0.049,-2.46,0.0,-6.94,43997614.0,15.4,33.2,11.0,0.58,0.0,0.788,0.933,0.595,0.366,0.0,0.219,0.619,0.487,Materials,2026-07-03,6.93,19.91,98
KLIC,semiconducteurs,47.5,En base (loin du pivot),90.92,4757763136.0,50.4,0.629,-4.24,-5.32,8.8,68747670.0,11.8,26.9,49.0,0.5,0.0,0.829,1.0,0.492,0.749,0.271,0.5,0.278,0.0,Information Technology,2026-07-28,98.22,-7.43,73
SHLS,equipement_electrique,47.5,Setup en formation,8.42,1417085579.0,59.6,0.118,0.36,3.57,19.26,32967440.0,12.7,31.4,40.0,0.7,0.0,0.344,1.0,0.666,0.852,0.168,0.539,0.405,0.0,Information Technology,2026-07-03,9.95,-15.38,98
IBCP,,47.5,Setup en formation,35.76,793846789.0,45.2,0.034,0.59,0.53,-2.72,7247508.0,8.2,10.9,40.0,0.21,0.0,0.3,0.82,0.455,0.287,0.725,0.51,0.254,0.727,Financials,2026-07-03,36.04,-0.78,98
EXTR,,47.5,Setup en formation,24.18,3195887405.0,60.9,0.454,-1.71,10.06,12.67,36167288.0,25.4,35.9,42.0,0.27,0.0,0.3,0.781,0.64,0.636,0.0,0.897,0.452,0.056,Information Technology,2026-07-03,29.8,-18.86,98
SDGR,,47.5,En base (loin du pivot),26.39,1974120523.0,49.7,-0.592,-3.3,-13.36,37.45,99104304.0,21.9,56.4,89.0,0.0,0.0,1.0,0.0,0.067,0.5,0.0,0.479,0.881,0.271,Health Care,2026-07-03,16.88,56.34,98
TDW,,47.4,Setup en formation,84.7,4214352766.0,47.2,-0.138,1.56,3.07,-8.99,49411501.0,16.6,29.8,25.0,0.43,0.0,0.3,1.0,0.852,0.216,0.0,0.721,0.5,0.446,Energy,2026-07-03,68.12,24.34,98
BNC,,47.4,En base (loin du pivot),5.1,209986635.0,48.8,-0.173,-8.11,-14.72,15.12,10379402.0,26.5,67.1,49.0,0.63,0.0,1.0,0.0,0.38,0.705,0.0,0.422,0.857,0.0,Industrials,2026-07-03,2.7,88.89,98
PMVP,,47.4,En base (loin du pivot),1.49,112517994.0,50.9,-0.001,-0.67,-14.86,8.36,1534579.0,22.0,45.5,98.0,0.0,0.0,1.0,0.247,0.014,0.5,0.0,0.5,0.778,0.267,Health Care,2026-09-15,1.46,2.05,24
KODK,,47.4,Setup en formation,9.59,938861000.0,50.5,0.005,-2.04,-2.64,6.44,8023500.0,7.0,20.7,3.0,0.42,0.0,0.777,1.0,0.834,0.209,0.877,0.5,0.325,0.0,Industrials,2026-07-03,8.47,13.22,98
DEA,,47.3,Setup en formation,23.22,1098807947.0,45.3,0.05,1.0,-0.04,-3.17,12732427.0,7.9,10.5,47.0,0.0,0.0,0.3,0.752,0.499,0.5,0.763,0.533,0.063,0.703,Real Estate,2026-07-03,25.54,-9.08,98
BBDC,,47.2,Setup en formation,8.53,893149721.0,41.0,-0.022,0.59,-1.95,-2.51,4689910.0,8.0,14.5,15.0,0.82,0.0,0.3,1.0,0.767,0.412,0.748,0.044,0.325,0.733,Financials,2026-07-03,8.57,-0.47,98
OBK,,47.1,Squeeze / VCP prêt à casser,52.47,1618682605.0,43.5,-0.099,0.29,-0.29,-2.16,9597935.0,5.1,7.7,25.0,0.25,0.0,0.7,0.276,0.594,0.127,1.0,0.126,0.437,0.828,Financials,2026-07-03,51.37,2.14,98
NIC,,47.1,Setup en formation,164.03,3437660857.0,43.2,-0.218,1.32,0.25,-3.87,26919845.0,8.7,10.8,17.0,0.36,0.0,0.3,0.807,0.656,0.237,0.665,0.375,0.365,0.711,Financials,2026-07-03,166.72,-1.61,98
CII,,47.0,Squeeze / VCP prêt à casser,24.03,3574762178.0,47.5,0.016,-0.46,0.17,-0.32,1602320.0,3.8,7.2,1.0,0.76,0.0,0.3,0.2,0.794,0.379,1.0,0.653,0.008,0.781,Financials,2026-07-03,25.66,-6.35,98
UROY,production_energie,47.0,En base (loin du pivot),4.05,1529589076.0,46.4,-0.029,-3.22,4.51,-15.52,19268391.0,18.6,38.4,33.0,0.0,0.0,0.708,0.647,0.664,0.5,0.0,0.665,0.524,0.115,Energy,2026-07-03,2.81,44.13,98
TRNS,,47.0,En base (loin du pivot),86.4,811148602.0,46.4,0.156,-2.69,-4.19,3.6,11112266.0,13.6,20.9,32.0,0.16,0.0,0.731,1.0,0.707,0.58,0.05,0.276,0.278,0.547,Industrials,2026-07-03,89.03,-2.95,98
CMRC,,47.0,En base (loin du pivot),3.22,266805951.0,54.7,-0.024,-4.73,-0.62,23.85,2801335.0,13.7,47.7,6.0,0.94,0.0,0.512,0.127,0.906,0.499,0.041,0.818,0.698,0.0,Information Technology,2026-07-03,3.15,2.22,98
WTTR,,47.0,En base (loin du pivot),19.6,2714224327.0,46.5,-0.055,1.4,-2.15,-4.39,40085273.0,12.8,20.8,11.0,0.0,0.0,0.7,1.0,0.699,0.242,0.152,0.316,0.468,0.574,Energy,2026-07-03,17.99,8.95,98
FSUN,,46.9,Squeeze / VCP prêt à casser,38.9,1812116550.0,46.2,-0.049,1.09,0.26,-2.53,15993868.0,5.9,8.8,16.0,0.0,0.0,0.7,0.462,0.587,0.0,1.0,0.304,0.381,0.729,Financials,2026-07-03,38.98,-0.21,98
ALRS,,46.9,Setup en formation,31.66,789205473.0,41.4,-0.01,-1.19,-0.22,-2.81,6476278.0,7.3,16.3,25.0,0.08,0.0,0.7,1.0,0.56,0.038,0.833,0.038,0.421,0.756,Financials,2026-07-03,31.11,1.77,98
INTT,,46.8,Setup en formation,14.39,184563061.0,67.6,0.439,-1.71,20.22,23.84,1618890.0,6.9,33.4,100.0,0.47,0.25,0.423,0.924,0.048,0.735,0.885,0.733,0.413,0.065,Information Technology,2026-07-03,15.7,-8.34,98
OPLN,,46.8,Setup en formation,35.68,4355452783.0,55.2,0.158,2.56,2.32,1.25,41854619.0,16.4,22.4,11.0,0.38,0.0,0.3,1.0,0.926,0.482,0.0,0.547,0.381,0.439,Consumer Discretionary,2026-07-03,40.6,-12.12,98
HTFL,,46.7,En base (loin du pivot),47.63,4141601254.0,48.6,-0.526,-3.5,-2.62,2.06,99985088.0,12.3,54.1,1.0,0.02,0.0,1.0,0.0,0.712,0.011,0.211,0.427,0.754,0.589,Health Care,2026-07-03,27.97,70.29,98
SENS,,46.6,En base (loin du pivot),9.02,476923958.0,44.1,-0.16,-1.53,-9.44,3.44,7198806.0,15.2,54.2,32.0,0.07,0.0,1.0,0.0,0.626,0.533,0.0,0.134,0.762,0.492,Health Care,2026-07-03,5.48,64.6,98
NBTB,,46.6,Setup en formation,50.53,2625541882.0,45.4,-0.047,0.7,-0.41,-1.21,19765407.0,6.4,8.4,16.0,0.0,0.0,0.7,0.392,0.638,0.0,0.954,0.244,0.413,0.781,Financials,2026-07-03,50.08,0.9,98
BALY,,46.5,Cup & Handle probable,13.97,705059222.0,66.0,0.141,1.09,0.14,57.5,1742303.0,5.4,42.9,83.0,0.0,0.0,0.6,0.397,0.338,0.355,1.0,0.461,0.611,0.0,Consumer Discretionary,2026-07-03,14.7,-4.97,98
FRST,,46.3,Setup en formation,15.33,380169774.0,40.1,-0.023,0.52,-0.39,-3.95,2276405.0,9.2,12.1,35.0,0.53,0.0,0.3,1.0,0.535,0.433,0.602,0.303,0.23,0.694,Financials,2026-07-03,15.82,-3.1,98
NRC,,46.3,Setup en formation,20.42,451681538.0,47.2,-0.062,1.14,-4.22,-1.66,2591037.0,10.5,19.4,48.0,0.15,0.0,0.3,1.0,0.479,0.29,0.441,0.353,0.492,0.564,Health Care,2026-07-03,22.4,-8.84,98
BVS,,46.2,En base (loin du pivot),12.69,1067125957.0,39.9,-0.094,-0.63,-5.65,-6.9,5857402.0,20.2,22.4,14.0,1.0,0.0,0.732,1.0,0.853,0.599,0.0,0.0,0.579,0.328,Health Care,2026-07-03,10.48,21.09,98
CURI,,46.2,Setup en formation,2.94,174453802.0,55.0,-0.004,-0.34,0.34,13.08,1614876.0,29.7,45.0,3.0,1.0,0.0,0.416,0.277,0.981,0.69,0.0,0.535,0.714,0.0,Communication Services,2026-07-03,2.91,1.03,98
AVNW,,46.1,Setup en formation,20.42,262573245.0,51.2,0.103,-2.02,1.44,7.19,2466417.0,14.9,22.7,2.0,0.83,0.0,0.007,1.0,0.986,0.544,0.0,0.814,0.389,0.186,Information Technology,2026-07-03,21.17,-3.54,98
GPRE,,46.1,Setup en formation,15.06,1055635640.0,48.7,0.053,-1.83,0.87,-3.71,20839517.0,14.7,24.0,1.0,0.52,0.0,0.3,1.0,0.995,0.758,0.0,0.72,0.119,0.221,Materials,2026-07-03,15.51,-2.9,98
KRNY,,46.1,Setup en formation,9.2,597350314.0,39.9,-0.02,0.99,0.0,-5.45,4929510.0,10.2,12.6,66.0,0.6,0.0,0.3,1.0,0.411,0.299,0.48,0.336,0.421,0.661,Financials,2026-07-03,9.37,-1.81,98
TLYS,,46.1,En base (loin du pivot),4.44,135807457.0,52.2,-0.01,0.23,-1.77,9.36,1689187.0,29.0,43.2,33.0,1.0,0.0,0.866,0.378,0.8,0.609,0.0,0.5,0.571,0.035,Consumer Discretionary,2026-07-03,3.94,12.69,98
EVTC,,46.1,Setup en formation,29.34,1753139582.0,56.7,0.246,1.31,7.12,-1.31,13550427.0,14.7,22.4,16.0,0.0,0.0,0.3,1.0,0.778,0.0,0.0,0.9,0.444,0.509,Information Technology,2026-07-03,29.63,-0.98,98
SCL,,46.1,Setup en formation,61.04,1387594242.0,42.8,-0.246,-0.46,-0.8,-1.23,10454037.0,8.0,9.6,25.0,0.0,0.0,0.724,0.598,0.597,0.0,0.753,0.051,0.603,0.724,Materials,2026-07-03,56.75,7.56,98
TLX,,46.1,Setup en formation,11.01,3729935309.0,46.5,-0.074,-0.99,2.71,-10.78,5983252.0,16.0,25.3,52.0,0.0,0.0,0.3,1.0,0.516,0.5,0.0,0.656,0.349,0.466,Health Care,2026-07-03,11.87,-7.25,98
GLAD,,46.0,Squeeze / VCP prêt à casser,18.99,429042380.0,44.8,-0.057,1.44,-2.16,-1.85,3103441.0,5.2,9.8,6.0,0.36,0.0,0.7,0.63,0.812,0.181,1.0,0.178,0.087,0.826,Financials,2026-07-03,19.54,-2.81,98
PKBK,,46.0,Setup en formation,32.65,384011996.0,40.7,-0.099,1.02,0.52,-3.18,1332955.0,8.0,10.8,78.0,0.72,0.0,0.3,0.793,0.27,0.359,0.752,0.322,0.317,0.734,Financials,2026-07-03,32.93,-0.85,98
CNMD,,45.9,En base (loin du pivot),45.11,1351100797.0,43.8,-0.092,1.99,-1.79,-3.88,16919613.0,15.9,18.1,8.0,0.62,0.0,0.7,1.0,0.757,0.382,0.0,0.11,0.595,0.469,Health Care,2026-07-03,33.83,33.34,98
AGEN,,45.9,En base (loin du pivot),7.54,340520847.0,44.8,-0.178,-0.4,-9.48,9.91,9821676.0,26.9,38.3,67.0,0.68,0.0,1.0,0.649,0.2,0.64,0.0,0.178,0.746,0.104,Health Care,2026-07-03,3.49,116.05,98
BWMX,,45.8,Setup en formation,16.28,642816663.0,48.7,-0.035,0.37,-0.73,4.96,1140734.0,6.8,13.3,43.0,0.56,0.0,0.308,1.0,0.637,0.281,0.895,0.421,0.159,0.54,Consumer Discretionary,2026-07-24,17.31,-5.95,77
FNLC,,45.7,Setup en formation,33.44,377281450.0,43.1,-0.05,0.39,0.37,-3.36,1499964.0,6.8,9.6,60.0,0.0,0.0,0.3,0.607,0.24,0.16,0.894,0.377,0.405,0.772,Financials,2026-07-03,35.04,-4.57,98
GCTS,,45.7,En base (loin du pivot),2.1,193136425.0,51.6,-0.006,1.94,-1.87,15.38,3168212.0,21.9,37.9,9.0,0.83,0.0,0.762,0.671,0.885,0.606,0.0,0.5,0.484,0.0,Information Technology,2026-07-03,2.62,-19.85,98
HNST,,45.6,En base (loin du pivot),4.97,533203364.0,41.3,-0.057,0.81,-1.0,-8.64,8698820.0,17.3,40.4,12.0,1.0,0.0,0.74,0.532,0.929,0.5,0.0,0.047,0.683,0.423,Consumer Staples,2026-07-03,3.9,27.44,98
TPC,,45.5,Setup en formation,84.24,4428422416.0,45.7,0.248,-1.94,1.18,-4.36,39507804.0,17.6,22.1,2.0,1.0,0.0,0.3,1.0,0.922,0.5,0.0,0.541,0.325,0.414,Industrials,2026-07-03,76.75,9.76,98
HIFS,,45.5,Setup en formation,290.61,624055914.0,46.3,-1.038,1.63,2.38,-5.14,11439051.0,9.7,13.3,56.0,0.69,0.0,0.3,1.0,0.506,0.344,0.535,0.634,0.143,0.545,Financials,2026-07-03,317.18,-8.38,98
SD,,45.4,Setup en formation,14.07,521649415.0,53.0,-0.005,2.55,3.76,-4.29,5484267.0,7.7,15.1,62.0,0.0,0.0,0.3,1.0,0.461,0.0,0.783,0.904,0.254,0.305,Energy,2026-07-03,13.24,6.27,98
CGNT,,45.4,Setup en formation,8.73,645150326.0,53.7,0.033,0.11,0.81,7.12,4690866.0,8.1,16.8,1.0,0.32,0.0,0.002,1.0,0.938,0.658,0.743,0.53,0.246,0.031,Information Technology,2026-07-03,8.99,-2.89,98
FTK,,45.3,En base (loin du pivot),27.22,985920077.0,44.8,-0.244,-2.99,-8.63,-2.37,14253768.0,31.4,44.5,29.0,0.65,0.0,0.831,0.303,0.734,0.827,0.0,0.177,0.706,0.0,Energy,2026-07-03,22.19,22.67,98
TILE,,45.3,Setup en formation,34.83,2013190022.0,45.8,0.073,-0.14,1.1,0.93,17823217.0,13.9,17.7,1.0,0.07,0.0,0.3,1.0,0.971,0.036,0.009,0.552,0.571,0.536,Consumer Discretionary,2026-07-03,35.67,-2.35,98
PDS,,45.2,Setup en formation,84.29,1060997846.0,48.5,0.143,0.87,0.58,-6.28,9432766.0,10.9,22.2,14.0,0.28,0.0,0.3,1.0,0.654,0.244,0.39,0.713,0.294,0.373,Energy,2026-07-03,75.69,11.36,98
IPAR,,45.2,Setup en formation,111.6,3574077160.0,44.6,-0.26,0.54,-0.22,0.7,26207552.0,12.9,15.5,18.0,0.3,0.0,0.3,1.0,0.758,0.539,0.142,0.175,0.444,0.565,Consumer Staples,2026-07-03,119.39,-6.52,98
MTUS,,45.2,Setup en formation,19.64,814063938.0,50.4,0.162,-1.65,1.13,-0.05,6517104.0,13.0,19.5,37.0,0.53,0.0,0.321,1.0,0.622,0.43,0.122,0.511,0.302,0.566,Materials,2026-07-03,17.5,12.23,98
CAAP,,45.0,Setup en formation,24.4,4031347162.0,49.6,0.001,-1.53,0.49,-0.25,8072598.0,7.3,19.5,51.0,0.0,0.0,0.782,1.0,0.345,0.0,0.843,0.475,0.246,0.438,Industrials,2026-07-03,25.23,-3.29,98
SFNC,,44.9,Setup en formation,22.38,3234218598.0,43.4,-0.051,0.77,-1.54,-1.44,33373382.0,7.1,8.8,10.0,0.21,0.0,0.3,0.473,0.615,0.606,0.86,0.095,0.198,0.763,Financials,2026-07-03,22.84,-2.01,98
ITRN,,44.9,Setup en formation,51.78,1030089572.0,49.9,0.127,-0.8,0.9,1.88,5092959.0,8.9,13.1,5.0,0.9,0.0,0.3,1.0,0.971,0.457,0.64,0.522,0.135,0.239,Information Technology,2026-07-03,57.14,-9.38,98
NIE,,44.9,Momentum en formation,25.32,701590994.0,51.6,0.04,-0.63,1.69,-0.12,2178720.0,3.9,6.8,28.0,0.0,0.0,0.3,0.132,0.518,0.014,1.0,0.882,0.063,0.865,Financials,2026-07-03,26.43,-4.2,98
ELME,,44.8,Setup en formation,1.75,155501295.0,60.9,0.002,0.0,-0.57,5.42,2353660.0,0.6,9.1,51.0,0.0,0.0,0.065,0.515,0.493,0.5,1.0,0.5,0.556,0.0,Real Estate,2026-07-03,1.59,10.06,98
VIOT,,44.8,En base (loin du pivot),1.56,105021899.0,57.3,-0.011,1.96,-17.89,44.44,1294411.0,29.7,70.3,79.0,1.0,0.0,0.6,0.0,0.124,0.676,0.0,0.5,0.96,0.0,Consumer Discretionary,2026-09-29,1.59,-1.89,10
MLKN,,44.8,Setup en formation,20.77,1428971742.0,48.3,0.132,0.58,3.08,-4.06,15611415.0,15.3,21.5,5.0,0.0,0.0,0.3,1.0,0.65,0.0,0.0,0.745,0.556,0.491,Consumer Discretionary,2026-07-03,21.42,-3.03,98
IA,,44.7,Setup en formation,19.2,343664122.0,51.7,0.165,-1.79,3.17,5.96,4742363.0,23.8,31.6,7.0,0.54,0.0,0.3,1.0,0.957,0.272,0.0,0.828,0.516,0.0,Industrials,2026-08-20,21.68,-11.44,50
MBWM,,44.6,Setup en formation,58.2,1006125807.0,41.4,-0.165,0.29,-1.19,-3.53,7010138.0,7.5,8.6,44.0,0.37,0.0,0.7,0.438,0.633,0.185,0.807,0.036,0.413,0.748,Financials,2026-07-03,57.81,0.67,98
TARS,,44.6,En base (loin du pivot),72.22,3379295707.0,42.1,-0.842,-1.89,-4.29,-12.75,57013479.0,21.1,37.6,7.0,0.51,0.0,0.749,0.687,0.843,0.256,0.0,0.308,0.667,0.297,Health Care,2026-07-03,65.44,10.36,98
APEI,,44.6,Setup en formation,47.77,874264709.0,65.0,0.75,3.74,10.17,6.08,12088627.0,13.1,27.1,70.0,0.43,0.0,0.3,1.0,0.37,0.329,0.119,0.911,0.341,0.252,Consumer Staples,2026-07-03,56.72,-15.78,98
PLPC,equipement_electrique,44.5,En base (loin du pivot),397.27,1942134246.0,43.2,-1.901,-1.83,-2.4,-3.21,30645388.0,21.2,33.0,4.0,0.75,0.0,0.735,0.943,0.976,0.417,0.0,0.08,0.587,0.292,Industrials,2026-07-03,368.77,7.73,98
RYZ,,44.5,Setup en formation,25.94,1346251059.0,55.1,0.345,-1.03,5.83,0.93,12137984.0,11.3,21.3,22.0,0.19,0.0,0.3,1.0,0.777,0.093,0.339,0.81,0.278,0.388,Industrials,2026-07-03,24.03,7.95,98
DC,,44.4,En base (loin du pivot),5.91,792962377.0,47.2,-0.082,5.35,-1.17,-0.67,9909956.0,15.6,37.6,41.0,0.0,0.0,0.735,0.69,0.421,0.5,0.0,0.361,0.492,0.384,Materials,2026-07-03,4.48,31.92,98
CTO,,44.4,Setup en formation,20.56,770700934.0,47.8,0.028,1.03,1.03,-2.19,8900717.0,6.9,9.1,7.0,0.0,0.0,0.3,0.517,0.608,0.0,0.884,0.691,0.167,0.739,Real Estate,2026-07-03,21.57,-4.68,98
FSLY,,44.4,En base (loin du pivot),25.29,4028697000.0,51.3,-0.119,0.04,-4.17,11.36,204131826.0,19.3,36.9,9.0,0.0,0.0,0.855,0.726,0.602,0.168,0.0,0.522,0.706,0.088,Information Technology,2026-07-03,18.13,39.49,98
PENG,memoire|semiconducteurs,44.4,Étendu (déjà parti),71.57,3667439967.0,72.4,2.064,-1.43,30.17,40.17,224390767.0,6.0,40.1,56.0,0.0,0.67,0.976,0.553,0.267,0.5,1.0,0.637,0.905,0.322,Information Technology,2026-07-03,61.47,16.43,98
BFH,,44.4,Setup en formation,100.73,3869972866.0,46.0,-0.257,3.16,3.91,-6.21,64727674.0,11.9,17.6,66.0,0.0,0.0,0.3,1.0,0.343,0.109,0.268,0.618,0.429,0.605,Financials,2026-07-03,102.21,-1.45,98
CBK,,44.3,Setup en formation,31.53,432001043.0,39.3,-0.025,0.91,0.19,-6.16,1260521.0,11.6,13.6,59.0,0.87,0.0,0.3,1.0,0.366,0.499,0.305,0.34,0.302,0.615,Financials,2026-07-03,33.4,-5.6,98
VPG,,44.3,Setup en formation,72.25,962401068.0,51.6,1.047,-4.1,-3.78,14.21,22663039.0,29.2,42.2,39.0,1.0,0.0,0.31,0.432,0.75,1.0,0.0,0.5,0.46,0.0,Information Technology,2026-07-03,121.59,-40.58,98
TH,,44.3,En base (loin du pivot),18.33,1826097344.0,43.3,-0.342,0.38,-10.5,-4.53,48320997.0,15.8,35.3,43.0,0.0,0.0,0.746,0.817,0.596,0.5,0.0,0.088,0.532,0.475,Industrials,2026-07-03,18.47,-0.76,98
DIOD,semiconducteurs,44.2,En base (loin du pivot),96.24,4432016089.0,49.7,0.525,-4.38,-1.28,6.85,53498176.0,13.2,28.6,13.0,0.44,0.0,0.829,1.0,0.748,0.325,0.102,0.481,0.325,0.213,Information Technology,2026-07-03,96.25,-0.01,98
STBA,,44.0,Setup en formation,48.74,1718840080.0,43.8,-0.057,0.74,-0.55,-1.79,15863616.0,8.0,10.5,35.0,0.0,0.0,0.3,0.756,0.425,0.313,0.749,0.144,0.373,0.726,Financials,2026-07-03,49.13,-0.79,98
HOPE,,44.0,Setup en formation,13.46,1718766403.0,42.9,-0.027,0.9,-0.3,-2.6,14335176.0,7.7,10.9,40.0,0.07,0.0,0.3,0.816,0.38,0.075,0.782,0.361,0.349,0.742,Financials,2026-07-03,13.58,-0.88,98
ACLS,semiconducteurs,43.9,En base (loin du pivot),133.48,4122061152.0,56.4,2.417,-3.55,-2.36,15.51,44022344.0,11.0,31.5,80.0,0.32,0.0,0.882,1.0,0.313,0.434,0.377,0.5,0.325,0.0,Information Technology,2026-07-03,144.5,-7.63,98
BDJ,,43.9,Setup en formation,9.47,1675090448.0,45.0,-0.008,0.64,0.32,-1.54,4734356.0,4.1,5.9,58.0,0.0,0.0,0.3,0.0,0.256,0.218,1.0,0.567,0.238,0.863,Financials,2026-07-03,9.65,-1.87,98
CUZ,,43.8,Setup en formation,27.72,4562769048.0,45.7,0.038,0.69,1.49,0.5,42971734.0,14.1,17.0,1.0,0.21,0.0,0.3,1.0,0.741,0.332,0.0,0.571,0.341,0.503,Real Estate,2026-07-08,30.75,-9.85,93
PRME,,43.8,Setup en formation,3.58,649329144.0,56.9,0.075,-8.21,19.73,3.17,14793222.0,10.9,32.3,63.0,0.0,0.0,0.3,0.981,0.219,0.0,0.382,0.923,0.651,0.0,Health Care,2026-07-03,3.87,-7.49,98
FBP,,43.8,Setup en formation,26.67,4071662708.0,41.6,-0.002,0.83,0.04,-4.0,41739353.0,10.1,12.8,42.0,0.04,0.0,0.3,1.0,0.432,0.173,0.487,0.307,0.421,0.663,Financials,2026-07-03,26.33,1.29,98
GDOT,,43.7,Setup en formation,12.68,722572070.0,45.9,-0.0,2.18,2.51,-2.54,5537139.0,6.7,14.8,89.0,0.0,0.0,0.3,1.0,0.067,0.079,0.913,0.62,0.079,0.741,Financials,2026-07-03,13.35,-5.02,98
GLP,,43.7,Setup en formation,47.96,1630427201.0,45.8,-0.057,1.85,3.07,-10.3,2907307.0,11.7,15.8,77.0,0.65,0.0,0.3,1.0,0.244,0.377,0.293,0.671,0.151,0.611,Energy,2026-07-03,47.47,1.03,98
CFFN,,43.6,Setup en formation,8.47,1064664457.0,43.2,-0.021,0.59,0.0,-3.42,9499001.0,7.7,10.9,78.0,0.0,0.0,0.3,0.821,0.22,0.0,0.793,0.402,0.397,0.745,Financials,2026-07-03,8.45,0.24,98
PDX,,43.6,Momentum en formation,20.76,928117320.0,48.9,0.061,0.63,1.27,-4.41,2572806.0,5.5,8.7,73.0,0.0,0.0,0.3,0.445,0.162,0.0,1.0,0.793,0.095,0.817,Financials,2026-07-03,20.91,-0.72,98
TAYD,,43.5,En base (loin du pivot),58.62,189334686.0,46.5,-0.55,-0.96,-4.07,-3.03,2980568.0,11.1,26.3,52.0,0.0,0.0,0.743,1.0,0.286,0.157,0.361,0.598,0.532,0.0,Industrials,2026-07-03,57.05,2.75,98
XHR,,43.5,Setup en formation,18.04,1664114863.0,47.7,0.076,0.95,-0.17,3.05,17659812.0,14.7,19.6,3.0,0.0,0.0,0.3,1.0,0.739,0.5,0.0,0.359,0.429,0.414,Real Estate,2026-07-03,20.35,-11.35,98
SBET,,43.5,En base (loin du pivot),8.81,1913739951.0,48.1,-0.151,-1.56,-8.04,3.16,80277528.0,15.3,43.5,26.0,0.22,0.0,1.0,0.363,0.579,0.251,0.0,0.384,0.849,0.0,Financials,2026-07-03,5.31,65.91,98
ATRC,,43.5,En base (loin du pivot),52.84,2687774975.0,45.6,-1.115,-0.88,-1.4,-0.36,89062106.0,14.4,39.3,47.0,0.0,0.0,0.953,0.593,0.319,0.0,0.0,0.228,0.817,0.521,Health Care,2026-07-03,31.79,66.22,98
FWDI,,43.5,En base (loin du pivot),7.18,547749384.0,49.2,-0.157,-2.84,-8.3,9.62,18871483.0,18.0,56.1,79.0,0.0,0.0,1.0,0.0,0.154,0.474,0.0,0.452,0.889,0.0,Consumer Discretionary,2026-07-03,4.81,49.27,98
CRESY,,43.5,En base (loin du pivot),11.58,821313770.0,45.6,-0.105,-0.43,1.94,-2.85,3536025.0,10.2,20.4,60.0,0.0,0.0,0.7,1.0,0.309,0.0,0.48,0.573,0.365,0.383,Industrials,2026-07-03,11.01,5.18,98
NBN,,43.4,Setup en formation,126.63,1029501900.0,45.1,-0.25,0.29,1.55,-1.82,15235986.0,8.0,12.6,49.0,0.19,0.0,0.3,1.0,0.507,0.093,0.75,0.548,0.135,0.633,Financials,2026-07-03,134.48,-5.84,98
FMBH,,43.3,Setup en formation,49.24,1309878147.0,45.0,-0.011,0.78,-0.08,-2.46,7376213.0,6.9,9.5,32.0,0.0,0.0,0.3,0.583,0.596,0.0,0.884,0.235,0.444,0.758,Financials,2026-07-03,48.46,1.61,98
CHRN,,43.3,Setup en formation,19.03,2771480712.0,45.6,-0.045,-3.74,-1.76,4.68,2207444.0,23.9,30.8,1.0,1.0,0.0,0.3,1.0,0.964,0.613,0.0,0.536,0.405,0.0,Information Technology,2026-07-03,16.49,15.4,98
VECO,semiconducteurs,43.2,En base (loin du pivot),51.45,3145119978.0,54.8,0.81,-3.89,-3.27,14.92,35027663.0,14.2,33.7,68.0,0.36,0.0,0.903,0.905,0.234,0.68,0.0,0.5,0.333,0.0,Information Technology,2026-07-03,57.49,-10.51,98
NATL,,43.2,Momentum en formation,45.62,3371178129.0,47.4,-0.001,0.33,1.31,-0.78,40081026.0,5.0,6.9,25.0,0.0,0.0,0.3,0.142,0.717,0.0,1.0,0.685,0.127,0.802,Information Technology,2026-07-03,44.57,2.36,98
HBCP,,43.2,Setup en formation,66.7,524979025.0,41.1,-0.033,0.91,-0.22,-3.07,4476946.0,10.5,12.6,29.0,0.91,0.0,0.3,1.0,0.719,0.454,0.441,0.304,0.111,0.651,Financials,2026-07-03,69.32,-3.78,98
RXO,,43.1,Étendu (déjà parti),28.93,4771312883.0,80.7,1.136,2.01,35.44,44.36,90459914.0,0.6,36.2,100.0,0.0,0.79,0.983,0.764,0.0,0.5,1.0,0.405,0.905,0.892,Industrials,2026-07-03,26.61,8.72,98
SJT,,43.1,Setup en formation,3.79,176647337.0,70.2,0.032,-0.52,0.26,23.05,1563910.0,3.3,39.5,95.0,0.0,0.0,0.3,0.581,0.029,0.46,1.0,0.308,0.651,0.0,Energy,2026-09-29,3.72,1.88,10
SSTI,,43.1,Cup & Handle probable,8.26,109366629.0,69.5,0.263,-0.72,-2.13,42.66,2821501.0,5.9,38.3,100.0,0.0,0.25,0.6,0.649,0.111,0.5,1.0,0.328,0.706,0.0,Information Technology,2026-07-03,9.08,-9.03,98
TRST,,43.0,Setup en formation,54.76,932439042.0,42.6,-0.153,0.92,0.02,-4.67,7954124.0,7.6,10.5,75.0,0.15,0.0,0.3,0.746,0.221,0.076,0.797,0.354,0.373,0.746,Financials,2026-07-03,54.54,0.4,98
BKE,,43.0,Setup en formation,43.31,2231003517.0,56.9,0.274,-0.73,1.45,6.23,20685390.0,7.2,15.5,50.0,0.04,0.0,0.019,1.0,0.618,0.449,0.855,0.516,0.206,0.216,Consumer Discretionary,2026-07-03,42.19,2.65,98
HWKN,,43.0,Setup en formation,127.79,2667631201.0,50.8,0.687,-3.47,0.47,1.95,22843116.0,6.7,15.3,27.0,0.07,0.0,0.004,1.0,0.739,0.534,0.908,0.502,0.206,0.055,Materials,2026-07-03,138.49,-7.73,98
CENTA,,43.0,Setup en formation,35.02,2191992782.0,50.3,0.213,0.81,3.64,1.98,10818283.0,14.2,19.0,4.0,0.19,0.0,0.3,1.0,0.976,0.095,0.0,0.889,0.151,0.528,Consumer Staples,2026-07-03,38.43,-8.87,98
CRGY,,43.0,En base (loin du pivot),13.01,4298552085.0,44.3,-0.065,-3.41,-1.96,-8.64,91527965.0,15.9,30.9,46.0,0.0,0.0,0.739,1.0,0.476,0.0,0.0,0.481,0.524,0.47,Energy,2026-07-03,9.34,39.29,98
EPRX,,42.9,En base (loin du pivot),7.57,498913204.0,46.5,-0.132,-2.7,-3.32,-6.31,7282172.0,17.8,35.1,66.0,0.0,0.0,0.817,0.826,0.205,0.0,0.0,0.58,0.619,0.374,Health Care,2026-07-03,6.69,13.15,98
OGG,,42.9,Setup en formation,2.79,853287565.0,50.1,0.003,1.09,0.0,-2.11,4719898.0,14.2,29.7,1.0,0.44,0.0,0.027,1.0,0.878,0.718,0.0,0.529,0.468,0.0,Materials,2026-07-21,2.24,24.55,80
BHB,,42.8,Setup en formation,38.48,645158758.0,39.3,-0.135,0.03,-1.0,-3.56,4224517.0,6.4,8.5,54.0,0.0,0.0,0.7,0.423,0.444,0.0,0.947,0.041,0.429,0.786,Financials,2026-07-03,37.66,2.18,98
DAN,,42.8,Setup en formation,29.02,3121875225.0,51.2,0.029,3.57,5.03,-4.7,41999625.0,10.2,19.6,51.0,0.18,0.0,0.3,1.0,0.485,0.088,0.481,0.906,0.317,0.131,Consumer Discretionary,2026-07-03,24.91,16.5,98
PAY,,42.7,Setup en formation,31.92,4019993532.0,44.1,0.105,1.92,3.6,-9.4,38430208.0,29.6,35.4,69.0,0.26,0.0,0.3,0.812,0.586,0.462,0.0,0.539,0.675,0.015,Information Technology,2026-07-03,27.06,17.96,98
TRIN,,42.7,Setup en formation,17.16,1624941730.0,38.4,-0.055,0.47,-2.22,-4.08,15200278.0,8.3,11.2,28.0,0.57,0.0,0.3,0.867,0.656,0.283,0.71,0.008,0.349,0.723,Financials,2026-07-03,17.79,-3.54,98
CCC,,42.7,En base (loin du pivot),6.57,3869695205.0,45.2,-0.009,0.31,-0.76,-3.24,81022513.0,14.5,29.6,1.0,0.0,0.0,0.7,1.0,0.96,0.0,0.0,0.516,0.683,0.0,Information Technology,2026-07-03,5.58,17.74,98
SENEA,,42.6,Setup en formation,177.03,1198443001.0,44.0,-0.896,3.16,0.0,-7.62,18056109.0,15.7,23.0,21.0,0.26,0.0,0.3,1.0,0.822,0.165,0.0,0.431,0.524,0.477,Consumer Staples,2026-07-03,183.98,-3.78,98
SG,,42.5,Setup en formation,9.57,1139225385.0,78.1,0.119,4.48,10.25,42.41,44058893.0,-1.9,46.8,75.0,0.51,0.29,0.6,0.179,0.211,0.754,0.055,0.016,0.937,0.668,Consumer Discretionary,2026-07-03,8.77,9.12,98
SCHL,,42.4,Setup en formation,38.38,706554461.0,60.3,0.644,1.11,7.06,7.87,19426426.0,11.4,31.0,71.0,0.0,0.0,0.3,1.0,0.208,0.291,0.327,0.848,0.19,0.345,Communication Services,2026-07-03,46.41,-17.3,98
BUSE,,42.4,Setup en formation,29.22,2430797219.0,40.5,-0.062,0.86,-0.81,-3.28,25793501.0,7.8,9.9,41.0,0.0,0.0,0.3,0.656,0.387,0.373,0.772,0.042,0.357,0.739,Financials,2026-07-03,29.65,-1.45,98
OUST,laser_photonique|robotique,42.4,En base (loin du pivot),39.53,2850600523.0,49.1,0.249,-5.14,-3.28,9.08,98298586.0,23.8,37.8,26.0,0.52,0.0,0.868,0.677,0.58,0.479,0.0,0.445,0.5,0.0,Information Technology,2026-07-03,49.84,-20.69,98
LIVN,,42.4,Setup en formation,75.91,4182148116.0,43.9,-0.068,-0.03,1.62,-3.83,51851809.0,11.5,13.6,20.0,0.17,0.0,0.3,1.0,0.713,0.143,0.314,0.448,0.294,0.617,Health Care,2026-07-03,83.62,-9.22,98
CYPH,,42.3,En base (loin du pivot),2.81,302817913.0,49.8,-0.134,-7.87,-3.77,14.69,59069545.0,32.9,86.1,60.0,0.0,0.0,1.0,0.0,0.238,0.32,0.0,0.506,0.881,0.0,Financials,2026-08-20,1.07,162.62,50
NEOG,,42.3,En base (loin du pivot),11.71,2556363658.0,42.1,-0.234,0.26,-4.33,-1.76,70151572.0,17.9,30.4,80.0,0.0,0.0,0.798,1.0,0.119,0.369,0.0,0.005,0.698,0.404,Health Care,2026-07-03,9.34,25.37,98
ISTR,,42.3,Setup en formation,29.06,400360376.0,38.9,-0.033,0.24,0.35,-4.33,2840743.0,6.7,9.0,76.0,0.88,0.0,0.3,0.499,0.283,0.438,0.915,0.324,0.087,0.753,Financials,2026-07-03,29.49,-1.46,98
GUT,,42.2,Setup en formation,6.02,441862155.0,49.9,0.013,2.73,5.61,-7.61,1567808.0,9.0,17.0,81.0,0.0,0.0,0.3,1.0,0.114,0.0,0.625,0.907,0.087,0.572,Financials,2026-07-03,6.6,-8.79,98
TRS,,42.2,Setup en formation,38.44,1378991678.0,45.1,-0.014,0.5,-0.34,0.52,11532744.0,8.7,15.8,2.0,0.85,0.0,0.3,1.0,0.897,0.533,0.669,0.202,0.024,0.49,Consumer Discretionary,2026-07-03,42.01,-8.5,98
RAMP,,42.2,Setup en formation,37.57,2284067474.0,46.3,0.002,-0.11,-0.34,-0.5,50768265.0,1.2,1.6,36.0,0.0,0.0,0.709,0.0,0.427,0.0,1.0,0.298,0.23,0.942,Information Technology,2026-07-03,37.73,-0.42,98
OTTR,,42.2,Setup en formation,88.33,3708586281.0,46.6,0.055,0.3,-0.15,-1.38,24280087.0,6.5,11.7,1.0,0.0,0.0,0.3,0.944,0.783,0.0,0.934,0.334,0.063,0.782,Industrials,2026-07-03,91.39,-3.35,98
BCX,,42.1,Setup en formation,11.92,1011507479.0,39.3,-0.034,1.19,0.85,-9.06,1825884.0,10.2,12.9,69.0,0.41,0.0,0.3,1.0,0.552,0.206,0.473,0.399,0.214,0.65,Financials,2026-07-03,11.46,4.01,98
SOPH,,42.1,En base (loin du pivot),7.3,621433123.0,39.4,-0.148,2.1,-9.09,-4.95,5798221.0,18.7,38.2,50.0,0.0,0.0,0.786,0.656,0.404,0.5,0.0,0.0,0.667,0.376,Health Care,2026-07-03,5.35,36.45,98
SHBI,,42.1,Setup en formation,22.58,753545992.0,43.0,-0.03,0.53,-0.53,-2.38,4992687.0,8.7,12.0,31.0,0.09,0.0,0.3,0.995,0.678,0.121,0.66,0.103,0.349,0.709,Financials,2026-07-03,23.03,-1.95,98
SEZL,,42.1,Setup en formation,117.22,3947385141.0,52.1,1.482,2.96,6.84,0.07,56951187.0,36.4,43.1,12.0,0.76,0.0,0.3,0.385,0.929,0.527,0.0,0.891,0.389,0.0,Financials,2026-08-07,178.53,-34.34,63
SRZN,,42.1,En base (loin du pivot),27.97,328747017.0,56.5,0.185,11.23,-6.77,39.64,32102361.0,26.1,57.3,96.0,0.0,0.0,1.0,0.0,0.024,0.5,0.0,0.5,0.706,0.131,Health Care,2026-07-03,24.92,12.24,98
AVAH,,42.0,En base (loin du pivot),12.24,2671009079.0,41.1,-0.159,-0.57,-1.53,-12.7,43817950.0,16.8,40.5,62.0,0.09,0.0,0.752,0.529,0.595,0.044,0.0,0.354,0.706,0.44,Health Care,2026-07-03,9.1,34.51,98
ZH,,42.0,En base (loin du pivot),3.42,303643893.0,55.0,-0.017,-1.16,-2.84,21.71,2129328.0,15.1,36.5,81.0,0.0,0.0,0.503,0.751,0.114,0.5,0.0,0.5,0.714,0.0,Communication Services,2026-09-16,2.97,15.15,23
WTI,,42.0,Setup en formation,3.7,558488922.0,49.8,-0.013,3.64,1.93,-8.87,14033954.0,14.0,25.1,23.0,0.31,0.0,0.3,1.0,0.704,0.157,0.006,0.852,0.452,0.106,Energy,2026-07-03,3.09,19.74,98
RXRX,,42.0,En base (loin du pivot),3.95,2114601572.0,51.8,0.025,-7.49,-2.95,22.86,116057290.0,23.9,43.7,98.0,0.0,0.0,0.6,0.348,0.014,0.5,0.0,0.5,0.857,0.0,Health Care,2026-07-03,3.8,3.95,98
OBE,,41.9,Setup en formation,11.11,741321083.0,50.5,-0.053,4.52,6.42,-8.63,9577150.0,18.3,33.4,56.0,0.26,0.0,0.3,0.923,0.501,0.13,0.0,0.926,0.437,0.205,Energy,2026-07-03,8.01,38.7,98
FEIM,,41.9,En base (loin du pivot),74.72,842340005.0,43.5,-1.415,-5.6,-13.09,17.41,36744704.0,16.8,37.7,1.0,0.0,0.0,0.967,0.681,0.801,0.0,0.0,0.095,0.714,0.441,Information Technology,2026-07-03,64.59,15.68,98
BTGO,,41.9,En base (loin du pivot),7.18,843977566.0,49.2,-0.102,-1.1,-2.45,-4.39,15187129.0,14.0,44.3,25.0,0.0,0.0,0.831,0.317,0.652,0.5,0.0,0.494,0.563,0.0,Financials,2026-08-26,7.1,1.13,44
WMK,,41.9,Setup en formation,72.53,1794725620.0,49.2,0.055,-1.0,-0.12,3.97,16928003.0,8.7,13.9,1.0,0.0,0.0,0.306,1.0,0.82,0.0,0.666,0.453,0.206,0.567,Consumer Staples,2026-07-03,80.1,-9.45,98
ASPN,robotique,41.9,En base (loin du pivot),5.63,467226854.0,57.2,0.056,-2.6,1.26,16.32,5282492.0,30.5,47.7,33.0,0.73,0.0,0.837,0.13,0.636,0.499,0.0,0.529,0.611,0.0,Industrials,2026-07-03,5.58,0.9,98
MCBS,,41.7,Squeeze / VCP prêt à casser,34.68,998133022.0,45.8,0.005,0.35,0.0,-1.14,3155797.0,5.2,7.6,13.0,0.0,0.0,0.3,0.262,0.817,0.028,1.0,0.272,0.302,0.778,Financials,2026-07-03,36.26,-4.36,98
KOS,,41.7,Setup en formation,2.69,1601861781.0,50.8,-0.006,3.86,4.26,-6.27,37713754.0,14.6,26.7,44.0,0.06,0.0,0.3,1.0,0.448,0.029,0.0,0.887,0.421,0.351,Energy,2026-07-03,2.07,29.95,98
QCRH,,41.6,Setup en formation,98.54,1613653004.0,43.7,-0.146,1.0,-0.73,-2.65,11231210.0,8.7,11.0,27.0,0.5,0.0,0.3,0.831,0.641,0.25,0.66,0.123,0.278,0.709,Financials,2026-07-03,96.65,1.96,98
CODI,,41.6,En base (loin du pivot),10.92,821576749.0,43.0,-0.023,-0.36,-0.82,-2.67,6798339.0,17.6,25.7,2.0,0.41,0.0,0.7,1.0,0.986,0.205,0.0,0.372,0.286,0.414,Industrials,2026-07-03,10.61,2.92,98
SVIA,,41.5,En base (loin du pivot),3.77,317850359.0,54.8,-0.062,-5.75,-2.71,31.82,11134306.0,24.4,67.5,51.0,0.0,0.0,0.6,0.0,0.295,0.5,0.0,0.5,0.889,0.0,Financials,2026-09-23,4.07,-7.37,16
TBCH,,41.5,Setup en formation,12.73,227990621.0,47.8,0.03,-3.19,-0.47,5.38,4638812.0,10.7,17.4,29.0,0.28,0.0,0.082,1.0,0.792,0.608,0.417,0.364,0.333,0.107,Information Technology,2026-07-03,12.55,1.43,98
BDSX,,41.4,En base (loin du pivot),25.63,270425154.0,42.6,-0.496,-2.99,-6.22,-5.35,3069585.0,19.8,38.2,10.0,0.17,0.0,0.894,0.658,0.593,0.22,0.0,0.037,0.738,0.339,Health Care,2026-07-03,21.99,16.55,98
FPI,,41.4,En base (loin du pivot),10.49,457686274.0,45.6,-0.081,1.25,-8.7,-1.64,8322887.0,10.2,21.8,65.0,0.0,0.0,0.81,1.0,0.21,0.0,0.472,0.223,0.524,0.379,Real Estate,2026-07-03,9.71,8.03,98
ECAT,,41.4,Setup en formation,14.11,1525784850.0,45.3,0.028,0.14,3.22,-5.1,9051398.0,8.2,12.1,45.0,0.0,0.0,0.3,1.0,0.369,0.0,0.719,0.606,0.056,0.725,Financials,2026-07-03,15.8,-10.7,98
DNA,,41.2,En base (loin du pivot),11.34,729618741.0,56.6,0.136,-1.13,-9.28,67.01,38755187.0,37.8,64.5,97.0,0.0,0.0,1.0,0.0,0.019,0.26,0.0,0.5,0.944,0.0,Health Care,2026-07-03,10.4,9.04,98
BHRB,,41.1,Setup en formation,68.95,1391895925.0,42.2,-0.002,0.58,0.12,-2.71,9445717.0,7.5,9.4,29.0,0.0,0.0,0.3,0.562,0.604,0.0,0.815,0.321,0.31,0.751,Financials,2026-07-03,70.15,-1.71,98
BLMN,,41.1,Setup en formation,8.48,726065376.0,47.6,0.087,3.79,1.19,-6.19,21494494.0,32.9,39.4,4.0,0.0,0.0,0.3,0.592,0.888,0.5,0.0,0.68,0.46,0.0,Consumer Discretionary,2026-07-03,8.7,-2.53,98
AMCX,,41.0,En base (loin du pivot),10.94,451274683.0,37.5,-0.129,1.86,-2.5,-5.36,7791016.0,15.4,30.6,57.0,0.36,0.0,0.7,1.0,0.573,0.178,0.0,0.045,0.611,0.487,Communication Services,2026-07-03,10.26,6.63,98
OPCH,,41.0,Étendu (déjà parti),31.05,4650831795.0,83.8,0.906,0.13,37.51,31.35,192222328.0,0.2,28.4,89.0,0.0,0.71,0.488,1.0,0.067,0.5,0.877,0.5,0.937,0.479,Health Care,2026-07-03,21.9,41.78,98
AGBK,,41.0,Setup en formation,6.51,1042479319.0,56.7,0.095,0.0,19.45,-2.98,1385454.0,11.9,28.6,85.0,0.84,0.0,0.3,1.0,0.09,0.422,0.262,0.921,0.27,0.0,Financials,2026-09-17,6.19,5.17,22
DXPE,,41.0,En base (loin du pivot),178.58,2771052290.0,42.5,-0.93,-0.71,-2.05,-4.28,26771658.0,14.1,27.0,28.0,0.06,0.0,0.743,1.0,0.623,0.209,0.0,0.029,0.532,0.529,Industrials,2026-07-03,157.98,13.04,98
MAKO,,41.0,En base (loin du pivot),9.0,788453181.0,38.5,-0.139,2.04,-3.23,-12.28,1867953.0,18.9,36.9,58.0,0.12,0.0,0.7,0.726,0.652,0.064,0.0,0.326,0.643,0.369,Materials,2026-07-03,7.65,17.65,98
BLX,,41.0,Setup en formation,54.78,2059668783.0,48.3,0.024,1.0,-0.78,-1.03,10226527.0,8.2,11.3,1.0,0.01,0.0,0.3,0.885,0.694,0.175,0.722,0.42,0.087,0.591,Financials,2026-07-03,59.24,-7.53,98
AMBP,,41.0,Setup en formation,4.46,2665740154.0,40.9,0.01,1.36,1.59,-7.08,8725057.0,16.8,20.3,66.0,0.72,0.0,0.3,1.0,0.541,0.358,0.0,0.373,0.444,0.441,Consumer Discretionary,2026-07-03,4.83,-7.66,98
OII,,40.9,Setup en formation,44.58,4437031574.0,41.7,-0.063,2.01,0.5,-8.06,43151768.0,17.8,20.5,53.0,0.41,0.0,0.3,1.0,0.638,0.248,0.0,0.334,0.556,0.406,Energy,2026-07-03,38.5,15.79,98
SIGA,,40.7,Setup en formation,3.28,235667068.0,50.9,-0.003,0.61,-2.09,6.49,2170796.0,10.9,23.1,64.0,0.58,0.0,0.052,1.0,0.223,0.788,0.391,0.5,0.317,0.0,Health Care,2026-07-03,3.86,-15.03,98
GPRO,,40.7,En base (loin du pivot),1.18,243500510.0,46.7,-0.033,-3.28,-11.28,-16.61,18281241.0,42.4,72.2,2.0,1.0,0.0,1.0,0.0,0.986,0.5,0.0,0.293,0.603,0.0,Information Technology,2026-09-01,0.88,34.09,38
PACB,,40.7,En base (loin du pivot),2.3,714910746.0,61.8,0.086,-15.44,-8.37,78.29,41637193.0,33.1,68.9,98.0,0.0,0.2,1.0,0.0,0.01,0.5,0.0,0.5,0.952,0.0,Health Care,2026-07-03,1.68,36.9,98
ENTX,,40.6,En base (loin du pivot),2.5,434806070.0,35.3,-0.043,-0.4,-13.49,-11.97,1327247.0,29.8,31.2,30.0,1.0,0.0,0.7,1.0,0.784,0.56,0.0,0.0,0.595,0.0,Health Care,2026-07-28,3.92,-36.22,73
ATEN,,40.6,Setup en formation,27.96,2030148227.0,57.7,0.318,-1.93,1.3,12.79,32814405.0,11.8,24.0,33.0,0.41,0.0,0.301,1.0,0.652,0.385,0.275,0.538,0.341,0.093,Information Technology,2026-07-03,36.3,-22.98,98
BMRC,,40.5,Setup en formation,27.14,439511891.0,44.6,-0.067,1.0,-0.44,-0.91,4379400.0,8.1,12.4,32.0,0.15,0.0,0.3,1.0,0.729,0.073,0.733,0.19,0.246,0.618,Financials,2026-07-03,28.43,-4.54,98
KMDA,,40.5,En base (loin du pivot),7.78,448697621.0,39.3,-0.128,-1.39,-5.12,-5.24,1006486.0,13.2,25.1,87.0,0.4,0.0,0.745,1.0,0.25,0.369,0.104,0.0,0.437,0.561,Health Care,2026-08-24,8.24,-5.58,46
ARTNA,,40.4,Setup en formation,33.54,346371638.0,41.4,-0.007,-0.03,1.76,-8.13,1102547.0,9.3,11.8,93.0,0.15,0.0,0.3,0.961,0.249,0.076,0.587,0.388,0.262,0.69,Utilities,2026-07-03,34.39,-2.47,98
SMBC,,40.4,Setup en formation,71.47,787119050.0,42.9,0.07,0.76,0.15,-1.85,5901007.0,10.2,12.2,7.0,0.59,0.0,0.3,1.0,0.819,0.392,0.476,0.094,0.135,0.66,Financials,2026-07-03,76.04,-6.01,98
FISI,,40.4,Setup en formation,39.05,769533358.0,41.4,-0.097,0.88,-1.09,-3.51,5618156.0,8.4,10.6,43.0,0.39,0.0,0.3,0.773,0.42,0.197,0.699,0.031,0.397,0.72,Financials,2026-07-03,39.02,0.08,98
TY,,40.2,Squeeze / VCP prêt à casser,34.47,1873476729.0,46.6,0.017,-0.14,0.79,-1.1,1307948.0,4.9,6.2,5.0,0.0,0.0,0.3,0.03,0.723,0.0,1.0,0.64,0.032,0.837,Financials,2026-07-03,34.94,-1.35,98
VCEL,,40.2,Setup en formation,40.05,2050824891.0,47.7,0.207,-1.69,1.55,2.72,22938856.0,18.8,24.3,1.0,0.0,0.0,0.3,1.0,0.799,0.27,0.0,0.382,0.437,0.373,Health Care,2026-07-03,46.98,-14.75,98
ULCC,,40.1,Setup en formation,5.93,1365179522.0,47.6,0.025,-2.31,-0.67,4.96,15302206.0,28.7,35.0,9.0,0.68,0.0,0.3,0.835,0.686,0.739,0.0,0.36,0.421,0.018,Industrials,2026-07-03,7.58,-21.77,98
BFC,,40.1,Setup en formation,147.98,1640448124.0,42.3,-0.249,0.31,-1.02,-3.2,9670915.0,6.6,7.6,7.0,0.79,0.0,0.3,0.26,0.865,0.394,0.923,0.021,0.151,0.779,Financials,2026-07-03,151.8,-2.52,98
EQBK,,39.9,Setup en formation,47.49,977937350.0,40.4,-0.026,1.04,0.02,-3.85,5180907.0,8.7,11.5,58.0,0.28,0.0,0.3,0.925,0.444,0.138,0.66,0.326,0.143,0.709,Financials,2026-07-03,49.23,-3.53,98
ESQ,,39.8,Setup en formation,118.06,1429067069.0,47.3,-0.381,2.04,-0.11,0.46,25348494.0,12.2,18.0,5.0,0.0,0.0,0.3,1.0,0.755,0.0,0.227,0.368,0.389,0.594,Financials,2026-07-03,120.34,-1.89,98
PROF,,39.8,Setup en formation,6.91,252440225.0,62.7,0.112,21.65,18.12,1.62,1858360.0,18.7,35.3,49.0,0.0,0.2,0.3,0.817,0.424,0.5,0.0,0.883,0.333,0.24,Health Care,2026-08-19,7.0,-1.29,51
UVSP,,39.7,Setup en formation,41.26,1137982488.0,43.4,-0.046,0.9,0.1,-2.3,10192873.0,7.9,10.4,31.0,0.24,0.0,0.3,0.73,0.517,0.12,0.768,0.13,0.31,0.708,Financials,2026-07-03,44.13,-6.5,98
AXTI,semiconducteurs,39.6,En base (loin du pivot),71.66,4698976372.0,47.5,-0.023,-10.19,-12.41,3.99,612812674.0,26.7,58.0,14.0,0.74,0.0,0.992,0.0,0.779,0.763,0.0,0.346,0.365,0.0,Information Technology,2026-07-03,56.62,26.56,98
PFBC,,39.6,Setup en formation,102.63,1473429147.0,42.1,-0.395,-0.39,-2.44,1.47,19426078.0,6.3,8.4,25.0,0.0,0.0,0.718,0.402,0.448,0.0,0.965,0.003,0.31,0.76,Financials,2026-07-03,107.16,-4.23,98
MNRO,,39.5,Setup en formation,13.74,429568184.0,54.5,0.017,0.73,-2.0,9.57,12646774.0,4.8,25.0,67.0,0.5,0.0,0.057,1.0,0.43,0.25,1.0,0.5,0.317,0.0,Consumer Discretionary,2026-07-03,17.21,-20.16,98
HYLN,equipement_electrique,39.5,En base (loin du pivot),3.77,673311512.0,43.8,-0.048,-2.08,-10.45,-2.33,7909668.0,30.8,42.8,11.0,0.98,0.0,0.738,0.403,0.768,0.988,0.0,0.113,0.333,0.0,Consumer Discretionary,2026-07-03,4.32,-12.73,98
CCBG,,39.4,Setup en formation,48.61,831877367.0,39.6,-0.032,-0.35,-0.39,-3.78,4006336.0,8.8,10.4,43.0,0.16,0.0,0.3,0.741,0.657,0.082,0.646,0.3,0.206,0.706,Financials,2026-07-03,49.63,-2.06,98
ALEC,,39.4,Setup en formation,2.02,225546976.0,51.2,0.004,5.21,8.6,-11.01,13083851.0,26.8,47.3,8.0,0.0,0.0,0.3,0.151,0.663,0.5,0.0,0.844,0.484,0.0,Health Care,2026-07-03,2.06,-1.94,98
BY,,39.4,Setup en formation,36.88,1666475170.0,42.0,-0.015,0.85,-0.83,-2.79,9731976.0,7.9,9.8,41.0,0.37,0.0,0.3,0.628,0.456,0.184,0.766,0.014,0.373,0.738,Financials,2026-07-03,37.44,-1.5,98
AMLX,,39.4,En base (loin du pivot),27.2,3412465298.0,35.4,-0.547,-0.84,-3.13,-16.05,45782754.0,33.9,53.1,49.0,1.0,0.0,0.7,0.0,0.705,0.5,0.0,0.369,0.714,0.0,Health Care,2026-07-03,18.27,48.88,98
PSTL,,39.3,Setup en formation,22.41,677877244.0,39.6,-0.13,0.4,-0.53,-5.16,9121909.0,9.0,11.6,60.0,0.0,0.0,0.3,0.931,0.541,0.216,0.628,0.325,0.071,0.66,Real Estate,2026-07-03,24.8,-9.64,98
BFLY,,39.2,En base (loin du pivot),8.03,2138270019.0,45.0,-0.081,-2.9,-5.86,7.64,54585268.0,21.4,34.0,35.0,0.21,0.0,0.866,0.89,0.39,0.104,0.0,0.187,0.619,0.288,Health Care,2026-07-03,7.68,4.56,98
CHPT,,39.2,En base (loin du pivot),8.13,218293134.0,45.6,-0.266,-1.09,-20.29,-9.16,12648838.0,27.8,53.9,41.0,1.0,0.0,1.0,0.0,0.352,0.5,0.0,0.223,0.778,0.0,Consumer Discretionary,2026-07-03,5.96,36.41,98
CBAN,,39.1,Setup en formation,20.31,430997799.0,40.1,-0.02,0.94,0.1,-4.65,3316051.0,9.6,12.3,45.0,0.42,0.0,0.3,1.0,0.467,0.211,0.553,0.322,0.087,0.681,Financials,2026-07-03,20.23,0.4,98
GRND,,39.1,Setup en formation,14.94,2596880167.0,48.5,-0.102,4.18,5.43,0.07,26929938.0,19.2,28.6,62.0,0.0,0.0,0.3,1.0,0.229,0.0,0.0,0.79,0.452,0.359,Information Technology,2026-07-03,16.06,-6.97,98
MTA,,39.1,En base (loin du pivot),8.54,798454764.0,32.0,-0.169,-1.27,-7.87,-17.17,2821967.0,26.4,37.5,64.0,1.0,0.0,0.7,0.694,0.614,0.5,0.0,0.002,0.659,0.121,Materials,2026-07-03,7.64,11.78,98
SID,,39.0,Setup en formation,1.23,1631095555.0,58.4,0.007,0.0,9.82,-7.52,11726036.0,10.9,39.1,42.0,0.0,0.0,0.093,0.604,0.411,0.086,0.391,0.866,0.579,0.0,Materials,2026-07-10,0.95,29.47,91
AWR,,38.9,Setup en formation,81.83,3243383276.0,38.1,-0.107,0.45,0.79,-7.31,21638631.0,10.8,12.1,77.0,0.17,0.0,0.3,1.0,0.332,0.085,0.402,0.358,0.294,0.641,Utilities,2026-07-03,84.76,-3.46,98
CVEO,,38.9,Setup en formation,31.9,329745802.0,39.6,-0.147,0.19,-5.48,-6.09,3157240.0,8.8,13.9,33.0,0.57,0.0,0.3,1.0,0.595,0.522,0.646,0.02,0.056,0.58,Consumer Discretionary,2026-07-03,30.0,6.33,98
SXI,,38.8,Setup en formation,281.06,3451828553.0,48.9,2.994,-2.49,-1.42,4.14,39251280.0,18.1,26.1,44.0,0.15,0.0,0.3,1.0,0.483,0.577,0.0,0.437,0.262,0.244,Industrials,2026-07-03,327.87,-14.28,98
THFF,,38.6,Setup en formation,73.91,878930033.0,39.7,0.007,0.67,-0.11,-3.59,9034782.0,11.5,14.2,33.0,0.0,0.0,0.3,1.0,0.744,0.0,0.31,0.308,0.325,0.616,Financials,2026-07-03,77.02,-4.04,98
PPLI,,38.6,Setup en formation,40.93,3047808450.0,56.8,0.371,0.84,-0.05,8.51,55845569.0,14.0,25.7,100.0,0.0,0.0,0.37,1.0,0.0,0.383,0.0,0.5,0.294,0.49,Communication Services,2026-07-03,46.75,-12.45,98
TCBX,,38.6,Setup en formation,41.77,695678097.0,37.1,-0.177,1.21,-2.57,-6.97,4558572.0,9.9,11.9,62.0,0.45,0.0,0.3,0.986,0.288,0.223,0.514,0.026,0.373,0.67,Financials,2026-07-03,40.0,4.43,98
MGRC,,38.5,Setup en formation,112.73,2753504990.0,45.7,0.273,-1.34,-1.97,1.51,18719662.0,9.0,12.2,29.0,0.08,0.0,0.02,1.0,0.513,0.359,0.63,0.228,0.111,0.665,Industrials,2026-07-03,117.91,-4.39,98
ZGN,,38.4,Setup en formation,12.52,3359266866.0,48.1,0.057,2.71,-0.79,7.01,14015963.0,21.5,28.5,1.0,0.2,0.0,0.3,1.0,0.917,0.599,0.0,0.38,0.111,0.283,Consumer Discretionary,2026-07-03,13.17,-4.94,98
WSBF,,38.4,Setup en formation,19.58,351990208.0,37.3,-0.062,0.62,1.24,-7.1,1871608.0,8.8,10.6,84.0,0.0,0.0,0.3,0.762,0.256,0.0,0.648,0.348,0.294,0.706,Financials,2026-07-03,20.6,-4.95,98
ARLP,,38.3,Setup en formation,24.65,3171439445.0,37.9,-0.073,0.2,1.27,-7.92,7266921.0,8.5,10.9,83.0,0.41,0.0,0.3,0.813,0.312,0.204,0.687,0.391,0.111,0.593,Energy,2026-07-03,23.81,3.53,98
SVCO,,38.3,En base (loin du pivot),7.99,270747206.0,50.7,0.029,-4.88,-11.42,16.64,3444802.0,17.8,36.2,72.0,0.02,0.0,0.914,0.766,0.226,0.508,0.0,0.5,0.278,0.0,Information Technology,2026-07-03,11.1,-28.02,98
HTB,,38.3,Setup en formation,46.43,775064347.0,46.9,0.089,0.65,0.74,-3.31,9949235.0,11.3,14.2,49.0,0.08,0.0,0.3,1.0,0.509,0.041,0.338,0.627,0.071,0.624,Financials,2026-07-03,49.43,-6.07,98
BBCP,,38.1,En base (loin du pivot),9.42,474706016.0,42.5,-0.039,-2.38,-4.66,-6.22,1646899.0,13.0,20.1,3.0,0.46,0.0,0.713,1.0,0.839,0.231,0.128,0.039,0.421,0.277,Industrials,2026-07-03,11.11,-15.21,98
MRAM,memoire,38.1,Setup en formation,16.55,402992649.0,45.0,-0.056,-3.95,-11.26,-1.02,14754086.0,17.9,32.5,30.0,0.85,0.0,0.392,0.972,0.667,0.807,0.0,0.186,0.325,0.0,Information Technology,2026-07-03,19.14,-13.53,98
BANR,,38.1,Setup en formation,66.87,2450081493.0,38.0,-0.205,1.01,-0.65,-5.03,19172514.0,10.6,12.3,88.0,0.67,0.0,0.3,1.0,0.237,0.333,0.419,0.317,0.103,0.645,Financials,2026-07-03,67.17,-0.45,98
HASI,,37.9,Setup en formation,36.35,4670821967.0,45.4,0.165,0.0,2.09,-4.21,40130244.0,14.6,17.8,12.0,0.09,0.0,0.3,1.0,0.876,0.262,0.0,0.566,0.087,0.476,Financials,2026-07-03,38.26,-4.99,98
LFCR,,37.9,Cup & Handle probable,6.43,243395176.0,74.9,0.136,-0.16,-1.53,57.21,3956206.0,3.3,39.8,98.0,0.0,0.23,0.6,0.564,0.107,0.0,1.0,0.118,0.952,0.053,Health Care,2026-07-03,5.09,26.33,98
PLAB,semiconducteurs,37.9,Setup en formation,29.71,1752805832.0,47.4,0.045,-1.33,-3.63,2.1,24532425.0,21.6,29.0,23.0,1.0,0.0,0.019,1.0,0.862,1.0,0.0,0.335,0.159,0.0,Information Technology,2026-07-03,28.86,2.95,98
ABSI,,37.9,En base (loin du pivot),8.94,1534229249.0,44.4,-0.099,-3.04,-16.84,3.35,44899536.0,24.8,41.4,46.0,0.0,0.0,0.973,0.479,0.324,0.355,0.0,0.15,0.619,0.139,Health Care,2026-07-03,11.62,-23.06,98
XXI,,37.9,Setup en formation,6.32,3554192443.0,51.7,-0.044,-1.1,-6.37,12.26,16490643.0,11.4,41.8,50.0,0.0,0.0,0.234,0.456,0.302,0.5,0.33,0.5,0.54,0.0,Financials,2026-07-03,5.42,16.61,98
CTOS,,37.8,Setup en formation,9.37,2131726863.0,47.6,0.053,-0.74,-1.16,1.3,8366702.0,23.4,28.7,17.0,0.59,0.0,0.3,1.0,0.67,0.631,0.0,0.351,0.198,0.22,Industrials,2026-07-03,10.04,-6.67,98
CVBF,,37.8,Setup en formation,21.75,3827944211.0,44.6,-0.038,1.02,-1.18,-0.59,35365480.0,6.2,8.0,48.0,0.0,0.0,0.3,0.341,0.364,0.0,0.97,0.174,0.317,0.792,Financials,2026-07-03,22.81,-4.65,98
GDV,,37.7,Setup en formation,28.31,2553236180.0,34.3,-0.015,0.07,0.68,-4.22,2440370.0,7.8,9.0,61.0,0.42,0.0,0.3,0.494,0.406,0.245,0.781,0.361,0.024,0.741,Financials,2026-07-03,29.57,-4.26,98
BJRI,,37.6,Setup en formation,59.54,1266639968.0,44.8,0.131,0.37,0.49,-2.04,25243476.0,20.2,23.8,10.0,0.65,0.0,0.3,1.0,0.765,0.326,0.0,0.198,0.452,0.327,Consumer Discretionary,2026-07-03,58.75,1.34,98
NAKA,,37.5,Setup en formation,8.93,159801841.0,51.8,-0.161,-4.39,-1.98,11.9,2170420.0,15.2,58.2,31.0,0.0,0.0,0.3,0.0,0.414,0.5,0.0,0.5,0.802,0.0,Financials,2026-09-01,7.49,19.23,38
HFWA,,37.5,Setup en formation,27.57,1128041934.0,40.7,-0.032,1.21,-1.15,-2.82,11746324.0,9.3,11.3,16.0,0.2,0.0,0.3,0.876,0.535,0.503,0.59,0.017,0.063,0.632,Financials,2026-07-03,29.7,-7.17,98
ZYME,,37.5,En base (loin du pivot),25.26,1792430428.0,43.0,-0.173,-4.79,-2.7,-6.96,26510151.0,19.4,31.3,6.0,0.0,0.0,0.7,1.0,0.733,0.03,0.0,0.376,0.333,0.353,Health Care,2026-07-03,26.31,-3.99,98
DCO,defense,37.4,Setup en formation,168.3,2541292806.0,45.3,0.359,1.58,-2.12,1.15,41416463.0,20.0,25.7,11.0,0.28,0.0,0.3,1.0,0.884,0.325,0.0,0.205,0.397,0.333,Industrials,2026-07-03,186.6,-9.81,98
RZLT,,37.4,Setup en formation,4.64,448822156.0,62.3,0.084,5.94,14.0,14.29,7555038.0,17.7,35.0,44.0,0.0,0.0,0.3,0.836,0.336,0.0,0.0,0.861,0.595,0.0,Health Care,2026-07-03,4.91,-5.5,98
ZVRA,,37.4,Setup en formation,11.0,653221591.0,46.0,-0.028,-0.72,8.06,-8.64,10904227.0,14.7,27.6,43.0,0.62,0.0,0.3,1.0,0.461,0.427,0.0,0.677,0.222,0.105,Health Care,2026-07-03,13.98,-21.32,98
GALT,,37.3,En base (loin du pivot),3.64,367811604.0,42.6,-0.041,0.55,-3.19,-10.12,1052531.0,22.9,42.4,3.0,0.79,0.0,0.7,0.424,0.947,0.551,0.0,0.061,0.571,0.0,Health Care,2026-07-03,4.51,-19.29,98
PGC,,37.3,Setup en formation,43.66,774002384.0,39.5,-0.075,0.58,-0.84,-4.3,6017384.0,8.0,10.8,44.0,0.73,0.0,0.3,0.802,0.499,0.363,0.752,0.04,0.103,0.631,Financials,2026-07-03,47.38,-7.85,98
ASTH,,37.2,Setup en formation,35.87,1779308608.0,46.8,0.248,-3.42,2.75,-5.75,15927516.0,12.5,21.4,25.0,0.34,0.0,0.3,1.0,0.725,0.449,0.186,0.622,0.143,0.0,Health Care,2026-07-03,49.17,-27.05,98
RZC,,37.1,Setup en formation,25.05,1635806708.0,47.4,0.002,-0.04,-0.83,-0.37,2749179.0,1.6,2.4,75.0,0.0,0.0,0.702,0.0,0.148,0.0,1.0,0.341,0.024,0.945,,2026-07-03,25.42,-1.46,98
MBIN,,37.1,Setup en formation,49.8,2287716135.0,39.7,-0.156,0.97,0.57,-4.87,11848471.0,12.0,15.2,50.0,0.0,0.0,0.3,1.0,0.418,0.103,0.248,0.341,0.286,0.592,Financials,2026-07-03,48.82,2.01,98
PDEX,,37.1,En base (loin du pivot),62.21,201139487.0,39.8,-1.129,-0.94,-4.82,2.49,4487734.0,19.2,27.9,60.0,0.74,0.0,0.708,1.0,0.634,0.371,0.0,0.005,0.357,0.36,Health Care,2026-07-03,61.33,1.43,98
NTB,,37.1,Setup en formation,57.85,2314000000.0,41.3,-0.049,0.75,-0.81,-3.05,9240005.0,9.8,11.7,21.0,0.51,0.0,0.3,0.951,0.765,0.326,0.519,0.031,0.079,0.672,Financials,2026-07-03,59.67,-3.05,98
SDEV,,37.0,Setup en formation,1.99,102985204.0,49.0,0.047,-28.42,-45.63,126.14,148617941.0,79.7,92.1,97.0,0.0,0.0,0.3,0.0,0.019,0.5,0.0,0.437,0.944,0.0,Financials,2026-09-30,3.27,-39.14,9
NREF,,36.9,Setup en formation,15.58,293652292.0,42.7,-0.038,1.7,-1.08,-6.8,1295958.0,12.9,15.2,63.0,0.0,0.0,0.3,1.0,0.456,0.0,0.135,0.368,0.397,0.569,Real Estate,2026-07-03,15.73,-0.95,98
NTRSO,,36.9,Setup en formation,18.29,3346258893.0,54.1,0.02,0.44,-0.11,1.13,1031674.0,3.2,6.7,37.0,0.0,0.0,0.003,0.119,0.411,0.0,1.0,0.544,0.151,0.835,Financials,2026-07-03,18.89,-3.18,98
GAM,,36.9,Setup en formation,64.06,1535877577.0,41.0,0.027,-0.11,0.91,-2.67,1370127.0,6.6,8.4,36.0,0.0,0.0,0.3,0.4,0.635,0.0,0.928,0.376,0.032,0.781,Financials,2026-07-03,63.94,0.19,98
KMT,,36.9,Setup en formation,31.71,2422327883.0,54.0,0.257,-1.74,0.13,6.98,43903870.0,22.4,29.7,65.0,0.36,0.0,0.056,1.0,0.364,0.682,0.0,0.5,0.286,0.108,Industrials,2026-07-03,33.49,-5.32,98
EDIT,,36.8,Setup en formation,2.84,436167299.0,53.3,0.026,3.27,12.7,2.53,9203250.0,19.2,31.2,3.0,0.0,0.0,0.3,1.0,0.76,0.0,0.0,0.86,0.373,0.0,Health Care,2026-07-03,3.65,-22.19,98
MNPR,,36.8,Setup en formation,83.98,563688205.0,34.8,-0.061,0.24,7.71,-25.27,14506389.0,32.7,39.7,82.0,0.93,0.0,0.3,0.575,0.498,0.571,0.0,0.489,0.46,0.0,Health Care,2026-07-03,97.79,-14.12,98
MRBK,,36.8,Setup en formation,18.7,223073198.0,37.3,-0.04,0.48,-0.58,-4.79,1446255.0,9.9,11.1,54.0,0.76,0.0,0.3,0.85,0.506,0.41,0.507,0.049,0.167,0.585,Financials,2026-07-03,19.64,-4.79,98
INTR,,36.8,Étendu (déjà parti),7.24,3195168840.0,77.8,0.233,0.84,36.6,32.12,43861196.0,1.7,32.5,100.0,0.0,0.69,0.492,0.971,0.0,0.5,1.0,0.507,0.849,0.026,Financials,2026-07-03,5.47,32.36,98
CPF,,36.7,Setup en formation,36.24,933086936.0,42.5,-0.025,1.2,0.47,-3.05,7233503.0,10.9,13.7,57.0,0.0,0.0,0.3,1.0,0.424,0.031,0.39,0.356,0.206,0.637,Financials,2026-07-03,38.28,-5.33,98
ARCT,,36.7,En base (loin du pivot),12.87,365804898.0,45.7,-0.349,0.78,-2.57,-12.69,11836677.0,28.3,68.6,56.0,0.72,0.0,0.886,0.0,0.456,0.358,0.0,0.276,0.746,0.0,Health Care,2026-07-03,7.28,76.79,98
QNST,,36.6,Setup en formation,15.99,915002038.0,46.9,0.113,3.83,7.17,-10.07,17880657.0,28.3,37.4,74.0,0.0,0.0,0.3,0.702,0.494,0.0,0.0,0.761,0.603,0.058,Communication Services,2026-07-03,15.82,1.07,98
NABL,,36.5,Setup en formation,4.5,850077225.0,61.3,0.047,0.45,3.69,16.88,12485729.0,14.3,43.2,18.0,0.0,0.0,0.154,0.376,0.89,0.0,0.0,0.809,0.683,0.0,Information Technology,2026-07-03,4.11,9.49,98
CATY,,36.5,Setup en formation,59.6,3976143672.0,40.1,-0.118,0.83,-0.8,-2.84,31350464.0,8.1,10.1,51.0,0.0,0.0,0.3,0.688,0.307,0.214,0.736,0.034,0.23,0.73,Financials,2026-07-03,62.31,-4.35,98
GAIN,,36.5,Setup en formation,15.38,612461852.0,37.3,-0.035,0.59,-2.29,-4.11,2381920.0,8.7,10.4,17.0,0.69,0.0,0.3,0.732,0.723,0.343,0.659,0.015,0.056,0.709,Financials,2026-07-03,15.56,-1.16,98
HCC,,36.5,Setup en formation,89.8,4741627413.0,43.6,0.112,0.26,0.81,-13.94,62987962.0,19.4,30.1,23.0,0.02,0.0,0.3,1.0,0.862,0.096,0.0,0.441,0.341,0.353,Materials,2026-07-03,80.83,11.1,98
SLG,,36.5,Setup en formation,48.94,3467394449.0,40.1,-0.014,0.7,0.35,-5.46,43617711.0,17.5,20.3,23.0,0.39,0.0,0.3,1.0,0.663,0.197,0.0,0.36,0.341,0.416,Real Estate,2026-07-03,53.42,-8.39,98
FA,,36.4,Setup en formation,18.73,3216946632.0,42.3,-0.079,1.96,2.13,-8.86,36209039.0,25.5,31.1,75.0,0.48,0.0,0.3,1.0,0.484,0.242,0.0,0.429,0.484,0.149,Industrials,2026-07-03,20.53,-8.77,98
PURR,,36.4,En base (loin du pivot),11.3,3144465554.0,45.7,-0.292,-3.67,-6.07,-6.07,269402515.0,23.4,58.9,24.0,0.0,0.0,0.959,0.0,0.725,0.012,0.0,0.249,0.762,0.219,Financials,2026-07-13,7.55,49.67,88
ARCB,,36.3,Setup en formation,129.96,2904781966.0,47.0,0.387,2.44,0.27,-4.58,31139947.0,12.8,16.8,3.0,0.8,0.0,0.3,1.0,0.972,0.398,0.145,0.345,0.222,0.121,Industrials,2026-07-03,139.67,-6.95,98
YDES,,36.3,Setup en formation,5.79,410113493.0,54.3,0.013,-1.53,-25.86,47.52,2871465.0,31.3,75.0,96.0,0.0,0.0,0.3,0.0,0.024,0.5,0.0,0.5,0.857,0.0,Health Care,2026-09-11,3.9,48.46,28
AGL,,36.2,Setup en formation,84.72,1422551311.0,47.2,0.664,-1.14,2.97,-9.48,20596743.0,25.9,36.9,29.0,0.76,0.0,0.3,0.729,0.797,0.381,0.0,0.673,0.286,0.0,Health Care,2026-07-03,111.01,-23.68,98
ORIC,,36.2,En base (loin du pivot),12.03,1246941452.0,40.7,-0.132,0.17,-3.91,-3.76,21133937.0,18.1,28.8,15.0,0.0,0.0,0.708,1.0,0.51,0.0,0.0,0.015,0.611,0.398,Health Care,2026-07-03,11.64,3.35,98
NEXA,,36.1,Setup en formation,12.51,1656811890.0,46.1,0.043,-0.71,6.02,-12.21,8112556.0,21.6,26.7,1.0,0.48,0.0,0.3,1.0,0.995,0.315,0.0,0.633,0.087,0.161,Materials,2026-07-03,13.04,-4.06,98
INBK,,36.1,Setup en formation,26.46,231090368.0,43.0,0.002,-0.04,-2.4,-7.56,1250638.0,14.7,21.3,36.0,0.43,0.0,0.3,1.0,0.638,0.339,0.0,0.108,0.349,0.51,Financials,2026-07-03,28.1,-5.84,98
SITC,,36.0,Setup en formation,3.17,166346825.0,53.4,0.014,0.32,-9.43,12.81,4846770.0,10.6,21.0,90.0,0.0,0.0,0.089,1.0,0.057,0.5,0.428,0.5,0.325,0.0,Real Estate,2026-07-03,4.49,-29.4,98
NWBI,,36.0,Setup en formation,14.85,2174917962.0,41.0,-0.037,0.88,-0.93,-3.32,17954023.0,6.6,8.6,47.0,0.0,0.0,0.3,0.426,0.319,0.028,0.925,0.033,0.333,0.769,Financials,2026-07-03,15.11,-1.72,98
EBC,,36.0,Setup en formation,21.08,4817023516.0,41.8,0.013,1.05,0.0,-2.9,54187027.0,10.7,13.5,13.0,0.11,0.0,0.3,1.0,0.784,0.155,0.408,0.041,0.206,0.642,Financials,2026-08-31,22.41,-5.93,39
TRLV,,35.9,En base (loin du pivot),10.37,1996902182.0,38.7,-0.233,-3.8,-4.6,-11.89,30746259.0,19.8,39.5,36.0,0.0,0.0,0.744,0.582,0.415,0.0,0.0,0.303,0.635,0.27,Health Care,2026-07-03,9.78,6.03,98
NMIH,,35.9,Setup en formation,40.61,3054596929.0,44.2,-0.043,2.71,6.64,-8.58,32378348.0,13.1,22.5,94.0,0.0,0.0,0.3,1.0,0.038,0.0,0.111,0.581,0.317,0.563,Financials,2026-07-03,41.04,-1.05,98
CDP,,35.9,Setup en formation,33.47,3795848029.0,39.1,0.061,0.24,0.6,-3.83,34921869.0,12.3,13.9,13.0,0.0,0.0,0.3,1.0,0.787,0.0,0.214,0.336,0.238,0.562,Real Estate,2026-07-03,37.67,-11.15,98
FEAM,new_tech,35.7,En base (loin du pivot),3.31,164291423.0,61.5,0.037,6.43,2.48,119.21,3435782.0,19.2,74.0,94.0,0.0,0.28,0.6,0.0,0.038,0.5,0.0,0.5,0.968,0.0,Materials,2026-09-21,2.5,32.4,18
MITK,,35.5,Setup en formation,17.07,770238924.0,44.7,0.008,-2.23,-4.9,-1.1,10737247.0,17.4,20.3,2.0,0.56,0.0,0.3,1.0,0.896,0.278,0.0,0.19,0.325,0.37,Information Technology,2026-07-03,19.21,-11.14,98
REI,,35.5,Setup en formation,1.35,351728469.0,46.0,-0.004,1.5,2.27,-8.78,5065249.0,14.6,24.1,41.0,0.26,0.0,0.3,1.0,0.55,0.131,0.0,0.636,0.444,0.0,Energy,2026-07-03,1.07,26.17,98
NEO,,35.4,En base (loin du pivot),16.02,2058176549.0,37.8,-0.441,0.31,-9.9,-9.29,47096367.0,20.5,26.1,65.0,0.11,0.0,0.788,1.0,0.21,0.061,0.0,0.0,0.643,0.317,Health Care,2026-07-03,15.16,5.67,98
ESP,,35.4,En base (loin du pivot),59.6,180997571.0,39.5,-0.491,-1.99,-4.27,-2.54,2777730.0,10.9,15.9,25.0,0.0,0.0,0.709,1.0,0.448,0.302,0.386,0.008,0.175,0.377,Industrials,2026-07-03,64.97,-8.27,98
KFY,,35.3,Setup en formation,72.93,3978977003.0,40.4,0.044,3.4,0.77,-9.46,48322241.0,16.1,19.1,63.0,0.0,0.0,0.3,1.0,0.49,0.0,0.0,0.382,0.437,0.465,Industrials,2026-07-03,69.68,4.66,98
INVX,,35.3,Setup en formation,27.58,1928830109.0,45.2,-0.091,2.45,0.22,-7.57,21568090.0,18.2,22.9,33.0,0.16,0.0,0.3,1.0,0.703,0.081,0.0,0.511,0.254,0.394,Energy,2026-07-03,24.09,14.49,98
UCB,,35.2,Setup en formation,33.58,4048925391.0,42.0,-0.031,0.96,-0.56,-3.46,32319301.0,8.7,11.3,63.0,0.04,0.0,0.3,0.875,0.351,0.018,0.663,0.302,0.079,0.7,Financials,2026-07-03,35.49,-5.38,98
SABR,,35.2,En base (loin du pivot),1.93,778915603.0,38.9,-0.036,1.05,-3.02,-9.81,13675865.0,22.8,28.4,41.0,0.0,0.0,0.7,1.0,0.672,0.0,0.0,0.314,0.389,0.24,Information Technology,2026-07-03,2.09,-7.66,98
APPS,,35.2,En base (loin du pivot),10.78,1312161597.0,46.7,-0.095,1.41,-6.67,-2.53,34574812.0,29.7,48.8,5.0,0.48,0.0,0.747,0.065,0.726,0.376,0.0,0.308,0.587,0.009,Information Technology,2026-07-03,12.71,-15.18,98
ANDE,,35.2,Setup en formation,66.53,2260394672.0,45.3,-0.103,0.89,1.59,-6.43,23488406.0,13.7,18.1,37.0,0.4,0.0,0.3,1.0,0.743,0.198,0.034,0.532,0.119,0.384,Consumer Staples,2026-07-03,66.3,0.35,98
OPK,,35.1,Setup en formation,1.37,1022469668.0,31.3,-0.037,-1.44,-12.74,-11.04,3804449.0,21.7,26.9,63.0,1.0,0.0,0.419,1.0,0.512,0.5,0.0,0.0,0.397,0.276,Health Care,2026-07-03,1.52,-9.87,98
IRWD,,35.0,Setup en formation,3.87,639478595.0,44.3,-0.044,3.2,2.93,-4.91,9303736.0,15.9,23.0,41.0,0.0,0.0,0.3,1.0,0.558,0.5,0.0,0.513,0.222,0.0,Health Care,2026-07-03,4.33,-10.62,98
CODA,,35.0,Setup en formation,10.25,115651785.0,41.8,-0.066,-3.39,-4.21,2.4,1270766.0,9.9,14.7,29.0,0.0,0.0,0.455,1.0,0.615,0.5,0.509,0.0,0.286,0.0,Industrials,2026-07-03,9.62,6.55,98
NVRI,,35.0,Setup en formation,19.79,557882455.0,42.1,0.035,0.66,1.7,-12.24,6131252.0,18.2,22.1,56.0,0.68,0.0,0.3,1.0,0.662,0.457,0.0,0.33,0.095,0.393,Industrials,2026-07-03,22.59,-12.39,98
TTRX,,34.9,En base (loin du pivot),11.39,339285776.0,43.3,-0.407,-5.87,-14.43,-17.16,2301635.0,30.8,55.0,35.0,0.0,0.0,0.988,0.0,0.39,0.303,0.0,0.084,0.825,0.0,Health Care,2026-07-21,10.05,13.33,80
NVCT,,34.9,En base (loin du pivot),20.13,656521149.0,42.9,-0.168,-0.79,-2.85,-11.63,4699258.0,22.4,31.0,15.0,0.29,0.0,0.7,1.0,0.738,0.144,0.0,0.087,0.587,0.0,Health Care,2026-07-03,19.57,2.86,98
CVCO,,34.9,Setup en formation,548.72,4219328665.0,46.1,0.971,1.51,-4.93,1.84,63005208.0,10.4,15.8,30.0,0.2,0.0,0.015,1.0,0.43,0.483,0.448,0.258,0.23,0.232,Consumer Discretionary,2026-07-03,598.73,-8.35,98
ICUI,,34.7,Setup en formation,157.18,3930606233.0,41.8,0.044,0.74,0.0,-2.37,40277425.0,18.5,21.5,13.0,0.55,0.0,0.3,1.0,0.719,0.273,0.0,0.005,0.476,0.383,Health Care,2026-07-03,154.97,1.43,98
SGMT,,34.3,En base (loin du pivot),8.92,629153860.0,40.3,-0.177,0.45,-4.8,-17.86,14138383.0,22.1,43.2,68.0,0.0,0.0,0.7,0.376,0.19,0.071,0.0,0.324,0.659,0.264,Health Care,2026-07-03,7.61,17.21,98
HIW,,34.1,Setup en formation,29.18,3218735237.0,40.3,-0.022,-0.68,0.31,-3.63,37610883.0,13.9,16.3,28.0,0.23,0.0,0.3,1.0,0.465,0.113,0.009,0.333,0.333,0.455,Real Estate,2026-07-03,31.86,-8.41,98
FSM,,34.1,En base (loin du pivot),10.61,3231353876.0,40.8,-0.166,4.84,-5.01,-13.95,63073348.0,18.0,36.0,31.0,0.27,0.0,0.7,0.777,0.626,0.177,0.0,0.014,0.548,0.22,Materials,2026-07-03,8.72,21.67,98
NP,,33.9,Setup en formation,28.44,3902909080.0,44.3,0.107,2.08,4.41,-10.06,17434238.0,19.0,24.5,41.0,0.16,0.0,0.3,1.0,0.557,0.079,0.0,0.537,0.23,0.364,Financials,2026-07-03,33.22,-14.39,98
SEPN,,33.9,En base (loin du pivot),36.9,1722379344.0,44.2,-0.266,2.5,-3.02,-2.82,15952500.0,27.8,35.0,13.0,0.04,0.0,0.7,0.831,0.736,0.073,0.0,0.146,0.563,0.074,Health Care,2026-07-03,34.0,8.53,98
EGG,,33.8,Setup en formation,4.5,125303400.0,60.1,0.146,-4.05,-16.04,62.45,1655166.0,27.8,59.1,88.0,1.0,0.06,0.3,0.0,0.071,1.0,0.0,0.5,0.365,0.0,Industrials,2026-07-29,3.81,18.11,72
XPRO,,33.8,Setup en formation,16.21,1838137537.0,45.4,-0.021,4.24,-0.55,-10.89,14264847.0,15.7,23.6,8.0,0.33,0.0,0.3,1.0,0.671,0.165,0.0,0.254,0.27,0.477,Energy,2026-07-03,14.38,12.73,98
KURA,,33.8,Setup en formation,10.52,935865712.0,38.5,-0.062,-1.41,-1.22,-12.99,19910268.0,24.3,36.5,14.0,0.28,0.0,0.3,0.747,0.882,0.14,0.0,0.35,0.452,0.189,Health Care,2026-07-03,11.1,-5.23,98
AROW,,33.7,Setup en formation,37.03,685933463.0,42.2,-0.032,1.17,-0.64,-4.24,3118640.0,9.2,11.2,43.0,0.48,0.0,0.3,0.869,0.626,0.241,0.602,0.048,0.063,0.58,Financials,2026-07-03,41.29,-10.32,98
IRD,,33.6,En base (loin du pivot),4.46,371053371.0,44.3,-0.12,1.13,-1.11,-22.16,11430307.0,36.9,51.6,76.0,0.55,0.0,0.737,0.0,0.428,0.277,0.0,0.475,0.579,0.0,Health Care,2026-07-03,4.23,5.44,98
SAMG,,33.5,Setup en formation,10.19,120728746.0,52.5,0.026,-0.49,-2.86,3.57,1150054.0,5.6,15.8,87.0,0.0,0.0,0.087,1.0,0.076,0.0,1.0,0.5,0.31,0.0,Financials,2026-09-29,10.38,-1.83,10
ICHR,semiconducteurs,33.4,Setup en formation,58.83,2203432292.0,47.6,0.716,-3.35,-5.84,1.64,41299085.0,29.3,40.1,34.0,0.57,0.0,0.3,0.548,0.759,0.784,0.0,0.349,0.167,0.0,Information Technology,2026-07-03,98.22,-40.1,98
UNTY,,33.4,Setup en formation,55.25,554852435.0,41.1,-0.119,1.17,1.1,-5.99,3444195.0,11.3,14.9,93.0,0.18,0.0,0.3,1.0,0.183,0.091,0.332,0.379,0.087,0.622,Financials,2026-07-03,58.12,-4.94,98
RMT,,33.4,Setup en formation,13.19,610289521.0,39.5,0.003,-1.49,-1.64,-2.77,1203664.0,8.5,8.8,2.0,0.66,0.0,0.3,0.459,0.699,0.362,0.69,0.0,0.008,0.693,Financials,2026-07-03,14.38,-8.28,98
TFSL,,33.4,Setup en formation,16.19,4540368203.0,37.6,-0.021,0.43,-1.52,-4.99,12358396.0,15.4,16.8,37.0,0.63,0.0,0.3,1.0,0.607,0.36,0.0,0.0,0.31,0.487,Financials,2026-07-06,17.84,-9.25,95
RHI,,33.4,Setup en formation,34.1,3490538335.0,33.4,-0.24,0.44,-9.76,-11.54,68798294.0,26.0,28.4,21.0,0.59,0.0,0.3,1.0,0.734,0.366,0.0,0.017,0.5,0.133,Industrials,2026-07-03,33.48,1.85,98
GYRE,,33.4,Setup en formation,6.76,753806579.0,43.3,-0.071,-3.98,-3.43,-2.73,1526450.0,12.7,27.4,30.0,0.0,0.0,0.096,1.0,0.479,0.5,0.167,0.08,0.492,0.059,Health Care,2026-09-22,7.43,-9.02,17
CNOB,,33.2,Setup en formation,30.22,1640806384.0,39.3,-0.035,0.87,-0.4,-4.34,12868723.0,10.6,13.2,60.0,0.16,0.0,0.3,1.0,0.31,0.107,0.422,0.305,0.032,0.635,Financials,2026-07-03,32.52,-7.07,98
PCRX,,33.0,Étendu (déjà parti),36.39,1450574032.0,85.1,0.731,44.4,45.5,40.61,65779321.0,-31.6,17.6,100.0,0.0,1.0,0.814,1.0,0.0,0.5,0.0,0.5,1.0,0.994,Health Care,2026-07-03,25.39,43.32,98
EBS,,32.8,Setup en formation,6.81,349171418.0,53.9,0.008,-3.68,6.91,19.89,7886408.0,11.6,43.4,31.0,0.33,0.0,0.086,0.368,0.468,0.295,0.305,0.802,0.278,0.0,Health Care,2026-07-03,8.28,-17.75,98
WBI,,32.8,Setup en formation,29.78,3682794505.0,46.9,0.11,1.6,5.87,-9.81,22211990.0,14.8,21.8,57.0,0.0,0.0,0.3,1.0,0.381,0.0,0.0,0.696,0.167,0.362,Energy,2026-07-03,31.29,-4.83,98
AEHL,,32.8,Étendu (déjà parti),11.35,215818616.0,58.7,0.321,-7.87,11.71,42.59,7641838.0,32.4,82.3,43.0,1.0,0.51,0.277,0.0,0.657,0.86,0.0,0.818,0.516,0.0,Industrials,2026-09-17,9.22,23.1,22
SI,,32.7,Setup en formation,17.89,372451141.0,41.1,0.164,-4.38,-4.59,-8.91,2670278.0,25.2,30.8,12.0,0.0,0.0,0.3,1.0,0.8,0.5,0.0,0.0,0.381,0.091,,2026-07-03,21.27,-15.89,98
OPTX,,32.6,En base (loin du pivot),8.26,332711792.0,51.7,0.189,-7.09,1.85,8.54,3806141.0,18.2,41.4,56.0,0.0,0.0,0.863,0.479,0.267,0.152,0.0,0.5,0.405,0.0,Information Technology,2026-07-03,10.88,-24.08,98
QSI,quantique,32.3,En base (loin du pivot),1.22,267038373.0,61.5,0.04,-4.69,-14.69,62.67,9050122.0,21.3,55.5,98.0,0.0,0.4,0.6,0.0,0.01,0.488,0.0,0.5,0.929,0.0,Health Care,2026-10-01,1.07,14.02,8
TOWN,,32.3,Setup en formation,35.27,2631753229.0,37.3,-0.093,0.83,-1.67,-3.57,20617014.0,8.8,10.6,56.0,0.36,0.0,0.3,0.762,0.288,0.179,0.648,0.017,0.103,0.702,Financials,2026-07-03,36.45,-3.24,98
MCB,,32.3,Setup en formation,87.49,1084681597.0,41.5,0.019,0.51,-0.13,-3.02,11209658.0,8.8,11.4,17.0,0.41,0.0,0.3,0.902,0.65,0.204,0.648,0.04,0.016,0.535,Financials,2026-07-03,98.53,-11.2,98
FCF,,32.1,Setup en formation,20.06,2027181856.0,37.6,-0.081,1.01,-1.08,-4.61,23966949.0,8.5,9.9,79.0,0.0,0.0,0.3,0.654,0.273,0.0,0.686,0.03,0.27,0.679,Financials,2026-07-03,20.47,-2.0,98
WSFS,,32.1,Setup en formation,75.41,3852742523.0,39.2,-0.18,0.88,-1.58,-4.71,28703202.0,8.9,10.4,80.0,0.34,0.0,0.3,0.726,0.182,0.169,0.643,0.004,0.159,0.705,Financials,2026-07-03,77.17,-2.28,98
VFF,,32.0,En base (loin du pivot),2.7,330173002.0,41.6,-0.055,0.56,-5.26,-9.09,2241521.0,15.6,41.3,67.0,0.68,0.0,0.821,0.486,0.317,0.462,0.0,0.017,0.516,0.0,Consumer Staples,2026-07-03,1.95,38.46,98
FSBC,,32.0,Setup en formation,42.71,1047958784.0,37.2,-0.037,0.85,-0.49,-6.95,9216611.0,11.0,13.1,71.0,0.14,0.0,0.3,1.0,0.487,0.068,0.379,0.314,0.048,0.514,Financials,2026-07-03,48.66,-12.23,98
IDYA,,32.0,En base (loin du pivot),36.06,3479410793.0,39.8,-0.215,-0.55,-4.63,-5.97,33159224.0,15.5,19.0,23.0,0.0,0.0,0.7,1.0,0.462,0.0,0.0,0.003,0.373,0.483,Health Care,2026-07-03,37.65,-4.22,98
EAF,,31.9,Setup en formation,8.85,230915651.0,51.8,-0.142,3.51,-2.43,43.44,6538394.0,25.6,52.0,89.0,0.0,0.0,0.269,0.0,0.067,0.5,0.0,0.52,0.627,0.0,Industrials,2026-07-03,5.68,55.81,98
KOP,,31.9,Setup en formation,44.24,836647768.0,39.9,-0.134,0.82,-2.1,-3.95,7874755.0,16.4,17.4,17.0,0.44,0.0,0.3,1.0,0.886,0.218,0.0,0.0,0.286,0.454,Materials,2026-07-03,46.21,-4.26,98
INDV,,31.8,Setup en formation,35.45,4184232060.0,46.0,0.086,-1.88,0.2,1.96,73863453.0,13.9,18.1,14.0,0.34,0.0,0.3,1.0,0.8,0.19,0.011,0.264,0.135,0.427,Health Care,2026-07-03,39.8,-10.93,98
HSDT,,31.7,Setup en formation,2.38,154290780.0,44.9,-0.067,-6.3,-9.16,8.18,1668605.0,30.5,52.7,71.0,0.0,0.0,0.3,0.0,0.176,0.5,0.0,0.184,0.833,0.0,Financials,2026-09-21,2.76,-13.77,18
PICS,,31.7,Setup en formation,11.98,1552458765.0,64.4,0.452,-0.91,42.11,13.02,5582146.0,12.9,41.2,98.0,0.0,0.38,0.3,0.487,0.098,0.115,0.141,0.978,0.635,0.0,Information Technology,2026-09-03,11.18,7.16,36
TSAT,espace,31.6,En base (loin du pivot),44.66,1614816637.0,43.8,-0.339,-4.45,-3.81,-3.92,5353565.0,27.4,43.3,4.0,1.0,0.0,0.7,0.374,0.924,0.5,0.0,0.152,0.222,0.086,Information Technology,2026-07-03,46.23,-3.4,98
PFS,,31.6,Setup en formation,22.22,2897990572.0,39.0,-0.019,1.14,-0.58,-3.85,21209165.0,12.0,14.2,54.0,0.19,0.0,0.3,1.0,0.42,0.097,0.252,0.302,0.04,0.601,Financials,2026-07-03,23.54,-5.61,98
AGM,,31.6,Setup en formation,207.44,2251389882.0,36.5,-0.81,-0.55,-0.84,-6.92,27102869.0,15.9,17.7,45.0,0.0,0.0,0.3,1.0,0.514,0.0,0.0,0.047,0.508,0.472,Financials,2026-07-03,200.94,3.23,98
IAUX,,31.5,En base (loin du pivot),1.54,1333488592.0,39.4,-0.025,3.36,-4.94,-12.99,14493308.0,20.6,34.0,62.0,0.64,0.0,0.7,0.888,0.424,0.52,0.0,0.021,0.31,0.0,Materials,2026-07-03,1.49,3.36,98
GFF,,31.5,Setup en formation,92.15,4173908079.0,39.9,-0.157,-1.97,-1.07,-5.57,35891838.0,14.9,20.7,2.0,0.0,0.0,0.3,1.0,0.875,0.191,0.0,0.044,0.222,0.502,Industrials,2026-07-03,92.86,-0.76,98
NBR,,31.5,Setup en formation,81.56,1365672285.0,44.6,0.057,1.84,2.17,-9.92,17621684.0,16.8,22.3,38.0,0.54,0.0,0.3,1.0,0.757,0.268,0.0,0.526,0.111,0.075,Energy,2026-07-03,77.86,4.75,98
INSP,,31.4,Setup en formation,66.69,1928032909.0,46.5,-1.028,-1.13,-5.78,0.32,71658024.0,15.4,38.1,32.0,0.0,0.0,0.194,0.659,0.51,0.0,0.0,0.282,0.833,0.0,Health Care,2026-07-03,46.95,42.04,98
EWTX,,31.4,Setup en formation,39.23,4260539981.0,39.2,-0.273,-0.86,-3.09,-9.59,77225321.0,19.1,24.0,55.0,0.0,0.0,0.3,1.0,0.436,0.0,0.0,0.31,0.389,0.362,Health Care,2026-07-03,39.56,-0.83,98
HELE,,31.1,Setup en formation,26.55,618404220.0,44.3,-0.24,3.91,-1.12,-2.82,14105686.0,13.2,19.2,55.0,0.0,0.0,0.3,1.0,0.271,0.161,0.106,0.193,0.286,0.434,Consumer Staples,2026-07-03,28.14,-5.65,98
SCZM,,31.1,En base (loin du pivot),8.48,788557608.0,43.7,-0.089,0.36,-2.64,-18.7,4004123.0,20.7,41.4,9.0,0.49,0.0,0.702,0.476,0.819,0.244,0.0,0.15,0.452,0.0,Materials,2026-07-03,6.69,26.76,98
VISN,,31.1,Setup en formation,6.02,1388371000.0,39.9,-0.018,-0.82,-2.27,-6.01,46801400.0,15.7,19.7,59.0,0.56,0.0,0.3,1.0,0.648,0.291,0.0,0.305,0.103,0.329,Information Technology,2026-07-03,12.15,-50.45,98
IQMX,,31.0,Setup en formation,10.17,1927176537.0,48.2,0.029,-2.68,0.49,-2.21,3533993.0,18.2,29.7,52.0,0.19,0.0,0.006,1.0,0.633,0.595,0.0,0.416,0.151,0.0,Information Technology,2026-07-07,13.91,-26.89,94
NRIX,,31.0,Setup en formation,22.21,2304991179.0,30.3,-0.181,-2.29,-4.84,-15.42,38524615.0,21.3,23.7,62.0,0.0,0.0,0.3,1.0,0.426,0.0,0.0,0.313,0.421,0.289,Health Care,2026-07-03,23.97,-7.34,98
FBNC,,31.0,Setup en formation,59.73,2472751698.0,37.1,-0.312,1.37,-2.99,-6.49,16433935.0,10.2,12.1,77.0,0.0,0.0,0.3,1.0,0.18,0.259,0.474,0.0,0.04,0.66,Financials,2026-07-03,63.8,-6.38,98
TJGC,,31.0,Étendu (déjà parti),33.0,333300759.0,69.2,0.293,6.45,1.29,211.91,11908062.0,10.2,91.3,77.0,1.0,1.0,1.0,0.0,0.138,0.773,0.471,0.338,0.976,0.659,Communication Services,2026-08-27,6.29,424.64,43
VOXR,,31.0,Setup en formation,5.08,353036043.0,41.8,-0.049,1.4,1.4,-12.61,2458306.0,15.1,30.3,47.0,0.21,0.0,0.3,1.0,0.562,0.107,0.0,0.384,0.294,0.209,Materials,2026-07-03,4.87,4.31,98
KOPN,defense|ia|laser_photonique,30.9,En base (loin du pivot),4.2,780664979.0,39.1,-0.048,-8.1,-8.89,-1.41,16247474.0,24.1,40.1,3.0,0.58,0.0,0.763,0.548,0.932,0.463,0.0,0.0,0.294,0.0,Information Technology,2026-07-03,3.9,7.69,98
TBN,,30.9,Setup en formation,34.68,1212413008.0,44.8,-0.11,0.73,4.52,-11.3,4921917.0,17.3,26.0,74.0,0.18,0.0,0.3,1.0,0.415,0.092,0.0,0.597,0.317,0.0,Energy,2026-07-03,30.93,12.12,98
BELFB,,30.7,Setup en formation,242.5,3501566625.0,43.7,0.899,-1.71,-3.8,-1.43,37310388.0,20.8,25.7,12.0,0.9,0.0,0.3,1.0,0.868,0.671,0.0,0.105,0.048,0.078,Information Technology,2026-07-03,266.94,-9.16,98
TDAY,,30.7,Setup en formation,6.99,1026257408.0,55.7,0.109,-0.99,-0.99,11.13,16490877.0,24.1,33.7,86.0,0.27,0.0,0.3,0.908,0.328,0.135,0.0,0.5,0.278,0.197,Communication Services,2026-07-03,8.83,-20.84,98
BGIN,,30.7,Setup en formation,2.19,247767711.0,53.8,0.02,-0.9,-6.01,10.72,1699434.0,35.4,52.5,70.0,0.0,0.0,0.278,0.0,0.181,0.5,0.0,0.5,0.54,0.0,Information Technology,2026-09-30,2.57,-14.79,9
TSSI,gestion_thermique,30.7,Setup en formation,9.97,281344128.0,55.9,0.11,-3.58,1.32,19.69,8261012.0,22.4,40.7,36.0,0.42,0.0,0.093,0.519,0.561,0.523,0.0,0.503,0.294,0.0,Information Technology,2026-07-03,11.21,-11.06,98
RILYZ,,30.6,Setup en formation,18.93,577309459.0,34.4,-0.098,-0.13,-4.15,-8.42,1380156.0,10.3,13.3,33.0,0.0,0.0,0.3,1.0,0.405,0.0,0.464,0.008,0.159,0.657,,2026-09-16,20.26,-6.56,23
BXC,,30.5,En base (loin du pivot),71.29,560354870.0,41.9,-0.527,0.47,-3.39,-10.97,13447963.0,24.0,45.6,18.0,0.13,0.0,0.7,0.244,0.667,0.064,0.0,0.047,0.651,0.2,Industrials,2026-07-03,56.84,25.42,98
BLZE,,30.5,Setup en formation,12.99,804081000.0,41.6,0.053,-5.39,-8.39,-1.81,21656786.0,45.9,51.1,6.0,1.0,0.0,0.3,0.0,0.967,0.771,0.0,0.0,0.468,0.0,Information Technology,2026-07-03,15.62,-16.84,98
SLGL,,30.3,Setup en formation,70.34,230293090.0,49.8,1.171,-2.23,-3.64,1.68,2928091.0,22.5,35.8,100.0,0.94,0.0,0.348,0.79,0.203,0.47,0.0,0.487,0.159,0.06,Health Care,2026-07-03,74.01,-4.96,98
SLS,,30.3,Setup en formation,11.26,2273908683.0,43.3,-0.023,-0.44,-0.62,-19.28,70342510.0,28.1,37.7,1.0,0.5,0.0,0.3,0.682,0.995,0.249,0.0,0.119,0.476,0.03,Health Care,2026-07-03,14.98,-24.83,98
NGL,,30.3,Setup en formation,15.27,1905914193.0,41.0,-0.007,0.26,-2.12,-13.78,3149065.0,19.9,23.9,69.0,0.51,0.0,0.3,1.0,0.52,0.268,0.0,0.317,0.103,0.337,Energy,2026-07-03,15.19,0.53,98
MCRI,,30.3,Setup en formation,115.37,2067721248.0,38.9,-0.002,-2.37,-0.7,-4.61,24446623.0,9.0,9.5,60.0,0.0,0.0,0.3,0.583,0.466,0.0,0.627,0.322,0.071,0.503,Consumer Discretionary,2026-07-03,129.94,-11.21,98
FATE,,30.2,Setup en formation,2.13,255217695.0,35.1,-0.024,-0.93,-7.39,-12.7,4008091.0,26.0,29.5,22.0,0.37,0.0,0.3,1.0,0.616,0.65,0.0,0.0,0.254,0.0,Health Care,2026-07-03,2.92,-27.05,98
LION,,30.2,Setup en formation,11.28,3356473190.0,48.7,0.065,-0.27,0.27,1.99,36088256.0,18.1,24.0,5.0,0.0,0.0,0.3,1.0,0.742,0.054,0.0,0.727,0.111,0.0,,2026-07-03,14.66,-23.06,98
AZZ,equipement_electrique,30.1,Setup en formation,136.38,4098423706.0,46.5,0.65,-1.54,0.72,-1.38,35558626.0,13.0,17.7,8.0,0.07,0.0,0.3,1.0,0.786,0.034,0.126,0.313,0.048,0.474,Industrials,2026-07-03,150.01,-9.09,98
MYGN,,30.1,Setup en formation,4.2,401728509.0,55.5,0.011,-1.87,3.45,31.66,9063868.0,21.9,49.1,34.0,0.13,0.0,0.199,0.052,0.404,0.567,0.0,0.5,0.413,0.0,Health Care,2026-07-03,5.99,-29.88,98
STRZ,,30.0,Setup en formation,23.63,404644161.0,46.3,0.081,0.42,3.41,-6.6,8935208.0,20.7,33.7,67.0,0.0,0.0,0.3,0.906,0.311,0.0,0.0,0.619,0.341,0.084,Communication Services,2026-07-03,28.99,-18.49,98
WOLF,equipement_electrique|new_tech|semiconducteurs,30.0,Setup en formation,31.02,1641906250.0,56.1,0.563,-1.12,-0.48,13.71,117601487.0,15.0,42.4,28.0,0.31,0.0,0.429,0.42,0.452,0.155,0.0,0.5,0.46,0.0,Information Technology,2026-07-03,40.0,-22.45,98
VOR,,29.9,Setup en formation,19.13,1131774684.0,42.4,-0.049,1.86,5.92,-17.67,27689173.0,26.4,32.6,71.0,0.0,0.0,0.3,0.966,0.246,0.0,0.0,0.403,0.563,0.0,Health Care,2026-07-03,20.59,-7.09,98
CTS,gestion_thermique,29.8,Setup en formation,57.31,1636555535.0,41.3,0.007,-1.68,-4.18,2.15,15698594.0,15.7,19.0,19.0,0.0,0.0,0.312,1.0,0.622,0.5,0.0,0.0,0.056,0.417,Information Technology,2026-07-03,60.5,-5.27,98
TCBK,,29.8,Setup en formation,51.91,1659387763.0,43.3,0.054,1.33,0.21,-2.39,15696047.0,11.4,13.9,37.0,0.18,0.0,0.3,1.0,0.443,0.091,0.32,0.128,0.127,0.49,Financials,2026-07-03,54.54,-4.82,98
FULT,,29.8,Setup en formation,22.27,4251667318.0,38.0,-0.039,0.86,-1.42,-4.06,43265919.0,10.4,12.1,63.0,0.0,0.0,0.3,1.0,0.296,0.0,0.453,0.02,0.167,0.634,Financials,2026-07-03,24.11,-7.63,98
FCEL,new_tech|production_energie,29.7,Setup en formation,17.25,1378810110.0,48.5,0.287,-6.1,4.1,4.1,110909204.0,32.9,46.2,21.0,0.85,0.0,0.3,0.212,0.787,0.424,0.0,0.455,0.31,0.0,Industrials,2026-07-03,28.11,-38.63,98
WRBY,,29.7,Setup en formation,24.95,3084020947.0,47.1,0.036,-1.42,-9.24,1.55,91180313.0,19.3,27.5,58.0,0.0,0.0,0.479,1.0,0.303,0.031,0.0,0.319,0.23,0.349,Health Care,2026-07-03,29.26,-14.73,98
DCOM,,29.6,Setup en formation,38.55,1702236737.0,32.5,-0.163,-0.05,-2.45,-4.56,14684356.0,8.1,8.9,71.0,0.0,0.0,0.3,0.481,0.297,0.0,0.731,0.009,0.167,0.728,Financials,2026-07-03,40.31,-4.37,98
HIMX,semiconducteurs,29.6,En base (loin du pivot),13.26,2312887620.0,42.1,-0.051,-5.89,-8.24,-4.95,15623760.0,15.8,23.7,17.0,0.5,0.0,0.724,1.0,0.748,0.354,0.0,0.004,0.206,0.0,Information Technology,2026-07-03,13.15,0.84,98
UNF,,29.5,Setup en formation,259.6,4694651311.0,44.9,0.551,2.89,2.89,-5.65,96322822.0,13.6,17.3,73.0,0.0,0.0,0.3,1.0,0.162,0.0,0.044,0.556,0.063,0.492,Industrials,2026-07-03,273.56,-5.1,98
FFBC,,29.5,Setup en formation,31.2,3281208091.0,41.2,-0.026,1.07,-0.98,-3.14,30944624.0,9.8,11.5,33.0,0.12,0.0,0.3,0.914,0.4,0.06,0.527,0.024,0.119,0.559,Financials,2026-07-03,34.39,-9.28,98
INOD,ia,29.5,En base (loin du pivot),61.2,2104218241.0,45.5,-0.42,-3.5,-14.82,12.01,112580715.0,23.0,34.6,63.0,0.0,0.0,0.509,0.857,0.219,0.36,0.0,0.219,0.349,0.0,Information Technology,2026-07-03,68.88,-11.15,98
ARIS,,29.2,En base (loin du pivot),16.76,3459264000.0,37.6,-0.213,-1.59,-3.23,-16.74,30458598.0,21.9,38.1,25.0,0.07,0.0,0.7,0.662,0.68,0.037,0.0,0.319,0.31,0.065,Materials,2026-07-03,16.0,4.75,98
INDP,,29.2,Setup en formation,2.37,315784308.0,47.1,-0.17,4.87,11.79,13.94,2676670.0,43.8,78.2,33.0,0.46,0.0,0.097,0.0,0.405,0.364,0.0,0.632,0.492,0.0,Health Care,2026-07-03,3.03,-21.78,98
FDMT,,29.1,En base (loin du pivot),12.7,701601480.0,37.7,-0.296,0.87,-8.24,-10.44,15514926.0,25.0,42.9,48.0,0.0,0.0,0.7,0.392,0.524,0.0,0.0,0.021,0.659,0.167,Health Care,2026-07-03,13.0,-2.31,98
HELP,,29.1,En base (loin du pivot),10.72,783221285.0,38.5,-0.352,2.0,-9.99,-21.64,21282306.0,29.2,50.4,59.0,0.48,0.0,0.747,0.0,0.589,0.242,0.0,0.013,0.683,0.025,Health Care,2026-07-03,6.24,71.79,98
INNV,,29.0,Setup en formation,9.11,1243072482.0,36.3,-0.01,-0.22,3.52,-17.41,8278347.0,25.3,31.1,81.0,0.0,0.0,0.3,1.0,0.41,0.0,0.0,0.403,0.405,0.069,Health Care,2026-07-03,11.99,-24.02,98
SYBT,,28.9,Setup en formation,75.89,2357647537.0,37.8,-0.146,0.3,-1.98,-1.67,12732538.0,13.6,14.9,34.0,0.29,0.0,0.3,1.0,0.619,0.147,0.049,0.0,0.206,0.514,Financials,2026-07-03,78.15,-2.89,98
CMPS,,28.8,Setup en formation,11.47,1588329148.0,32.9,-0.256,-1.88,-4.02,-24.39,37589496.0,27.7,31.8,76.0,0.46,0.0,0.3,1.0,0.446,0.232,0.0,0.348,0.238,0.076,Health Care,2026-07-03,13.62,-15.79,98
THM,,28.8,En base (loin du pivot),2.33,609615312.0,41.6,-0.044,3.1,-7.54,-7.17,1966409.0,21.8,44.3,66.0,0.77,0.0,0.7,0.317,0.485,0.586,0.0,0.0,0.349,0.0,Materials,2026-07-03,2.32,0.43,98
PVLA,,28.6,Setup en formation,131.34,1892400175.0,35.2,-1.641,0.57,-1.05,-13.22,33736745.0,18.3,22.6,86.0,0.0,0.0,0.3,1.0,0.228,0.0,0.0,0.336,0.278,0.38,Health Care,2026-07-03,146.76,-10.51,98
HUYA,,28.6,Setup en formation,2.24,511540048.0,49.5,0.003,-2.18,-2.18,8.74,1990223.0,13.5,22.0,75.0,0.5,0.0,0.029,1.0,0.186,0.468,0.061,0.468,0.183,0.0,Communication Services,2026-07-03,2.38,-5.88,98
WSBC,,28.5,Setup en formation,36.96,3544681657.0,34.8,-0.133,1.34,-1.75,-7.76,41303907.0,13.3,15.1,70.0,0.0,0.0,0.3,1.0,0.273,0.051,0.089,0.029,0.294,0.557,Financials,2026-07-03,39.64,-6.76,98
TRMK,,28.5,Setup en formation,44.55,2587044205.0,38.6,-0.137,0.41,-1.18,-1.85,18763270.0,8.6,10.0,84.0,0.17,0.0,0.3,0.66,0.207,0.084,0.677,0.017,0.032,0.714,Financials,2026-07-03,46.38,-3.95,98
LBRX,,28.5,Setup en formation,34.61,1116490047.0,28.6,-0.533,1.32,-7.16,-27.4,15080903.0,31.0,34.0,75.0,0.02,0.0,0.3,0.892,0.403,0.008,0.0,0.336,0.524,0.0,Health Care,2026-07-03,33.43,3.53,98
GLNG,,28.2,Setup en formation,48.42,4918952357.0,40.6,-0.067,-1.47,0.25,-6.78,75381337.0,12.3,15.2,66.0,0.0,0.0,0.3,1.0,0.433,0.0,0.208,0.339,0.016,0.487,Energy,2026-07-03,49.01,-1.2,98
ALTG,,28.1,Setup en formation,6.32,206454631.0,51.7,0.071,-2.47,0.0,6.4,1417325.0,21.1,29.7,17.0,0.0,0.0,0.004,1.0,0.683,0.062,0.0,0.538,0.254,0.091,Industrials,2026-07-03,6.19,2.1,98
PRK,,28.1,Setup en formation,178.46,3223730172.0,37.8,0.165,1.32,-0.39,-4.47,18968573.0,16.5,18.3,24.0,0.29,0.0,0.3,1.0,0.815,0.144,0.0,0.031,0.159,0.449,Financials,2026-07-03,186.42,-4.27,98
TRX,,28.1,En base (loin du pivot),1.12,366770890.0,43.5,-0.024,-0.88,-4.27,-2.61,4648059.0,22.8,48.3,22.0,0.0,0.0,0.776,0.096,0.706,0.28,0.0,0.123,0.444,0.0,Materials,2026-08-07,0.98,14.29,63
SUIG,,27.9,Setup en formation,1.36,104451906.0,50.2,-0.015,-9.33,-13.92,34.65,1728796.0,24.4,56.1,92.0,0.0,0.0,0.3,0.0,0.048,0.357,0.0,0.5,0.548,0.0,Financials,2026-09-22,1.46,-6.85,17
URGN,,27.8,Setup en formation,36.98,1807603257.0,30.3,-0.262,-9.14,-8.8,-17.82,33610882.0,27.2,32.7,13.0,0.41,0.0,0.3,0.959,0.69,0.204,0.0,0.0,0.421,0.093,Health Care,2026-07-03,38.02,-2.74,98
MANU,,27.8,Setup en formation,20.32,3505025106.0,43.7,0.065,0.35,-1.45,-0.49,8224502.0,16.9,22.1,2.0,0.0,0.0,0.3,1.0,0.602,0.0,0.0,0.156,0.23,0.437,Communication Services,2026-07-03,23.11,-12.07,98
ODC,,27.6,Setup en formation,84.37,1222380824.0,35.6,-0.311,-3.92,-7.7,-1.71,11135187.0,17.3,17.9,14.0,0.24,0.0,0.3,1.0,0.707,0.121,0.0,0.0,0.31,0.301,Materials,2026-07-03,100.34,-15.92,98
CADL,,27.6,Setup en formation,9.66,739169338.0,34.5,-0.146,-1.63,-4.92,-20.62,12877613.0,31.0,33.0,36.0,0.28,0.0,0.3,0.944,0.692,0.245,0.0,0.047,0.413,0.0,Health Care,2026-07-03,9.83,-1.73,98
ATEX,,27.4,Setup en formation,76.44,1498972042.0,38.2,0.218,-5.84,-7.32,-8.92,23414112.0,28.8,30.9,7.0,0.52,0.0,0.3,1.0,0.881,0.259,0.0,0.0,0.349,0.0,Communication Services,2026-07-03,105.14,-27.3,98
GOLD,,27.4,Setup en formation,41.66,1212158149.0,43.1,-0.38,2.41,-1.02,-13.37,23992186.0,14.7,23.1,74.0,0.25,0.0,0.3,1.0,0.557,0.123,0.0,0.394,0.238,0.0,Financials,2026-07-03,43.99,-5.3,98
BAND,,27.4,En base (loin du pivot),51.95,1671791937.0,42.7,-0.589,-9.61,-16.8,6.39,54042585.0,22.6,45.5,21.0,0.42,0.0,0.954,0.251,0.477,0.3,0.0,0.045,0.373,0.0,Information Technology,2026-07-03,61.6,-15.67,98
NWPX,,27.3,Setup en formation,100.73,970755357.0,36.5,0.531,-2.17,-3.86,-5.86,13555392.0,24.7,26.0,2.0,0.82,0.0,0.3,1.0,0.966,0.509,0.0,0.0,0.119,0.0,Materials,2026-07-03,136.92,-26.43,98
MOV,,26.9,Setup en formation,31.99,713768718.0,34.7,-0.037,-1.75,-5.77,-2.05,6849856.0,20.1,20.6,9.0,0.09,0.0,0.3,1.0,0.877,0.046,0.0,0.0,0.262,0.331,Consumer Discretionary,2026-07-03,37.61,-14.94,98
VCYT,,26.8,Setup en formation,43.6,3505035872.0,48.1,0.083,1.02,-1.34,-0.59,67612352.0,27.3,36.2,53.0,0.0,0.0,0.301,0.766,0.281,0.116,0.0,0.378,0.365,0.053,Health Care,2026-07-03,57.08,-23.62,98
OOMA,,26.8,Setup en formation,20.1,554760000.0,37.8,-0.252,1.93,-3.18,-12.0,11130577.0,23.3,25.5,63.0,0.0,0.0,0.3,1.0,0.586,0.0,0.0,0.036,0.429,0.225,Information Technology,2026-07-03,19.49,3.13,98
FSCO,,26.8,Setup en formation,4.98,987812382.0,42.8,-0.035,1.43,-2.73,-4.3,5711431.0,8.8,12.1,99.0,0.0,0.0,0.002,1.0,0.005,0.0,0.649,0.065,0.333,0.323,Financials,2026-07-03,4.95,0.61,98
SLN,,26.7,Setup en formation,9.52,591704176.0,21.9,-0.203,-3.05,-11.11,-29.74,11270882.0,45.8,48.5,58.0,0.72,0.0,0.3,0.084,0.652,0.36,0.0,0.309,0.421,0.0,Health Care,2026-07-03,10.39,-8.37,98
RXT,,26.7,Setup en formation,3.62,922639717.0,46.1,-0.006,-5.97,-6.22,11.73,24250368.0,36.2,49.2,5.0,0.59,0.0,0.3,0.044,0.874,0.471,0.0,0.255,0.325,0.0,Information Technology,2026-07-03,5.72,-36.71,98
ZBIO,,26.7,Setup en formation,26.24,1710237212.0,36.9,-0.225,-6.88,-6.08,-18.74,22511860.0,22.8,24.9,85.0,0.15,0.0,0.3,1.0,0.09,0.088,0.0,0.321,0.429,0.0,Health Care,2026-07-03,27.23,-3.64,98
MBX,,26.4,Setup en formation,53.25,2564525112.0,36.0,-0.334,-2.37,-5.84,-15.36,33605352.0,26.7,30.6,39.0,0.0,0.0,0.3,1.0,0.367,0.181,0.0,0.01,0.429,0.11,Health Care,2026-07-03,57.8,-7.87,98
INBX,,26.3,Setup en formation,92.76,1365210142.0,35.6,-1.47,-0.64,-5.28,-17.81,26537400.0,29.2,39.2,25.0,0.54,0.0,0.3,0.601,0.848,0.271,0.0,0.317,0.198,0.0,Health Care,2026-07-03,97.58,-4.94,98
TONX,,26.3,Setup en formation,3.24,178433244.0,43.9,-0.06,-7.69,-10.74,5.19,1124452.0,22.8,38.7,52.0,0.48,0.0,0.211,0.626,0.372,0.382,0.0,0.12,0.444,0.0,Information Technology,2026-07-03,2.88,12.5,98
RLAY,,26.2,Setup en formation,17.41,3815255796.0,40.5,-0.024,-3.01,-5.84,-6.7,65658204.0,18.1,20.7,29.0,0.0,0.0,0.3,1.0,0.429,0.0,0.0,0.0,0.357,0.395,Health Care,2026-07-03,18.65,-6.65,98
KALU,,26.2,Setup en formation,149.74,2448113036.0,43.9,0.502,-1.64,0.91,-10.55,33318170.0,25.1,29.8,1.0,0.51,0.0,0.3,1.0,0.978,0.254,0.0,0.166,0.016,0.164,Materials,2026-07-03,176.27,-15.05,98
UMAC,defense,26.2,Setup en formation,21.39,1068569642.0,42.2,-0.206,-2.24,-1.79,-12.05,58877307.0,38.8,49.6,10.0,1.0,0.0,0.3,0.025,0.938,0.532,0.0,0.048,0.405,0.0,Information Technology,2026-07-03,22.08,-3.12,98
BBNX,,26.0,En base (loin du pivot),17.43,917547672.0,37.6,-0.457,-3.6,-7.63,0.06,31609355.0,26.0,46.0,55.0,0.0,0.0,0.725,0.224,0.586,0.044,0.0,0.014,0.627,0.0,Health Care,2026-07-03,16.76,4.0,98
INGN,,26.0,Setup en formation,5.94,157637722.0,62.4,0.093,2.06,-0.67,12.71,2281435.0,14.3,27.2,93.0,0.0,0.0,0.03,1.0,0.043,0.201,0.0,0.5,0.31,0.0,Health Care,2026-07-03,6.6,-10.0,98
PWP,,25.9,Setup en formation,15.2,1479132155.0,49.9,0.172,0.46,-3.52,-5.24,36464597.0,22.6,36.2,79.0,0.0,0.0,0.015,0.764,0.252,0.5,0.0,0.491,0.111,0.0,Financials,2026-07-03,16.47,-7.71,98
GRC,,25.2,Setup en formation,73.04,1929004149.0,41.4,0.168,-1.58,-2.78,-2.31,15699296.0,16.1,19.6,17.0,0.0,0.0,0.3,1.0,0.759,0.293,0.0,0.0,0.04,0.297,Industrials,2026-07-03,84.06,-13.11,98
CBL,,25.1,Setup en formation,49.24,1523621355.0,33.2,-0.416,1.44,-9.44,-9.86,17032376.0,16.2,20.0,63.0,0.0,0.0,0.3,1.0,0.219,0.0,0.0,0.0,0.349,0.416,Real Estate,2026-07-03,52.63,-6.44,98
BETA,,24.8,Setup en formation,20.5,4795791730.0,43.8,-0.258,1.18,-5.66,1.74,81246142.0,25.2,38.7,17.0,0.0,0.0,0.014,0.628,0.736,0.0,0.0,0.119,0.667,0.0,Industrials,2026-07-03,18.11,13.2,98
ARQQ,quantique,24.5,En base (loin du pivot),18.43,320726435.0,36.7,-0.344,-18.27,-23.05,-14.83,7845722.0,26.6,36.1,63.0,0.0,0.0,0.614,0.772,0.303,0.101,0.0,0.0,0.437,0.0,Information Technology,2026-07-03,23.51,-21.61,98
ARQT,,24.4,Setup en formation,24.49,3078196125.0,44.4,-0.237,1.32,-3.16,2.73,89936889.0,16.2,21.0,61.0,0.0,0.0,0.3,1.0,0.308,0.0,0.0,0.151,0.294,0.236,Health Care,2026-07-03,25.81,-5.11,98
DBI,,24.4,Setup en formation,5.79,296004509.0,44.8,-0.046,-1.7,-4.46,11.82,4512424.0,14.2,26.8,2.0,0.0,0.0,0.424,1.0,0.909,0.0,0.0,0.172,0.198,0.0,Consumer Discretionary,2026-07-03,5.52,4.89,98
GTX,,24.3,Setup en formation,25.75,4802205411.0,42.1,0.088,-0.46,-1.9,-6.33,66476880.0,20.5,22.7,1.0,0.33,0.0,0.3,1.0,0.922,0.274,0.0,0.004,0.135,0.042,Consumer Discretionary,2026-08-20,27.15,-5.16,50
MGNX,,24.1,Setup en formation,3.55,226135664.0,39.5,-0.036,0.0,-1.39,-13.63,2395649.0,20.9,24.1,42.0,0.2,0.0,0.3,1.0,0.371,0.228,0.0,0.3,0.119,0.0,Health Care,2026-07-03,4.71,-24.63,98
AEHR,memoire|new_tech|semiconducteurs,23.9,En base (loin du pivot),87.21,2848239007.0,42.9,-0.977,-2.42,-14.16,-8.74,230291371.0,40.8,53.2,7.0,0.58,0.0,0.776,0.0,0.878,0.301,0.0,0.053,0.262,0.0,Information Technology,2026-07-03,69.96,24.66,98
PHVS,,23.8,Setup en formation,31.12,2168020017.0,34.9,-0.267,-1.77,0.35,-17.54,27787484.0,28.0,30.3,98.0,0.02,0.0,0.3,1.0,0.41,0.012,0.0,0.408,0.135,0.065,Health Care,2026-07-03,33.86,-8.09,98
PEBO,,23.6,Setup en formation,36.31,1305065458.0,31.0,-0.245,0.53,-1.57,-7.8,16763251.0,13.8,16.0,94.0,0.0,0.0,0.3,1.0,0.038,0.0,0.023,0.039,0.198,0.54,Financials,2026-07-03,38.71,-6.2,98
SATL,espace,22.8,En base (loin du pivot),5.08,780998748.0,45.8,-0.07,-1.93,-6.27,1.8,30948494.0,21.2,47.1,12.0,0.11,0.0,0.778,0.159,0.585,0.054,0.0,0.236,0.278,0.0,Industrials,2026-07-03,5.43,-6.45,98
TVTX,,22.8,Setup en formation,52.04,4905346707.0,27.1,-0.927,-2.62,-8.46,-21.41,114919272.0,24.3,25.1,71.0,0.0,0.0,0.3,1.0,0.324,0.0,0.0,0.002,0.357,0.191,Health Care,2026-10-09,52.04,0.0,0
QTRX,,22.4,Setup en formation,3.21,151810739.0,49.6,0.002,-3.46,-5.87,21.13,2940657.0,20.5,46.8,61.0,0.0,0.0,0.263,0.179,0.364,0.0,0.0,0.474,0.429,0.0,Health Care,2026-07-03,4.33,-25.87,98
CANG,,22.3,Étendu (déjà parti),3.56,146038203.0,74.0,0.142,-0.56,39.61,83.51,2320605.0,3.0,62.9,92.0,0.0,1.0,0.3,0.0,0.132,0.5,1.0,0.573,0.683,0.0,Financials,2026-08-31,2.59,37.45,39
DFTX,,22.3,Setup en formation,34.18,4592662351.0,33.6,-0.225,-2.59,-9.1,-10.03,98824932.0,31.2,33.9,43.0,0.0,0.0,0.3,0.893,0.692,0.002,0.0,0.0,0.397,0.0,Health Care,2026-07-03,44.19,-22.65,98
SSYS,,22.3,Setup en formation,8.05,709065816.0,46.6,0.012,-2.31,-5.63,4.95,5463233.0,13.6,20.5,52.0,0.25,0.0,0.071,1.0,0.56,0.125,0.047,0.289,0.159,0.0,Information Technology,2026-07-03,8.14,-1.11,98
ACMR,,22.1,Setup en formation,70.8,4931163077.0,43.0,-0.175,-2.71,-15.29,-4.1,99655626.0,23.5,32.2,39.0,0.0,0.0,0.3,0.991,0.513,0.088,0.0,0.06,0.286,0.0,Information Technology,2026-07-28,79.97,-11.47,73
OVID,,21.6,Setup en formation,2.34,456996985.0,35.9,-0.023,-0.85,-3.7,-13.33,4628184.0,20.7,25.4,60.0,0.0,0.0,0.3,1.0,0.336,0.0,0.0,0.331,0.04,0.179,Health Care,2026-07-03,2.69,-13.01,98
AMBQ,,21.5,Setup en formation,58.9,1424469170.0,39.7,-0.863,-4.97,-14.82,-7.64,38896072.0,19.4,24.9,43.0,0.0,0.0,0.306,1.0,0.432,0.195,0.0,0.0,0.238,0.0,Information Technology,2026-07-03,82.85,-28.91,98
ADCT,,21.2,Étendu (déjà parti),1.59,202991635.0,70.8,0.033,11.97,47.22,30.33,2061537.0,-10.4,34.8,85.0,0.0,0.97,0.028,0.845,0.09,0.5,0.0,0.721,0.698,0.0,Health Care,2026-07-03,1.19,33.61,98
SHMD,,20.6,Setup en formation,3.97,264552677.0,47.9,0.047,-11.58,-10.69,15.74,6688928.0,31.4,49.4,72.0,0.0,0.0,0.159,0.034,0.167,0.5,0.0,0.368,0.19,0.0,Industrials,2026-07-03,5.56,-28.6,98
ANRO,,20.4,Setup en formation,24.03,942987759.0,26.4,-0.411,2.17,-5.06,-29.47,17053218.0,35.9,39.1,85.0,0.0,0.0,0.3,0.603,0.361,0.0,0.0,0.361,0.23,0.0,Health Care,2026-07-03,24.78,-3.03,98
FTH,,20.3,Setup en formation,25.61,661773284.0,34.6,-0.701,2.77,-9.41,-29.1,14315078.0,39.2,45.1,62.0,0.0,0.0,0.3,0.27,0.571,0.0,0.0,0.318,0.333,0.0,Health Care,2026-07-03,22.92,11.74,98
MX,,20.2,Setup en formation,3.16,120210562.0,43.9,-0.003,-2.47,-13.19,3.27,6189888.0,27.0,37.2,46.0,0.0,0.0,0.072,0.712,0.324,0.5,0.0,0.121,0.095,0.0,Information Technology,2026-07-03,4.12,-23.3,98
DHC,,20.1,Setup en formation,7.55,1828073859.0,36.3,-0.035,0.4,-2.45,0.53,17499299.0,19.4,21.1,33.0,0.0,0.0,0.3,1.0,0.732,0.0,0.0,0.017,0.032,0.272,Real Estate,2026-07-03,9.23,-18.2,98
ATRO,defense,19.7,Setup en formation,64.45,2771934175.0,34.6,-0.059,-0.28,-5.75,-14.75,42505096.0,31.8,33.7,4.0,0.17,0.0,0.3,0.907,0.976,0.086,0.0,0.0,0.111,0.0,Industrials,2026-07-03,70.83,-9.01,98
CD,,19.6,Étendu (déjà parti),10.91,1200141458.0,86.6,0.585,7.49,61.87,250.8,1499272.0,-6.0,79.6,100.0,0.15,1.0,0.6,0.0,0.0,0.427,0.0,0.402,0.992,0.0,Financials,2026-07-03,4.29,154.31,98
WS,,19.4,Setup en formation,34.62,1763771950.0,46.2,0.091,-2.64,-4.71,0.82,15758393.0,13.5,19.8,62.0,0.0,0.0,0.069,1.0,0.229,0.0,0.069,0.262,0.19,0.046,Materials,2026-07-03,32.02,8.12,98
CLYM,,19.3,Setup en formation,10.86,623757729.0,32.0,-0.145,1.4,-1.9,-27.84,18914025.0,40.8,44.0,77.0,0.09,0.0,0.3,0.335,0.538,0.047,0.0,0.372,0.183,0.0,Health Care,2026-07-03,12.9,-15.81,98
WBTN,,18.8,Setup en formation,9.91,1344896704.0,42.0,-0.158,1.12,-8.75,-1.78,4991736.0,13.1,31.2,21.0,0.02,0.0,0.031,1.0,0.833,0.01,0.107,0.001,0.214,0.0,Communication Services,2026-07-03,11.64,-14.86,98
TNGX,,17.8,Setup en formation,22.57,3805535983.0,43.3,-0.156,3.39,-7.69,-5.96,81375608.0,25.4,30.6,29.0,0.0,0.0,0.3,1.0,0.484,0.001,0.0,0.084,0.127,0.0,Health Care,2026-07-03,29.46,-23.39,98
ANTX,,17.7,Setup en formation,4.68,176605589.0,36.7,-0.021,-3.51,-16.73,-18.32,1489743.0,34.9,38.4,33.0,0.0,0.0,0.3,0.645,0.51,0.137,0.0,0.0,0.214,0.0,Health Care,2026-07-03,4.42,5.88,98
DFDV,,17.6,Setup en formation,4.58,149403218.0,42.0,-0.192,-2.76,-14.71,-15.81,14497159.0,31.3,63.4,59.0,0.0,0.0,0.239,0.0,0.303,0.12,0.0,0.0,0.571,0.0,Financials,2026-07-06,3.3,38.79,95
VUZI,ia|laser_photonique,17.5,Setup en formation,2.54,214412144.0,41.3,-0.022,-5.58,-12.11,4.1,2850049.0,24.2,35.2,17.0,0.1,0.0,0.071,0.821,0.5,0.204,0.0,0.0,0.198,0.0,Information Technology,2026-07-03,2.8,-9.29,98
GIBO,,16.7,Étendu (déjà parti),56.82,147999338.0,86.4,2.546,3.33,87.28,71.14,1622534.0,-3.3,51.1,84.0,0.0,1.0,0.3,0.0,0.095,0.016,0.0,0.5,1.0,0.111,Communication Services,2026-10-07,44.44,27.86,2
AFYA,,16.6,Tendance baissière (pas un setup),14.15,1326178059.0,59.8,0.168,1.8,17.14,2.39,6867844.0,6.4,23.2,98.0,0.0,0.0,0.0,1.0,0.014,0.5,0.944,1.0,0.278,0.585,Consumer Staples,2026-07-03,15.27,-7.33,98
NRDS,,16.3,Tendance baissière (pas un setup),9.79,625807873.0,63.8,0.118,7.76,14.24,4.48,7104800.0,5.2,22.2,72.0,0.0,0.0,0.0,1.0,0.189,0.5,1.0,0.946,0.611,0.0,Communication Services,2026-07-03,9.47,3.38,98
JJSF,,16.2,Tendance baissière (pas un setup),81.69,1526100558.0,56.8,0.498,2.97,5.3,0.28,17054891.0,10.6,18.4,25.0,0.33,0.0,0.0,1.0,0.848,0.166,0.43,0.941,0.579,0.511,Consumer Staples,2026-07-03,75.92,7.6,98
NOMD,,16.0,Tendance baissière (pas un setup),11.05,1570051317.0,52.8,0.077,0.45,2.22,-1.16,14723549.0,12.0,18.4,15.0,0.65,0.0,0.0,1.0,0.765,0.326,0.247,0.887,0.54,0.577,Consumer Staples,2026-07-03,11.42,-3.24,98
OMCL,robotique,15.8,Tendance baissière (pas un setup),34.83,1588766410.0,54.2,0.364,-1.08,4.16,3.54,17365704.0,8.3,15.8,21.0,0.97,0.0,0.0,1.0,0.792,0.984,0.707,0.821,0.206,0.0,Health Care,2026-07-03,43.03,-19.06,98
CSR,,15.7,Tendance baissière (pas un setup),54.91,922166831.0,51.2,-0.049,0.9,1.03,-2.93,18233045.0,6.1,12.3,40.0,0.0,0.0,0.0,1.0,0.693,0.5,0.985,0.813,0.214,0.369,Real Estate,2026-07-03,57.24,-4.07,98
IMMX,,15.7,Setup en formation,9.29,770168415.0,31.4,-0.264,-2.11,-9.19,-24.53,19857161.0,38.5,48.1,80.0,0.08,0.0,0.3,0.103,0.256,0.042,0.0,0.323,0.222,0.0,Health Care,2026-07-03,10.34,-10.15,98
MNDY,,15.5,Tendance baissière (pas un setup),88.91,3814856391.0,54.5,0.471,6.47,10.71,9.62,93977711.0,12.8,28.3,44.0,0.89,0.0,0.0,1.0,0.678,0.528,0.146,0.933,0.738,0.0,Information Technology,2026-07-03,79.77,11.46,98
SHAK,,15.4,Tendance baissière (pas un setup),67.31,2880796517.0,63.1,1.322,4.89,11.83,6.82,92365018.0,11.9,28.4,40.0,0.31,0.0,0.0,1.0,0.529,0.653,0.261,0.911,0.619,0.0,Consumer Discretionary,2026-07-03,56.47,19.2,98
HCKT,,15.4,Tendance baissière (pas un setup),10.98,273159046.0,56.7,0.079,2.14,0.09,1.03,2039733.0,5.0,16.7,56.0,1.0,0.0,0.0,1.0,0.571,0.509,1.0,0.842,0.421,0.0,Information Technology,2026-07-03,10.84,1.29,98
CHH,,15.4,Tendance baissière (pas un setup),104.82,4735708901.0,57.6,0.664,1.29,2.45,5.53,58733745.0,9.0,17.1,31.0,0.09,0.0,0.0,1.0,0.543,0.545,0.626,0.825,0.246,0.504,Consumer Discretionary,2026-07-06,112.37,-6.72,95
GTM,,15.2,Tendance baissière (pas un setup),3.83,1114951476.0,50.5,-0.013,3.65,-0.52,2.96,21412053.0,12.3,27.1,33.0,0.58,0.0,0.0,1.0,0.781,0.789,0.218,0.839,0.484,0.0,Information Technology,2026-07-03,2.99,28.09,98
HRZN,,15.2,Tendance baissière (pas un setup),4.58,307015303.0,47.8,-0.011,2.0,-0.87,-2.51,1899777.0,8.6,20.2,2.0,1.0,0.0,0.0,1.0,0.99,0.5,0.673,0.405,0.595,0.253,Financials,2026-07-03,4.72,-2.97,98
DPRO,defense,15.0,Setup en formation,4.57,177632057.0,38.6,-0.153,-2.77,-16.83,-20.8,6785178.0,29.9,41.6,35.0,0.35,0.0,0.023,0.469,0.51,0.262,0.0,0.0,0.19,0.0,Information Technology,2026-07-03,5.12,-10.74,98
NAUT,robotique,15.0,Étendu (déjà parti),1.82,231604506.0,67.9,0.089,-7.14,15.92,62.5,10745339.0,26.5,66.0,100.0,0.0,1.0,0.6,0.0,0.0,0.5,0.0,0.4,0.484,0.0,Health Care,2026-07-03,1.73,5.2,98
AMPY,,14.9,Tendance baissière (pas un setup),4.58,189870541.0,55.0,0.023,2.69,4.57,-6.91,2297967.0,9.8,27.4,35.0,1.0,0.0,0.0,1.0,0.762,0.5,0.52,0.92,0.452,0.0,Energy,2026-07-03,4.0,14.5,98
GEMI,,14.5,Setup en formation,4.47,579545343.0,42.9,-0.132,-0.45,-11.83,0.45,15482391.0,27.9,45.4,87.0,0.0,0.0,0.057,0.255,0.307,0.191,0.0,0.058,0.302,0.0,Financials,2026-07-03,4.23,5.67,98
EPM,,14.4,Tendance baissière (pas un setup),3.64,146226903.0,54.1,0.007,0.83,1.96,1.81,1866507.0,4.0,17.0,2.0,0.18,0.0,0.0,1.0,0.884,0.091,1.0,0.845,0.31,0.251,Energy,2026-07-03,3.65,-0.27,98
ACIC,,14.3,Tendance baissière (pas un setup),9.83,464682069.0,63.6,0.084,3.36,6.27,5.81,2585515.0,12.5,19.8,20.0,0.19,0.0,0.0,1.0,0.794,0.486,0.182,0.9,0.31,0.331,Financials,2026-07-03,11.54,-14.82,98
NUAI,gestion_thermique,14.2,En base (loin du pivot),4.83,514681607.0,35.1,-0.228,-12.66,-24.18,-25.46,56851741.0,39.2,46.7,60.0,0.0,0.0,0.549,0.182,0.238,0.017,0.0,0.0,0.278,0.0,Information Technology,2026-07-03,4.78,1.05,98
MSIF,,14.2,Tendance baissière (pas un setup),11.78,534166798.0,43.3,-0.06,1.38,-1.17,-4.73,2276125.0,7.6,16.6,56.0,0.93,0.0,0.0,1.0,0.393,0.465,0.794,0.424,0.294,0.638,Financials,2026-07-03,11.52,2.26,98
RVLV,,14.2,Tendance baissière (pas un setup),21.63,1537577635.0,52.2,0.157,1.55,1.88,10.98,15890698.0,20.9,29.6,2.0,0.57,0.0,0.0,1.0,0.945,0.786,0.0,0.822,0.389,0.0,Consumer Discretionary,2026-07-03,22.62,-4.38,98
SLDP,new_tech,14.1,Tendance baissière (pas un setup),2.42,552198533.0,52.9,-0.0,0.83,2.54,-0.82,6842802.0,9.0,24.8,9.0,0.57,0.0,0.0,1.0,0.804,0.423,0.622,0.875,0.357,0.0,Consumer Discretionary,2026-07-03,2.52,-3.97,98
TRC,,14.1,Tendance baissière (pas un setup),16.4,443151682.0,51.7,0.024,1.49,-0.55,0.06,1973670.0,5.1,8.6,6.0,0.78,0.0,0.0,0.427,0.756,0.892,1.0,0.534,0.151,0.232,Industrials,2026-07-03,18.86,-13.04,98
WTM,,14.1,Tendance baissière (pas un setup),2059.77,4916096314.0,52.6,5.043,1.39,2.32,0.44,38043736.0,5.2,8.1,8.0,0.46,0.0,0.0,0.343,0.926,0.232,1.0,0.885,0.111,0.61,Financials,2026-09-04,2112.23,-2.48,35
CGBD,,13.8,Tendance baissière (pas un setup),10.54,725200284.0,40.5,-0.061,1.35,-2.14,-4.83,4594626.0,10.1,17.8,56.0,0.83,0.0,0.4,1.0,0.468,0.414,0.493,0.309,0.278,0.658,Financials,2026-07-03,10.89,-3.21,98
MYRG,equipement_electrique,13.7,Tendance baissière (pas un setup),310.81,4839078593.0,56.1,4.915,-0.73,4.33,8.36,72762955.0,11.3,23.4,35.0,0.63,0.0,0.0,1.0,0.574,0.813,0.34,0.821,0.23,0.0,Industrials,2026-07-29,369.0,-15.77,72
VERX,,13.7,Tendance baissière (pas un setup),12.77,2071523605.0,56.2,0.129,3.57,3.82,3.23,17270966.0,11.6,25.4,13.0,0.99,0.0,0.0,1.0,0.812,0.524,0.297,0.882,0.365,0.0,Information Technology,2026-07-03,12.85,-0.62,98
MIR,,13.6,Tendance baissière (pas un setup),16.22,4039390634.0,56.4,0.118,-1.4,13.03,-2.41,63030380.0,6.3,18.9,90.0,0.24,0.0,0.0,1.0,0.14,0.295,0.959,0.981,0.317,0.0,Industrials,2026-07-03,17.38,-6.67,98
GAU,,13.5,Tendance baissière (pas un setup),2.1,549342704.0,52.3,0.003,7.69,7.69,-6.25,5316428.0,15.0,31.6,6.0,0.53,0.0,0.0,1.0,0.76,0.633,0.0,0.885,0.413,0.0,Materials,2026-07-03,1.98,6.06,98
PHI,,13.4,Tendance baissière (pas un setup),18.29,3951660125.0,55.3,0.132,-1.61,4.22,1.67,4125540.0,5.3,13.5,75.0,0.0,0.0,0.0,1.0,0.152,0.0,1.0,0.874,0.349,0.353,Communication Services,2026-07-03,17.95,1.89,98
CNTN,,13.4,Setup en formation,2.08,165737231.0,43.0,-0.027,-7.96,-4.81,-5.88,2142247.0,25.4,37.3,57.0,0.0,0.0,0.027,0.707,0.257,0.14,0.0,0.065,0.135,0.0,Health Care,2026-07-03,2.84,-26.76,98
FULC,,13.4,Tendance baissière (pas un setup),3.75,286114714.0,49.4,-0.003,2.18,1.9,-2.34,5391509.0,4.8,11.9,14.0,0.5,0.0,0.0,0.988,0.87,0.249,1.0,0.81,0.222,0.0,Health Care,2026-07-03,3.84,-2.34,98
GLOB,,13.4,Tendance baissière (pas un setup),37.05,1599802550.0,53.0,0.166,4.4,0.19,2.52,34237822.0,11.0,20.8,39.0,1.0,0.0,0.0,1.0,0.679,0.5,0.369,0.86,0.365,0.0,Information Technology,2026-07-03,32.51,13.96,98
FWRD,,13.4,Tendance baissière (pas un setup),16.32,551303668.0,55.2,0.13,6.18,5.29,-0.37,7991012.0,20.7,33.3,1.0,0.7,0.0,0.0,0.928,0.827,0.403,0.0,0.85,0.611,0.0,Industrials,2026-07-03,13.45,21.34,98
KMPR,,13.4,Tendance baissière (pas un setup),27.47,1618619040.0,58.3,0.165,4.65,5.9,0.88,23680926.0,8.7,17.4,29.0,0.21,0.0,0.0,1.0,0.733,0.218,0.664,0.917,0.381,0.0,Financials,2026-07-03,28.83,-4.72,98
FIZZ,,13.3,Tendance baissière (pas un setup),30.84,2887095914.0,51.7,0.04,4.19,3.87,0.98,13890554.0,7.9,13.5,75.0,0.0,0.0,0.0,1.0,0.432,0.0,0.761,0.883,0.143,0.643,Consumer Staples,2026-07-03,33.33,-7.47,98
YORW,,13.3,Tendance baissière (pas un setup),30.97,502599154.0,42.0,0.002,0.45,3.37,-7.39,5280739.0,10.4,13.8,81.0,0.0,0.0,0.0,1.0,0.177,0.5,0.454,0.402,0.357,0.654,Utilities,2026-07-03,31.42,-1.43,98
TREX,,13.3,Tendance baissière (pas un setup),44.44,4526889044.0,50.5,0.169,1.41,2.16,-2.33,70188173.0,12.8,17.4,2.0,0.55,0.0,0.0,1.0,0.795,0.277,0.151,0.815,0.357,0.395,Industrials,2026-07-06,48.47,-8.31,95
SPH,,13.3,Tendance baissière (pas un setup),17.14,1143450313.0,54.3,0.087,1.0,4.58,-1.61,3715485.0,7.4,12.2,11.0,0.01,0.0,0.0,1.0,0.61,0.023,0.822,0.904,0.127,0.498,Utilities,2026-07-03,17.51,-2.11,98
ISBA,,13.2,Tendance baissière (pas un setup),38.46,293406456.0,51.2,0.11,1.16,2.07,-0.69,1410166.0,8.7,13.2,2.0,1.0,0.0,0.0,1.0,0.912,0.5,0.664,0.835,0.119,0.0,Financials,2026-07-03,41.0,-6.2,98
PRIM,,13.2,Tendance baissière (pas un setup),82.66,4449780150.0,60.9,1.283,0.61,8.41,12.05,108675578.0,10.3,24.0,31.0,0.02,0.0,0.0,1.0,0.439,0.511,0.463,0.85,0.341,0.0,Industrials,2026-07-03,88.2,-6.28,98
RM,,13.2,Tendance baissière (pas un setup),33.92,312938932.0,63.0,0.432,2.17,9.45,3.32,2557049.0,15.5,25.5,44.0,0.58,0.0,0.0,1.0,0.634,0.438,0.0,0.916,0.357,0.242,Financials,2026-07-03,41.66,-18.58,98
ADTN,,13.1,Tendance baissière (pas un setup),7.49,610295738.0,51.6,0.136,-3.48,5.94,4.03,13010689.0,18.6,26.8,9.0,0.61,0.0,0.0,1.0,0.864,0.806,0.0,0.898,0.167,0.0,Information Technology,2026-07-03,12.71,-41.07,98
GLOO,,13.1,Setup en formation,3.82,349648577.0,43.2,-0.108,-4.02,-10.54,21.27,7033961.0,31.5,48.0,69.0,0.0,0.0,0.141,0.11,0.311,0.0,0.0,0.073,0.389,0.0,Information Technology,2026-07-10,3.04,25.66,91
PAX,,13.1,Tendance baissière (pas un setup),11.26,1827348478.0,63.4,0.157,1.35,11.05,4.07,11790693.0,5.0,16.5,72.0,0.35,0.0,0.0,1.0,0.334,0.191,1.0,0.929,0.294,0.0,Financials,2026-07-03,11.1,1.44,98
PHR,,13.0,Tendance baissière (pas un setup),10.66,661676263.0,53.4,0.101,1.52,2.9,3.09,7023416.0,18.1,25.8,3.0,0.48,0.0,0.0,1.0,0.915,0.25,0.0,0.853,0.603,0.0,Health Care,2026-07-03,10.94,-2.56,98
GRNT,,13.0,Tendance baissière (pas un setup),4.8,633121162.0,55.4,0.025,4.58,9.09,-5.88,6787051.0,10.8,21.0,87.0,0.0,0.0,0.0,1.0,0.187,0.119,0.402,0.965,0.365,0.389,Energy,2026-07-03,4.42,8.6,98
BL,,13.0,Tendance baissière (pas un setup),29.25,1700164148.0,53.6,0.237,3.25,6.44,-0.75,25279051.0,15.7,25.4,3.0,0.57,0.0,0.0,1.0,0.981,0.567,0.0,0.913,0.294,0.0,Information Technology,2026-07-03,29.88,-2.11,98
CAL,,12.9,Tendance baissière (pas un setup),12.43,428896864.0,50.5,0.039,-0.16,1.06,2.91,6342160.0,16.3,24.4,1.0,0.3,0.0,0.0,1.0,0.944,0.259,0.0,0.814,0.294,0.443,Consumer Discretionary,2026-07-03,11.71,6.15,98
CALX,,12.9,Tendance baissière (pas un setup),36.08,2271740723.0,55.4,0.324,1.52,3.38,4.76,38793925.0,11.7,20.9,4.0,0.28,0.0,0.0,1.0,0.736,0.64,0.282,0.887,0.167,0.0,Information Technology,2026-07-03,38.48,-6.24,98
GENI,,12.9,Tendance baissière (pas un setup),6.63,1774366725.0,52.9,0.09,4.57,16.73,-5.69,51623402.0,22.8,37.1,45.0,0.0,0.0,0.0,0.718,0.534,0.5,0.0,0.907,0.571,0.0,Communication Services,2026-07-03,6.43,3.11,98
DOLE,,12.9,Tendance baissière (pas un setup),13.02,1229853667.0,48.2,0.013,1.72,3.01,-4.97,12121718.0,8.6,11.6,15.0,0.51,0.0,0.0,0.934,0.881,0.257,0.677,0.772,0.111,0.334,Consumer Staples,2026-07-03,14.02,-7.13,98
KBR,,12.8,Tendance baissière (pas un setup),35.18,4435063621.0,47.4,-0.02,3.81,0.37,-2.22,57310381.0,9.3,17.5,44.0,0.02,0.0,0.0,1.0,0.394,0.51,0.591,0.673,0.23,0.199,Industrials,2026-07-03,36.41,-3.38,98
NTLA,,12.7,Tendance baissière (pas un setup),12.6,1765596332.0,54.0,0.048,7.6,3.96,3.19,66443294.0,8.2,24.3,4.0,0.0,0.0,0.0,1.0,0.583,0.5,0.721,0.54,0.349,0.0,Health Care,2026-07-03,17.56,-28.25,98
PDO,,12.7,Tendance baissière (pas un setup),12.07,1761424249.0,50.5,0.046,1.86,2.03,-3.75,16467819.0,6.7,11.0,71.0,0.0,0.0,0.0,0.833,0.176,0.0,0.917,0.845,0.103,0.701,Financials,2026-07-03,13.25,-8.91,98
VNT,,12.7,Tendance baissière (pas un setup),32.2,4353440000.0,52.6,0.139,-0.22,1.61,1.07,43987697.0,11.9,16.8,3.0,0.34,0.0,0.0,1.0,0.778,0.17,0.262,0.851,0.532,0.0,Information Technology,2026-07-03,28.62,12.51,98
GPOR,,12.7,Tendance baissière (pas un setup),164.64,2911471698.0,53.6,0.967,1.6,7.36,-6.63,48349106.0,10.2,18.4,87.0,0.19,0.0,0.0,1.0,0.308,0.351,0.481,0.984,0.246,0.097,Energy,2026-07-03,168.87,-2.5,98
MMS,,12.6,Tendance baissière (pas un setup),58.77,3077065732.0,63.0,0.483,5.61,9.79,4.74,44748917.0,7.4,19.5,74.0,0.0,0.0,0.0,1.0,0.308,0.072,0.831,0.961,0.373,0.0,Industrials,2026-07-03,55.75,5.42,98
NNI,,12.6,Tendance baissière (pas un setup),125.96,4506778010.0,52.1,0.194,1.16,1.93,0.45,18387100.0,9.8,12.8,29.0,0.05,0.0,0.0,1.0,0.79,0.027,0.526,0.85,0.087,0.59,Financials,2026-07-03,135.26,-6.88,98
IIIN,,12.6,Tendance baissière (pas un setup),29.5,571068287.0,45.1,0.07,-0.3,1.58,-3.88,4106071.0,11.4,14.2,5.0,1.0,0.0,0.0,1.0,0.799,0.5,0.328,0.529,0.31,0.232,Industrials,2026-07-03,29.92,-1.4,98
HTZ,,12.5,Tendance baissière (pas un setup),1.96,698644730.0,52.0,0.042,-5.31,13.29,-5.31,32450353.0,33.4,50.8,14.0,1.0,0.0,0.0,0.0,0.914,1.0,0.0,0.956,0.238,0.0,Industrials,2026-07-03,2.12,-7.55,98
OSW,,12.5,Tendance baissière (pas un setup),23.5,2385219732.0,53.1,0.238,0.86,3.39,4.96,19550408.0,13.5,21.9,48.0,0.46,0.0,0.0,1.0,0.582,0.728,0.062,0.545,0.206,0.35,Consumer Discretionary,2026-07-03,28.68,-18.06,98
OIA,,12.5,Tendance baissière (pas un setup),5.73,272780025.0,50.0,0.025,0.53,-0.17,-3.38,1582345.0,7.7,18.0,91.0,0.0,0.0,0.0,1.0,0.052,0.0,0.786,0.851,0.087,0.713,Financials,2026-09-30,5.61,2.14,9
TIC,,12.5,Tendance baissière (pas un setup),8.82,1924703540.0,49.2,-0.005,0.57,6.52,-4.75,13682769.0,18.6,34.6,35.0,0.8,0.0,0.0,0.858,0.767,0.4,0.0,0.905,0.46,0.0,Industrials,2026-07-03,8.11,8.75,98
BFAM,,12.4,Tendance baissière (pas un setup),68.89,3350486230.0,56.4,0.614,3.07,6.26,4.6,64186524.0,15.7,22.9,17.0,0.0,0.0,0.0,1.0,0.745,0.5,0.0,0.926,0.31,0.0,Consumer Discretionary,2026-07-03,75.14,-8.32,98
NCNO,,12.4,Tendance baissière (pas un setup),19.68,2080887904.0,48.4,-0.034,3.09,1.71,-9.43,44833257.0,18.3,26.7,57.0,0.42,0.0,0.0,1.0,0.378,0.211,0.0,0.801,0.706,0.052,Information Technology,2026-07-03,17.75,10.87,98
NWN,,12.4,Tendance baissière (pas un setup),47.8,2012071116.0,47.5,0.128,0.04,2.44,-2.98,14181068.0,7.4,11.3,27.0,0.0,0.0,0.0,0.89,0.729,0.0,0.829,0.737,0.095,0.568,Utilities,2026-07-03,49.73,-3.88,98
BKV,,12.3,Tendance baissière (pas un setup),23.94,2619941650.0,56.0,0.221,1.1,11.14,-0.66,38988509.0,12.5,23.2,46.0,0.05,0.0,0.0,1.0,0.601,0.468,0.184,0.981,0.151,0.099,Energy,2026-07-03,27.35,-12.47,98
TTGT,,12.3,Tendance baissière (pas un setup),4.1,296563906.0,63.1,0.029,2.76,10.81,5.4,1474812.0,14.6,29.2,21.0,0.21,0.0,0.0,1.0,0.678,0.147,0.0,0.932,0.587,0.0,Information Technology,2026-07-03,4.02,1.99,98
WING,,12.2,Tendance baissière (pas un setup),118.5,3228241701.0,61.2,2.364,1.56,13.55,7.16,148190395.0,18.6,34.2,34.0,0.02,0.0,0.0,0.879,0.726,0.508,0.0,0.915,0.325,0.0,Consumer Discretionary,2026-07-03,177.99,-33.42,98
NUS,,12.2,Tendance baissière (pas un setup),4.77,232187544.0,53.2,0.026,-0.63,4.84,-1.65,2386434.0,12.2,18.4,23.0,0.46,0.0,0.0,1.0,0.862,0.456,0.228,0.886,0.19,0.0,Consumer Staples,2026-07-03,5.01,-4.79,98
PAM,,12.2,Tendance baissière (pas un setup),80.68,4400352954.0,50.0,0.199,0.7,6.03,-6.09,15606570.0,10.3,16.6,94.0,0.06,0.0,0.0,1.0,0.221,0.12,0.462,0.927,0.143,0.513,Industrials,2026-07-03,80.58,0.12,98
BAK,,12.0,Tendance baissière (pas un setup),1.82,725459129.0,54.7,0.039,2.82,17.42,-7.61,2958452.0,25.1,42.4,63.0,0.82,0.0,0.0,0.423,0.584,0.908,0.0,0.962,0.167,0.0,Materials,2026-07-03,2.45,-25.71,98
BTZ,,11.9,Tendance baissière (pas un setup),9.43,1019713050.0,42.6,0.011,0.75,0.96,-3.82,4610063.0,8.1,9.8,63.0,0.0,0.0,0.0,0.641,0.224,0.5,0.739,0.431,0.04,0.73,Financials,2026-07-03,10.26,-8.09,98
OLP,,11.9,Tendance baissière (pas un setup),22.01,480368778.0,35.6,0.031,0.32,0.09,-4.39,2015769.0,10.4,12.2,5.0,0.0,0.0,0.0,1.0,0.873,0.5,0.453,0.339,0.032,0.559,Real Estate,2026-07-03,25.28,-12.94,98
TRUP,,11.9,Tendance baissière (pas un setup),25.82,1132790816.0,54.8,0.323,4.83,8.95,4.11,11274899.0,19.5,31.3,38.0,0.43,0.0,0.0,1.0,0.708,0.214,0.0,0.916,0.468,0.0,Financials,2026-07-03,26.91,-4.05,98
PRGS,,11.9,Tendance baissière (pas un setup),38.28,1564664070.0,42.4,-0.206,2.88,4.65,-6.2,26951625.0,17.4,22.6,54.0,0.0,0.0,0.0,1.0,0.413,0.5,0.0,0.389,0.492,0.367,Information Technology,2026-07-03,38.42,-0.36,98
LMB,gestion_thermique,11.9,Tendance baissière (pas un setup),50.95,607578393.0,52.2,0.237,-0.04,2.54,4.38,15378153.0,34.4,47.5,10.0,0.79,0.0,0.0,0.138,0.873,0.894,0.0,0.835,0.278,0.0,Industrials,2026-07-03,76.0,-32.96,98
AMSC,equipement_electrique,11.8,Tendance baissière (pas un setup),30.95,1499284326.0,54.7,0.272,-2.49,4.92,5.6,22498660.0,9.6,20.6,17.0,0.22,0.0,0.0,1.0,0.69,0.153,0.549,0.853,0.278,0.0,Industrials,2026-07-03,37.11,-16.6,98
HEPS,,11.8,Tendance baissière (pas un setup),2.65,946646780.0,55.3,0.021,0.0,6.85,0.0,1537767.0,11.7,21.3,83.0,0.0,0.0,0.0,1.0,0.268,0.288,0.292,0.919,0.151,0.319,Consumer Discretionary,2026-09-16,2.68,-1.12,23
CRC,,11.8,Tendance baissière (pas un setup),53.05,4711895324.0,50.9,-0.007,1.9,2.69,-6.44,47620795.0,8.6,15.3,60.0,0.11,0.0,0.0,1.0,0.47,0.057,0.681,0.853,0.254,0.159,Energy,2026-07-03,51.26,3.49,98
AHCO,,11.8,Tendance baissière (pas un setup),6.07,826927549.0,54.2,0.089,3.15,6.78,6.4,14981731.0,46.0,53.6,5.0,0.7,0.0,0.0,0.0,0.971,0.851,0.0,0.866,0.302,0.0,Health Care,2026-07-03,10.76,-43.59,98
LNN,,11.8,Tendance baissière (pas un setup),114.6,1165354221.0,48.6,-0.046,1.12,1.98,-5.19,17771047.0,8.4,12.6,13.0,0.0,0.0,0.0,1.0,0.771,0.0,0.697,0.752,0.206,0.265,Industrials,2026-07-03,122.12,-6.16,98
LRN,,11.7,Tendance baissière (pas un setup),81.36,3381308989.0,53.2,0.425,2.19,4.95,-0.43,55338377.0,12.3,19.6,10.0,0.79,0.0,0.0,1.0,0.867,0.393,0.213,0.896,0.159,0.0,Consumer Staples,2026-07-03,90.44,-10.04,98
BMI,,11.7,Tendance baissière (pas un setup),127.66,3700460888.0,48.4,-0.124,2.89,-0.55,-0.13,53478152.0,9.2,13.2,6.0,0.32,0.0,0.0,1.0,0.75,0.356,0.6,0.71,0.175,0.0,Information Technology,2026-07-03,145.87,-12.48,98
HY,,11.7,Tendance baissière (pas un setup),32.49,582558274.0,49.1,0.113,-1.46,6.8,-6.85,4769047.0,20.5,29.1,17.0,0.0,0.0,0.0,1.0,0.601,0.5,0.0,0.822,0.087,0.318,Industrials,2026-07-03,31.99,1.56,98
SMPL,,11.7,Tendance baissière (pas un setup),10.11,894336110.0,50.0,0.081,2.22,2.33,-2.69,23366791.0,14.5,20.7,2.0,0.11,0.0,0.0,1.0,0.99,0.553,0.0,0.864,0.127,0.0,Consumer Staples,2026-07-03,13.73,-26.37,98
UPWK,,11.7,Tendance baissière (pas un setup),8.57,1070421838.0,53.8,0.052,2.02,2.76,4.0,22227767.0,13.5,21.2,9.0,0.8,0.0,0.0,1.0,0.948,0.401,0.06,0.878,0.206,0.0,Communication Services,2026-07-03,9.16,-6.44,98
OCSL,,11.7,Tendance baissière (pas un setup),11.79,1038528316.0,38.1,-0.051,1.2,-1.67,-4.39,5450753.0,9.2,13.3,54.0,0.58,0.0,0.0,1.0,0.458,0.289,0.601,0.313,0.151,0.693,Financials,2026-07-03,12.2,-3.36,98
TIPT,,11.6,Tendance baissière (pas un setup),17.35,646108656.0,45.7,0.022,0.75,0.29,-2.58,4095975.0,7.3,10.4,25.0,0.05,0.0,0.0,0.728,0.64,0.026,0.841,0.558,0.063,0.7,Financials,2026-07-03,18.2,-4.67,98
WW,,11.6,Tendance baissière (pas un setup),14.96,149581450.0,47.7,-0.025,-0.8,9.04,0.13,4678329.0,21.7,33.6,2.0,0.0,0.0,0.0,0.912,0.706,0.5,0.0,0.687,0.405,0.0,Health Care,2026-07-03,16.31,-8.28,98
MAGN,,11.6,Tendance baissière (pas un setup),11.65,417070000.0,45.6,0.026,-0.09,2.92,0.34,4448482.0,15.8,19.9,2.0,0.51,0.0,0.0,1.0,0.96,0.568,0.0,0.544,0.23,0.169,Consumer Staples,2026-07-03,12.58,-7.39,98
CRI,,11.5,Tendance baissière (pas un setup),32.52,1193847736.0,52.2,0.48,0.22,2.55,1.4,48050933.0,20.6,29.5,32.0,0.0,0.0,0.0,1.0,0.686,0.5,0.0,0.808,0.167,0.134,Consumer Discretionary,2026-07-03,40.65,-20.0,98
CRNC,ia,11.5,Tendance baissière (pas un setup),8.34,377220343.0,54.1,0.065,0.6,2.96,0.72,5494905.0,13.0,21.5,3.0,0.43,0.0,0.0,1.0,0.969,0.345,0.126,0.858,0.198,0.0,Information Technology,2026-07-03,10.71,-22.13,98
RPC,,11.5,Tendance baissière (pas un setup),7.98,879702751.0,52.2,0.072,0.88,6.4,-1.72,4728155.0,15.7,23.7,39.0,0.09,0.0,0.0,1.0,0.637,0.547,0.0,0.896,0.159,0.018,Financials,2026-07-03,7.83,1.92,98
JOUT,,11.5,Tendance baissière (pas un setup),44.4,465297348.0,47.4,0.099,1.0,-0.25,-1.4,1716464.0,14.6,16.9,1.0,0.63,0.0,0.0,1.0,0.989,0.623,0.0,0.379,0.103,0.451,Consumer Discretionary,2026-07-03,43.48,2.12,98
WIX,,11.5,Tendance baissière (pas un setup),74.13,3102304250.0,48.0,-0.498,1.59,1.06,-0.13,81822106.0,23.4,46.7,7.0,1.0,0.0,0.0,0.185,0.811,0.512,0.0,0.726,0.611,0.0,Information Technology,2026-07-03,49.35,50.21,98
KRC,,11.4,Tendance baissière (pas un setup),34.19,3976604300.0,48.8,0.163,0.53,2.67,-1.52,51222236.0,12.9,16.6,2.0,0.0,0.0,0.0,1.0,0.896,0.0,0.14,0.815,0.198,0.454,Real Estate,2026-07-03,39.32,-13.05,98
ATHM,,11.4,Tendance baissière (pas un setup),20.37,2346031457.0,33.0,-0.063,-1.4,-2.35,-4.81,9336998.0,13.6,14.9,10.0,1.0,0.0,0.0,1.0,0.827,0.531,0.053,0.302,0.484,0.096,Communication Services,2026-07-03,18.18,12.05,98
INVA,,11.3,Tendance baissière (pas un setup),20.87,1507763272.0,49.0,0.015,-0.9,1.56,-1.23,21709497.0,5.5,8.6,16.0,0.0,0.0,0.0,0.426,0.644,0.0,1.0,0.776,0.095,0.433,Health Care,2026-07-03,22.31,-6.45,98
EVH,,11.3,Tendance baissière (pas un setup),3.96,447714967.0,52.8,0.071,-4.35,16.81,-4.58,9117356.0,21.3,41.4,16.0,0.87,0.0,0.0,0.48,0.837,0.434,0.0,0.967,0.325,0.0,Health Care,2026-07-03,5.71,-30.65,98
SVV,,11.2,Tendance baissière (pas un setup),9.28,1431496933.0,43.1,0.041,0.43,0.32,-5.69,12948715.0,26.9,30.4,1.0,0.47,0.0,0.0,1.0,0.995,0.734,0.0,0.387,0.278,0.0,Consumer Discretionary,2026-07-03,9.97,-6.92,98
RGNX,,11.2,Tendance baissière (pas un setup),8.09,534046723.0,49.0,0.115,6.52,9.03,-7.33,11940899.0,33.0,41.1,13.0,0.2,0.0,0.0,0.497,0.893,0.601,0.0,0.796,0.286,0.0,Health Care,2026-07-03,13.28,-39.08,98
ESRT,,11.2,Tendance baissière (pas un setup),4.58,788518645.0,63.1,0.079,2.46,10.9,8.91,22732296.0,15.0,27.0,68.0,0.0,0.0,0.0,1.0,0.307,0.5,0.0,0.934,0.222,0.0,Real Estate,2026-07-03,5.69,-19.51,98
XZO,,11.1,Tendance baissière (pas un setup),15.89,1431465237.0,53.0,0.028,4.4,10.04,-0.69,7149223.0,10.5,23.3,56.0,0.0,0.0,0.0,1.0,0.359,0.0,0.44,0.897,0.413,0.0,Financials,2026-07-03,18.69,-14.98,98
TGLS,,11.1,Tendance baissière (pas un setup),37.84,1678757069.0,54.3,0.483,0.85,7.96,-4.25,13051230.0,21.8,29.9,39.0,0.0,0.0,0.0,1.0,0.507,0.5,0.0,0.928,0.151,0.0,Materials,2026-07-03,45.62,-17.05,98
RES,,11.1,Tendance baissière (pas un setup),6.0,1329942072.0,50.5,0.03,1.01,4.9,-8.81,13250371.0,10.8,23.1,29.0,0.0,0.0,0.0,1.0,0.636,0.0,0.394,0.86,0.278,0.149,Energy,2026-07-03,5.6,7.14,98
CSV,,11.1,Tendance baissière (pas un setup),33.73,535709844.0,58.5,0.418,-0.21,6.1,4.85,6824755.0,18.7,27.4,26.0,0.0,0.0,0.0,1.0,0.6,0.474,0.0,0.884,0.19,0.0,Consumer Discretionary,2026-07-03,39.02,-13.56,98
ASIX,,10.9,Tendance baissière (pas un setup),16.7,450919806.0,51.9,0.131,0.36,4.51,-1.12,4636150.0,18.3,28.4,2.0,0.18,0.0,0.0,1.0,0.986,0.297,0.0,0.861,0.19,0.0,Materials,2026-07-03,20.29,-17.69,98
BOBS,,10.9,Tendance baissière (pas un setup),14.27,1864904575.0,42.9,0.129,-2.33,2.81,-13.72,14758105.0,26.7,33.2,17.0,0.04,0.0,0.0,0.935,0.802,0.518,0.0,0.421,0.452,0.0,Consumer Discretionary,2026-09-11,15.2,-6.12,28
TG,,10.9,Tendance baissière (pas un setup),7.13,249151889.0,47.6,0.044,-0.42,2.59,-7.76,1324098.0,22.8,30.5,3.0,0.0,0.0,0.0,1.0,0.981,0.5,0.0,0.716,0.143,0.0,Industrials,2026-07-03,7.74,-7.88,98
SKYW,,10.9,Tendance baissière (pas un setup),96.73,3755863877.0,45.4,-0.094,0.09,-0.98,0.7,34839176.0,17.8,20.9,5.0,0.32,0.0,0.0,1.0,0.744,0.412,0.0,0.262,0.373,0.406,Industrials,2026-07-03,96.88,-0.15,98
XHG,,10.8,Tendance baissière (pas un setup),2.3,118560230.0,47.2,0.004,4.55,24.32,-29.45,6952475.0,68.2,87.3,62.0,0.0,0.0,0.0,0.0,0.229,0.5,0.0,0.711,0.762,0.0,Financials,2026-08-14,4.1,-43.9,56
SR,,10.8,Tendance baissière (pas un setup),77.99,4610207818.0,45.4,0.119,0.22,2.03,-3.47,42271437.0,6.9,10.7,60.0,0.0,0.0,0.0,0.781,0.526,0.0,0.884,0.598,0.087,0.451,Utilities,2026-07-03,79.68,-2.12,98
SAM,,10.8,Tendance baissière (pas un setup),171.17,1761627037.0,51.7,0.941,1.79,3.18,5.45,43603104.0,10.3,16.2,8.0,0.19,0.0,0.0,1.0,0.857,0.093,0.456,0.855,0.151,0.0,Consumer Staples,2026-07-03,183.62,-6.78,98
RICK,,10.8,Tendance baissière (pas un setup),26.68,203955260.0,40.6,-0.131,1.64,-1.11,-6.23,1136116.0,16.4,21.9,62.0,0.78,0.0,0.0,1.0,0.629,0.459,0.0,0.352,0.238,0.453,Consumer Discretionary,2026-07-03,27.44,-2.77,98
ITRG,,10.8,Tendance baissière (pas un setup),2.54,515297598.0,42.8,-0.024,0.4,-1.17,-11.19,4854713.0,14.8,32.2,21.0,1.0,0.0,0.0,0.988,0.735,0.761,0.0,0.362,0.294,0.0,Materials,2026-07-03,2.42,4.96,98
TSLX,,10.8,Tendance baissière (pas un setup),17.57,1675178952.0,44.4,-0.094,2.27,-2.87,0.75,8901675.0,6.6,11.5,29.0,0.04,0.0,0.0,0.912,0.484,0.022,0.922,0.15,0.373,0.45,Financials,2026-07-03,17.29,1.62,98
MDU,,10.7,Tendance baissière (pas un setup),18.81,3956673267.0,45.7,0.088,-0.42,1.84,-3.27,39127273.0,9.8,12.5,1.0,0.0,0.0,0.0,1.0,0.914,0.0,0.525,0.586,0.071,0.434,Utilities,2026-07-03,20.71,-9.17,98
CXDO,,10.7,Tendance baissière (pas un setup),5.92,196862437.0,47.0,0.045,-0.5,-0.17,2.07,1615269.0,22.4,27.3,6.0,0.93,0.0,0.0,1.0,0.871,0.963,0.0,0.325,0.095,0.0,Communication Services,2026-07-03,7.62,-22.31,98
IEP,,10.7,Tendance baissière (pas un setup),6.64,4720476218.0,37.2,-0.037,-0.15,-1.92,-2.78,5883364.0,9.4,11.2,86.0,0.76,0.0,0.0,0.865,0.403,0.38,0.573,0.31,0.024,0.64,Energy,2026-07-03,7.24,-8.29,98
IRMD,,10.7,Tendance baissière (pas un setup),85.88,1098146787.0,51.2,0.262,0.48,0.68,2.78,12251196.0,11.9,16.5,12.0,0.0,0.0,0.0,1.0,0.708,0.347,0.258,0.51,0.119,0.337,Health Care,2026-07-03,100.97,-14.95,98
OSG,,10.6,Tendance baissière (pas un setup),4.77,214895588.0,57.9,0.071,3.25,10.93,-4.79,2310280.0,17.0,30.6,56.0,0.14,0.0,0.0,1.0,0.556,0.213,0.0,0.898,0.317,0.0,Financials,2026-07-03,6.34,-24.76,98
MED,,10.6,Tendance baissière (pas un setup),11.43,127795435.0,41.8,-0.066,-0.09,0.0,-5.85,1385352.0,15.0,28.6,13.0,0.87,0.0,0.0,1.0,0.919,0.441,0.0,0.305,0.246,0.359,Consumer Discretionary,2026-07-03,10.96,4.29,98
CNXC,,10.5,Tendance baissière (pas un setup),27.07,1654124261.0,50.1,-0.199,3.48,0.22,0.0,62585434.0,20.0,33.7,60.0,0.0,0.0,0.0,0.905,0.243,0.0,0.0,0.854,0.627,0.0,Information Technology,2026-07-03,23.6,14.7,98
OFRM,,10.5,Tendance baissière (pas un setup),16.33,685707363.0,47.4,0.059,-1.57,1.74,-0.73,7152748.0,11.2,18.1,1.0,0.17,0.0,0.0,1.0,0.995,0.087,0.344,0.681,0.262,0.0,Consumer Staples,2026-09-14,16.18,0.93,25
GPGI,,10.5,Tendance baissière (pas un setup),12.4,3594637017.0,46.9,0.129,-3.13,2.9,-7.26,19522770.0,21.4,29.3,25.0,0.24,0.0,0.0,1.0,0.698,0.618,0.0,0.618,0.151,0.0,Industrials,2026-07-03,16.75,-25.97,98
GOOS,,10.5,Tendance baissière (pas un setup),7.81,762737877.0,50.2,0.053,3.44,0.64,2.9,6252230.0,18.1,22.9,10.0,0.29,0.0,0.0,1.0,0.853,0.647,0.0,0.542,0.135,0.0,Consumer Discretionary,2026-07-03,9.59,-18.56,98
AOSL,equipement_electrique|gestion_thermique|semiconducteurs,10.5,Tendance baissière (pas un setup),28.41,860967067.0,52.4,0.358,-2.84,-1.49,11.37,15142805.0,23.2,36.9,14.0,0.4,0.0,0.0,0.728,0.834,0.698,0.0,0.5,0.246,0.0,Information Technology,2026-07-03,37.11,-23.44,98
PDI,,10.4,Tendance baissière (pas un setup),14.33,3483479700.0,47.0,0.071,0.21,1.27,-4.76,68405909.0,9.1,12.9,60.0,0.0,0.0,0.0,1.0,0.269,0.0,0.614,0.661,0.095,0.456,Financials,2026-07-03,16.7,-14.19,98
HPP,,10.4,Tendance baissière (pas un setup),11.88,644712643.0,47.4,0.1,2.15,4.03,-0.25,7856606.0,24.5,30.9,2.0,0.36,0.0,0.0,1.0,0.99,0.181,0.0,0.696,0.333,0.0,Real Estate,2026-07-03,16.91,-29.75,98
PBH,,10.4,Tendance baissière (pas un setup),47.87,2267818368.0,51.8,0.312,0.63,6.92,-1.7,30396799.0,14.5,20.6,4.0,0.0,0.0,0.0,1.0,0.916,0.16,0.0,0.926,0.19,0.0,Health Care,2026-07-03,49.42,-3.14,98
STUB,,10.4,Tendance baissière (pas un setup),6.14,2346032391.0,52.9,0.145,2.33,9.84,2.16,38913311.0,35.2,44.9,12.0,0.11,0.0,0.0,0.282,0.886,0.554,0.0,0.922,0.167,0.0,Communication Services,2026-07-03,12.86,-52.26,98
LOMA,,10.4,Tendance baissière (pas un setup),10.01,1168133266.0,57.9,0.085,5.15,10.85,-1.09,4565074.0,16.6,26.9,12.0,0.0,0.0,0.0,1.0,0.718,0.0,0.0,0.892,0.27,0.194,Materials,2026-07-03,11.76,-14.88,98
CCU,,10.4,Tendance baissière (pas un setup),11.09,2048893425.0,48.2,0.038,1.28,7.36,-7.27,1245733.0,13.6,20.1,67.0,0.8,0.0,0.0,1.0,0.445,0.441,0.055,0.813,0.087,0.106,Consumer Staples,2026-07-03,11.09,0.0,98
ARI,,10.3,Tendance baissière (pas un setup),6.24,800043460.0,34.4,0.007,0.16,-0.64,-7.69,19650749.0,10.9,12.7,70.0,0.76,0.0,0.0,1.0,0.324,0.38,0.393,0.369,0.04,0.539,Real Estate,2026-07-03,10.39,-39.94,98
CRK,,10.3,Tendance baissière (pas un setup),13.71,4025537713.0,52.3,0.093,-0.51,6.78,-7.99,34421425.0,15.0,24.8,55.0,0.19,0.0,0.0,1.0,0.515,0.139,0.0,0.935,0.302,0.0,Energy,2026-07-03,14.68,-6.61,98
SEB,,10.3,Tendance baissière (pas un setup),4063.59,3892082120.0,46.5,6.985,0.53,2.84,-5.86,40242569.0,13.8,18.4,26.0,1.0,0.0,0.0,1.0,0.711,0.595,0.019,0.651,0.095,0.0,Industrials,2026-07-03,4337.15,-6.31,98
CHA,,10.3,Tendance baissière (pas un setup),11.33,2161348484.0,48.0,-0.074,1.52,1.71,-9.0,10687988.0,10.8,22.5,43.0,0.04,0.0,0.0,1.0,0.557,0.046,0.402,0.737,0.317,0.0,Consumer Discretionary,2026-07-03,11.01,2.91,98
AHRT,,10.3,Tendance baissière (pas un setup),6.05,451287602.0,46.8,0.03,0.5,-1.31,-3.52,8307285.0,13.6,19.1,38.0,0.0,0.0,0.0,1.0,0.371,0.308,0.049,0.621,0.071,0.534,Real Estate,2026-07-03,7.11,-14.91,98
MBI,,10.3,Tendance baissière (pas un setup),4.58,233655314.0,51.2,0.043,3.15,6.76,0.22,1908966.0,15.2,22.4,16.0,0.58,0.0,0.0,1.0,0.862,0.289,0.0,0.879,0.119,0.0,Financials,2026-07-03,6.8,-32.65,98
AB,,10.3,Tendance baissière (pas un setup),35.3,3285555231.0,43.7,-0.028,0.57,0.83,-3.0,11069820.0,6.4,8.3,38.0,0.05,0.0,0.0,0.379,0.661,0.13,0.954,0.483,0.04,0.52,Financials,2026-07-03,36.31,-2.78,98
SKY,,10.2,Tendance baissière (pas un setup),81.47,4422202517.0,38.4,-0.428,0.54,-6.87,-2.2,48413104.0,15.7,19.4,11.0,0.47,0.0,0.0,1.0,0.672,0.735,0.0,0.0,0.23,0.405,Consumer Discretionary,2026-07-03,85.25,-4.43,98
AGRO,,10.2,Tendance baissière (pas un setup),10.46,1509466554.0,45.4,-0.041,-0.19,5.34,-16.05,6797947.0,18.2,30.6,54.0,0.86,0.0,0.0,1.0,0.549,0.431,0.0,0.616,0.294,0.0,Consumer Staples,2026-07-03,9.64,8.51,98
PXED,,10.2,Tendance baissière (pas un setup),26.15,942638882.0,47.1,0.09,1.67,3.65,-3.86,2163083.0,15.1,21.0,18.0,0.76,0.0,0.0,1.0,0.706,0.54,0.0,0.72,0.087,0.0,Consumer Staples,2026-07-03,34.36,-23.89,98
TKC,,10.2,Tendance baissière (pas un setup),5.12,4505600000.0,46.9,0.016,0.0,1.99,-2.85,11515372.0,9.7,15.0,14.0,0.4,0.0,0.0,1.0,0.856,0.2,0.537,0.647,0.071,0.044,Communication Services,2026-07-08,5.77,-11.27,93
CTRI,,10.2,Tendance baissière (pas un setup),20.81,2101041133.0,50.6,0.234,0.24,1.31,3.22,38766068.0,27.3,33.6,21.0,0.19,0.0,0.0,0.914,0.764,0.594,0.0,0.531,0.198,0.0,Utilities,2026-07-03,27.39,-24.02,98
XRX,,10.2,Tendance baissière (pas un setup),2.92,383438372.0,38.9,-0.054,-2.99,-7.01,-6.28,8463090.0,22.1,26.5,33.0,0.64,0.0,0.4,1.0,0.647,0.322,0.0,0.045,0.429,0.262,Industrials,2026-07-03,2.8,4.29,98
AZ,,10.2,Tendance baissière (pas un setup),5.83,261532634.0,48.0,0.055,-1.35,3.37,-3.32,2417214.0,28.9,36.8,4.0,0.48,0.0,0.0,0.732,0.945,0.74,0.0,0.394,0.214,0.0,Information Technology,2026-07-03,6.26,-6.87,98
PTRN,,10.2,Tendance baissière (pas un setup),18.35,3255273283.0,45.3,0.112,3.61,5.46,-6.62,32892069.0,29.0,37.2,53.0,0.14,0.0,0.0,0.71,0.61,0.568,0.0,0.61,0.294,0.0,Information Technology,2026-07-03,26.43,-30.57,98
ULH,,10.2,Tendance baissière (pas un setup),17.36,457745095.0,47.5,-0.001,1.52,-1.98,-4.93,1139849.0,14.6,36.9,20.0,0.0,0.0,0.0,0.727,0.75,0.5,0.0,0.366,0.492,0.0,Industrials,2026-09-29,17.4,-0.23,10
KTB,,10.2,Tendance baissière (pas un setup),66.34,3625721151.0,45.4,0.59,2.06,4.44,-1.22,49831345.0,23.9,28.4,9.0,0.12,0.0,0.0,1.0,0.948,0.385,0.0,0.598,0.111,0.17,Consumer Discretionary,2026-07-03,85.0,-21.95,98
KBDC,,10.2,Tendance baissière (pas un setup),12.51,826133003.0,41.6,-0.002,0.89,-1.96,-1.26,4995871.0,9.1,10.4,3.0,0.15,0.0,0.0,0.74,0.834,0.577,0.618,0.002,0.016,0.513,Financials,2026-07-03,13.59,-7.95,98
IRT,,10.2,Tendance baissière (pas un setup),14.64,3451300461.0,41.3,0.068,1.39,0.97,-2.69,58837777.0,14.6,16.7,14.0,0.0,0.0,0.0,1.0,0.82,0.5,0.0,0.323,0.071,0.458,Real Estate,2026-07-03,17.33,-15.52,98
XPEL,,10.2,Tendance baissière (pas un setup),44.92,1238478000.0,45.3,0.139,1.35,0.81,-7.93,8455716.0,13.7,18.2,19.0,0.54,0.0,0.0,1.0,0.809,0.271,0.038,0.543,0.151,0.345,Consumer Discretionary,2026-07-03,48.52,-7.42,98
GSBD,,10.1,Tendance baissière (pas un setup),8.88,999613315.0,36.6,-0.051,0.79,-3.16,-4.67,7790653.0,11.4,18.5,38.0,0.34,0.0,0.0,1.0,0.635,0.178,0.322,0.032,0.325,0.619,Financials,2026-07-03,9.58,-7.31,98
UMH,,10.1,Tendance baissière (pas un setup),15.1,1289322560.0,36.4,-0.035,0.47,-1.5,-3.58,10918217.0,10.0,11.6,41.0,0.12,0.0,0.0,0.928,0.592,0.452,0.505,0.025,0.032,0.668,Real Estate,2026-07-03,15.52,-2.71,98
EYE,,10.1,Tendance baissière (pas un setup),16.74,1323620300.0,46.2,0.147,-0.48,2.07,-2.22,39052275.0,30.0,33.8,1.0,0.03,0.0,0.0,0.897,0.995,0.516,0.0,0.595,0.143,0.0,Consumer Discretionary,2026-07-03,19.76,-15.28,98
RDN,,10.0,Tendance baissière (pas un setup),34.17,4520736036.0,49.3,0.179,1.39,9.45,-6.0,70083188.0,13.7,22.9,87.0,0.0,0.0,0.0,1.0,0.081,0.093,0.041,0.908,0.095,0.461,Financials,2026-07-09,37.49,-8.86,92
GROY,,10.0,Tendance baissière (pas un setup),3.03,699351879.0,44.9,-0.028,5.21,1.34,-7.9,5289684.0,14.6,27.6,64.0,0.8,0.0,0.0,1.0,0.45,0.399,0.0,0.559,0.365,0.0,Materials,2026-07-03,2.86,5.94,98
SRPT,,10.0,Tendance baissière (pas un setup),18.21,1923468052.0,44.9,-0.203,4.06,3.64,-17.3,50241774.0,22.9,37.6,42.0,0.62,0.0,0.0,0.692,0.748,0.312,0.0,0.577,0.405,0.064,Health Care,2026-07-03,19.28,-5.55,98
CRMD,,9.9,Tendance baissière (pas un setup),7.32,570552452.0,36.7,-0.048,0.55,-1.35,-9.96,6685809.0,18.5,21.4,24.0,0.83,0.0,0.0,1.0,0.857,0.845,0.0,0.333,0.048,0.0,Health Care,2026-07-03,8.75,-16.34,98
DNUT,,9.9,Tendance baissière (pas un setup),3.01,522235000.0,46.7,0.014,3.08,3.79,-6.23,6212116.0,18.6,23.5,13.0,0.81,0.0,0.0,1.0,0.924,0.405,0.0,0.707,0.087,0.0,Consumer Staples,2026-07-03,3.51,-14.25,98
AUTL,,9.9,Tendance baissière (pas un setup),1.77,471107696.0,38.9,-0.01,-2.21,-4.32,-12.81,2927913.0,31.4,43.6,2.0,1.0,0.0,0.0,0.355,0.99,0.5,0.0,0.314,0.556,0.0,Health Care,2026-07-03,1.58,12.03,98
MNTN,,9.9,Tendance baissière (pas un setup),10.42,779448958.0,42.8,-0.054,3.68,0.77,-11.99,9115788.0,23.7,35.0,21.0,0.61,0.0,0.0,0.834,0.785,0.303,0.0,0.442,0.484,0.0,Information Technology,2026-07-03,11.15,-6.55,98
FWRG,,9.9,Tendance baissière (pas un setup),10.96,676368288.0,51.8,0.134,4.38,7.14,-2.84,15369184.0,19.4,27.4,28.0,0.0,0.0,0.0,1.0,0.816,0.158,0.0,0.866,0.19,0.0,Consumer Discretionary,2026-07-03,13.09,-16.27,98
PMO,,9.9,Tendance baissière (pas un setup),9.33,317048020.0,43.8,0.021,2.19,2.08,-6.0,1548682.0,11.5,15.8,90.0,0.0,0.0,0.0,1.0,0.057,0.233,0.316,0.514,0.079,0.58,Financials,2026-09-30,9.07,2.87,9
BIPC,,9.8,Tendance baissière (pas un setup),37.13,4567569117.0,53.2,0.346,-1.35,3.37,0.03,42248801.0,16.9,23.0,27.0,0.2,0.0,0.0,1.0,0.695,0.098,0.0,0.878,0.143,0.137,Utilities,2026-08-04,40.41,-8.12,66
INMD,,9.8,Tendance baissière (pas un setup),14.08,809329270.0,35.0,-0.009,0.5,0.21,-4.8,6713668.0,8.5,10.0,61.0,0.42,0.0,0.0,0.661,0.548,0.208,0.682,0.341,0.095,0.47,Health Care,2026-07-03,14.8,-4.86,98
PINE,,9.8,Tendance baissière (pas un setup),17.88,320685077.0,48.8,0.126,1.42,3.0,-3.92,3113396.0,12.6,18.7,61.0,0.0,0.0,0.0,1.0,0.319,0.0,0.18,0.793,0.111,0.424,Real Estate,2026-07-03,20.62,-13.29,98
PRTA,,9.8,Tendance baissière (pas un setup),8.61,442011346.0,49.3,0.004,1.53,0.82,-7.42,4765513.0,12.8,21.0,9.0,0.0,0.0,0.0,1.0,0.571,0.158,0.154,0.788,0.151,0.099,Health Care,2026-07-03,9.69,-11.15,98
REAL,,9.7,Tendance baissière (pas un setup),9.62,1170476126.0,50.9,0.125,2.34,7.49,0.68,25405038.0,30.4,38.3,6.0,0.48,0.0,0.0,0.651,0.949,0.263,0.0,0.893,0.151,0.0,Consumer Discretionary,2026-07-03,11.58,-16.93,98
GLRE,,9.7,Tendance baissière (pas un setup),14.97,488640920.0,49.0,0.03,1.35,1.91,-0.07,2033745.0,14.1,18.3,12.0,0.31,0.0,0.0,1.0,0.75,0.154,0.0,0.78,0.071,0.24,Financials,2026-07-03,16.37,-8.55,98
TLS,,9.7,Tendance baissière (pas un setup),4.37,326599768.0,53.2,0.045,1.39,3.31,-5.21,3087063.0,14.8,26.2,8.0,0.0,0.0,0.0,1.0,0.952,0.109,0.0,0.834,0.175,0.0,Information Technology,2026-07-03,4.9,-10.82,98
PGY,,9.7,Tendance baissière (pas un setup),18.26,1523355893.0,42.9,-0.038,0.66,4.7,-15.46,48166273.0,22.9,33.8,67.0,0.34,0.0,0.0,0.901,0.541,0.17,0.0,0.448,0.603,0.0,Information Technology,2026-07-03,17.79,2.64,98
SBCF,,9.7,Tendance baissière (pas un setup),31.87,3085742604.0,36.5,-0.064,0.0,-0.9,-5.35,29859004.0,11.6,13.4,67.0,0.27,0.0,0.0,1.0,0.366,0.137,0.295,0.302,0.183,0.612,Financials,2026-07-03,33.28,-4.24,98
MAX,,9.7,Tendance baissière (pas un setup),10.68,654299285.0,52.2,0.142,10.44,10.33,-7.77,10321823.0,27.1,38.4,78.0,0.0,0.0,0.0,0.644,0.387,0.0,0.0,0.929,0.437,0.088,Communication Services,2026-07-03,13.43,-20.48,98
LZ,,9.6,Tendance baissière (pas un setup),5.93,1014744011.0,51.0,0.037,2.16,3.4,1.98,16177978.0,30.2,38.2,14.0,0.33,0.0,0.0,0.658,0.914,0.166,0.0,0.863,0.238,0.0,Industrials,2026-07-03,6.92,-14.31,98
BBSI,,9.6,Tendance baissière (pas un setup),32.18,779888092.0,49.1,0.109,1.77,2.78,-1.08,7442197.0,21.2,26.7,61.0,0.3,0.0,0.0,1.0,0.572,0.152,0.0,0.851,0.19,0.047,Industrials,2026-07-03,37.91,-15.11,98
YALA,,9.6,Tendance baissière (pas un setup),5.38,816839950.0,45.1,-0.008,0.37,0.56,-1.28,1555060.0,6.3,9.6,14.0,0.43,0.0,0.0,0.597,0.832,0.216,0.966,0.519,0.04,0.0,Information Technology,2026-07-03,5.48,-1.82,98
MFM,,9.6,Tendance baissière (pas un setup),4.93,203055021.0,43.6,0.004,1.86,1.23,-4.63,3196120.0,9.2,12.5,92.0,0.0,0.0,0.0,1.0,0.048,0.0,0.605,0.488,0.063,0.615,Financials,2026-07-03,5.61,-12.12,98
BLW,,9.6,Tendance baissière (pas un setup),11.78,420678560.0,42.4,0.029,0.08,0.68,-4.5,3193203.0,8.5,11.3,90.0,0.0,0.0,0.0,0.877,0.062,0.0,0.682,0.416,0.071,0.691,Financials,2026-07-03,12.53,-5.99,98
FVRR,,9.6,Tendance baissière (pas un setup),8.64,310614290.0,44.8,0.026,1.65,0.93,-3.25,5104072.0,11.7,15.1,6.0,0.76,0.0,0.0,1.0,0.962,0.38,0.282,0.496,0.071,0.0,Communication Services,2026-07-03,10.81,-20.07,98
CXT,,9.6,Tendance baissière (pas un setup),48.18,2773303627.0,48.3,0.217,0.04,0.25,-4.91,27000876.0,16.3,22.1,34.0,0.2,0.0,0.0,1.0,0.605,0.314,0.0,0.439,0.397,0.029,Industrials,2026-07-03,52.5,-8.23,98
BANF,,9.6,Tendance baissière (pas un setup),106.9,3591705841.0,44.4,0.091,0.84,0.39,-3.05,16469243.0,7.6,10.2,28.0,0.0,0.0,0.0,0.694,0.533,0.0,0.804,0.452,0.032,0.514,Financials,2026-07-03,113.97,-6.2,98
VTOL,,9.5,Tendance baissière (pas un setup),40.64,1204650880.0,38.8,-0.054,1.7,0.84,-5.97,12006572.0,14.9,17.6,50.0,0.0,0.0,0.0,1.0,0.697,0.5,0.0,0.334,0.04,0.371,Energy,2026-07-03,41.41,-1.86,98
PESI,,9.5,Tendance baissière (pas un setup),14.16,300451850.0,26.7,-0.185,-6.1,-8.11,-23.83,5560106.0,33.6,33.9,74.0,0.9,0.0,0.0,0.896,0.557,0.452,0.0,0.307,0.452,0.0,Industrials,2026-07-03,13.51,4.81,98
WU,,9.5,Tendance baissière (pas un setup),6.33,1974193950.0,48.7,0.042,3.6,5.15,-5.55,58329655.0,19.7,25.5,48.0,0.54,0.0,0.0,1.0,0.612,0.269,0.0,0.839,0.119,0.0,Financials,2026-07-03,8.01,-20.97,98
IMXI,,9.5,Tendance baissière (pas un setup),12.43,375530524.0,49.5,0.111,0.81,8.18,-13.5,8206087.0,16.9,30.8,81.0,0.0,0.0,0.0,1.0,0.201,0.0,0.0,0.926,0.19,0.264,Information Technology,2026-07-03,14.54,-14.51,98
STIM,,9.5,Tendance baissière (pas un setup),2.14,163062055.0,29.9,-0.068,-1.38,-3.6,-29.61,3328857.0,37.8,46.5,62.0,1.0,0.0,0.0,0.194,0.629,0.5,0.0,0.39,0.603,0.0,Health Care,2026-07-06,1.41,51.77,95
XRN,,9.5,Tendance baissière (pas un setup),34.1,451410003.0,35.8,-0.151,0.0,-0.84,-7.38,3733059.0,9.3,10.9,48.0,0.0,0.0,0.0,0.819,0.639,0.0,0.589,0.354,0.04,0.646,Real Estate,2026-07-03,37.97,-10.19,98
SBGI,,9.5,Tendance baissière (pas un setup),13.14,950259308.0,48.6,0.039,0.69,5.04,-3.03,6735306.0,18.0,23.6,68.0,0.12,0.0,0.0,1.0,0.52,0.061,0.0,0.845,0.095,0.291,Communication Services,2026-07-03,15.42,-14.79,98
NUCL,,9.5,Tendance baissière (pas un setup),6.05,178957778.0,41.4,0.019,-0.98,-0.98,-8.19,1579342.0,25.4,33.5,1.0,1.0,0.0,0.0,0.915,0.995,0.999,0.0,0.05,0.087,0.0,Energy,2026-09-30,6.3,-3.97,9
TPVG,,9.4,Tendance baissière (pas un setup),4.71,191742795.0,40.4,-0.019,0.86,-3.48,-3.6,1220214.0,10.7,20.0,5.0,0.0,0.0,0.0,1.0,0.767,0.307,0.416,0.0,0.23,0.36,Financials,2026-07-03,4.92,-4.27,98
IGIC,,9.4,Tendance baissière (pas un setup),24.86,1065057490.0,44.4,0.076,1.3,1.3,-4.75,2501645.0,12.5,15.4,27.0,0.01,0.0,0.0,1.0,0.835,0.004,0.189,0.503,0.087,0.476,Financials,2026-07-03,27.66,-10.12,98
CDXS,,9.4,Tendance baissière (pas un setup),1.36,148927840.0,43.3,0.013,-3.55,0.0,-4.9,1166129.0,23.2,28.2,1.0,1.0,0.0,0.0,1.0,0.959,0.673,0.0,0.384,0.032,0.0,Health Care,2026-07-03,2.47,-44.94,98
TBLD,,9.4,Tendance baissière (pas un setup),20.24,649337312.0,34.3,0.019,-0.2,0.6,-6.38,1630335.0,10.0,12.0,65.0,0.0,0.0,0.0,0.994,0.407,0.0,0.499,0.39,0.032,0.658,Financials,2026-07-03,21.96,-7.83,98
SGP,,9.4,Tendance baissière (pas un setup),24.62,823489243.0,40.7,-0.455,3.01,-7.09,-10.47,4148177.0,18.1,28.8,62.0,0.0,0.0,0.4,1.0,0.323,0.0,0.0,0.301,0.484,0.196,Health Care,2026-09-14,27.52,-10.54,25
SRAD,,9.4,Tendance baissière (pas un setup),12.44,3878261608.0,48.6,-0.002,3.15,4.89,-3.04,27542077.0,17.3,24.3,51.0,0.55,0.0,0.0,1.0,0.345,0.459,0.0,0.781,0.071,0.0,Information Technology,2026-07-03,15.01,-17.12,98
ACDC,,9.4,Tendance baissière (pas un setup),4.7,855976981.0,48.4,0.02,-1.47,6.82,-14.23,6251801.0,17.3,38.2,23.0,0.68,0.0,0.0,0.655,0.813,0.341,0.0,0.769,0.175,0.0,Energy,2026-07-03,5.15,-8.74,98
RNGR,,9.4,Tendance baissière (pas un setup),15.46,361795276.0,42.8,0.001,0.52,0.32,-10.17,2381952.0,13.9,16.6,75.0,0.9,0.0,0.0,1.0,0.529,0.449,0.016,0.373,0.048,0.426,Energy,2026-07-03,15.42,0.26,98
TMDX,,9.4,Tendance baissière (pas un setup),79.0,2739336455.0,40.7,-0.612,-2.55,0.46,-8.56,67104941.0,17.0,28.6,13.0,0.36,0.0,0.0,1.0,0.731,0.336,0.0,0.308,0.429,0.0,Health Care,2026-07-03,68.86,14.73,98
EE,,9.4,Tendance baissière (pas un setup),34.67,3931650980.0,46.9,0.229,-0.97,7.97,-11.83,16648814.0,15.0,22.5,87.0,0.0,0.0,0.0,1.0,0.406,0.0,0.0,0.764,0.175,0.362,Energy,2026-07-03,37.99,-8.74,98
COLD,,9.4,Tendance baissière (pas un setup),13.81,3942486409.0,43.5,-0.044,1.17,0.0,2.65,52440024.0,10.1,13.5,3.0,0.25,0.0,0.0,1.0,0.782,0.126,0.486,0.128,0.183,0.438,Real Estate,2026-07-03,16.24,-14.96,98
ASTL,,9.4,Tendance baissière (pas un setup),4.18,440524427.0,46.7,-0.006,-1.18,1.7,-3.91,3123374.0,17.6,28.3,2.0,1.0,0.0,0.0,1.0,0.983,0.5,0.0,0.317,0.198,0.028,Materials,2026-07-03,3.77,10.88,98
GLIBK,,9.3,Tendance baissière (pas un setup),23.59,941358808.0,41.6,-0.003,-0.38,0.4,-7.27,7978271.0,13.1,19.4,37.0,0.6,0.0,0.0,1.0,0.705,0.3,0.107,0.376,0.341,0.0,Communication Services,2026-07-03,22.44,5.12,98
GRPN,,9.3,Tendance baissière (pas un setup),19.12,777520460.0,45.5,-0.054,3.74,-2.1,4.48,23229480.0,36.1,41.5,15.0,0.53,0.0,0.0,0.474,0.586,0.73,0.0,0.22,0.421,0.0,Communication Services,2026-07-03,25.58,-25.25,98
XPOF,,9.3,Tendance baissière (pas un setup),4.96,244647040.0,61.4,0.164,2.27,6.44,23.08,3725050.0,28.3,48.5,65.0,0.38,0.02,0.0,0.084,0.436,0.654,0.0,0.81,0.238,0.0,Consumer Discretionary,2026-07-03,6.78,-26.84,98
BBWI,,9.3,Tendance baissière (pas un setup),17.71,3571138493.0,52.2,0.231,-0.56,7.99,0.0,122699011.0,17.0,26.2,29.0,0.0,0.0,0.0,1.0,0.824,0.0,0.0,0.928,0.159,0.0,Consumer Discretionary,2026-07-03,21.96,-19.35,98
NFGC,,9.3,Tendance baissière (pas un setup),1.54,591910625.0,39.0,-0.025,1.99,-4.35,-10.98,1544265.0,24.7,34.2,54.0,1.0,0.0,0.0,0.876,0.576,0.8,0.0,0.301,0.151,0.0,Materials,2026-07-03,1.66,-7.23,98
VVX,defense|laser_photonique,9.3,Tendance baissière (pas un setup),70.97,2224580057.0,42.1,-0.253,4.26,0.37,-1.31,51086489.0,24.5,27.8,32.0,0.3,0.0,0.0,1.0,0.637,0.652,0.0,0.314,0.063,0.184,Industrials,2026-07-03,74.1,-4.22,98
SDHY,,9.3,Tendance baissière (pas un setup),15.14,373550068.0,36.7,0.003,-0.26,-0.85,-4.25,1151417.0,7.6,10.5,67.0,0.0,0.0,0.0,0.747,0.229,0.0,0.798,0.303,0.016,0.746,Financials,2026-08-31,15.97,-5.2,39
AAP,,9.3,Tendance baissière (pas un setup),42.4,2560960000.0,49.7,0.498,2.91,9.45,-2.26,73147595.0,29.7,36.9,42.0,0.52,0.0,0.0,0.729,0.748,0.259,0.0,0.91,0.103,0.0,Consumer Discretionary,2026-07-03,61.53,-31.09,98
ATHS,,9.2,Tendance baissière (pas un setup),23.46,4781265300.0,31.5,-0.097,0.45,-0.85,-3.92,1078232.0,6.1,7.6,100.0,0.0,0.0,0.0,0.261,0.0,0.104,0.989,0.33,0.024,0.797,,2026-07-06,24.55,-4.44,95
IPGP,laser_photonique,9.2,Tendance baissière (pas un setup),77.74,3306635062.0,44.8,0.482,-3.89,-7.08,-3.18,34108658.0,22.2,30.6,14.0,0.58,0.0,0.0,1.0,0.885,0.756,0.0,0.173,0.127,0.0,Information Technology,2026-07-03,105.27,-26.15,98
ASA,,9.2,Tendance baissière (pas un setup),55.8,1015682593.0,44.2,-0.13,1.86,0.4,-11.37,2965341.0,17.9,28.4,2.0,0.4,0.0,0.0,1.0,0.986,0.291,0.0,0.473,0.23,0.0,Financials,2026-07-03,54.48,2.42,98
PERI,,9.2,Tendance baissière (pas un setup),8.74,343746988.0,46.5,0.032,0.69,-0.23,-1.02,4885175.0,13.9,17.8,25.0,0.0,0.0,0.0,1.0,0.848,0.0,0.014,0.651,0.167,0.252,Communication Services,2026-07-03,9.4,-7.02,98
CWT,,9.2,Tendance baissière (pas un setup),45.6,2819863006.0,36.1,-0.007,0.44,1.22,-7.75,20679776.0,14.7,15.7,57.0,0.54,0.0,0.0,1.0,0.387,0.269,0.0,0.339,0.175,0.51,Utilities,2026-07-03,50.23,-9.22,98
ORN,,9.2,Tendance baissière (pas un setup),9.06,366887327.0,47.6,0.101,-0.11,-1.41,-0.33,4739526.0,20.4,27.2,21.0,0.35,0.0,0.0,1.0,0.737,0.668,0.0,0.387,0.063,0.0,Industrials,2026-07-03,14.81,-38.83,98
DRD,,9.1,Tendance baissière (pas un setup),24.1,2090428457.0,41.9,-0.178,1.69,-0.58,-11.87,6607958.0,21.1,36.2,11.0,0.58,0.0,0.0,0.766,0.933,0.337,0.0,0.362,0.373,0.0,Materials,2026-07-03,21.9,10.05,98
CNR,,9.1,Tendance baissière (pas un setup),88.55,4395290557.0,42.5,-0.138,-0.36,1.08,-10.89,47323639.0,15.6,25.7,36.0,0.32,0.0,0.0,1.0,0.613,0.16,0.0,0.384,0.325,0.243,Energy,2026-07-03,79.34,11.61,98
PLTK,,9.1,Tendance baissière (pas un setup),2.3,877261828.0,49.1,0.039,-0.86,5.99,1.77,2417266.0,45.1,50.6,28.0,1.0,0.0,0.0,0.0,0.833,0.529,0.0,0.838,0.175,0.0,Communication Services,2026-07-03,3.87,-40.57,98
UNMA,,9.1,Tendance baissière (pas un setup),20.74,3532296598.0,28.8,-0.11,-0.29,-3.31,-3.13,1126364.0,5.7,6.7,89.0,0.0,0.0,0.0,0.122,0.122,0.5,1.0,0.0,0.056,0.667,,2026-07-15,21.69,-4.38,86
FTHY,,9.1,Tendance baissière (pas un setup),12.72,467752420.0,41.6,0.003,0.16,1.11,-1.95,1716620.0,4.8,6.1,56.0,0.0,0.0,0.0,0.025,0.267,0.0,1.0,0.374,0.04,0.84,Financials,2026-07-03,13.59,-6.4,98
SPRY,,9.1,Tendance baissière (pas un setup),4.56,453479884.0,47.9,0.093,4.59,10.68,-12.81,6815738.0,30.7,39.4,15.0,0.72,0.0,0.0,0.587,0.847,0.362,0.0,0.75,0.143,0.0,Health Care,2026-07-03,8.56,-46.73,98
RMR,,9.1,Tendance baissière (pas un setup),17.71,568140802.0,31.2,-0.079,0.45,-1.94,-8.33,1840946.0,13.7,15.2,78.0,0.81,0.0,0.0,1.0,0.258,0.406,0.033,0.35,0.079,0.48,Real Estate,2026-07-03,20.5,-13.61,98
CSTM,,9.1,Tendance baissière (pas un setup),25.6,3469509837.0,48.9,0.188,0.71,3.81,-5.88,41234020.0,16.7,22.8,2.0,0.19,0.0,0.0,1.0,0.959,0.093,0.0,0.815,0.111,0.0,Materials,2026-07-03,29.49,-13.19,98
KULR,gestion_thermique|new_tech,9.1,Tendance baissière (pas un setup),2.46,113849592.0,45.9,0.02,-5.02,-4.65,4.68,1576260.0,22.2,29.4,8.0,1.0,0.0,0.0,1.0,0.952,0.678,0.0,0.242,0.103,0.0,Information Technology,2026-07-03,3.85,-36.1,98
SHEN,,9.1,Tendance baissière (pas un setup),11.52,614761114.0,46.0,0.031,-2.62,3.32,-3.36,14040076.0,17.2,23.1,37.0,0.0,0.0,0.0,1.0,0.478,0.5,0.0,0.632,0.063,0.0,Communication Services,2026-07-03,13.55,-14.98,98
PAR,,9.0,Tendance baissière (pas un setup),15.43,638226584.0,48.1,0.161,4.4,7.23,-12.63,14913735.0,23.1,34.0,87.0,0.05,0.0,0.0,0.889,0.429,0.024,0.0,0.822,0.341,0.0,Information Technology,2026-07-03,19.05,-19.0,98
SII,,9.0,Tendance baissière (pas un setup),115.19,2971902000.0,39.0,-1.142,-0.11,-0.41,-11.34,14724232.0,17.4,27.8,42.0,1.0,0.0,0.0,1.0,0.741,0.503,0.0,0.36,0.19,0.0,Financials,2026-07-03,114.98,0.18,98
ROOT,,9.0,Tendance baissière (pas un setup),48.56,752352317.0,45.1,0.243,1.72,5.09,-6.76,10269072.0,21.0,26.7,54.0,0.56,0.0,0.0,1.0,0.676,0.363,0.0,0.622,0.103,0.0,Financials,2026-07-03,61.73,-21.33,98
SLGN,,9.0,Tendance baissière (pas un setup),35.8,3783416316.0,37.9,0.1,2.14,2.96,-6.65,49405891.0,17.4,22.2,61.0,0.25,0.0,0.0,1.0,0.454,0.623,0.0,0.402,0.071,0.113,Consumer Discretionary,2026-07-03,46.39,-22.83,98
MSEX,,9.0,Tendance baissière (pas un setup),53.08,1000236654.0,37.7,-0.0,-0.11,1.24,-8.12,7743410.0,11.2,13.3,73.0,0.1,0.0,0.0,1.0,0.403,0.05,0.345,0.367,0.056,0.589,Utilities,2026-07-03,57.55,-7.77,98
HLIT,,9.0,Tendance baissière (pas un setup),11.07,1207365546.0,45.5,0.074,-1.77,3.26,-6.19,17336506.0,26.5,30.7,3.0,0.22,0.0,0.0,1.0,0.981,0.356,0.0,0.57,0.071,0.0,Information Technology,2026-07-03,14.07,-21.32,98
FRME,,9.0,Tendance baissière (pas un setup),39.59,2486308337.0,39.2,-0.052,0.76,0.03,-2.78,22872026.0,9.5,11.7,50.0,0.0,0.0,0.0,0.958,0.463,0.0,0.558,0.302,0.032,0.604,Financials,2026-07-03,43.44,-8.86,98
DAKT,,9.0,Tendance baissière (pas un setup),17.89,860377509.0,46.4,0.132,0.45,1.59,-6.09,8819559.0,19.8,24.8,1.0,0.5,0.0,0.0,1.0,0.995,0.25,0.0,0.61,0.111,0.0,Information Technology,2026-07-03,19.91,-10.15,98
SPCE,espace,8.9,Tendance baissière (pas un setup),2.94,445691955.0,43.9,-0.02,-2.33,-1.67,-0.68,17877820.0,15.3,29.7,7.0,0.74,0.0,0.0,1.0,0.75,0.494,0.0,0.16,0.341,0.0,Industrials,2026-07-03,2.7,8.89,98
CMCO,,8.9,Tendance baissière (pas un setup),15.98,461250619.0,43.4,0.044,-1.11,0.25,-9.31,6790836.0,28.1,30.9,7.0,0.92,0.0,0.0,1.0,0.825,0.461,0.0,0.118,0.365,0.0,Industrials,2026-07-03,13.55,17.93,98
LMAT,,8.9,Tendance baissière (pas un setup),79.64,1821307627.0,44.4,0.07,0.42,-0.69,0.21,21779690.0,24.8,26.2,13.0,0.82,0.0,0.0,1.0,0.811,0.846,0.0,0.149,0.048,0.0,Health Care,2026-07-03,102.88,-22.59,98
RMNI,,8.9,Tendance baissière (pas un setup),4.09,382292820.0,32.5,-0.005,0.86,-4.55,-10.98,1514126.0,27.9,29.0,20.0,0.7,0.0,0.0,1.0,0.881,0.35,0.0,0.302,0.246,0.07,Information Technology,2026-07-03,4.54,-9.91,98
TOYO,,8.9,Tendance baissière (pas un setup),4.36,186254613.0,45.7,0.045,0.23,2.35,0.46,1521909.0,30.2,34.1,1.0,1.0,0.0,0.0,0.884,0.995,0.671,0.0,0.271,0.079,0.0,Information Technology,2026-07-03,6.47,-32.61,98
AGO,,8.9,Tendance baissière (pas un setup),70.72,3110209590.0,48.1,0.34,2.29,3.59,-2.06,39256259.0,15.9,20.1,40.0,0.0,0.0,0.0,1.0,0.621,0.0,0.0,0.778,0.095,0.255,Financials,2026-07-03,83.67,-15.48,98
PTLO,,8.9,Tendance baissière (pas un setup),3.9,296178574.0,51.0,0.06,2.9,10.48,-5.11,6250455.0,25.6,37.2,38.0,0.0,0.0,0.0,0.71,0.688,0.11,0.0,0.958,0.135,0.0,Consumer Discretionary,2026-07-03,4.98,-21.69,98
FLO,,8.9,Tendance baissière (pas un setup),5.94,1259621063.0,46.7,0.061,1.71,6.83,-2.35,47640471.0,20.2,27.5,29.0,0.0,0.0,0.0,1.0,0.741,0.231,0.0,0.714,0.103,0.0,Consumer Staples,2026-07-03,8.63,-31.17,98
LMND,,8.9,Tendance baissière (pas un setup),46.91,3630675210.0,44.8,0.389,0.17,0.32,-4.69,51165400.0,17.1,23.5,17.0,0.57,0.0,0.0,1.0,0.848,0.416,0.0,0.521,0.087,0.0,Financials,2026-07-17,64.57,-27.35,84
ALH,,8.9,Tendance baissière (pas un setup),21.24,4222280399.0,39.9,0.098,0.66,0.05,-2.34,24545192.0,24.8,26.9,1.0,0.55,0.0,0.0,1.0,0.954,0.773,0.0,0.041,0.024,0.175,Consumer Discretionary,2026-07-20,25.5,-16.71,81
RUM,,8.9,Tendance baissière (pas un setup),7.0,3470671358.0,37.6,-0.145,-6.91,-8.38,-6.91,50707602.0,33.9,45.8,36.0,0.0,0.0,0.4,0.232,0.713,0.5,0.0,0.316,0.317,0.0,Communication Services,2026-07-03,6.16,13.64,98
OXSQ,,8.9,Tendance baissière (pas un setup),1.28,137865952.0,46.3,0.003,1.59,-0.78,-1.88,1597892.0,14.2,16.9,1.0,0.74,0.0,0.0,1.0,0.995,0.369,0.0,0.312,0.175,0.097,Financials,2026-07-03,1.33,-3.76,98
VTVT,,8.9,Tendance baissière (pas un setup),30.08,118934154.0,43.2,0.006,-3.0,-5.56,-9.64,1188653.0,17.6,21.3,1.0,1.0,0.0,0.0,1.0,0.91,0.619,0.0,0.373,0.016,0.0,Health Care,2026-07-03,35.4,-15.03,98
FSK,,8.9,Tendance baissière (pas un setup),10.79,2981711621.0,36.2,-0.058,0.37,-2.88,-6.51,22379956.0,11.9,18.2,53.0,0.35,0.0,0.0,1.0,0.487,0.177,0.266,0.047,0.46,0.246,Financials,2026-07-03,10.43,3.45,98
JBSS,,8.8,Tendance baissière (pas un setup),68.39,799717166.0,42.9,0.518,0.65,2.66,-3.19,8420077.0,19.8,22.9,3.0,0.56,0.0,0.0,1.0,0.981,0.278,0.0,0.383,0.103,0.201,Consumer Staples,2026-07-03,90.6,-24.51,98
HDSN,,8.8,Tendance baissière (pas un setup),5.17,217597788.0,44.5,0.02,0.39,-1.52,-2.82,2095220.0,19.3,21.1,1.0,0.93,0.0,0.0,1.0,0.995,0.716,0.0,0.188,0.04,0.0,Materials,2026-07-03,5.99,-13.69,98
OI,,8.8,Tendance baissière (pas un setup),6.17,948080639.0,49.4,0.063,6.75,9.2,-6.94,23847702.0,21.8,32.8,33.0,0.0,0.0,0.0,0.954,0.789,0.0,0.0,0.918,0.111,0.0,Consumer Discretionary,2026-07-03,9.79,-36.98,98
QDEL,,8.8,Tendance baissière (pas un setup),12.41,851021049.0,54.2,0.358,0.81,19.56,-1.82,21491283.0,31.2,45.0,18.0,0.0,0.0,0.0,0.28,0.863,0.151,0.0,0.905,0.254,0.0,Health Care,2026-07-03,18.25,-32.0,98
TREE,,8.8,Tendance baissière (pas un setup),25.35,355902871.0,43.3,0.289,4.36,3.26,-4.56,8952942.0,25.8,31.2,23.0,0.69,0.0,0.0,1.0,0.735,0.511,0.0,0.424,0.095,0.0,Financials,2026-07-03,45.0,-43.67,98
TR,,8.8,Tendance baissière (pas un setup),37.59,2821943248.0,44.6,0.03,1.84,-0.42,-1.26,6814378.0,10.2,12.4,2.0,0.0,0.0,0.0,1.0,0.986,0.0,0.47,0.198,0.056,0.461,Consumer Staples,2026-07-03,40.78,-7.82,98
BOC,,8.8,Tendance baissière (pas un setup),12.98,391042827.0,36.0,-0.018,0.0,0.0,-5.26,2293896.0,11.7,12.9,40.0,0.0,0.0,0.0,1.0,0.677,0.0,0.287,0.304,0.127,0.509,Industrials,2026-07-03,15.09,-13.98,98
REYN,,8.8,Tendance baissière (pas un setup),21.98,4633185784.0,42.6,0.126,0.27,0.18,2.0,31512444.0,17.7,20.4,3.0,0.19,0.0,0.0,1.0,0.818,0.554,0.0,0.063,0.071,0.372,Consumer Discretionary,2026-08-31,24.2,-9.17,39
BCYC,,8.8,Tendance baissière (pas un setup),3.81,266672839.0,50.1,0.031,2.14,7.02,-4.87,1868303.0,15.5,26.2,25.0,0.0,0.0,0.0,1.0,0.448,0.168,0.0,0.83,0.135,0.0,Health Care,2026-07-03,4.35,-12.41,98
NEXT,,8.8,Tendance baissière (pas un setup),6.75,1796751673.0,47.5,0.019,1.35,6.97,-10.48,17774791.0,14.0,22.6,46.0,0.29,0.0,0.0,1.0,0.482,0.147,0.005,0.745,0.127,0.102,Energy,2026-07-03,7.58,-10.95,98
FCN,,8.7,Tendance baissière (pas un setup),140.5,3879426288.0,48.6,0.906,2.01,-0.86,-6.9,73758097.0,16.0,22.8,65.0,0.0,0.0,0.0,1.0,0.21,0.235,0.0,0.766,0.095,0.141,Industrials,2026-07-03,153.59,-8.52,98
CE,,8.7,Tendance baissière (pas un setup),44.81,4917849374.0,47.5,-0.197,2.17,1.38,0.81,90238279.0,9.8,17.2,40.0,0.1,0.0,0.0,1.0,0.462,0.048,0.527,0.645,0.095,0.0,Materials,2026-07-20,45.7,-1.95,81
FLOC,,8.7,Tendance baissière (pas un setup),19.15,1730264316.0,44.8,0.056,0.31,4.76,-9.16,13117790.0,19.7,25.2,33.0,0.0,0.0,0.0,1.0,0.791,0.338,0.0,0.594,0.071,0.0,Energy,2026-07-03,20.74,-7.67,98
AGIO,,8.7,Tendance baissière (pas un setup),31.92,1905684073.0,42.5,-0.152,0.41,-1.72,-7.83,38029079.0,11.3,19.0,29.0,0.12,0.0,0.0,1.0,0.643,0.062,0.339,0.348,0.365,0.0,Health Care,2026-07-03,37.58,-15.06,98
FUBO,,8.7,Tendance baissière (pas un setup),9.35,1020990033.0,45.0,-0.059,1.08,5.29,-12.7,12184258.0,25.3,33.7,75.0,0.58,0.0,0.0,0.904,0.548,0.29,0.0,0.654,0.167,0.0,Communication Services,2026-07-03,10.2,-8.33,98
BKT,,8.7,Tendance baissière (pas un setup),9.52,1416218724.0,33.1,0.004,0.85,-0.73,-5.18,2224141.0,9.0,9.9,86.0,0.0,0.0,0.0,0.653,0.394,0.0,0.629,0.31,0.032,0.68,Financials,2026-08-04,10.3,-7.57,66
FCNCN,,8.7,Tendance baissière (pas un setup),23.05,260306416.0,40.0,-0.02,-0.09,-2.62,-4.52,1153694.0,7.9,10.1,88.0,0.0,0.0,0.0,0.677,0.071,0.0,0.757,0.32,0.032,0.714,,2026-10-01,22.99,0.26,8
AMSF,,8.7,Tendance baissière (pas un setup),24.74,458582075.0,51.6,0.18,1.85,4.48,1.44,15072784.0,17.4,22.5,32.0,0.0,0.0,0.0,1.0,0.679,0.0,0.0,0.923,0.111,0.0,Financials,2026-07-03,34.99,-29.29,98
SBSI,,8.6,Tendance baissière (pas un setup),30.47,908249151.0,40.9,-0.027,1.23,-0.07,-4.51,4781461.0,8.4,11.0,67.0,0.0,0.0,0.0,0.835,0.365,0.0,0.705,0.325,0.032,0.505,Financials,2026-07-03,34.9,-12.69,98
RVT,,8.6,Tendance baissière (pas un setup),16.81,1814752379.0,30.8,-0.019,-0.65,-1.64,-5.75,3572391.0,10.4,11.3,27.0,0.6,0.0,0.0,0.89,0.438,0.3,0.446,0.024,0.008,0.652,Financials,2026-07-03,18.47,-8.99,98
BTU,,8.6,Tendance baissière (pas un setup),25.0,3047500000.0,43.8,-0.099,0.6,1.05,-14.85,63629466.0,17.8,31.2,21.0,0.18,0.0,0.0,1.0,0.74,0.09,0.0,0.469,0.357,0.0,Energy,2026-07-03,22.3,12.11,98
HSAI,,8.6,Tendance baissière (pas un setup),15.61,2452989914.0,41.8,-0.019,-2.44,-2.01,-14.7,16121452.0,20.0,21.4,2.0,1.0,0.0,0.0,1.0,0.986,0.5,0.0,0.363,0.048,0.0,Consumer Discretionary,2026-07-03,17.19,-9.19,98
RERE,,8.6,Tendance baissière (pas un setup),3.7,811280485.0,35.8,-0.008,-0.8,0.0,-8.42,1851608.0,21.4,22.9,14.0,1.0,0.0,0.0,1.0,0.914,0.565,0.0,0.356,0.016,0.0,Consumer Discretionary,2026-07-03,3.97,-6.8,98
SMP,gestion_thermique,8.6,Tendance baissière (pas un setup),37.09,828601467.0,44.3,-0.011,0.46,-0.54,-5.41,6016248.0,11.1,13.1,1.0,0.25,0.0,0.0,1.0,0.976,0.125,0.363,0.182,0.016,0.421,Consumer Discretionary,2026-07-03,37.93,-2.21,98
HNRG,,8.6,Tendance baissière (pas un setup),14.5,683578677.0,48.0,0.018,6.23,7.25,-12.23,12495911.0,16.2,23.8,19.0,0.0,0.0,0.0,1.0,0.612,0.228,0.0,0.758,0.056,0.0,Utilities,2026-07-03,16.25,-10.77,98
ECVT,,8.6,Tendance baissière (pas un setup),10.21,1117672344.0,47.7,0.041,-0.97,2.51,-0.39,13816716.0,17.1,22.3,37.0,0.18,0.0,0.0,1.0,0.763,0.174,0.0,0.696,0.111,0.0,Materials,2026-07-03,11.83,-13.69,98
NRIM,,8.6,Tendance baissière (pas un setup),24.65,548333482.0,42.9,0.007,1.44,0.45,-4.72,3857813.0,10.9,14.1,69.0,0.11,0.0,0.0,1.0,0.4,0.055,0.386,0.385,0.103,0.385,Financials,2026-07-03,27.12,-9.11,98
AGNT,,8.6,Tendance baissière (pas un setup),4.01,670142927.0,55.5,0.052,5.94,12.64,8.53,7140732.0,16.2,28.9,31.0,0.0,0.0,0.0,1.0,0.592,0.0,0.0,0.87,0.159,0.0,Real Estate,2026-07-03,5.32,-24.62,98
INR,,8.6,Tendance baissière (pas un setup),13.35,846687144.0,47.3,0.073,-1.55,4.87,-12.29,4564839.0,16.8,25.8,63.0,0.0,0.0,0.0,1.0,0.519,0.0,0.0,0.745,0.286,0.0,Energy,2026-07-03,12.5,6.8,98
COUR,,8.6,Tendance baissière (pas un setup),5.27,1393388000.0,50.6,0.05,3.13,3.74,-0.57,36972050.0,20.6,31.7,20.0,0.0,0.0,0.0,1.0,0.704,0.0,0.0,0.864,0.127,0.0,Consumer Staples,2026-07-03,5.9,-10.68,98
MTRX,,8.6,Tendance baissière (pas un setup),10.63,300743120.0,54.9,0.154,1.43,1.63,-0.47,5538951.0,13.3,23.5,36.0,0.0,0.0,0.0,1.0,0.492,0.0,0.088,0.848,0.159,0.0,Industrials,2026-07-03,12.53,-15.16,98
COLM,,8.6,Tendance baissière (pas un setup),56.76,2905725691.0,45.6,-0.018,0.41,-1.61,1.25,40752012.0,10.8,13.5,2.0,0.22,0.0,0.0,1.0,0.73,0.109,0.404,0.246,0.032,0.42,Consumer Discretionary,2026-07-03,63.32,-10.36,98
PMM,,8.5,Tendance baissière (pas un setup),5.63,274399495.0,42.9,0.019,0.9,0.54,-6.1,1348973.0,10.9,14.7,87.0,0.0,0.0,0.0,1.0,0.081,0.0,0.385,0.43,0.063,0.556,Financials,2026-10-02,5.6,0.54,7
DQ,,8.5,Tendance baissière (pas un setup),10.72,725380989.0,34.5,-0.012,-1.65,-3.86,-11.04,6915245.0,29.6,30.4,18.0,1.0,0.0,0.0,1.0,0.89,0.629,0.0,0.302,0.008,0.0,Information Technology,2026-07-03,12.25,-12.49,98
PROK,,8.5,Tendance baissière (pas un setup),1.66,501855607.0,47.8,-0.015,5.73,-2.92,-10.27,2946338.0,20.6,37.8,37.0,0.0,0.0,0.0,0.678,0.573,0.185,0.0,0.686,0.27,0.0,Health Care,2026-07-03,2.03,-18.23,98
DRVN,,8.5,Tendance baissière (pas un setup),11.77,1941812434.0,41.0,0.01,0.68,1.38,-6.07,13131319.0,21.7,24.1,2.0,0.0,0.0,0.0,1.0,0.986,0.5,0.0,0.349,0.048,0.0,Consumer Discretionary,2026-07-03,14.47,-18.66,98
DSL,,8.5,Tendance baissière (pas un setup),9.9,1009768597.0,38.6,-0.007,1.02,-0.9,-4.87,8496244.0,7.8,9.4,82.0,0.0,0.0,0.0,0.568,0.11,0.0,0.772,0.329,0.032,0.679,Financials,2026-07-03,11.01,-10.08,98
HLLY,,8.5,Tendance baissière (pas un setup),2.44,295811309.0,43.6,0.002,3.39,2.52,-16.15,3599062.0,25.9,31.7,60.0,0.0,0.0,0.0,1.0,0.558,0.5,0.0,0.49,0.056,0.0,Consumer Discretionary,2026-07-03,2.4,1.67,98
DLY,,8.5,Tendance baissière (pas un setup),13.24,634802114.0,43.4,0.017,0.23,-0.45,-3.78,4072369.0,6.0,8.0,78.0,0.0,0.0,0.0,0.336,0.133,0.0,1.0,0.138,0.071,0.802,Financials,2026-07-03,14.1,-6.1,98
PEPG,,8.5,Tendance baissière (pas un setup),2.38,164837650.0,39.8,-0.036,-0.83,7.69,-24.44,2070551.0,33.3,52.9,52.0,0.48,0.0,0.0,0.0,0.565,0.336,0.0,0.406,0.659,0.0,Health Care,2026-07-07,1.89,25.93,94
TNC,,8.5,Tendance baissière (pas un setup),65.94,1124231040.0,39.6,0.177,0.11,-1.14,-7.32,11444014.0,25.8,27.0,3.0,0.74,0.0,0.0,1.0,0.981,0.809,0.0,0.009,0.024,0.068,Industrials,2026-07-03,87.48,-24.62,98
CUBI,,8.5,Tendance baissière (pas un setup),74.6,2520271405.0,38.7,-0.133,0.61,0.77,-4.55,24269705.0,11.6,15.2,49.0,0.0,0.0,0.0,1.0,0.488,0.0,0.301,0.332,0.024,0.614,Financials,2026-07-03,77.71,-4.0,98
AMTM,,8.4,Tendance baissière (pas un setup),18.97,4638286655.0,45.9,0.045,2.49,2.65,-1.76,36001050.0,24.4,29.3,50.0,0.53,0.0,0.0,1.0,0.648,0.266,0.0,0.646,0.071,0.0,Industrials,2026-08-25,20.06,-5.43,45
SA,,8.4,Tendance baissière (pas un setup),27.12,2925467378.0,39.2,-0.317,1.65,-0.48,-16.09,14838382.0,22.8,28.3,40.0,0.85,0.0,0.0,1.0,0.742,0.425,0.0,0.349,0.159,0.0,Materials,2026-07-03,27.62,-1.81,98
SVM,,8.4,Tendance baissière (pas un setup),10.31,2280722959.0,37.6,-0.125,2.69,-3.01,-17.85,20131794.0,24.6,33.7,36.0,0.88,0.0,0.0,0.907,0.786,0.439,0.0,0.329,0.19,0.0,Materials,2026-07-03,10.27,0.39,98
CMP,,8.4,Tendance baissière (pas un setup),23.08,968918572.0,44.4,0.133,2.26,5.82,-9.95,8999127.0,24.5,30.8,36.0,0.57,0.0,0.0,1.0,0.786,0.285,0.0,0.553,0.087,0.0,Materials,2026-07-03,29.95,-22.94,98
EVER,,8.4,Tendance baissière (pas un setup),20.74,730872436.0,46.7,0.156,6.96,3.8,-11.22,19849338.0,23.9,36.2,79.0,0.0,0.0,0.0,0.766,0.307,0.0,0.0,0.688,0.397,0.073,Communication Services,2026-07-03,24.86,-16.57,98
CTNM,,8.4,Tendance baissière (pas un setup),13.18,495846520.0,45.9,0.076,3.53,1.46,-12.95,10332276.0,25.9,39.0,47.0,0.0,0.0,0.0,0.608,0.438,0.318,0.0,0.58,0.206,0.137,Health Care,2026-07-03,15.1,-12.72,98
LBRT,,8.4,Tendance baissière (pas un setup),18.85,3076158192.0,45.7,0.122,-2.89,2.06,-14.55,77987941.0,15.4,21.8,8.0,0.54,0.0,0.0,1.0,0.729,0.274,0.0,0.549,0.119,0.0,Energy,2026-07-03,23.79,-20.77,98
AMR,,8.4,Tendance baissière (pas un setup),174.28,2209703963.0,44.2,-0.653,2.39,2.34,-23.2,55758733.0,28.1,44.9,45.0,0.4,0.0,0.0,0.284,0.709,0.359,0.0,0.537,0.357,0.0,Materials,2026-07-03,160.0,8.93,98
GAB,,8.3,Tendance baissière (pas un setup),5.2,1527849508.0,38.3,-0.006,0.0,0.0,-5.55,6637619.0,8.8,10.0,75.0,0.0,0.0,0.0,0.667,0.152,0.0,0.653,0.344,0.024,0.648,Financials,2026-07-03,5.67,-8.29,98
ALX,,8.3,Tendance baissière (pas un setup),241.48,1233308389.0,31.6,0.139,0.14,-0.96,-6.33,10791969.0,12.8,13.8,3.0,0.0,0.0,0.0,1.0,0.954,0.267,0.148,0.038,0.04,0.494,Real Estate,2026-07-03,275.0,-12.19,98
MIDD,,8.3,Tendance baissière (pas un setup),105.4,4766435585.0,38.6,0.207,0.15,2.64,-0.51,69766043.0,24.1,26.5,40.0,0.0,0.0,0.0,1.0,0.708,0.5,0.0,0.358,0.056,0.032,Industrials,2026-08-31,113.61,-7.23,39
FTF,,8.3,Tendance baissière (pas un setup),5.33,215360643.0,30.6,-0.003,-0.74,-0.37,-6.1,1420660.0,7.7,8.2,94.0,0.0,0.0,0.0,0.371,0.038,0.0,0.787,0.365,0.024,0.743,Financials,2026-07-03,5.81,-8.26,98
USLM,,8.3,Tendance baissière (pas un setup),109.05,3128465985.0,38.6,-0.199,-1.11,-2.07,-5.68,17028572.0,11.3,13.3,20.0,0.24,0.0,0.0,1.0,0.692,0.12,0.333,0.306,0.095,0.239,Materials,2026-07-03,107.5,1.44,98
BRC,,8.3,Tendance baissière (pas un setup),84.41,3958762654.0,40.9,0.39,-0.52,0.32,-3.45,25938066.0,14.9,18.0,1.0,0.0,0.0,0.0,1.0,0.915,0.0,0.0,0.306,0.119,0.502,Industrials,2026-07-03,91.94,-8.19,98
LKFN,,8.3,Tendance baissière (pas un setup),57.45,1428082908.0,38.3,-0.113,0.45,-1.12,-4.6,13116014.0,10.5,12.0,55.0,0.0,0.0,0.0,1.0,0.465,0.176,0.439,0.026,0.016,0.633,Financials,2026-07-03,62.4,-7.93,98
IQ,,8.3,Tendance baissière (pas un setup),1.01,974674982.0,48.4,0.005,-0.49,2.75,8.25,7886180.0,27.3,38.1,5.0,0.35,0.0,0.0,0.659,0.971,0.429,0.0,0.441,0.135,0.0,Communication Services,2026-07-03,1.01,0.0,98
CXM,,8.3,Tendance baissière (pas un setup),5.42,1258368663.0,46.3,0.062,4.43,3.83,1.88,15510014.0,34.5,43.0,45.0,0.63,0.0,0.0,0.391,0.729,0.315,0.0,0.667,0.222,0.0,Information Technology,2026-07-03,5.41,0.18,98
AIN,,8.3,Tendance baissière (pas un setup),59.43,1687812000.0,45.4,0.068,0.08,0.64,-1.9,14968852.0,22.0,29.0,2.0,0.6,0.0,0.0,1.0,0.939,0.302,0.0,0.244,0.095,0.252,Consumer Discretionary,2026-07-03,73.39,-19.02,98
ALGT,,8.3,Tendance baissière (pas un setup),76.42,2089014548.0,44.9,0.281,0.18,1.27,-0.2,39375021.0,29.6,33.6,2.0,0.27,0.0,0.0,0.914,0.836,0.395,0.0,0.492,0.056,0.0,Industrials,2026-07-03,118.67,-35.6,98
FBIN,,8.3,Tendance baissière (pas un setup),39.31,4692492761.0,44.0,0.305,2.05,2.05,-3.46,91268106.0,26.7,31.1,2.0,0.29,0.0,0.0,1.0,0.855,0.254,0.0,0.466,0.159,0.0,Industrials,2026-09-09,42.19,-6.83,30
NX,,8.3,Tendance baissière (pas un setup),18.54,849617896.0,40.2,-0.162,0.82,-3.44,-14.82,8758191.0,20.2,25.0,25.0,0.0,0.0,0.0,1.0,0.766,0.0,0.0,0.313,0.27,0.326,Industrials,2026-07-03,17.08,8.55,98
HLMN,,8.3,Tendance baissière (pas un setup),7.01,1363760443.0,40.7,0.031,1.01,1.01,-3.71,14209752.0,26.8,30.5,1.0,0.0,0.0,0.0,1.0,0.995,0.5,0.0,0.318,0.032,0.0,Industrials,2026-07-03,8.12,-13.67,98
LOVE,,8.2,Tendance baissière (pas un setup),14.59,210437887.0,44.9,0.043,1.89,-2.54,-8.98,4180883.0,24.0,30.9,18.0,0.0,0.0,0.0,1.0,0.842,0.5,0.0,0.18,0.04,0.194,Consumer Discretionary,2026-07-03,17.49,-16.58,98
NCV,,8.2,Tendance baissière (pas un setup),15.15,1369159570.0,36.3,0.007,-0.72,0.87,-6.84,1536660.0,12.0,13.3,77.0,0.0,0.0,0.0,1.0,0.286,0.0,0.251,0.392,0.016,0.598,Financials,2026-07-16,16.65,-9.01,85
RHLD,,8.2,Tendance baissière (pas un setup),116.19,908558743.0,38.4,-0.48,1.03,-1.53,-13.96,14467793.0,21.4,24.3,16.0,0.81,0.0,0.0,1.0,0.905,0.406,0.0,0.323,0.119,0.0,Industrials,2026-07-03,148.34,-21.67,98
PSN,,8.2,Tendance baissière (pas un setup),43.02,4594768050.0,44.4,0.133,2.38,4.9,-7.06,54486798.0,13.8,19.7,51.0,0.65,0.0,0.0,1.0,0.568,0.327,0.028,0.548,0.087,0.0,Information Technology,2026-07-29,62.03,-30.65,72
PLOW,,8.2,Tendance baissière (pas un setup),39.39,909004842.0,41.2,0.116,-0.88,-0.78,-3.29,7674995.0,13.7,15.9,2.0,0.95,0.0,0.0,1.0,0.938,0.764,0.035,0.003,0.008,0.072,Consumer Discretionary,2026-07-03,50.27,-21.64,98
ARDC,,8.2,Tendance baissière (pas un setup),11.38,260772006.0,29.5,-0.015,0.18,-0.87,-6.37,1402608.0,7.9,9.0,94.0,0.02,0.0,0.0,0.495,0.038,0.011,0.761,0.357,0.032,0.657,Financials,2026-07-03,12.77,-10.88,98
PSF,,8.2,Tendance baissière (pas un setup),18.02,885478077.0,30.9,-0.014,0.17,-0.44,-5.36,1244367.0,7.4,8.5,93.0,0.0,0.0,0.0,0.423,0.043,0.0,0.824,0.333,0.024,0.693,Financials,2026-09-29,18.07,-0.28,10
MUC,,8.2,Tendance baissière (pas un setup),9.69,1441508344.0,31.0,-0.001,-0.72,-0.82,-5.79,8141402.0,10.2,11.9,94.0,0.0,0.0,0.0,0.981,0.033,0.0,0.473,0.367,0.016,0.605,Financials,2026-07-03,11.04,-12.23,98
MNSO,,8.2,Tendance baissière (pas un setup),9.07,2806176769.0,43.1,0.101,1.45,-0.66,-1.73,7472217.0,31.0,35.0,2.0,0.36,0.0,0.0,0.836,0.975,0.68,0.0,0.107,0.111,0.0,Consumer Discretionary,2026-07-03,11.72,-22.61,98
BCC,,8.2,Tendance baissière (pas un setup),74.22,2589636071.0,43.1,-0.114,1.78,-0.64,-2.25,27818124.0,15.8,18.3,8.0,0.07,0.0,0.0,1.0,0.716,0.208,0.0,0.108,0.23,0.38,Materials,2026-07-03,75.93,-2.25,98
MZTI,,8.2,Tendance baissière (pas un setup),102.19,2788867290.0,48.1,0.405,1.75,2.51,0.98,46800856.0,14.7,19.1,2.0,0.0,0.0,0.0,1.0,0.937,0.0,0.0,0.747,0.087,0.0,Consumer Staples,2026-07-03,115.79,-11.75,98
CLBT,,8.2,Tendance baissière (pas un setup),11.34,2850207620.0,46.9,0.075,1.02,1.8,-0.79,30195618.0,31.0,41.7,3.0,0.65,0.0,0.0,0.462,0.981,0.323,0.0,0.641,0.119,0.0,Information Technology,2026-07-03,15.65,-27.54,98
AURA,,8.2,Tendance baissière (pas un setup),6.51,674599783.0,48.1,0.059,0.7,7.7,-9.65,6696036.0,22.2,28.9,44.0,0.0,0.0,0.0,1.0,0.738,0.0,0.0,0.795,0.111,0.0,Health Care,2026-07-03,7.74,-15.89,98
MQY,,8.1,Tendance baissière (pas un setup),9.91,1474236088.0,34.4,-0.002,1.23,-0.5,-6.87,13821403.0,12.2,14.3,87.0,0.0,0.0,0.0,1.0,0.076,0.171,0.224,0.342,0.032,0.535,Financials,2026-07-03,11.62,-14.72,98
MIY,,8.1,Tendance baissière (pas un setup),11.27,1676553048.0,29.9,-0.034,0.45,-0.27,-8.63,1002329.0,11.6,13.6,98.0,0.0,0.0,0.0,1.0,0.014,0.0,0.306,0.394,0.04,0.615,Financials,2026-09-29,11.28,-0.09,10
SHOE,,8.1,Tendance baissière (pas un setup),13.06,355020624.0,49.2,0.085,2.35,4.3,2.36,16324140.0,18.3,37.1,2.0,0.0,0.0,0.0,0.718,0.986,0.0,0.0,0.806,0.119,0.0,Consumer Discretionary,2026-07-03,15.09,-13.45,98
CWEN,,8.1,Tendance baissière (pas un setup),29.95,4909215615.0,45.5,0.128,-1.12,2.78,-6.61,38842932.0,13.3,17.3,11.0,0.06,0.0,0.0,1.0,0.846,0.028,0.084,0.628,0.071,0.095,Utilities,2026-07-03,32.76,-8.58,98
MUJ,,8.1,Tendance baissière (pas un setup),11.12,1654238678.0,35.5,-0.007,-0.54,-1.94,-6.91,1967897.0,10.2,11.1,91.0,0.0,0.0,0.0,0.849,0.052,0.0,0.474,0.343,0.016,0.66,Financials,2026-07-03,12.35,-9.96,98
MUA,,8.1,Tendance baissière (pas un setup),9.23,1373077607.0,30.7,-0.017,0.33,-2.94,-5.66,4679656.0,9.9,10.9,89.0,0.0,0.0,0.0,0.814,0.067,0.5,0.512,0.0,0.016,0.484,Financials,2026-07-03,11.0,-16.09,98
TBLA,,8.1,Tendance baissière (pas un setup),3.51,884926297.0,47.2,0.015,6.69,5.72,-5.39,7208243.0,35.0,41.1,52.0,0.72,0.0,0.0,0.494,0.643,0.358,0.0,0.727,0.095,0.0,Communication Services,2026-07-03,5.14,-31.71,98
BMM,,8.1,Tendance baissière (pas un setup),4.82,505439665.0,41.0,-0.026,-2.23,-0.41,-16.75,2243005.0,28.5,33.2,6.0,0.0,0.0,0.0,0.931,0.967,0.5,0.0,0.34,0.016,0.0,Materials,2026-09-01,6.06,-20.46,38
RFI,,8.1,Tendance baissière (pas un setup),10.3,506127868.0,30.0,-0.015,0.0,-1.44,-6.96,1050438.0,11.1,11.5,85.0,0.14,0.0,0.0,0.922,0.107,0.069,0.362,0.328,0.016,0.62,Financials,2026-07-03,11.48,-10.28,98
WLDN,gestion_thermique,8.1,Tendance baissière (pas un setup),74.71,1137989519.0,37.3,-0.378,1.76,1.4,-9.32,14265318.0,16.4,23.8,37.0,0.79,0.0,0.0,1.0,0.739,0.395,0.0,0.38,0.111,0.0,Industrials,2026-07-03,76.3,-2.08,98
LCTX,,8.1,Tendance baissière (pas un setup),1.03,260494688.0,53.2,0.005,8.42,14.44,0.0,1644314.0,13.4,26.1,74.0,0.0,0.0,0.0,1.0,0.157,0.062,0.069,0.887,0.103,0.0,Health Care,2026-07-03,1.35,-23.7,98
BRCB,,8.0,Tendance baissière (pas un setup),7.16,358520382.0,41.5,0.036,-0.56,2.43,-19.28,2244451.0,26.9,31.5,19.0,0.51,0.0,0.0,1.0,0.886,0.256,0.0,0.401,0.135,0.0,Consumer Discretionary,2026-07-03,8.37,-14.46,98
ADV,,8.0,Tendance baissière (pas un setup),30.58,392103793.0,48.7,-0.125,5.52,12.3,-2.18,1870962.0,30.5,49.8,56.0,1.0,0.0,0.0,0.009,0.53,0.5,0.0,0.834,0.103,0.0,Communication Services,2026-07-03,38.86,-21.31,98
FHB,,8.0,Tendance baissière (pas un setup),24.96,3037166546.0,42.6,0.036,1.3,0.24,-2.54,59594545.0,11.5,13.9,24.0,0.0,0.0,0.0,1.0,0.611,0.0,0.317,0.341,0.024,0.413,Financials,2026-07-03,29.97,-16.72,98
BDN,,8.0,Tendance baissière (pas un setup),2.74,478340698.0,42.5,-0.002,1.86,1.49,-5.32,5020283.0,14.8,17.8,61.0,0.42,0.0,0.0,1.0,0.595,0.208,0.0,0.414,0.048,0.293,Real Estate,2026-07-03,3.24,-15.43,98
PRVA,,8.0,Tendance baissière (pas un setup),20.19,2578953639.0,46.7,0.165,-0.54,0.8,-1.13,26795132.0,17.5,22.7,9.0,0.09,0.0,0.0,1.0,0.798,0.423,0.0,0.332,0.087,0.002,Health Care,2026-07-03,27.36,-26.21,98
TMCI,,8.0,Tendance baissière (pas un setup),3.88,252008889.0,32.7,-0.073,-0.39,-10.51,-14.46,1048063.0,25.5,27.3,38.0,0.97,0.0,0.0,1.0,0.678,0.483,0.0,0.0,0.341,0.0,Health Care,2026-07-03,4.21,-7.84,98
NXP,,8.0,Tendance baissière (pas un setup),13.02,609324451.0,36.0,0.005,-0.84,-2.25,-6.09,4926253.0,9.1,10.1,88.0,0.0,0.0,0.0,0.691,0.071,0.0,0.613,0.307,0.008,0.671,Financials,2026-07-03,14.41,-9.65,98
SKYH,,8.0,Tendance baissière (pas un setup),9.54,778745506.0,38.5,-0.024,0.21,0.74,-7.47,1844307.0,18.4,22.2,39.0,0.08,0.0,0.0,1.0,0.659,0.042,0.0,0.377,0.127,0.386,Real Estate,2026-07-03,9.97,-4.31,98
GBDC,,8.0,Tendance baissière (pas un setup),12.21,3170345902.0,40.5,-0.04,1.75,-3.48,-2.31,20204459.0,6.9,9.2,49.0,0.0,0.0,0.0,0.529,0.446,0.0,0.889,0.0,0.024,0.747,Financials,2026-07-03,12.99,-6.0,98
ACEL,,8.0,Tendance baissière (pas un setup),11.1,901247573.0,45.3,0.032,1.46,4.82,-5.05,4294953.0,13.6,17.6,52.0,0.0,0.0,0.0,1.0,0.468,0.0,0.048,0.607,0.063,0.31,Consumer Discretionary,2026-07-03,12.77,-13.08,98
JBGS,,7.9,Tendance baissière (pas un setup),11.02,822295297.0,49.3,0.108,1.94,6.27,-1.52,13126856.0,22.5,30.1,74.0,0.0,0.0,0.0,1.0,0.426,0.0,0.0,0.856,0.103,0.0,Real Estate,2026-07-03,15.47,-28.77,98
RQI,,7.9,Tendance baissière (pas un setup),11.12,1493420537.0,41.2,0.015,1.46,2.49,-6.4,8435235.0,11.9,14.4,69.0,0.0,0.0,0.0,1.0,0.186,0.0,0.262,0.408,0.056,0.486,Financials,2026-07-03,12.5,-11.04,98
QS,new_tech,7.9,Tendance baissière (pas un setup),4.58,2835539862.0,34.8,0.003,1.33,-0.22,-12.26,59993037.0,29.9,32.6,27.0,1.0,0.0,0.0,0.966,0.774,0.5,0.0,0.344,0.016,0.0,Consumer Discretionary,2026-07-03,7.07,-35.22,98
BCSF,,7.9,Tendance baissière (pas un setup),10.78,699282505.0,35.9,-0.015,1.03,-2.8,-3.03,6236463.0,15.3,17.3,13.0,0.0,0.0,0.0,1.0,0.78,0.5,0.0,0.0,0.024,0.374,Financials,2026-07-03,12.64,-14.72,98
RR,ia|robotique,7.9,Tendance baissière (pas un setup),1.6,360163109.0,45.0,-0.001,-3.03,-8.57,-4.19,7012436.0,19.6,30.2,2.0,0.88,0.0,0.0,1.0,0.929,0.504,0.0,0.197,0.079,0.0,Industrials,2026-07-03,1.96,-18.37,98
CSW,,7.9,Tendance baissière (pas un setup),286.62,4670039244.0,40.6,0.254,-0.03,-1.97,-3.29,38812326.0,19.4,21.3,4.0,0.49,0.0,0.0,1.0,0.782,0.247,0.0,0.0,0.238,0.354,Industrials,2026-07-03,276.12,3.8,98
SERV,ia|robotique,7.9,Tendance baissière (pas un setup),4.45,385848406.0,44.2,0.034,-4.51,-6.32,-4.4,12880153.0,24.3,29.1,6.0,0.95,0.0,0.0,1.0,0.88,0.619,0.0,0.141,0.048,0.0,Industrials,2026-07-03,6.31,-29.48,98
FELE,,7.9,Tendance baissière (pas un setup),96.87,4282764518.0,43.9,0.403,-0.74,0.41,-1.41,34111947.0,12.7,14.6,1.0,0.0,0.0,0.0,1.0,0.826,0.173,0.167,0.133,0.024,0.462,Industrials,2026-07-03,105.14,-7.87,98
CNDT,,7.9,Tendance baissière (pas un setup),1.57,244167656.0,44.5,-0.004,-1.87,-4.27,-1.26,1839128.0,21.9,28.9,2.0,0.0,0.0,0.0,1.0,0.949,0.271,0.0,0.183,0.27,0.0,Information Technology,2026-07-03,1.51,3.97,98
FBK,,7.8,Tendance baissière (pas un setup),52.91,2644343282.0,42.0,0.191,1.24,1.57,-3.25,35626449.0,15.6,18.8,29.0,0.0,0.0,0.0,1.0,0.721,0.0,0.0,0.345,0.063,0.482,Financials,2026-07-03,55.9,-5.35,98
FBYD,,7.8,Tendance baissière (pas un setup),8.81,1068293975.0,56.7,0.271,1.97,3.4,19.7,1036712.0,23.4,47.7,39.0,0.0,0.0,0.0,0.13,0.67,0.5,0.0,0.531,0.214,0.0,Industrials,2026-07-03,19.23,-54.19,98
NCZ,,7.8,Tendance baissière (pas un setup),14.02,1067142801.0,36.2,-0.024,0.0,0.94,-8.18,1003495.0,12.6,14.6,87.0,0.0,0.0,0.0,1.0,0.081,0.062,0.174,0.374,0.032,0.58,Financials,2026-07-20,15.04,-6.78,81
MWA,,7.8,Tendance baissière (pas un setup),21.56,3366069639.0,36.5,0.092,0.79,0.28,-10.13,36459754.0,25.3,27.5,56.0,0.0,0.0,0.0,1.0,0.65,0.5,0.0,0.347,0.024,0.0,Industrials,2026-07-03,24.97,-13.66,98
ALTO,,7.8,Tendance baissière (pas un setup),3.73,289327014.0,41.4,0.016,2.19,1.36,-7.21,4256796.0,31.2,34.9,15.0,1.0,0.0,0.0,0.841,0.91,0.5,0.0,0.311,0.048,0.0,Materials,2026-07-03,5.56,-32.91,98
DORM,,7.8,Tendance baissière (pas un setup),121.67,3610632442.0,40.4,0.346,-0.98,-0.99,-3.89,29428092.0,21.7,23.9,1.0,0.49,0.0,0.0,1.0,0.845,0.493,0.0,0.048,0.119,0.14,Consumer Discretionary,2026-07-03,137.65,-11.61,98
TDUP,,7.8,Tendance baissière (pas un setup),2.35,308634078.0,41.7,0.061,5.86,10.33,-12.96,4984696.0,63.5,67.6,53.0,0.71,0.0,0.0,0.0,0.681,0.854,0.0,0.392,0.095,0.0,Consumer Discretionary,2026-07-03,7.03,-66.57,98
OEC,,7.8,Tendance baissière (pas un setup),5.82,328962108.0,46.8,0.014,1.75,3.19,0.87,2583686.0,29.4,35.0,2.0,0.25,0.0,0.0,0.836,0.956,0.171,0.0,0.604,0.063,0.0,Materials,2026-07-03,5.74,1.39,98
NRXP,,7.8,Tendance baissière (pas un setup),2.89,125124767.0,35.5,-0.009,-0.34,1.4,-14.24,2183682.0,30.4,32.9,53.0,0.83,0.0,0.0,0.95,0.681,0.417,0.0,0.384,0.079,0.0,Health Care,2026-07-03,3.87,-25.32,98
GBAB,,7.8,Tendance baissière (pas un setup),12.48,279513374.0,31.6,-0.002,0.73,0.32,-7.23,2277782.0,11.0,12.2,94.0,0.0,0.0,0.0,1.0,0.061,0.0,0.38,0.363,0.032,0.517,Financials,2026-07-03,14.33,-12.91,98
LXU,,7.7,Tendance baissière (pas un setup),10.13,729334716.0,44.2,-0.002,-0.69,3.79,-13.42,8280219.0,15.7,22.0,67.0,0.35,0.0,0.0,1.0,0.569,0.176,0.0,0.541,0.135,0.0,Materials,2026-07-03,10.64,-4.79,98
DIN,,7.7,Tendance baissière (pas un setup),29.47,373065151.0,48.3,0.345,1.76,3.73,1.85,18692040.0,20.3,28.2,25.0,0.0,0.0,0.0,1.0,0.566,0.022,0.0,0.435,0.214,0.191,Consumer Discretionary,2026-07-03,36.5,-19.26,98
WDFC,,7.7,Tendance baissière (pas un setup),203.9,2736561474.0,50.3,1.73,1.19,0.78,2.03,25631619.0,14.5,21.2,22.0,0.0,0.0,0.0,1.0,0.791,0.127,0.0,0.5,0.143,0.0,Materials,2026-07-03,245.83,-17.06,98
BANC,,7.7,Tendance baissière (pas un setup),17.35,2740441678.0,38.8,-0.014,1.05,-0.8,-5.09,48879464.0,12.6,15.2,67.0,0.5,0.0,0.0,1.0,0.358,0.25,0.176,0.302,0.024,0.321,Financials,2026-07-03,20.3,-14.53,98
CPRI,,7.7,Tendance baissière (pas un setup),14.68,1668405752.0,52.3,0.007,1.66,1.38,15.5,81647586.0,13.4,26.9,2.0,0.0,0.0,0.0,1.0,0.61,0.0,0.07,0.545,0.222,0.0,Consumer Discretionary,2026-07-03,18.96,-22.57,98
LE,,7.7,Tendance baissière (pas un setup),10.39,306963760.0,44.0,0.084,-2.26,-0.95,-1.98,1820428.0,23.0,25.8,2.0,0.53,0.0,0.0,1.0,0.875,0.291,0.0,0.428,0.048,0.0,Consumer Discretionary,2026-07-03,10.88,-4.5,98
IIIV,,7.7,Tendance baissière (pas un setup),15.46,406938259.0,51.6,0.197,2.86,6.92,1.64,9374313.0,31.3,39.4,39.0,0.0,0.0,0.0,0.589,0.671,0.0,0.0,0.881,0.143,0.0,Information Technology,2026-07-03,21.69,-28.72,98
SEDG,equipement_electrique,7.7,Tendance baissière (pas un setup),32.47,1997741038.0,45.3,0.121,-2.08,5.18,-7.78,94723333.0,34.6,40.6,12.0,0.63,0.0,0.0,0.525,0.865,0.313,0.0,0.521,0.143,0.0,Information Technology,2026-07-03,52.38,-38.01,98
WEN,,7.7,Tendance baissière (pas un setup),6.22,1185966965.0,33.8,-0.011,1.8,-0.48,-17.51,38738656.0,31.4,34.5,62.0,0.98,0.0,0.0,0.863,0.629,0.491,0.0,0.403,0.04,0.0,Consumer Discretionary,2026-07-03,8.6,-27.67,98
MATW,,7.7,Tendance baissière (pas un setup),19.31,602726371.0,40.0,0.147,-1.38,3.93,-5.44,25279744.0,32.0,34.7,35.0,0.0,0.0,0.0,0.851,0.79,0.5,0.0,0.339,0.04,0.0,Industrials,2026-07-03,26.69,-27.65,98
VMO,,7.7,Tendance baissière (pas un setup),8.55,576617857.0,37.8,-0.004,1.91,1.42,-8.52,4399170.0,12.8,17.2,97.0,0.0,0.0,0.0,1.0,0.019,0.0,0.151,0.413,0.063,0.574,Financials,2026-07-03,9.9,-13.64,98
BYRN,defense,7.7,Tendance baissière (pas un setup),4.73,110704486.0,74.4,0.124,16.79,35.92,31.75,1812452.0,8.5,36.9,44.0,0.85,0.95,0.0,0.725,0.333,0.923,0.686,0.613,0.484,0.0,Industrials,2026-07-03,6.97,-32.14,98
SON,,7.7,Tendance baissière (pas un setup),48.4,4785550145.0,37.0,0.103,1.38,-0.21,0.02,53883144.0,19.0,21.2,9.0,0.29,0.0,0.0,1.0,0.907,0.379,0.0,0.039,0.032,0.351,Consumer Discretionary,2026-09-08,51.95,-6.83,31
BAFN,,7.6,Tendance baissière (pas un setup),6.72,181190117.0,42.0,-0.148,-6.93,-8.57,-10.16,1592275.0,29.3,36.7,96.0,0.0,0.0,0.0,0.737,0.024,0.5,0.0,0.041,0.524,0.0,Financials,2026-09-21,9.24,-27.27,18
KYIV,,7.6,Tendance baissière (pas un setup),12.2,2828736213.0,34.1,-0.053,-2.48,-1.69,-11.08,4448797.0,15.0,15.5,40.0,0.57,0.0,0.0,1.0,0.605,0.406,0.0,0.326,0.008,0.124,Communication Services,2026-07-03,15.68,-22.19,98
CC,,7.6,Tendance baissière (pas un setup),13.83,2081401101.0,39.7,0.031,-1.07,2.6,-8.05,27914830.0,22.6,26.5,10.0,0.65,0.0,0.0,1.0,0.943,0.324,0.0,0.361,0.032,0.0,Materials,2026-07-03,19.01,-27.25,98
RNP,,7.6,Tendance baissière (pas un setup),18.15,891866098.0,26.1,-0.065,0.06,-2.0,-8.52,2658139.0,11.3,12.0,96.0,0.0,0.0,0.0,1.0,0.024,0.0,0.333,0.339,0.024,0.565,Financials,2026-07-03,20.65,-12.11,98
CRTO,,7.6,Tendance baissière (pas un setup),15.29,749172677.0,36.6,-0.048,2.62,0.39,-12.33,4538939.0,32.3,36.7,56.0,1.0,0.0,0.0,0.736,0.662,0.5,0.0,0.415,0.04,0.0,Communication Services,2026-07-03,19.08,-19.86,98
KTF,,7.6,Tendance baissière (pas un setup),8.0,316007504.0,28.8,-0.004,-0.12,-1.23,-5.53,3000972.0,10.1,10.7,94.0,0.0,0.0,0.0,0.785,0.033,0.0,0.481,0.339,0.016,0.598,Financials,2026-07-17,9.18,-12.85,84
USAS,,7.6,Tendance baissière (pas un setup),4.24,1433788283.0,38.3,-0.053,1.68,-3.64,-20.45,16855389.0,27.9,37.6,30.0,0.77,0.0,0.0,0.69,0.747,0.5,0.0,0.321,0.103,0.0,Materials,2026-07-03,4.89,-13.29,98
SSP,,7.6,Tendance baissière (pas un setup),2.89,267813384.0,47.5,0.011,1.76,9.47,-7.96,2034955.0,24.9,34.8,51.0,0.04,0.0,0.0,0.844,0.613,0.019,0.0,0.77,0.119,0.0,Communication Services,2026-07-03,3.12,-7.37,98
LIF,,7.6,Tendance baissière (pas un setup),41.88,3412397854.0,47.6,0.444,1.55,3.92,-0.5,25676993.0,36.1,40.0,2.0,0.73,0.0,0.0,0.553,0.986,0.366,0.0,0.376,0.159,0.0,Information Technology,2026-07-03,57.71,-27.43,98
NPB,,7.6,Tendance baissière (pas un setup),15.69,542589101.0,44.6,0.065,0.84,5.66,-7.92,4496000.0,13.0,21.2,94.0,0.0,0.0,0.0,1.0,0.039,0.0,0.131,0.588,0.095,0.324,Financials,2026-07-03,18.95,-17.2,98
KD,,7.6,Tendance baissière (pas un setup),11.88,2587680964.0,46.8,0.003,3.76,-1.98,-8.69,52649857.0,19.2,25.5,74.0,0.14,0.0,0.0,1.0,0.427,0.069,0.0,0.656,0.151,0.0,Information Technology,2026-07-03,12.25,-3.02,98
DMRC,,7.6,Tendance baissière (pas un setup),6.25,169052819.0,56.7,0.196,-5.45,-7.54,22.31,1053169.0,23.4,46.7,49.0,0.0,0.0,0.0,0.184,0.421,0.5,0.0,0.526,0.254,0.0,Information Technology,2026-07-03,7.83,-20.18,98
BV,,7.6,Tendance baissière (pas un setup),10.46,968596000.0,45.3,0.069,0.58,2.95,-7.52,10973686.0,23.5,28.3,55.0,0.32,0.0,0.0,1.0,0.567,0.162,0.0,0.586,0.095,0.0,Industrials,2026-07-03,14.4,-27.36,98
AAUC,,7.6,Tendance baissière (pas un setup),19.63,2735399140.0,36.7,-0.226,0.26,-3.25,-14.62,10180810.0,19.7,29.8,69.0,1.0,0.0,0.0,1.0,0.492,0.5,0.0,0.324,0.056,0.0,Materials,2026-07-03,24.6,-20.2,98
CERS,,7.6,Tendance baissière (pas un setup),2.28,459476767.0,35.1,-0.021,-0.44,-1.72,-9.16,4849823.0,26.0,33.1,45.0,0.62,0.0,0.0,0.938,0.625,0.373,0.0,0.32,0.151,0.0,Health Care,2026-07-03,3.16,-27.85,98
EFSC,,7.6,Tendance baissière (pas un setup),59.33,2147302212.0,37.0,-0.028,1.0,-0.29,-6.0,19217273.0,12.2,14.7,77.0,0.0,0.0,0.0,1.0,0.289,0.0,0.221,0.32,0.024,0.56,Financials,2026-07-03,65.8,-9.83,98
DUOT,ia,7.6,Tendance baissière (pas un setup),7.8,245485492.0,35.3,-0.053,-8.88,-12.36,-11.36,5355036.0,39.2,41.1,14.0,1.0,0.0,0.0,0.496,0.879,1.0,0.0,0.0,0.008,0.0,Information Technology,2026-07-03,10.23,-23.75,98
VMET,,7.6,Tendance baissière (pas un setup),8.58,933757170.0,37.2,-0.041,0.82,0.35,-17.02,2335017.0,23.7,26.5,23.0,0.71,0.0,0.0,1.0,0.845,0.355,0.0,0.362,0.032,0.0,Materials,2026-10-05,8.51,0.82,4
FSTR,,7.6,Tendance baissière (pas un setup),35.42,372610005.0,34.2,-0.115,-0.28,-2.59,-6.47,1831861.0,17.7,19.2,25.0,0.83,0.0,0.0,1.0,0.721,0.413,0.0,0.0,0.143,0.244,Industrials,2026-07-03,42.76,-17.17,98
UMBFO,,7.5,Tendance baissière (pas un setup),25.2,1913940756.0,42.0,-0.004,-0.2,-2.85,-1.04,1155410.0,4.9,5.1,31.0,0.0,0.0,0.0,0.0,0.439,0.0,1.0,0.013,0.016,0.838,Financials,2026-10-01,25.21,-0.04,8
PFLT,,7.5,Tendance baissière (pas un setup),6.68,662775545.0,32.7,-0.033,0.3,-4.16,-5.47,5346367.0,10.6,11.9,35.0,0.73,0.0,0.0,0.982,0.64,0.365,0.431,0.011,0.016,0.201,Financials,2026-07-03,7.48,-10.7,98
OIS,,7.5,Tendance baissière (pas un setup),8.2,494645476.0,45.7,-0.001,1.36,0.12,-6.39,5893250.0,11.2,21.0,1.0,0.0,0.0,0.0,1.0,0.942,0.115,0.355,0.283,0.079,0.0,Energy,2026-07-03,7.72,6.22,98
ILPT,,7.5,Tendance baissière (pas un setup),7.19,479902884.0,34.0,0.011,0.42,3.16,-8.87,2482592.0,22.7,26.6,63.0,0.4,0.0,0.0,1.0,0.438,0.198,0.0,0.388,0.111,0.208,Real Estate,2026-07-03,8.95,-19.66,98
CYH,,7.5,Tendance baissière (pas un setup),2.73,384955545.0,38.6,-0.018,0.37,-0.73,-7.46,3339804.0,11.4,12.7,47.0,0.81,0.0,0.0,1.0,0.319,0.406,0.33,0.306,0.024,0.0,Health Care,2026-07-03,3.9,-30.0,98
COOK,,7.5,Tendance baissière (pas un setup),51.43,143912660.0,51.0,0.877,-0.56,-1.66,1.2,3184760.0,26.0,38.4,7.0,0.0,0.0,0.0,0.643,0.727,0.0,0.0,0.518,0.365,0.0,Consumer Discretionary,2026-07-03,73.83,-30.34,98
OGS,,7.5,Tendance baissière (pas un setup),72.36,4548279697.0,34.4,0.133,-0.4,0.91,-8.54,49712901.0,12.2,14.6,78.0,0.0,0.0,0.0,1.0,0.479,0.0,0.23,0.391,0.024,0.368,Utilities,2026-07-03,77.32,-6.41,98
UA,,7.5,Tendance baissière (pas un setup),4.74,2036045864.0,49.5,0.068,0.85,4.64,-1.25,13324838.0,30.4,38.9,42.0,0.07,0.0,0.0,0.616,0.613,0.034,0.0,0.858,0.111,0.0,Consumer Discretionary,2026-07-03,6.48,-26.85,98
HMN,,7.5,Tendance baissière (pas un setup),45.9,1858998379.0,40.3,0.056,1.82,2.14,-6.48,17805863.0,16.4,19.4,83.0,0.0,0.0,0.0,1.0,0.45,0.0,0.0,0.403,0.087,0.441,Financials,2026-07-03,53.85,-14.76,98
SLRC,,7.5,Tendance baissière (pas un setup),11.5,627378291.0,35.5,-0.019,0.61,-1.46,-4.94,4572041.0,10.6,12.7,63.0,0.26,0.0,0.0,1.0,0.505,0.132,0.421,0.335,0.032,0.129,Financials,2026-07-03,12.36,-6.96,98
HQL,,7.5,Tendance baissière (pas un setup),17.43,447596055.0,24.2,-0.159,-0.74,-4.07,-14.31,2465676.0,20.9,22.6,84.0,0.6,0.0,0.0,1.0,0.095,0.302,0.0,0.329,0.103,0.303,Financials,2026-07-03,20.12,-13.37,98
PTA,,7.5,Tendance baissière (pas un setup),17.05,942412442.0,34.6,-0.024,-0.29,-2.79,-5.44,5434622.0,10.1,10.8,92.0,0.0,0.0,0.0,0.797,0.048,0.0,0.484,0.309,0.024,0.577,Financials,2026-07-03,19.32,-11.75,98
TNL,,7.5,Tendance baissière (pas un setup),62.61,3831996966.0,39.2,0.261,-0.46,-0.56,-2.33,47398152.0,20.5,22.6,2.0,0.28,0.0,0.0,1.0,0.807,0.141,0.0,0.326,0.024,0.311,Consumer Discretionary,2026-07-03,76.59,-18.25,98
IIPR,,7.5,Tendance baissière (pas un setup),51.92,1431504440.0,42.0,-0.129,1.35,1.8,-5.57,24458388.0,12.6,16.8,47.0,0.0,0.0,0.0,1.0,0.456,0.0,0.175,0.372,0.048,0.409,Real Estate,2026-07-03,63.36,-18.06,98
HCSG,,7.5,Tendance baissière (pas un setup),20.66,1417941293.0,38.1,0.01,-0.63,0.39,-6.22,16233284.0,13.6,15.6,12.0,0.17,0.0,0.0,1.0,0.811,0.087,0.051,0.317,0.016,0.341,Health Care,2026-07-03,25.15,-17.85,98
BKTI,,7.5,Tendance baissière (pas un setup),73.35,276484683.0,44.3,0.194,-2.56,-2.2,0.66,3286865.0,10.4,14.4,20.0,0.0,0.0,0.0,1.0,0.822,0.252,0.448,0.144,0.063,0.005,Information Technology,2026-07-03,84.65,-13.35,98
DCH,,7.4,Tendance baissière (pas un setup),5.69,1351970185.0,46.1,0.034,-1.73,4.79,-15.33,25212184.0,24.6,33.1,60.0,0.0,0.0,0.0,0.938,0.487,0.0,0.0,0.659,0.183,0.0,Consumer Discretionary,2026-07-03,5.13,10.92,98
HUCK,,7.4,Tendance baissière (pas un setup),3.09,145341737.0,23.2,-0.042,-0.64,-4.78,-18.25,4276486.0,23.9,25.5,60.0,1.0,0.0,0.0,1.0,0.256,0.5,0.0,0.331,0.095,0.0,Information Technology,2026-09-25,3.39,-8.85,14
FOR,,7.4,Tendance baissière (pas un setup),25.91,1321866716.0,42.7,0.033,0.9,-0.46,-3.72,5134185.0,13.4,15.8,10.0,0.0,0.0,0.0,1.0,0.693,0.0,0.075,0.384,0.032,0.361,Real Estate,2026-07-03,30.8,-15.88,98
HOV,,7.4,Tendance baissière (pas un setup),110.0,655587900.0,40.7,0.102,-1.13,-4.36,-5.45,12105836.0,22.0,24.6,3.0,0.85,0.0,0.0,1.0,0.972,0.427,0.0,0.032,0.079,0.136,Consumer Discretionary,2026-07-03,134.53,-18.23,98
MAMA,,7.4,Tendance baissière (pas un setup),13.4,631776085.0,43.5,0.111,4.2,4.61,-12.04,11409998.0,30.7,34.9,40.0,0.0,0.0,0.0,0.84,0.757,0.254,0.0,0.478,0.087,0.0,Consumer Staples,2026-07-03,18.68,-28.27,98
FHI,,7.4,Tendance baissière (pas un setup),55.95,4177242722.0,34.6,0.003,0.18,-0.37,-8.55,43067673.0,16.2,17.3,21.0,0.0,0.0,0.0,1.0,0.774,0.0,0.0,0.324,0.016,0.459,Financials,2026-07-03,56.6,-1.15,98
ANGX,,7.4,Tendance baissière (pas un setup),4.07,760098218.0,36.1,-0.114,-1.21,-3.78,-17.44,10401967.0,29.2,36.5,72.0,0.0,0.0,0.0,0.749,0.52,0.0,0.0,0.343,0.508,0.0,Communication Services,2026-07-03,3.54,14.97,98
JMIA,,7.4,Tendance baissière (pas un setup),6.48,865895450.0,39.1,-0.053,-3.86,-6.76,-13.83,8828770.0,14.7,25.1,18.0,0.99,0.0,0.0,1.0,0.781,0.501,0.0,0.035,0.167,0.0,Consumer Discretionary,2026-07-03,7.05,-8.09,98
RNST,,7.4,Tendance baissière (pas un setup),39.29,3591281430.0,41.4,-0.007,1.05,0.03,-2.25,32099507.0,11.3,14.0,43.0,0.0,0.0,0.0,1.0,0.547,0.0,0.342,0.041,0.024,0.624,Financials,2026-07-03,42.98,-8.59,98
DMC,,7.4,Tendance baissière (pas un setup),29.6,1395528053.0,38.8,-0.146,-0.1,0.14,-9.95,13790017.0,10.5,13.1,40.0,0.0,0.0,0.0,1.0,0.544,0.0,0.442,0.335,0.183,0.0,Consumer Staples,2026-07-03,28.22,4.89,98
LMRI,,7.4,Tendance baissière (pas un setup),10.33,992454502.0,41.9,0.031,-2.46,2.28,-8.42,4797866.0,20.5,24.4,43.0,0.11,0.0,0.0,1.0,0.662,0.053,0.0,0.345,0.31,0.0,Health Care,2026-07-21,11.1,-6.94,80
UAA,,7.4,Tendance baissière (pas un setup),4.88,2096182240.0,50.6,0.076,1.24,5.17,-0.41,52479303.0,30.1,39.5,48.0,0.0,0.0,0.0,0.581,0.571,0.0,0.0,0.89,0.111,0.0,Consumer Discretionary,2026-07-03,6.63,-26.4,98
LYTS,,7.4,Tendance baissière (pas un setup),20.44,761621708.0,43.8,0.085,-2.15,-2.39,4.29,7888244.0,19.4,24.7,5.0,0.19,0.0,0.0,1.0,0.964,0.268,0.0,0.112,0.119,0.163,Information Technology,2026-07-03,25.59,-20.13,98
TYG,,7.4,Tendance baissière (pas un setup),38.96,464711101.0,38.9,-0.084,1.17,3.23,-9.22,6959645.0,11.8,15.3,98.0,0.0,0.0,0.0,1.0,0.014,0.0,0.271,0.442,0.071,0.38,Financials,2026-07-03,42.78,-8.93,98
SPB,,7.3,Tendance baissière (pas un setup),77.58,1783998338.0,31.9,-0.687,0.82,-2.35,-9.42,25830473.0,21.3,23.8,98.0,0.49,0.0,0.0,1.0,0.246,0.243,0.0,0.361,0.048,0.291,Consumer Staples,2026-07-03,84.99,-8.72,98
SBRA,,7.3,Tendance baissière (pas un setup),18.84,4812918323.0,27.9,-0.096,0.53,-1.88,-9.38,50800987.0,13.0,14.2,52.0,0.35,0.0,0.0,1.0,0.59,0.173,0.121,0.047,0.071,0.466,Real Estate,2026-07-07,19.73,-4.51,94
ENVA,,7.3,Tendance baissière (pas un setup),182.59,4546193561.0,42.4,3.5,-0.83,6.47,-18.5,80123628.0,31.7,38.4,79.0,0.0,0.0,0.0,0.645,0.529,0.0,0.0,0.515,0.381,0.0,Financials,2026-09-15,226.72,-19.46,24
ANIP,,7.3,Tendance baissière (pas un setup),71.98,1652623946.0,43.5,-0.162,0.07,-1.34,1.81,32363287.0,13.5,16.4,61.0,0.0,0.0,0.0,1.0,0.413,0.5,0.063,0.132,0.063,0.14,Health Care,2026-07-03,86.03,-16.33,98
BKU,,7.3,Tendance baissière (pas un setup),42.61,3035206130.0,37.0,0.003,0.83,-0.26,-5.73,47426193.0,12.0,14.6,66.0,0.0,0.0,0.0,1.0,0.434,0.0,0.255,0.307,0.016,0.43,Financials,2026-07-03,48.57,-12.27,98
ASM,,7.3,Tendance baissière (pas un setup),5.46,927409780.0,36.1,-0.035,2.63,-0.91,-25.82,18007742.0,30.9,34.4,33.0,0.83,0.0,0.0,0.865,0.8,0.417,0.0,0.36,0.016,0.0,Materials,2026-07-03,6.57,-16.89,98
PPTA,,7.3,Tendance baissière (pas un setup),20.11,2515676598.0,34.1,-0.297,0.6,-3.92,-18.78,21177669.0,27.0,36.0,29.0,0.66,0.0,0.0,0.776,0.704,0.331,0.0,0.338,0.159,0.0,Materials,2026-07-03,21.33,-5.72,98
AVA,,7.3,Tendance baissière (pas un setup),35.48,2971550408.0,39.6,0.093,0.71,1.17,-5.13,27218301.0,13.6,16.1,61.0,0.0,0.0,0.0,1.0,0.447,0.0,0.045,0.367,0.056,0.446,Utilities,2026-07-03,41.4,-14.3,98
MMT,,7.3,Tendance baissière (pas un setup),4.18,248911915.0,38.7,-0.008,-1.42,-2.56,-5.41,1364581.0,6.0,6.3,54.0,0.16,0.0,0.0,0.045,0.276,0.078,0.994,0.022,0.008,0.748,Financials,2026-07-03,4.4,-5.0,98
IQI,,7.3,Tendance baissière (pas un setup),8.85,468021603.0,38.0,-0.017,1.96,0.8,-9.48,2923776.0,13.0,16.8,98.0,0.0,0.0,0.0,1.0,0.01,0.0,0.123,0.39,0.056,0.559,Financials,2026-07-03,10.2,-13.24,98
BCO,,7.3,Tendance baissière (pas un setup),102.36,4216170936.0,41.1,-0.086,0.28,2.39,-5.39,47938890.0,16.4,20.2,60.0,0.42,0.0,0.0,1.0,0.474,0.211,0.0,0.347,0.095,0.18,Industrials,2026-07-03,101.5,0.85,98
PLG,,7.3,Tendance baissière (pas un setup),1.27,162414092.0,39.2,-0.005,1.6,0.0,-20.13,1214718.0,24.9,26.6,42.0,0.71,0.0,0.0,1.0,0.748,0.356,0.0,0.364,0.024,0.0,Materials,2026-07-03,1.42,-10.56,98
HLNE,,7.3,Tendance baissière (pas un setup),85.66,4720777251.0,36.8,0.129,0.54,-3.29,-12.77,59290479.0,21.5,24.3,21.0,0.23,0.0,0.0,1.0,0.761,0.117,0.0,0.314,0.246,0.0,Financials,2026-07-03,79.76,7.4,98
FOUR,,7.3,Tendance baissière (pas un setup),39.52,3120503942.0,47.8,0.375,1.36,11.07,-3.91,85416022.0,30.6,38.1,65.0,0.0,0.0,0.0,0.663,0.61,0.0,0.0,0.811,0.119,0.0,Information Technology,2026-07-03,51.35,-23.04,98
AMTX,,7.2,Tendance baissière (pas un setup),1.73,124853398.0,43.2,-0.021,-1.14,0.0,-5.46,1565170.0,22.1,35.9,40.0,0.39,0.0,0.0,0.781,0.622,0.197,0.0,0.415,0.206,0.0,Materials,2026-07-03,1.65,4.85,98
MPTI,,7.2,Tendance baissière (pas un setup),73.04,317466607.0,39.8,0.108,-1.68,-5.09,-7.75,5940168.0,19.7,21.9,2.0,1.0,0.0,0.0,1.0,0.99,0.5,0.0,0.0,0.103,0.0,Information Technology,2026-07-03,91.02,-19.75,98
MMI,,7.2,Tendance baissière (pas un setup),28.76,1089170046.0,39.8,-0.107,1.91,-0.69,-6.62,5542603.0,13.6,15.8,100.0,0.0,0.0,0.0,1.0,0.177,0.016,0.053,0.352,0.048,0.547,Real Estate,2026-07-03,31.86,-9.73,98
LAES,quantique,7.2,Tendance baissière (pas un setup),2.25,501241498.0,40.7,0.009,-3.85,-4.66,-6.25,10178383.0,26.7,30.0,2.0,1.0,0.0,0.0,1.0,0.969,0.626,0.0,0.0,0.008,0.0,Information Technology,2026-07-03,3.03,-25.74,98
OPRA,,7.2,Tendance baissière (pas un setup),16.84,1513587839.0,28.9,-0.045,-1.46,-4.48,-4.75,5588231.0,19.0,19.7,7.0,0.53,0.0,0.0,1.0,0.916,0.306,0.0,0.0,0.016,0.368,Communication Services,2026-07-03,19.9,-15.38,98
DJT,,7.2,Tendance baissière (pas un setup),8.2,2279118447.0,36.1,-0.084,-0.24,-6.71,-5.86,27681976.0,22.3,25.1,7.0,0.89,0.0,0.0,1.0,0.916,0.555,0.0,0.0,0.079,0.0,Communication Services,2026-07-03,8.54,-3.98,98
EXK,,7.2,Tendance baissière (pas un setup),8.57,2537309633.0,38.8,-0.098,3.0,0.12,-23.14,68976776.0,26.4,38.3,56.0,0.53,0.0,0.0,0.651,0.638,0.264,0.0,0.371,0.238,0.0,Materials,2026-07-03,8.56,0.12,98
NSSC,,7.2,Tendance baissière (pas un setup),35.16,1257618245.0,41.7,0.013,-0.09,-2.85,-1.62,12420605.0,31.8,34.5,3.0,0.52,0.0,0.0,0.861,0.981,0.678,0.0,0.0,0.016,0.0,Industrials,2026-07-03,37.79,-6.96,98
DBD,,7.2,Tendance baissière (pas un setup),63.02,2139313976.0,42.3,0.572,-3.11,-0.25,-5.2,15756318.0,20.5,25.2,22.0,0.51,0.0,0.0,1.0,0.75,0.328,0.0,0.323,0.048,0.0,Information Technology,2026-07-03,83.16,-24.22,98
BNL,,7.2,Tendance baissière (pas un setup),18.24,3500127791.0,29.9,0.021,-0.22,-0.05,-10.54,38919621.0,16.4,17.8,63.0,0.24,0.0,0.0,1.0,0.541,0.121,0.0,0.349,0.016,0.34,Real Estate,2026-07-03,21.25,-14.16,98
TFIN,,7.2,Tendance baissière (pas un setup),62.78,1500099033.0,41.6,0.556,1.41,2.7,-5.18,15253597.0,21.9,26.6,28.0,0.12,0.0,0.0,1.0,0.751,0.062,0.0,0.377,0.111,0.172,Financials,2026-07-03,77.01,-18.48,98
MCHB,,7.2,Tendance baissière (pas un setup),14.51,3196728005.0,27.1,-0.023,-0.68,-2.16,-5.96,8287226.0,15.2,16.4,23.0,0.44,0.0,0.0,1.0,0.665,0.221,0.0,0.03,0.056,0.493,Financials,2026-07-03,16.16,-10.21,98
ADNT,,7.2,Tendance baissière (pas un setup),17.62,1358447942.0,46.3,0.071,0.4,0.28,-3.82,19522707.0,21.5,26.5,32.0,0.0,0.0,0.0,1.0,0.707,0.0,0.0,0.627,0.079,0.0,Consumer Discretionary,2026-07-03,18.76,-6.08,98
UPST,,7.2,Tendance baissière (pas un setup),24.19,2354002583.0,43.2,0.187,0.71,5.4,-6.57,109034193.0,30.3,35.0,15.0,0.21,0.0,0.0,0.834,0.91,0.198,0.0,0.459,0.071,0.0,Financials,2026-07-03,34.78,-30.45,98
CCB,,7.1,Tendance baissière (pas un setup),42.7,652726163.0,44.7,0.262,4.32,5.33,-9.97,10547847.0,24.3,37.0,74.0,0.63,0.0,0.0,0.725,0.365,0.317,0.0,0.552,0.087,0.0,Financials,2026-07-03,78.35,-45.5,98
FOXF,,7.1,Tendance baissière (pas un setup),18.5,777573519.0,42.2,0.037,-0.64,0.71,-5.42,11415891.0,16.3,22.5,2.0,0.0,0.0,0.0,1.0,0.729,0.0,0.0,0.324,0.238,0.092,Consumer Discretionary,2026-07-03,16.51,12.05,98
ELMD,,7.1,Tendance baissière (pas un setup),27.8,230380963.0,37.2,0.468,-1.42,-2.46,2.7,2582228.0,36.4,41.0,25.0,0.38,0.0,0.0,0.5,0.852,0.688,0.0,0.0,0.175,0.0,Health Care,2026-07-03,45.43,-38.81,98
GERN,,7.1,Tendance baissière (pas un setup),1.22,783817559.0,36.8,0.001,1.67,0.83,-12.86,12924975.0,26.1,29.1,7.0,0.27,0.0,0.0,1.0,0.957,0.136,0.0,0.364,0.103,0.0,Health Care,2026-07-03,1.36,-10.29,98
PECO,,7.1,Tendance baissière (pas un setup),37.39,4812093000.0,42.5,0.099,0.92,-0.27,-3.17,48471175.0,12.2,14.0,4.0,0.0,0.0,0.0,1.0,0.737,0.0,0.229,0.063,0.056,0.491,Real Estate,2026-08-31,39.22,-4.67,39
ADT,,7.1,Tendance baissière (pas un setup),6.5,4748635112.0,45.2,0.022,3.17,4.33,-7.08,55484330.0,17.8,23.7,92.0,0.0,0.0,0.0,1.0,0.117,0.0,0.0,0.66,0.095,0.183,Industrials,2026-07-07,6.75,-3.7,94
SSTK,,7.1,Tendance baissière (pas un setup),4.43,163678240.0,44.5,0.078,-0.89,7.52,-12.45,3906313.0,33.4,43.5,66.0,0.81,0.0,0.0,0.363,0.525,0.404,0.0,0.597,0.087,0.0,Communication Services,2026-07-03,9.81,-54.84,98
ZENA,defense,7.1,Tendance baissière (pas un setup),1.32,265528406.0,40.0,-0.005,-2.22,-2.22,-18.01,2363327.0,41.6,44.9,32.0,1.0,0.0,0.0,0.283,0.81,0.605,0.0,0.367,0.056,0.0,Information Technology,2026-07-03,1.42,-7.04,98
UVV,,7.1,Tendance baissière (pas un setup),43.18,1075149917.0,43.9,0.211,0.82,3.6,-4.89,16204743.0,20.5,24.4,75.0,0.0,0.0,0.0,1.0,0.477,0.0,0.0,0.533,0.095,0.169,Consumer Staples,2026-07-03,51.62,-16.35,98
PHAT,,7.1,Tendance baissière (pas un setup),7.13,576823659.0,40.0,0.019,4.7,0.71,-17.76,10580694.0,30.2,36.1,60.0,0.18,0.0,0.0,0.77,0.616,0.432,0.0,0.365,0.048,0.0,Health Care,2026-07-03,11.2,-36.34,98
DTIL,,7.1,Tendance baissière (pas un setup),6.43,177477992.0,42.6,0.032,2.88,1.58,-11.31,1751979.0,31.2,36.0,8.0,0.29,0.0,0.0,0.776,0.784,0.257,0.0,0.383,0.119,0.0,Health Care,2026-07-03,8.18,-21.39,98
KC,,7.1,Tendance baissière (pas un setup),8.74,2616490863.0,34.9,-0.015,-5.31,-4.27,-14.4,11247121.0,33.5,34.6,6.0,0.71,0.0,0.0,0.858,0.962,0.353,0.0,0.32,0.008,0.0,Information Technology,2026-07-03,9.1,-3.96,98
TUYA,,7.1,Tendance baissière (pas un setup),1.7,1042586377.0,44.9,0.002,-2.86,-1.16,-6.08,1176241.0,12.8,17.9,2.0,0.0,0.0,0.0,1.0,0.798,0.0,0.153,0.544,0.04,0.0,Information Technology,2026-07-03,1.76,-3.41,98
DLX,,7.1,Tendance baissière (pas un setup),23.05,1056987485.0,45.4,-0.082,3.04,0.48,-1.91,10875103.0,16.6,19.5,29.0,0.13,0.0,0.0,1.0,0.603,0.064,0.0,0.53,0.048,0.123,Industrials,2026-07-03,24.31,-5.18,98
RLX,,7.1,Tendance baissière (pas un setup),1.72,2102277850.0,45.1,0.008,-0.58,1.78,-2.27,6837095.0,16.7,20.3,1.0,0.0,0.0,0.0,1.0,0.995,0.0,0.0,0.522,0.063,0.0,Consumer Staples,2026-07-03,1.93,-10.88,98
TDOC,,7.1,Tendance baissière (pas un setup),5.54,1006529476.0,33.8,-0.018,-0.36,-2.29,-9.18,21418372.0,27.7,29.2,43.0,0.79,0.0,0.0,1.0,0.691,0.395,0.0,0.314,0.016,0.0,Health Care,2026-07-03,9.2,-39.78,98
BCAT,,7.1,Tendance baissière (pas un setup),13.63,1473880050.0,31.5,0.019,-1.02,0.29,-13.26,19503646.0,14.0,15.3,78.0,0.0,0.0,0.0,1.0,0.234,0.0,0.0,0.399,0.024,0.533,Financials,2026-07-03,15.76,-13.52,98
VIVO,,7.0,Tendance baissière (pas un setup),3.22,103019247.0,33.9,-0.054,-0.92,2.22,-22.41,1483696.0,37.5,40.4,28.0,0.84,0.0,0.0,0.534,0.666,0.532,0.0,0.303,0.087,0.0,Information Technology,2026-07-03,4.68,-31.2,98
CTGO,,7.0,Tendance baissière (pas un setup),16.28,544414449.0,37.3,-0.178,0.18,-3.38,-17.69,7452791.0,23.2,28.7,45.0,0.04,0.0,0.0,1.0,0.612,0.331,0.0,0.337,0.056,0.0,Materials,2026-07-03,17.23,-5.51,98
COLL,,7.0,Tendance baissière (pas un setup),22.11,719804603.0,34.0,0.232,0.82,1.24,-5.35,19218287.0,39.3,41.2,3.0,0.0,0.0,0.0,0.488,0.981,0.5,0.0,0.308,0.032,0.0,Health Care,2026-07-03,37.03,-40.29,98
IBOC,,7.0,Tendance baissière (pas un setup),68.4,4253899558.0,37.9,-0.037,0.43,-1.04,-3.13,28606488.0,11.4,12.4,57.0,0.0,0.0,0.0,1.0,0.514,0.0,0.33,0.014,0.016,0.602,Financials,2026-07-03,75.9,-9.88,98
STAA,,7.0,Tendance baissière (pas un setup),22.38,1122222362.0,51.0,0.25,0.09,0.0,-5.25,23004270.0,14.7,27.4,44.0,0.17,0.0,0.0,1.0,0.601,0.086,0.0,0.527,0.095,0.0,Health Care,2026-07-03,27.79,-19.47,98
XIFR,,7.0,Tendance baissière (pas un setup),10.34,974780700.0,35.2,-0.004,-0.19,-0.86,-11.77,10043803.0,16.8,18.5,59.0,0.16,0.0,0.0,1.0,0.576,0.079,0.0,0.38,0.032,0.268,Utilities,2026-07-03,12.35,-16.28,98
SGRY,,7.0,Tendance baissière (pas un setup),13.64,1785725066.0,46.2,-0.038,-0.51,3.1,-3.4,31429902.0,18.0,22.1,62.0,0.27,0.0,0.0,1.0,0.406,0.133,0.0,0.587,0.063,0.0,Health Care,2026-07-03,17.23,-20.84,98
NDMO,,7.0,Tendance baissière (pas un setup),8.77,521510102.0,36.5,0.011,1.15,-1.57,-7.39,4016891.0,12.4,15.1,87.0,0.0,0.0,0.0,1.0,0.081,0.0,0.195,0.323,0.04,0.5,Financials,2026-07-03,10.44,-16.0,98
SKT,,7.0,Tendance baissière (pas un setup),34.61,3975961809.0,34.4,0.075,0.17,0.46,-5.77,35776161.0,16.3,17.8,33.0,0.0,0.0,0.0,1.0,0.618,0.0,0.0,0.341,0.024,0.4,Real Estate,2026-07-03,39.53,-12.45,98
ONDS,defense|equipement_electrique|espace|laser_photonique|robotique,7.0,Tendance baissière (pas un setup),6.85,3988773488.0,36.6,-0.013,-4.73,-3.79,-6.04,449947774.0,31.4,32.1,7.0,0.89,0.0,0.0,0.995,0.904,0.59,0.0,0.007,0.016,0.0,Information Technology,2026-07-03,7.41,-7.56,98
NGS,,7.0,Tendance baissière (pas un setup),33.18,427965096.0,41.9,0.072,-0.18,1.31,-12.87,3854694.0,14.0,18.2,84.0,0.46,0.0,0.0,1.0,0.414,0.231,0.006,0.364,0.056,0.156,Energy,2026-07-03,39.46,-15.91,98
FIBK,,7.0,Tendance baissière (pas un setup),34.94,3329942969.0,34.1,-0.137,0.58,-2.32,-5.11,49667614.0,11.5,13.1,83.0,0.0,0.0,0.0,1.0,0.197,0.145,0.318,0.016,0.016,0.571,Financials,2026-07-03,39.15,-10.75,98
LEO,,7.0,Tendance baissière (pas un setup),5.47,340730971.0,30.6,-0.006,0.55,-1.97,-8.37,1366644.0,12.3,13.3,93.0,0.01,0.0,0.0,1.0,0.043,0.003,0.211,0.339,0.024,0.504,Financials,2026-07-03,6.47,-15.46,98
FND,,7.0,Tendance baissière (pas un setup),46.5,4951783373.0,43.7,0.266,1.48,1.02,-2.27,119863802.0,26.5,30.1,2.0,0.18,0.0,0.0,1.0,0.87,0.154,0.0,0.424,0.048,0.0,Consumer Discretionary,2026-09-10,47.58,-2.27,29
PSQL,,7.0,Tendance baissière (pas un setup),7.18,1524268701.0,45.0,0.142,-1.1,14.7,-12.55,5967800.0,70.9,76.1,78.0,0.0,0.0,0.0,0.0,0.533,0.5,0.0,0.672,0.071,0.0,Information Technology,2026-09-02,15.56,-53.86,37
OTF,,7.0,Tendance baissière (pas un setup),9.39,4302360803.0,31.2,-0.065,1.51,-3.69,-10.8,20705042.0,17.4,19.6,67.0,0.73,0.0,0.0,1.0,0.6,0.366,0.0,0.307,0.024,0.035,Financials,2026-07-03,10.46,-10.23,98
AESI,,7.0,Tendance baissière (pas un setup),12.16,1520041964.0,46.6,0.009,-2.41,4.02,-16.6,47013754.0,17.4,35.2,44.0,0.12,0.0,0.0,0.821,0.372,0.058,0.0,0.622,0.175,0.0,Energy,2026-07-03,14.47,-15.96,98
MYI,,6.9,Tendance baissière (pas un setup),9.47,1408780600.0,28.7,-0.011,0.0,-2.77,-8.27,9272214.0,12.4,13.3,93.0,0.0,0.0,0.0,1.0,0.043,0.0,0.2,0.313,0.016,0.527,Financials,2026-07-03,11.12,-14.84,98
UHT,,6.9,Tendance baissière (pas un setup),37.54,521756597.0,38.6,-0.045,0.67,3.05,-6.11,6138959.0,14.1,17.5,80.0,0.0,0.0,0.0,1.0,0.312,0.0,0.0,0.401,0.048,0.421,Real Estate,2026-07-03,45.82,-18.07,98
PRQR,,6.9,Tendance baissière (pas un setup),1.57,221560717.0,29.5,-0.008,-3.68,-3.68,-21.11,1180126.0,36.2,37.4,38.0,0.69,0.0,0.0,0.7,0.771,0.351,0.0,0.339,0.087,0.0,Health Care,2026-07-03,1.81,-13.26,98
EFC,,6.9,Tendance baissière (pas un setup),11.64,1500249173.0,27.6,-0.037,0.43,-0.43,-11.27,21354913.0,14.0,16.0,85.0,0.0,0.0,0.0,1.0,0.09,0.0,0.0,0.39,0.032,0.532,Real Estate,2026-07-03,13.47,-13.59,98
PRCT,robotique,6.9,Tendance baissière (pas un setup),17.9,1025198496.0,43.4,0.041,-0.06,5.17,-13.69,25791022.0,21.9,27.0,53.0,0.33,0.0,0.0,1.0,0.578,0.164,0.0,0.455,0.079,0.0,Health Care,2026-07-03,21.03,-14.88,98
CURB,,6.9,Tendance baissière (pas un setup),27.22,3131335041.0,30.7,-0.054,-0.15,-2.61,-6.57,42544178.0,11.4,13.2,48.0,0.14,0.0,0.0,1.0,0.49,0.071,0.324,0.01,0.016,0.506,Real Estate,2026-07-03,30.34,-10.28,98
GNTX,,6.9,Tendance baissière (pas un setup),21.15,4455952451.0,33.6,-0.059,0.33,-3.11,-6.14,50047130.0,12.3,13.6,25.0,0.44,0.0,0.0,1.0,0.715,0.221,0.218,0.0,0.016,0.335,Consumer Discretionary,2026-07-08,24.04,-12.02,93
VRDN,,6.9,Tendance baissière (pas un setup),18.34,2077780213.0,31.7,-0.288,0.33,-3.42,-19.31,40971130.0,26.2,29.2,57.0,0.0,0.0,0.0,1.0,0.39,0.0,0.0,0.303,0.397,0.0,Health Care,2026-07-03,19.4,-5.46,98
HTH,,6.9,Tendance baissière (pas un setup),36.68,2101265776.0,33.9,-0.168,0.22,-3.3,-4.33,15279212.0,8.6,9.8,81.0,0.0,0.0,0.0,0.638,0.172,0.0,0.671,0.0,0.016,0.712,Financials,2026-07-03,38.82,-5.51,98
VKQ,,6.9,Tendance baissière (pas un setup),8.52,471458588.0,35.6,-0.012,1.67,0.35,-9.8,3297115.0,13.5,16.2,96.0,0.0,0.0,0.0,1.0,0.024,0.0,0.062,0.368,0.04,0.531,Financials,2026-07-03,10.07,-15.39,98
WB,,6.9,Tendance baissière (pas un setup),6.44,1582131364.0,36.8,0.029,-0.62,1.42,-2.87,6269644.0,22.3,24.4,2.0,0.48,0.0,0.0,1.0,0.878,0.241,0.0,0.347,0.024,0.0,Communication Services,2026-07-03,7.36,-12.5,98
KRG,,6.9,Tendance baissière (pas un setup),24.08,4824354147.0,27.9,-0.037,1.39,-1.47,-7.49,55399547.0,17.9,19.1,69.0,0.47,0.0,0.0,1.0,0.186,0.233,0.0,0.308,0.024,0.349,Real Estate,2026-09-23,25.2,-4.44,16
GEL,,6.9,Tendance baissière (pas un setup),14.34,1751979763.0,42.1,0.024,0.14,4.82,-8.55,4584561.0,14.0,18.7,87.0,0.0,0.0,0.0,1.0,0.332,0.0,0.003,0.459,0.079,0.293,Energy,2026-07-03,14.2,0.99,98
IKT,,6.9,Tendance baissière (pas un setup),1.91,266513569.0,31.3,-0.019,-1.55,-1.04,-20.75,1301601.0,26.8,28.7,87.0,0.26,0.0,0.0,1.0,0.287,0.131,0.0,0.336,0.222,0.106,Health Care,2026-07-03,1.99,-4.02,98
NATR,,6.9,Tendance baissière (pas un setup),12.57,221175686.0,27.0,0.106,-0.16,-0.16,-7.98,1537206.0,41.1,42.3,16.0,1.0,0.0,0.0,0.427,0.905,0.5,0.0,0.333,0.04,0.0,Consumer Staples,2026-07-03,21.47,-41.45,98
HTO,,6.8,Tendance baissière (pas un setup),58.07,2430624608.0,23.9,-0.465,0.16,-3.54,-9.67,31453054.0,10.9,12.1,89.0,0.0,0.0,0.0,1.0,0.181,0.0,0.385,0.029,0.063,0.572,Utilities,2026-07-03,62.42,-6.97,98
BKSY,espace|robotique,6.8,Tendance baissière (pas un setup),21.16,865969741.0,43.0,0.069,-3.16,0.05,-2.08,21437494.0,34.7,38.3,1.0,0.32,0.0,0.0,0.653,0.903,0.351,0.0,0.364,0.032,0.0,Industrials,2026-07-03,27.88,-24.1,98
LADR,,6.8,Tendance baissière (pas un setup),8.85,1122757932.0,41.9,-0.002,2.08,1.49,-7.24,14530829.0,14.2,17.8,95.0,0.0,0.0,0.0,1.0,0.132,0.0,0.0,0.419,0.048,0.456,Real Estate,2026-07-03,10.01,-11.59,98
CCOI,,6.8,Tendance baissière (pas un setup),9.56,489622436.0,54.9,0.269,-3.82,16.16,2.47,20525729.0,30.4,48.1,45.0,0.0,0.0,0.0,0.105,0.606,0.0,0.0,0.914,0.183,0.0,Communication Services,2026-07-03,12.99,-26.4,98
JACK,,6.8,Tendance baissière (pas un setup),12.45,238782659.0,33.0,-0.015,1.55,-1.74,-15.76,6947281.0,46.0,47.5,11.0,0.96,0.0,0.0,0.139,0.933,0.48,0.0,0.324,0.159,0.0,Consumer Discretionary,2026-07-03,17.2,-27.62,98
USNA,,6.8,Tendance baissière (pas un setup),14.66,270865988.0,47.9,0.091,-0.07,2.02,-3.04,2578271.0,37.0,46.0,1.0,0.55,0.0,0.0,0.222,0.995,0.274,0.0,0.395,0.214,0.0,Consumer Staples,2026-07-03,21.51,-31.85,98
ENGN,,6.8,Tendance baissière (pas un setup),1.78,119289042.0,41.1,-0.026,2.01,-10.1,-3.78,1471330.0,14.4,20.2,52.0,0.12,0.0,0.0,1.0,0.286,0.56,0.0,0.0,0.198,0.0,Health Care,2026-07-03,1.78,0.0,98
IE,,6.8,Tendance baissière (pas un setup),9.66,1541641902.0,43.8,-0.033,-1.13,-3.4,-11.38,22693959.0,22.8,30.4,10.0,0.09,0.0,0.0,1.0,0.741,0.329,0.0,0.116,0.159,0.0,Materials,2026-07-03,9.51,1.58,98
JRVR,,6.8,Tendance baissière (pas un setup),3.62,167421518.0,44.5,0.021,2.84,4.93,-8.12,1279795.0,24.4,29.8,64.0,0.0,0.0,0.0,1.0,0.565,0.0,0.0,0.591,0.095,0.0,Financials,2026-07-03,4.46,-18.83,98
RMM,,6.8,Tendance baissière (pas un setup),12.59,248521917.0,33.4,0.007,0.32,0.0,-9.51,1232946.0,13.5,16.5,94.0,0.0,0.0,0.0,1.0,0.038,0.0,0.057,0.38,0.04,0.502,Financials,2026-09-30,12.33,2.11,9
ITRI,equipement_electrique,6.8,Tendance baissière (pas un setup),84.23,3688158205.0,29.9,-0.325,-1.58,-2.33,-11.01,57603633.0,21.3,22.2,61.0,0.76,0.0,0.0,1.0,0.402,0.378,0.0,0.312,0.063,0.0,Information Technology,2026-07-03,85.11,-1.03,98
ALK,,6.8,Tendance baissière (pas un setup),39.52,4410555302.0,43.5,0.117,-0.18,0.08,-2.08,124818885.0,26.3,28.6,6.0,0.0,0.0,0.0,1.0,0.772,0.152,0.0,0.414,0.056,0.0,Industrials,2026-07-22,45.46,-13.07,79
ZUMZ,,6.8,Tendance baissière (pas un setup),14.21,217848011.0,43.9,0.225,0.64,5.42,-19.03,5994441.0,31.3,36.8,25.0,0.0,0.0,0.0,0.735,0.752,0.09,0.0,0.512,0.127,0.0,Consumer Discretionary,2026-07-03,17.55,-19.03,98
MNR,,6.8,Tendance baissière (pas un setup),10.67,1781336163.0,35.3,0.069,0.09,3.69,-15.79,14961846.0,19.6,23.6,90.0,0.0,0.0,0.0,1.0,0.377,0.0,0.0,0.479,0.095,0.212,Energy,2026-07-03,12.6,-15.32,98
BCRX,,6.8,Tendance baissière (pas un setup),8.29,2118386020.0,42.6,0.018,-1.31,2.09,-5.9,47321384.0,22.4,26.4,9.0,0.0,0.0,0.0,1.0,0.918,0.0,0.0,0.398,0.048,0.13,Health Care,2026-07-03,9.84,-15.75,98
NOVTU,,6.8,Tendance baissière (pas un setup),58.48,2211583190.0,41.7,0.147,-4.12,-4.26,-5.51,4729136.0,24.0,26.5,44.0,0.0,0.0,0.0,1.0,0.733,0.433,0.0,0.0,0.032,0.2,Information Technology,2026-07-03,67.48,-13.34,98
VVV,,6.7,Tendance baissière (pas un setup),30.84,3934765131.0,53.4,0.477,0.36,0.19,1.72,94996027.0,23.0,34.6,75.0,0.0,0.0,0.0,0.858,0.294,0.0,0.0,0.532,0.135,0.169,Consumer Discretionary,2026-07-03,39.08,-21.08,98
AMBA,ia|semiconducteurs,6.7,Tendance baissière (pas un setup),62.89,2776025666.0,38.0,-0.237,-3.73,-10.54,-8.59,90480579.0,31.1,36.4,6.0,0.86,0.0,0.0,0.757,0.843,0.678,0.0,0.0,0.024,0.0,Information Technology,2026-07-03,78.36,-19.74,98
KREF,,6.7,Tendance baissière (pas un setup),6.37,373141529.0,43.0,0.022,2.25,2.74,-12.19,6496384.0,18.2,25.4,91.0,0.09,0.0,0.0,1.0,0.052,0.043,0.0,0.464,0.119,0.246,Real Estate,2026-07-03,7.03,-9.39,98
GHM,gestion_thermique,6.7,Tendance baissière (pas un setup),81.55,957155041.0,36.3,0.235,-3.31,-6.16,-6.78,15034991.0,30.1,31.1,15.0,0.66,0.0,0.0,1.0,0.91,0.553,0.0,0.0,0.008,0.0,Industrials,2026-07-03,115.42,-29.35,98
SNDA,,6.7,Tendance baissière (pas un setup),35.96,1727805720.0,31.4,-0.164,-0.69,-4.79,-9.12,16664162.0,18.4,19.4,40.0,0.41,0.0,0.0,1.0,0.762,0.203,0.0,0.017,0.056,0.367,Health Care,2026-07-03,42.21,-14.81,98
AMRC,gestion_thermique,6.7,Tendance baissière (pas un setup),21.01,1114921093.0,42.9,0.008,-4.2,0.05,-7.85,13195192.0,34.2,40.2,33.0,0.66,0.0,0.0,0.542,0.754,0.393,0.0,0.399,0.032,0.0,Industrials,2026-07-03,25.4,-17.28,98
EOT,,6.7,Tendance baissière (pas un setup),15.13,236405055.0,28.8,0.011,-0.53,-2.07,-9.07,1081250.0,13.9,14.2,84.0,0.0,0.0,0.0,1.0,0.248,0.0,0.016,0.321,0.008,0.523,Financials,2026-10-06,15.24,-0.72,3
MGEE,,6.7,Tendance baissière (pas un setup),70.73,2672463169.0,37.5,0.209,0.48,0.97,-7.89,16041332.0,13.7,17.0,90.0,0.0,0.0,0.0,1.0,0.091,0.0,0.044,0.378,0.071,0.414,Utilities,2026-07-03,84.23,-16.03,98
USAU,,6.7,Tendance baissière (pas un setup),13.89,229583129.0,34.9,-0.163,1.09,-5.19,-11.81,2302641.0,19.5,25.8,31.0,0.9,0.0,0.0,1.0,0.716,0.556,0.0,0.03,0.04,0.0,Materials,2026-07-03,16.49,-15.77,98
SWIM,,6.7,Tendance baissière (pas un setup),6.06,712935281.0,38.2,0.005,-4.87,-3.35,-7.34,5484010.0,22.9,32.7,2.0,0.25,0.0,0.0,0.959,0.936,0.124,0.0,0.034,0.333,0.0,Industrials,2026-07-03,6.14,-1.3,98
GVA,,6.7,Tendance baissière (pas un setup),113.83,4981714173.0,42.7,0.394,-0.73,-2.58,-2.31,80709122.0,12.0,16.3,11.0,0.4,0.0,0.0,1.0,0.758,0.364,0.253,0.044,0.024,0.012,Industrials,2026-07-30,117.88,-3.44,71
GRRR,,6.7,Tendance baissière (pas un setup),11.94,331424240.0,36.1,-0.195,1.53,-12.08,-16.85,7507070.0,27.5,33.8,20.0,1.0,0.0,0.0,0.9,0.84,0.579,0.0,0.0,0.04,0.0,Information Technology,2026-07-03,18.51,-35.49,98
BFS,,6.7,Tendance baissière (pas un setup),29.72,734592242.0,31.8,0.092,0.47,-0.87,-6.69,4436401.0,16.0,17.3,17.0,0.0,0.0,0.0,1.0,0.767,0.0,0.0,0.311,0.032,0.288,Real Estate,2026-07-03,37.59,-20.94,98
ERII,gestion_thermique,6.7,Tendance baissière (pas un setup),6.84,349146945.0,42.1,0.043,1.63,2.09,-7.32,6827363.0,26.8,29.3,23.0,0.22,0.0,0.0,1.0,0.862,0.112,0.0,0.362,0.071,0.0,Industrials,2026-07-03,8.84,-22.62,98
UIS,,6.7,Tendance baissière (pas un setup),2.31,168435856.0,38.4,0.016,0.87,0.0,-5.33,1518709.0,31.0,35.5,4.0,0.36,0.0,0.0,0.804,0.941,0.247,0.0,0.326,0.056,0.0,Information Technology,2026-07-03,3.75,-38.4,98
HLIO,,6.7,Tendance baissière (pas un setup),67.95,2242350000.0,41.4,0.398,-1.86,-1.36,-3.93,28423016.0,19.8,21.9,2.0,0.0,0.0,0.0,1.0,0.895,0.5,0.0,0.0,0.008,0.053,Industrials,2026-07-03,82.39,-17.53,98
POST,,6.7,Tendance baissière (pas un setup),74.23,3262913635.0,41.7,0.151,2.33,1.92,-8.44,70082060.0,23.7,26.5,58.0,0.36,0.0,0.0,1.0,0.652,0.181,0.0,0.391,0.063,0.0,Consumer Staples,2026-07-03,92.78,-19.99,98
NXST,,6.7,Tendance baissière (pas un setup),162.11,4994333675.0,44.8,0.441,2.57,2.21,-1.7,63103679.0,17.4,21.9,26.0,0.0,0.0,0.0,1.0,0.762,0.0,0.0,0.538,0.063,0.0,Communication Services,2026-09-09,169.15,-4.16,30
NB,,6.7,Tendance baissière (pas un setup),3.41,497347238.0,36.8,0.023,-1.16,-0.58,-15.59,8223656.0,39.5,40.9,1.0,0.88,0.0,0.0,0.505,0.995,0.443,0.0,0.316,0.008,0.0,Materials,2026-07-03,4.74,-28.06,98
VRTS,,6.6,Tendance baissière (pas un setup),131.59,871479777.0,35.7,1.146,0.52,-0.9,-13.81,20190429.0,23.4,27.3,68.0,0.0,0.0,0.0,1.0,0.487,0.241,0.0,0.302,0.087,0.058,Financials,2026-07-03,151.64,-13.22,98
LAR,,6.6,Tendance baissière (pas un setup),5.26,863166000.0,33.4,-0.003,-2.05,-5.05,-22.19,8282228.0,27.8,29.2,1.0,0.89,0.0,0.0,1.0,0.995,0.445,0.0,0.046,0.008,0.0,Materials,2026-07-03,7.98,-34.09,98
SLM,,6.6,Tendance baissière (pas un setup),22.67,4260757538.0,31.8,-0.061,0.31,0.27,-13.11,54904280.0,19.4,21.7,90.0,0.22,0.0,0.0,1.0,0.275,0.109,0.0,0.384,0.127,0.143,Financials,2026-07-03,25.6,-11.45,98
BLBD,,6.6,Tendance baissière (pas un setup),56.19,1761391470.0,38.4,0.122,0.63,1.06,-10.23,29988395.0,29.5,31.4,47.0,0.48,0.0,0.0,1.0,0.704,0.241,0.0,0.332,0.024,0.0,Industrials,2026-07-03,76.08,-26.14,98
UTI,,6.6,Tendance baissière (pas un setup),20.31,1118984142.0,43.8,0.394,2.11,6.73,-4.6,38846051.0,53.4,58.7,27.0,0.0,0.0,0.0,0.0,0.838,0.5,0.0,0.477,0.071,0.0,Consumer Staples,2026-07-03,48.24,-57.9,98
ELE,,6.6,Tendance baissière (pas un setup),17.48,1407472574.0,32.3,-0.362,0.06,-4.84,-17.23,10096648.0,23.5,33.1,77.0,0.0,0.0,0.0,0.939,0.347,0.0,0.0,0.32,0.357,0.0,Materials,2026-07-03,17.11,2.16,98
EPAC,,6.6,Tendance baissière (pas un setup),34.91,1785215222.0,42.2,0.001,-0.48,-0.06,-4.01,16488633.0,8.0,10.0,10.0,0.0,0.0,0.0,0.672,0.613,0.0,0.752,0.04,0.063,0.255,Industrials,2026-07-03,34.87,0.11,98
MFIC,,6.6,Tendance baissière (pas un setup),8.53,702638517.0,31.6,-0.032,1.07,-2.4,-6.26,5296301.0,11.4,13.7,77.0,0.12,0.0,0.0,1.0,0.373,0.06,0.323,0.312,0.032,0.136,Financials,2026-07-03,9.98,-14.53,98
SNDL,,6.6,Tendance baissière (pas un setup),1.22,300267428.0,33.2,-0.018,-2.4,-3.17,-12.86,1748182.0,16.4,18.5,79.0,0.72,0.0,0.0,1.0,0.447,0.36,0.0,0.316,0.032,0.0,Consumer Staples,2026-07-03,1.38,-11.59,98
MHD,,6.6,Tendance baissière (pas un setup),10.1,1502500957.0,29.4,-0.025,0.6,-1.56,-8.51,11078155.0,13.1,14.1,100.0,0.0,0.0,0.0,1.0,0.0,0.0,0.118,0.339,0.024,0.498,Financials,2026-07-03,11.92,-15.27,98
BCBP,,6.6,Tendance baissière (pas un setup),8.31,346957641.0,35.0,-0.015,0.0,-3.71,-3.48,4210646.0,20.3,22.2,21.0,0.0,0.0,0.0,1.0,0.849,0.5,0.0,0.0,0.024,0.032,Financials,2026-07-03,10.28,-19.16,98
INDB,,6.6,Tendance baissière (pas un setup),77.12,3653104915.0,34.8,-0.134,-1.39,-2.29,-5.56,35390528.0,10.2,11.2,79.0,0.0,0.0,0.0,0.87,0.188,0.0,0.475,0.02,0.008,0.628,Financials,2026-07-03,84.18,-8.39,98
BELFA,,6.6,Tendance baissière (pas un setup),195.13,2817569879.0,40.7,0.706,-1.59,-4.23,-4.39,14576414.0,22.7,25.5,9.0,1.0,0.0,0.0,1.0,0.948,0.5,0.0,0.0,0.016,0.0,Information Technology,2026-07-03,230.16,-15.22,98
NMFC,,6.6,Tendance baissière (pas un setup),6.81,643220776.0,39.4,-0.021,1.04,-3.13,-3.37,3932377.0,10.5,13.5,18.0,0.02,0.0,0.0,1.0,0.665,0.008,0.44,0.02,0.024,0.331,Financials,2026-07-03,7.15,-4.76,98
RXST,,6.6,Tendance baissière (pas un setup),4.85,201727292.0,38.3,0.024,1.04,2.11,-23.38,3909129.0,34.8,38.2,68.0,0.58,0.0,0.0,0.657,0.59,0.291,0.0,0.419,0.087,0.0,Health Care,2026-07-03,5.61,-13.55,98
BMBL,,6.6,Tendance baissière (pas un setup),2.57,338498725.0,40.1,-0.017,2.6,0.59,-12.46,6029538.0,20.1,24.0,73.0,0.53,0.0,0.0,1.0,0.497,0.265,0.0,0.356,0.048,0.0,Communication Services,2026-07-03,3.28,-21.65,98
YETI,,6.6,Tendance baissière (pas un setup),39.6,2890356322.0,38.0,-0.097,0.33,-4.28,-2.25,76560027.0,26.7,27.7,44.0,0.06,0.0,0.0,1.0,0.623,0.528,0.0,0.0,0.016,0.112,Consumer Discretionary,2026-07-03,49.69,-20.31,98
NBHC,,6.6,Tendance baissière (pas un setup),38.18,1700519904.0,31.5,-0.158,1.27,-2.53,-7.6,21862218.0,12.5,14.3,92.0,0.0,0.0,0.0,1.0,0.105,0.0,0.189,0.346,0.032,0.38,Financials,2026-07-03,44.51,-14.22,98
IPI,,6.5,Tendance baissière (pas un setup),33.05,444743076.0,35.5,-0.224,-0.06,1.38,-19.9,6501153.0,22.7,26.4,88.0,0.4,0.0,0.0,1.0,0.437,0.202,0.0,0.418,0.056,0.0,Materials,2026-07-03,33.58,-1.58,98
QUIK,ia,6.5,Tendance baissière (pas un setup),10.71,196183006.0,41.4,0.076,-4.29,-8.15,-0.19,2393590.0,27.7,34.3,13.0,0.71,0.0,0.0,0.872,0.85,0.54,0.0,0.0,0.056,0.0,Information Technology,2026-07-03,16.02,-33.15,98
RJET,,6.5,Tendance baissière (pas un setup),17.31,810445545.0,42.1,-0.051,-2.37,-3.78,-2.86,1389597.0,23.2,25.0,3.0,0.69,0.0,0.0,1.0,0.743,0.465,0.0,0.052,0.04,0.0,Industrials,2026-07-03,21.39,-19.07,98
SVC,,6.5,Tendance baissière (pas un setup),6.22,805549015.0,29.2,0.028,-2.51,-2.35,-12.52,9570994.0,28.5,29.4,10.0,0.44,0.0,0.0,1.0,0.844,0.218,0.0,0.313,0.008,0.0,Real Estate,2026-07-03,1.73,259.54,98
TRIP,,6.5,Tendance baissière (pas un setup),8.96,1050106104.0,48.9,0.14,3.82,6.92,1.59,36364968.0,38.6,45.0,16.0,0.0,0.0,0.0,0.276,0.827,0.0,0.0,0.77,0.111,0.0,Consumer Discretionary,2026-07-03,14.29,-37.3,98
ACHR,,6.5,Tendance baissière (pas un setup),4.72,3673505545.0,34.7,-0.069,1.07,-6.16,-14.18,131862977.0,35.3,38.4,72.0,0.88,0.0,0.0,0.644,0.567,0.442,0.0,0.314,0.056,0.0,Industrials,2026-07-03,4.98,-5.22,98
MTX,,6.5,Tendance baissière (pas un setup),64.7,2014030901.0,31.6,0.01,-0.63,-0.74,-6.53,12463555.0,19.6,20.8,27.0,0.56,0.0,0.0,1.0,0.838,0.282,0.0,0.04,0.008,0.232,Materials,2026-07-03,74.46,-13.11,98
TWI,,6.5,Tendance baissière (pas un setup),6.82,440178841.0,42.3,-0.023,-0.44,0.29,-10.5,3944502.0,18.3,23.7,5.0,0.28,0.0,0.0,1.0,0.852,0.14,0.0,0.332,0.048,0.0,Industrials,2026-07-03,7.21,-5.41,98
ATOM,,6.5,Tendance baissière (pas un setup),4.13,161169293.0,42.0,0.036,-5.49,-11.94,0.49,1878287.0,29.9,36.2,10.0,0.69,0.0,0.0,0.769,0.839,0.56,0.0,0.0,0.071,0.0,Information Technology,2026-07-03,7.41,-44.26,98
EEFT,,6.5,Tendance baissière (pas un setup),63.66,2381112858.0,39.2,-0.014,1.82,0.03,-9.77,41048477.0,20.5,23.0,57.0,0.43,0.0,0.0,1.0,0.616,0.215,0.0,0.339,0.024,0.039,Information Technology,2026-07-03,77.18,-17.52,98
BBW,,6.5,Tendance baissière (pas un setup),25.9,319070777.0,41.6,0.377,1.29,1.93,-7.34,13518607.0,35.0,39.9,16.0,0.55,0.0,0.0,0.561,0.905,0.277,0.0,0.319,0.103,0.0,Consumer Discretionary,2026-07-03,31.5,-17.78,98
LPTH,laser_photonique,6.5,Tendance baissière (pas un setup),9.74,682153094.0,42.3,0.107,-6.35,-10.23,-3.94,27847714.0,37.6,44.3,7.0,0.47,0.0,0.0,0.319,0.957,0.737,0.0,0.021,0.063,0.0,Information Technology,2026-07-03,14.56,-33.1,98
BKD,,6.5,Tendance baissière (pas un setup),10.89,2600719874.0,36.4,0.027,1.11,0.46,-10.3,52556522.0,27.1,29.5,56.0,0.39,0.0,0.0,1.0,0.662,0.197,0.0,0.371,0.032,0.0,Health Care,2026-07-03,15.87,-31.38,98
LEGN,,6.5,Tendance baissière (pas un setup),18.71,3638878207.0,45.5,0.127,-2.14,-3.16,-6.03,44737253.0,19.5,27.5,4.0,0.19,0.0,0.0,1.0,0.84,0.195,0.0,0.247,0.079,0.0,Health Care,2026-07-10,27.38,-31.67,91
TDS,,6.5,Tendance baissière (pas un setup),34.13,3928363000.0,40.0,-0.187,-3.45,-3.04,-9.83,61648752.0,11.0,18.0,52.0,0.0,0.0,0.0,1.0,0.5,0.0,0.369,0.321,0.087,0.0,Communication Services,2026-07-03,36.19,-5.69,98
ARMP,,6.5,Tendance baissière (pas un setup),3.86,143522439.0,43.4,0.03,1.31,16.62,-28.65,1916289.0,41.9,50.6,67.0,0.0,0.0,0.0,0.0,0.6,0.5,0.0,0.513,0.095,0.0,Health Care,2026-07-03,5.89,-34.47,98
KRRO,,6.5,Tendance baissière (pas un setup),10.58,155797335.0,46.5,0.086,0.86,8.96,-18.17,2353122.0,30.2,39.0,96.0,0.0,0.0,0.0,0.611,0.424,0.0,0.0,0.722,0.143,0.0,Health Care,2026-07-03,14.0,-24.43,98
IIM,,6.5,Tendance baissière (pas un setup),10.76,506456404.0,34.6,-0.017,1.22,0.65,-11.17,2853016.0,15.2,19.1,96.0,0.0,0.0,0.0,1.0,0.024,0.0,0.0,0.401,0.04,0.462,Financials,2026-07-03,12.93,-16.78,98
MBC,,6.4,Tendance baissière (pas un setup),6.93,1410189096.0,38.4,0.06,0.0,-1.14,-11.15,24752258.0,27.4,34.3,2.0,0.0,0.0,0.0,0.874,0.9,0.204,0.0,0.302,0.048,0.0,Consumer Discretionary,2026-07-03,9.88,-29.86,98
STRT,,6.4,Tendance baissière (pas un setup),64.3,256236336.0,31.1,0.228,-0.94,-2.24,-10.89,4491017.0,30.9,31.7,16.0,0.87,0.0,0.0,1.0,0.905,0.437,0.0,0.049,0.008,0.0,Consumer Discretionary,2026-07-03,77.84,-17.39,98
COCO,,6.4,Tendance baissière (pas un setup),55.98,3285701204.0,47.3,-0.058,10.52,-1.81,8.72,82934876.0,18.0,26.1,19.0,0.0,0.0,0.0,1.0,0.513,0.11,0.0,0.328,0.159,0.0,Consumer Staples,2026-07-03,66.16,-15.39,98
ONEW,,6.4,Tendance baissière (pas un setup),9.62,160323255.0,38.5,0.057,-0.41,-0.31,-14.18,1023054.0,27.3,31.3,29.0,0.36,0.0,0.0,1.0,0.807,0.179,0.0,0.318,0.032,0.0,Consumer Discretionary,2026-07-03,10.83,-11.17,98
FFIN,,6.4,Tendance baissière (pas un setup),31.43,4504783545.0,34.8,-0.03,0.13,-1.01,-3.21,29509813.0,11.5,12.6,66.0,0.0,0.0,0.0,1.0,0.291,0.0,0.31,0.033,0.016,0.555,Financials,2026-07-03,34.88,-9.89,98
BLDP,production_energie,6.4,Tendance baissière (pas un setup),1.94,681115970.0,30.0,0.002,-3.0,-3.96,-17.8,4835142.0,33.1,33.8,7.0,1.0,0.0,0.0,0.9,0.957,0.5,0.0,0.02,0.008,0.0,Industrials,2026-07-03,3.52,-44.89,98
MGTX,,6.4,Tendance baissière (pas un setup),10.5,1008451458.0,30.1,-0.081,-2.96,-1.5,-20.81,12893097.0,31.4,32.6,78.0,0.0,0.0,0.0,0.967,0.313,0.0,0.0,0.354,0.302,0.0,Health Care,2026-07-03,13.92,-24.57,98
CTRN,,6.4,Tendance baissière (pas un setup),50.81,423727302.0,36.4,0.271,0.99,2.85,-23.26,10666419.0,34.8,39.6,63.0,0.0,0.0,0.0,0.579,0.619,0.0,0.0,0.45,0.294,0.0,Consumer Discretionary,2026-07-03,55.28,-8.09,98
CEPU,,6.4,Tendance baissière (pas un setup),12.66,1916433099.0,45.2,-0.01,0.96,7.02,-10.53,3548953.0,20.9,27.4,97.0,0.0,0.0,0.0,1.0,0.278,0.0,0.0,0.65,0.071,0.0,Utilities,2026-07-03,14.66,-13.64,98
LPX,,6.3,Tendance baissière (pas un setup),65.06,4549217055.0,42.7,0.171,0.49,0.79,-3.64,75453643.0,17.8,21.4,2.0,0.24,0.0,0.0,1.0,0.776,0.14,0.0,0.353,0.016,0.0,Industrials,2026-07-08,74.78,-13.0,93
SOUN,ia|new_tech,6.3,Tendance baissière (pas un setup),5.52,2655145850.0,32.3,-0.02,-1.95,-8.76,-14.81,103196535.0,32.6,33.5,11.0,1.0,0.0,0.0,0.919,0.933,0.5,0.0,0.0,0.008,0.0,Information Technology,2026-07-03,6.55,-15.73,98
GORO,,6.3,Tendance baissière (pas un setup),3.19,539195955.0,42.3,-0.036,-2.74,0.0,-11.88,4511588.0,24.8,52.6,33.0,0.82,0.0,0.0,0.0,0.8,0.409,0.0,0.374,0.19,0.0,Materials,2026-07-03,1.27,151.18,98
MTH,,6.3,Tendance baissière (pas un setup),60.63,3951505259.0,37.4,-0.146,0.93,-5.81,-4.29,62125732.0,21.8,23.8,17.0,0.0,0.0,0.0,1.0,0.654,0.5,0.0,0.0,0.016,0.051,Consumer Discretionary,2026-07-10,74.91,-19.06,91
EVCM,,6.3,Tendance baissière (pas un setup),9.06,1600587129.0,54.5,0.195,-2.58,-8.39,34.02,1442568.0,28.4,50.9,80.0,0.0,0.0,0.0,0.0,0.172,0.5,0.0,0.506,0.198,0.0,Information Technology,2026-07-03,9.98,-9.22,98
CLNE,,6.3,Tendance baissière (pas un setup),1.52,335076423.0,36.6,-0.007,-0.65,-3.18,-7.32,2680302.0,22.1,22.1,43.0,0.43,0.0,0.0,1.0,0.743,0.216,0.0,0.3,0.008,0.0,Energy,2026-07-03,2.05,-25.85,98
EVN,,6.3,Tendance baissière (pas un setup),9.2,364937900.0,28.5,-0.04,0.88,0.0,-11.44,1898180.0,15.4,17.3,99.0,0.0,0.0,0.0,1.0,0.005,0.0,0.0,0.394,0.032,0.429,Financials,2026-09-30,9.28,-0.86,9
HIVE,,6.3,Tendance baissière (pas un setup),2.56,702149985.0,34.4,-0.066,-6.91,-12.33,-17.42,35578008.0,28.9,30.6,42.0,1.0,0.0,0.0,1.0,0.667,0.5,0.0,0.0,0.048,0.0,Financials,2026-07-03,3.24,-20.99,98
RARE,,6.3,Tendance baissière (pas un setup),15.29,1507423868.0,41.7,0.478,2.69,3.66,6.85,82919545.0,46.4,55.3,33.0,0.0,0.0,0.0,0.0,0.805,0.5,0.0,0.304,0.167,0.0,Health Care,2026-07-03,33.47,-54.32,98
FRPH,,6.3,Tendance baissière (pas un setup),19.83,380702309.0,25.5,-0.093,-0.6,-3.22,-10.43,2145075.0,15.3,16.2,83.0,0.23,0.0,0.0,1.0,0.505,0.113,0.0,0.304,0.008,0.235,Real Estate,2026-07-03,25.31,-21.65,98
CAPR,,6.3,Tendance baissière (pas un setup),8.01,465693302.0,43.6,-0.063,-1.11,-10.4,-7.29,33579344.0,27.2,73.1,30.0,1.0,0.0,0.0,0.0,0.794,0.674,0.0,0.107,0.183,0.0,Health Care,2026-07-03,23.21,-65.49,98
TIGR,,6.3,Tendance baissière (pas un setup),4.32,771986856.0,38.6,-0.025,-2.7,1.17,-14.12,9216832.0,21.3,24.7,59.0,0.52,0.0,0.0,1.0,0.446,0.262,0.0,0.373,0.016,0.0,Financials,2026-07-03,4.58,-5.68,98
BBT,,6.3,Tendance baissière (pas un setup),27.48,2303266043.0,29.6,-0.069,0.62,-2.21,-11.55,36148986.0,16.0,17.0,93.0,0.0,0.0,0.0,1.0,0.159,0.0,0.0,0.326,0.016,0.466,Financials,2026-07-03,30.22,-9.07,98
MGPI,,6.3,Tendance baissière (pas un setup),13.77,294871827.0,45.3,0.153,5.6,6.91,-8.75,4177139.0,27.8,34.8,84.0,0.0,0.0,0.0,0.842,0.359,0.0,0.0,0.624,0.111,0.0,Consumer Staples,2026-07-03,16.98,-18.9,98
FRA,,6.3,Tendance baissière (pas un setup),10.25,1524815328.0,35.4,-0.028,-0.58,-2.47,-4.42,1748860.0,7.2,7.5,88.0,0.03,0.0,0.0,0.254,0.071,0.014,0.855,0.026,0.008,0.653,Financials,2026-07-03,10.92,-6.14,98
GEVO,,6.3,Tendance baissière (pas un setup),1.35,333770090.0,39.3,-0.009,3.85,2.27,-14.01,4461836.0,23.3,29.0,78.0,0.26,0.0,0.0,1.0,0.504,0.132,0.0,0.409,0.063,0.0,Materials,2026-07-03,1.41,-4.26,98
PDYN,defense|robotique,6.3,Tendance baissière (pas un setup),5.12,252613171.0,38.5,-0.017,-1.73,-3.85,-10.96,4868562.0,23.2,26.2,27.0,0.14,0.0,0.0,1.0,0.787,0.144,0.0,0.332,0.032,0.0,Information Technology,2026-07-03,5.84,-12.33,98
AEBI,,6.3,Tendance baissière (pas un setup),11.03,855921206.0,40.7,0.01,0.73,2.8,-10.76,4259869.0,26.1,30.8,66.0,0.4,0.0,0.0,1.0,0.509,0.2,0.0,0.362,0.056,0.0,Industrials,2026-07-03,12.09,-8.77,98
ATAT,,6.2,Tendance baissière (pas un setup),31.61,4300325426.0,38.3,-0.018,-0.97,-2.11,-4.59,28863967.0,14.9,16.3,2.0,0.38,0.0,0.0,1.0,0.986,0.263,0.0,0.025,0.008,0.147,Consumer Discretionary,2026-07-03,32.22,-1.89,98
FCPT,,6.2,Tendance baissière (pas un setup),21.25,2332323628.0,23.6,-0.03,1.05,-0.79,-12.85,30708265.0,18.1,19.6,90.0,0.0,0.0,0.0,1.0,0.266,0.0,0.0,0.36,0.032,0.344,Real Estate,2026-07-03,25.11,-15.37,98
FUL,,6.2,Tendance baissière (pas un setup),50.44,2715140762.0,41.9,0.329,1.06,0.42,-2.7,56147881.0,21.5,27.3,1.0,0.0,0.0,0.0,1.0,0.694,0.0,0.0,0.312,0.087,0.137,Materials,2026-07-03,58.06,-13.12,98
KEEL,,6.2,Tendance baissière (pas un setup),3.15,1945355618.0,38.6,-0.055,-5.41,-8.43,-15.09,106262387.0,27.3,31.7,23.0,0.66,0.0,0.0,1.0,0.862,0.395,0.0,0.0,0.056,0.0,Information Technology,2026-07-03,4.59,-31.37,98
MPAA,,6.2,Tendance baissière (pas un setup),10.55,199745334.0,39.5,0.073,-0.66,2.03,-9.67,1311157.0,26.7,30.2,1.0,0.13,0.0,0.0,1.0,0.995,0.063,0.0,0.326,0.024,0.0,Consumer Discretionary,2026-07-03,14.67,-28.08,98
VZLA,,6.2,Tendance baissière (pas un setup),3.47,1232047346.0,37.5,-0.065,1.46,-7.47,-15.16,17345627.0,19.5,28.9,68.0,0.61,0.0,0.0,1.0,0.427,0.303,0.0,0.043,0.23,0.0,Materials,2026-07-03,3.34,3.89,98
REFI,,6.2,Tendance baissière (pas un setup),9.64,246987847.0,33.2,-0.08,0.31,-2.92,-6.29,2611853.0,11.0,14.5,71.0,0.0,0.0,0.0,1.0,0.225,0.0,0.374,0.021,0.032,0.482,Real Estate,2026-07-03,10.68,-9.74,98
VGM,,6.2,Tendance baissière (pas un setup),8.73,473445081.0,32.9,-0.022,1.51,-0.23,-11.68,3654221.0,16.1,19.4,98.0,0.0,0.0,0.0,1.0,0.01,0.0,0.0,0.372,0.024,0.437,Financials,2026-07-03,10.58,-17.49,98
LMNR,,6.2,Tendance baissière (pas un setup),12.05,218490684.0,38.3,0.016,0.42,1.09,-19.34,2037780.0,20.8,24.1,83.0,0.0,0.0,0.0,1.0,0.308,0.0,0.0,0.389,0.032,0.286,Consumer Staples,2026-07-03,13.22,-8.85,98
TCMD,,6.2,Tendance baissière (pas un setup),22.12,501068566.0,42.7,0.075,0.45,1.89,0.45,6064107.0,27.3,30.0,2.0,0.58,0.0,0.0,1.0,0.986,0.289,0.0,0.069,0.056,0.0,Health Care,2026-07-03,31.35,-29.44,98
PII,,6.2,Tendance baissière (pas un setup),52.81,3005075102.0,33.5,0.375,0.04,0.84,-10.88,46985732.0,28.5,30.5,26.0,0.15,0.0,0.0,1.0,0.843,0.077,0.0,0.345,0.04,0.0,Consumer Discretionary,2026-07-03,63.12,-16.33,98
ESOA,,6.2,Tendance baissière (pas un setup),10.46,195175033.0,34.3,0.051,0.19,-4.56,-10.43,1210724.0,34.4,35.8,2.0,0.94,0.0,0.0,0.791,0.986,0.505,0.0,0.0,0.016,0.0,Industrials,2026-07-03,17.86,-41.43,98
VLRS,,6.2,Tendance baissière (pas un setup),6.28,729710384.0,36.9,-0.005,-1.1,-2.03,-6.96,2211591.0,27.6,28.6,15.0,1.0,0.0,0.0,1.0,0.729,0.5,0.0,0.012,0.008,0.0,Industrials,2026-07-03,9.16,-31.44,98
AKR,,6.2,Tendance baissière (pas un setup),18.18,2496708886.0,20.7,-0.033,0.55,-2.68,-8.6,24986882.0,19.5,20.4,50.0,0.42,0.0,0.0,1.0,0.685,0.211,0.0,0.021,0.016,0.326,Real Estate,2026-07-03,21.27,-14.53,98
WOOF,,6.1,Tendance baissière (pas un setup),2.24,641579360.0,36.7,0.006,0.9,1.82,-9.31,5221651.0,30.4,33.5,22.0,0.09,0.0,0.0,0.914,0.867,0.046,0.0,0.388,0.048,0.0,Consumer Discretionary,2026-07-03,2.62,-14.5,98
NPCE,,6.1,Tendance baissière (pas un setup),12.39,425277755.0,33.2,-0.157,-2.9,-5.78,-14.55,1918708.0,20.3,21.1,58.0,0.83,0.0,0.0,1.0,0.492,0.543,0.0,0.025,0.008,0.0,Health Care,2026-07-03,16.14,-23.23,98
CCS,,6.1,Tendance baissière (pas un setup),56.76,1613851404.0,32.8,-0.277,0.78,-5.65,-8.82,15667236.0,22.5,25.9,20.0,0.32,0.0,0.0,1.0,0.621,0.161,0.0,0.003,0.159,0.194,Real Estate,2026-07-03,69.99,-18.9,98
OCFC,,6.1,Tendance baissière (pas un setup),16.42,1586914496.0,26.1,-0.021,-0.24,-1.5,-11.96,20455912.0,17.6,18.9,94.0,0.0,0.0,0.0,1.0,0.164,0.0,0.0,0.344,0.016,0.387,Financials,2026-07-03,19.05,-13.81,98
GNL,,6.1,Tendance baissière (pas un setup),7.96,1841290142.0,13.0,-0.057,-0.62,-3.4,-12.43,25288259.0,14.7,16.1,100.0,0.0,0.0,0.0,1.0,0.213,0.0,0.0,0.319,0.008,0.422,Real Estate,2026-07-03,9.21,-13.57,98
SGML,,6.1,Tendance baissière (pas un setup),9.56,1076153072.0,45.7,0.074,-3.04,14.7,-9.56,24061826.0,27.4,40.9,6.0,0.0,0.0,0.0,0.506,0.845,0.0,0.0,0.604,0.071,0.0,Materials,2026-07-03,12.29,-22.21,98
ENPH,production_energie,6.1,Tendance baissière (pas un setup),32.91,4348880366.0,40.7,0.2,-1.76,0.27,-10.38,157639810.0,24.0,29.4,17.0,0.18,0.0,0.0,1.0,0.837,0.09,0.0,0.338,0.032,0.0,Information Technology,2026-07-24,38.89,-15.38,77
SUPN,,6.1,Tendance baissière (pas un setup),42.14,2449472328.0,43.0,0.071,-2.11,-0.09,0.17,29950703.0,19.7,22.8,18.0,0.48,0.0,0.0,1.0,0.694,0.389,0.0,0.093,0.008,0.02,Health Care,2026-07-03,48.05,-12.3,98
INFQ,quantique,6.1,Tendance baissière (pas un setup),11.16,2514984700.0,33.3,-0.327,-4.12,-16.47,-15.84,105435612.0,25.9,39.9,21.0,0.56,0.0,0.4,0.561,0.761,0.282,0.0,0.0,0.135,0.0,Information Technology,2026-09-22,13.96,-20.06,17
MPLT,,6.1,Tendance baissière (pas un setup),9.15,592678495.0,27.8,0.045,-2.24,-4.98,-33.26,5067625.0,41.0,42.5,60.0,1.0,0.0,0.0,0.419,0.638,0.5,0.0,0.319,0.008,0.0,Health Care,2026-07-03,37.09,-75.33,98
ETOR,,6.1,Tendance baissière (pas un setup),25.26,2034600372.0,31.7,0.021,-0.16,-2.02,-17.45,29246791.0,32.4,33.3,66.0,0.4,0.0,0.0,0.93,0.605,0.199,0.0,0.363,0.016,0.0,Financials,2026-07-03,40.47,-37.58,98
NTST,,6.1,Tendance baissière (pas un setup),17.43,1769633005.0,30.4,-0.015,1.28,0.23,-13.02,33605906.0,19.9,21.9,79.0,0.0,0.0,0.0,1.0,0.357,0.0,0.0,0.362,0.024,0.281,Real Estate,2026-07-03,21.66,-19.53,98
SOC,,6.1,Tendance baissière (pas un setup),3.86,740616548.0,44.8,0.003,5.18,17.33,-21.54,35963756.0,29.0,39.7,78.0,0.17,0.0,0.0,0.575,0.467,0.086,0.0,0.617,0.079,0.0,Energy,2026-07-03,4.25,-9.18,98
AQN,,6.1,Tendance baissière (pas un setup),5.08,3910318235.0,38.8,0.021,0.4,0.99,-7.93,26280015.0,14.8,17.9,56.0,0.0,0.0,0.0,1.0,0.473,0.052,0.0,0.354,0.063,0.132,Utilities,2026-07-03,5.48,-7.3,98
BBAR,,6.1,Tendance baissière (pas un setup),12.69,2591763634.0,36.4,0.047,-2.16,2.09,-16.29,7369487.0,37.2,40.3,52.0,0.73,0.0,0.0,0.539,0.588,0.367,0.0,0.367,0.032,0.0,Financials,2026-07-03,19.45,-34.76,98
PNNT,,6.1,Tendance baissière (pas un setup),3.21,209600462.0,35.1,-0.018,0.94,-3.31,-8.55,1749713.0,14.9,17.6,60.0,0.43,0.0,0.0,1.0,0.546,0.213,0.0,0.322,0.024,0.0,Financials,2026-07-03,3.45,-6.96,98
LEU,production_energie,6.1,Tendance baissière (pas un setup),142.09,2803990988.0,42.5,1.088,-3.43,2.14,-21.71,115288104.0,31.9,34.9,4.0,0.0,0.0,0.0,0.838,0.976,0.0,0.0,0.416,0.056,0.0,Energy,2026-07-03,162.13,-12.36,98
EH,,6.1,Tendance baissière (pas un setup),4.08,309449077.0,32.9,-0.009,-1.45,0.0,-10.53,2885941.0,33.7,35.8,33.0,0.41,0.0,0.0,0.79,0.8,0.204,0.0,0.341,0.024,0.0,Industrials,2026-07-03,6.31,-35.34,98
REAX,,6.1,Tendance baissière (pas un setup),17.08,374393600.0,46.2,0.19,4.85,6.22,-17.61,12689483.0,40.8,50.6,33.0,0.3,0.0,0.0,0.0,0.805,0.151,0.0,0.629,0.151,0.0,Real Estate,2026-07-03,2.17,687.1,98
CBU,,6.0,Tendance baissière (pas un setup),59.1,3109599986.0,33.8,-0.091,-0.2,-1.38,-4.57,20024918.0,11.9,12.8,65.0,0.0,0.0,0.0,1.0,0.361,0.0,0.26,0.031,0.016,0.459,Financials,2026-07-03,67.61,-12.59,98
PENN,,6.0,Tendance baissière (pas un setup),15.76,2112889474.0,44.0,0.125,0.25,8.54,-8.21,54454146.0,25.4,33.1,85.0,0.0,0.0,0.0,0.937,0.215,0.0,0.0,0.571,0.087,0.016,Consumer Discretionary,2026-07-03,22.02,-28.43,98
CBT,,6.0,Tendance baissière (pas un setup),75.61,3903820439.0,34.9,-0.004,0.27,-0.97,-4.71,34347623.0,16.0,17.2,12.0,0.12,0.0,0.0,1.0,0.89,0.062,0.0,0.025,0.016,0.348,Materials,2026-07-03,86.35,-12.44,98
OSIS,defense,6.0,Tendance baissière (pas un setup),193.36,3082538932.0,37.4,0.327,-0.36,-1.66,-2.09,40141436.0,19.7,22.6,17.0,0.68,0.0,0.0,1.0,0.9,0.341,0.0,0.041,0.016,0.0,Information Technology,2026-07-03,221.76,-12.81,98
PRM,,6.0,Tendance baissière (pas un setup),27.7,4534127767.0,40.2,0.024,-2.6,1.84,-11.3,40442125.0,27.4,33.7,76.0,0.3,0.0,0.0,0.903,0.355,0.152,0.0,0.38,0.04,0.086,Materials,2026-07-31,37.23,-25.6,70
TLRY,,6.0,Tendance baissière (pas un setup),3.59,530537886.0,33.9,-0.019,-3.49,0.56,-14.73,16134414.0,27.5,31.7,48.0,0.31,0.0,0.0,1.0,0.66,0.156,0.0,0.344,0.008,0.0,Health Care,2026-07-03,4.62,-22.29,98
DOO,,6.0,Tendance baissière (pas un setup),54.39,3869864926.0,37.7,-0.044,-2.28,-0.49,-9.8,15264182.0,22.2,23.0,39.0,0.28,0.0,0.0,1.0,0.735,0.138,0.0,0.334,0.008,0.0,Consumer Discretionary,2026-07-03,57.87,-6.01,98
NOA,,6.0,Tendance baissière (pas un setup),11.88,329200289.0,30.8,-0.013,0.0,-1.9,-13.16,1224741.0,26.1,27.1,67.0,0.39,0.0,0.0,1.0,0.595,0.193,0.0,0.313,0.016,0.005,Energy,2026-07-03,12.91,-7.98,98
BHVN,,6.0,Tendance baissière (pas un setup),11.93,1801952307.0,37.2,-0.134,0.42,-9.21,-20.47,34843132.0,34.6,37.2,37.0,0.32,0.0,0.0,0.713,0.778,0.162,0.0,0.0,0.357,0.0,Health Care,2026-07-03,15.96,-25.25,98
LWLG,laser_photonique|semiconducteurs,6.0,Tendance baissière (pas un setup),5.11,787794673.0,43.8,0.068,-5.89,-6.07,-3.04,15889591.0,38.6,44.5,8.0,0.19,0.0,0.0,0.307,0.878,0.596,0.0,0.11,0.056,0.0,Materials,2026-07-03,7.37,-30.66,98
GIII,,6.0,Tendance baissière (pas un setup),26.77,1147804119.0,32.6,0.174,-0.67,-2.9,-2.45,21088581.0,28.4,29.0,6.0,0.0,0.0,0.0,1.0,0.955,0.298,0.0,0.025,0.016,0.052,Consumer Discretionary,2026-07-03,33.5,-20.09,98
NAMS,,6.0,Tendance baissière (pas un setup),21.26,2541360213.0,33.9,0.036,-3.93,-12.0,-6.71,40575294.0,26.6,27.8,15.0,0.0,0.0,0.0,1.0,0.635,0.5,0.0,0.0,0.008,0.0,Health Care,2026-07-03,34.83,-38.96,98
PTON,,6.0,Tendance baissière (pas un setup),4.92,2159249261.0,45.2,0.026,1.44,-1.01,-2.77,43049542.0,26.5,29.9,2.0,0.25,0.0,0.0,1.0,0.808,0.164,0.0,0.219,0.048,0.0,Consumer Discretionary,2026-07-03,5.75,-14.43,98
CENX,,6.0,Tendance baissière (pas un setup),36.38,3601376072.0,34.4,0.049,0.97,1.08,-23.72,70762530.0,34.5,36.9,43.0,0.38,0.0,0.0,0.727,0.743,0.19,0.0,0.399,0.024,0.0,Materials,2026-07-03,43.76,-16.86,98
MMYT,,6.0,Tendance baissière (pas un setup),43.53,4094373557.0,26.3,-0.103,0.28,-8.84,-11.27,52869468.0,33.0,35.8,17.0,0.0,0.0,0.0,0.789,0.739,0.5,0.0,0.023,0.04,0.0,Consumer Discretionary,2026-09-08,55.62,-21.74,31
ADUR,,6.0,Tendance baissière (pas un setup),11.18,399179083.0,26.9,-0.058,0.31,-7.76,-15.69,3165319.0,34.2,36.6,8.0,1.0,0.0,0.0,0.747,0.952,0.5,0.0,0.0,0.016,0.0,Industrials,2026-07-03,15.68,-28.7,98
UCTT,memoire|semiconducteurs,6.0,Tendance baissière (pas un setup),67.58,3059821620.0,39.1,-0.411,-5.38,-14.06,-9.89,72133129.0,31.5,36.5,33.0,0.63,0.0,0.0,0.751,0.717,0.563,0.0,0.0,0.04,0.0,Information Technology,2026-07-03,106.48,-36.53,98
HUN,,5.9,Tendance baissière (pas un setup),8.5,1490718236.0,37.7,0.028,-1.51,-1.96,-10.43,25818453.0,29.5,32.8,21.0,0.3,0.0,0.0,0.955,0.705,0.148,0.0,0.316,0.016,0.0,Materials,2026-07-03,10.82,-21.44,98
GTY,,5.9,Tendance baissière (pas un setup),27.9,1727922302.0,28.4,0.009,1.27,0.22,-13.38,22443409.0,18.9,20.6,90.0,0.0,0.0,0.0,1.0,0.341,0.0,0.0,0.363,0.032,0.235,Real Estate,2026-07-03,34.34,-18.75,98
APC,,5.9,Tendance baissière (pas un setup),16.28,204643230.0,41.1,0.013,0.25,8.32,-14.72,2852636.0,19.4,28.2,97.0,0.0,0.0,0.0,1.0,0.019,0.0,0.0,0.443,0.063,0.231,Energy,2026-09-18,18.59,-12.43,21
BOOT,,5.9,Tendance baissière (pas un setup),121.6,3682637030.0,35.8,0.869,-0.6,0.51,-14.98,94681903.0,29.3,30.7,58.0,0.03,0.0,0.0,1.0,0.652,0.113,0.0,0.355,0.008,0.0,Consumer Discretionary,2026-07-03,157.72,-22.9,98
DEI,,5.9,Tendance baissière (pas un setup),9.9,1658104143.0,42.8,0.073,0.41,1.96,-6.31,24292237.0,18.3,22.7,48.0,0.0,0.0,0.0,1.0,0.432,0.0,0.0,0.431,0.095,0.019,Real Estate,2026-07-03,12.51,-20.86,98
IART,,5.9,Tendance baissière (pas un setup),13.41,1042929305.0,35.0,-0.254,3.15,-16.66,-17.48,17155463.0,28.1,33.8,86.0,0.0,0.0,0.0,0.901,0.086,0.5,0.0,0.019,0.175,0.0,Health Care,2026-07-03,18.05,-25.71,98
AOMR,,5.9,Tendance baissière (pas un setup),7.27,168772156.0,35.5,-0.017,1.82,0.0,-11.99,1332534.0,18.0,19.8,94.0,0.0,0.0,0.0,1.0,0.033,0.0,0.0,0.355,0.024,0.372,Real Estate,2026-07-03,9.04,-19.58,98
AREC,,5.9,Tendance baissière (pas un setup),1.65,176502599.0,27.7,-0.015,1.23,-8.33,-28.57,2972677.0,44.1,45.6,39.0,0.86,0.0,0.0,0.245,0.767,0.465,0.0,0.304,0.04,0.0,Materials,2026-07-03,1.96,-15.82,98
YELP,,5.9,Tendance baissière (pas un setup),19.37,1051086339.0,46.9,0.21,5.27,6.96,-5.37,28602717.0,33.7,40.9,80.0,0.0,0.0,0.0,0.505,0.404,0.0,0.0,0.689,0.103,0.0,Communication Services,2026-07-03,26.52,-26.96,98
CCAP,,5.9,Tendance baissière (pas un setup),9.09,334929704.0,32.2,0.013,0.89,-0.87,-7.86,2624664.0,21.0,23.0,37.0,0.11,0.0,0.0,1.0,0.733,0.057,0.0,0.35,0.04,0.0,Financials,2026-07-03,11.12,-18.26,98
EIKN,,5.9,Tendance baissière (pas un setup),7.5,406237725.0,34.8,-0.018,-0.53,1.21,-30.1,6025033.0,48.3,51.6,21.0,0.0,0.0,0.0,0.0,0.876,0.5,0.0,0.368,0.024,0.0,Health Care,2026-09-11,9.21,-18.57,28
EGAN,,5.9,Tendance baissière (pas un setup),5.31,138970490.0,37.1,0.006,1.34,-10.76,3.91,1821077.0,30.1,33.9,48.0,0.0,0.0,0.0,0.892,0.552,0.5,0.0,0.0,0.056,0.0,Information Technology,2026-07-03,6.53,-18.68,98
ISOU,production_energie,5.9,Tendance baissière (pas un setup),9.26,604134984.0,43.3,0.026,-4.73,4.04,-22.7,2106730.0,26.2,30.6,32.0,0.0,0.0,0.0,1.0,0.598,0.0,0.0,0.467,0.032,0.0,Energy,2026-07-03,10.04,-7.77,98
RGTI,new_tech|quantique,5.9,Tendance baissière (pas un setup),14.14,4719490083.0,35.0,-0.149,-3.08,-9.48,-7.22,243610936.0,27.0,30.3,11.0,0.67,0.0,0.0,1.0,0.841,0.404,0.0,0.0,0.016,0.0,Information Technology,2026-07-16,15.25,-7.28,85
VITL,,5.9,Tendance baissière (pas un setup),9.44,405058910.0,41.8,-0.047,2.11,5.77,-4.6,20473659.0,30.6,36.1,87.0,0.0,0.0,0.0,0.773,0.301,0.228,0.0,0.371,0.111,0.0,Consumer Staples,2026-07-03,12.76,-26.02,98
BEAM,,5.9,Tendance baissière (pas un setup),24.6,2540876559.0,44.1,0.17,-0.69,0.86,-2.28,46437680.0,21.9,28.0,1.0,0.29,0.0,0.0,1.0,0.868,0.144,0.0,0.175,0.063,0.0,Health Care,2026-07-03,34.79,-29.29,98
MHO,,5.9,Tendance baissière (pas un setup),130.17,3291092145.0,31.6,-0.524,0.66,-3.77,-8.44,27936056.0,16.8,19.1,44.0,0.34,0.0,0.0,1.0,0.538,0.17,0.0,0.036,0.032,0.318,Consumer Discretionary,2026-07-03,156.84,-17.0,98
POET,ia|laser_photonique|new_tech|quantique|semiconducteurs,5.9,Tendance baissière (pas un setup),7.04,1218328940.0,39.7,-0.031,-5.12,-7.85,-12.0,61920021.0,29.6,33.5,4.0,0.86,0.0,0.0,0.917,0.85,0.429,0.0,0.0,0.016,0.0,Information Technology,2026-07-03,8.76,-19.63,98
RUN,,5.9,Tendance baissière (pas un setup),7.59,1828028593.0,37.0,0.009,-0.26,-0.65,-13.75,64999209.0,32.2,35.1,47.0,0.4,0.0,0.0,0.829,0.679,0.201,0.0,0.335,0.016,0.0,Information Technology,2026-07-03,12.74,-40.42,98
NNE,new_tech|production_energie,5.9,Tendance baissière (pas un setup),15.26,819433708.0,40.3,-0.017,-4.68,-2.99,-16.02,33529397.0,27.8,29.9,2.0,0.1,0.0,0.0,1.0,0.935,0.049,0.0,0.328,0.008,0.0,Industrials,2026-07-03,20.03,-23.81,98
PLNT,,5.9,Tendance baissière (pas un setup),44.03,3311802969.0,44.0,0.262,2.18,5.21,-11.73,125379029.0,23.3,30.5,80.0,0.0,0.0,0.0,1.0,0.172,0.0,0.0,0.534,0.103,0.0,Consumer Discretionary,2026-07-03,53.45,-17.62,98
NHI,,5.9,Tendance baissière (pas un setup),64.58,3171551828.0,33.2,0.011,0.97,-0.77,-6.68,28194601.0,16.7,18.1,22.0,0.0,0.0,0.0,1.0,0.84,0.0,0.0,0.307,0.016,0.112,Real Estate,2026-07-03,77.49,-16.66,98
CSIQ,,5.9,Tendance baissière (pas un setup),11.02,747001215.0,39.2,0.094,-2.04,-2.22,-18.13,20579808.0,33.1,37.3,30.0,0.44,0.0,0.0,0.708,0.819,0.221,0.0,0.325,0.024,0.0,Information Technology,2026-07-03,14.46,-23.79,98
NAGE,,5.9,Tendance baissière (pas un setup),2.66,210475165.0,32.3,-0.027,-2.21,-0.75,-12.79,1561067.0,26.7,28.1,82.0,0.41,0.0,0.0,1.0,0.304,0.294,0.0,0.313,0.008,0.0,Health Care,2026-07-03,3.43,-22.45,98
MC,,5.8,Tendance baissière (pas un setup),56.27,4404200456.0,30.0,-0.018,0.21,-1.19,-13.95,55934157.0,20.2,23.3,73.0,0.04,0.0,0.0,1.0,0.5,0.019,0.0,0.351,0.032,0.137,Financials,2026-07-13,63.75,-11.73,88
AMOD,,5.8,Tendance baissière (pas un setup),2.33,131896230.0,49.1,0.161,2.64,99.15,19.49,41584522.0,55.4,78.5,86.0,0.0,0.0,0.0,0.0,0.086,0.5,0.0,0.446,0.183,0.0,Information Technology,2026-10-05,3.49,-33.24,4
BDC,,5.8,Tendance baissière (pas un setup),107.94,4218099937.0,41.4,0.09,-1.34,-0.31,-8.31,45945698.0,23.0,24.6,6.0,0.46,0.0,0.0,1.0,0.895,0.232,0.0,0.049,0.071,0.0,Information Technology,2026-07-03,115.41,-6.47,98
MRCY,defense|espace,5.8,Tendance baissière (pas un setup),78.52,4779008773.0,34.8,0.185,-1.54,-6.6,-2.77,53130949.0,31.9,32.9,7.0,0.55,0.0,0.0,0.951,0.957,0.362,0.0,0.0,0.008,0.0,Industrials,2026-09-02,82.8,-5.17,37
OPEN,,5.8,Tendance baissière (pas un setup),2.29,2223798505.0,28.9,0.012,0.88,-4.58,-23.67,80865459.0,45.7,49.5,33.0,0.95,0.0,0.0,0.026,0.799,0.55,0.0,0.308,0.024,0.0,Real Estate,2026-07-03,4.9,-53.27,98
CDLR,,5.8,Tendance baissière (pas un setup),21.51,2075517904.0,33.8,-0.274,-1.19,0.42,-16.6,1565121.0,17.9,18.9,91.0,0.38,0.0,0.0,1.0,0.174,0.192,0.0,0.391,0.008,0.056,Industrials,2026-07-03,22.17,-2.98,98
NVST,,5.8,Tendance baissière (pas un setup),22.72,3649234348.0,30.0,0.005,-1.39,-1.9,-14.0,74059979.0,21.7,23.1,56.0,0.0,0.0,0.0,1.0,0.662,0.0,0.0,0.312,0.008,0.156,Health Care,2026-07-03,27.63,-17.77,98
JBI,,5.8,Tendance baissière (pas un setup),4.24,578487750.0,41.5,0.027,0.71,1.68,-8.82,10282548.0,25.6,29.6,32.0,0.0,0.0,0.0,1.0,0.659,0.055,0.0,0.33,0.056,0.0,Industrials,2026-07-03,5.35,-20.75,98
TGS,,5.8,Tendance baissière (pas un setup),26.39,3973072875.0,42.5,-0.01,0.57,5.77,-11.53,6675861.0,18.2,23.7,96.0,0.0,0.0,0.0,1.0,0.263,0.0,0.0,0.457,0.056,0.087,Energy,2026-07-03,28.4,-7.08,98
VCV,,5.8,Tendance baissière (pas un setup),8.81,421915525.0,23.8,-0.015,0.23,-2.54,-11.94,2955272.0,17.3,18.3,94.0,0.0,0.0,0.0,1.0,0.033,0.0,0.0,0.36,0.016,0.365,Financials,2026-07-03,10.79,-18.35,98
SLSR,,5.8,Tendance baissière (pas un setup),6.73,1124147757.0,35.1,-0.014,-1.46,-2.89,-20.64,1033967.0,25.7,25.8,15.0,0.6,0.0,0.0,1.0,0.91,0.302,0.0,0.048,0.008,0.0,Materials,2026-07-03,8.45,-20.36,98
TLSI,,5.8,Tendance baissière (pas un setup),4.13,254303098.0,35.4,-0.039,-2.82,-0.48,-13.24,2379532.0,30.1,32.0,56.0,0.0,0.0,0.0,1.0,0.341,0.0,0.0,0.318,0.206,0.0,Health Care,2026-07-03,4.69,-11.94,98
HROW,,5.8,Tendance baissière (pas un setup),30.52,1144129182.0,28.4,-0.007,-0.33,-0.29,-18.72,20289916.0,29.0,30.6,31.0,0.0,0.0,0.0,1.0,0.814,0.0,0.0,0.366,0.024,0.0,Health Care,2026-07-03,42.74,-28.59,98
TBBK,,5.8,Tendance baissière (pas un setup),49.33,2012013288.0,34.2,0.512,2.49,0.8,-1.4,30678454.0,32.4,35.6,8.0,0.0,0.0,0.0,0.799,0.952,0.0,0.0,0.374,0.056,0.0,Financials,2026-07-03,63.89,-22.79,98
EVLV,,5.8,Tendance baissière (pas un setup),4.58,829557749.0,36.7,0.002,-2.35,-2.76,-7.1,11176247.0,25.8,27.7,15.0,0.0,0.0,0.0,1.0,0.835,0.0,0.0,0.368,0.016,0.0,Industrials,2026-07-03,6.24,-26.6,98
CDZI,,5.7,Tendance baissière (pas un setup),3.52,298063304.0,45.5,-0.02,-2.76,-4.86,-13.09,4091818.0,20.0,33.9,11.0,0.0,0.0,0.0,0.896,0.702,0.0,0.0,0.237,0.198,0.0,Utilities,2026-07-03,4.19,-15.99,98
ABX,,5.7,Tendance baissière (pas un setup),8.32,813631512.0,42.2,0.048,0.36,5.45,-13.51,5705319.0,24.9,31.2,60.0,0.0,0.0,0.0,1.0,0.486,0.0,0.0,0.386,0.095,0.0,Financials,2026-07-03,11.86,-29.85,98
VKI,,5.7,Tendance baissière (pas un setup),7.53,334377331.0,31.0,-0.016,-1.44,0.8,-11.97,2460984.0,16.4,19.5,99.0,0.0,0.0,0.0,1.0,0.005,0.0,0.0,0.387,0.008,0.331,Financials,2026-09-28,7.96,-5.4,11
UE,,5.7,Tendance baissière (pas un setup),19.29,2435255749.0,26.3,0.004,-0.1,-1.38,-6.44,17404340.0,15.1,15.7,26.0,0.12,0.0,0.0,1.0,0.639,0.058,0.0,0.04,0.016,0.383,Real Estate,2026-07-03,22.96,-15.98,98
ALG,,5.7,Tendance baissière (pas un setup),155.39,1891246251.0,37.5,-0.517,-0.97,-0.62,-9.46,32987968.0,11.3,13.4,74.0,0.0,0.0,0.0,1.0,0.244,0.0,0.344,0.303,0.04,0.032,Industrials,2026-07-03,170.25,-8.73,98
SOHU,,5.7,Tendance baissière (pas un setup),12.53,326644846.0,36.0,-0.037,-1.03,-2.26,-7.05,1223436.0,18.1,19.6,59.0,0.0,0.0,0.0,1.0,0.644,0.0,0.0,0.329,0.032,0.081,Communication Services,2026-09-16,13.79,-9.14,23
CNS,,5.7,Tendance baissière (pas un setup),70.71,3636016598.0,29.0,-0.083,0.3,-3.3,-8.37,23095017.0,18.3,19.6,13.0,0.0,0.0,0.0,1.0,0.773,0.0,0.0,0.007,0.032,0.39,Financials,2026-07-03,78.57,-10.0,98
NCDL,,5.7,Tendance baissière (pas un setup),10.89,537825138.0,31.1,-0.053,1.87,-2.59,-7.74,3034693.0,13.7,16.5,75.0,0.0,0.0,0.0,1.0,0.325,0.0,0.032,0.305,0.024,0.243,Financials,2026-07-03,12.68,-14.12,98
CLVT,,5.6,Tendance baissière (pas un setup),1.63,1042652325.0,41.0,-0.019,10.88,1.87,-14.66,7903314.0,27.2,36.6,95.0,0.4,0.0,0.0,0.744,0.348,0.202,0.0,0.402,0.048,0.0,Information Technology,2026-07-03,2.59,-37.07,98
BDTX,,5.6,Tendance baissière (pas un setup),1.81,103991282.0,39.0,-0.008,-1.09,-3.72,-13.81,1196756.0,22.0,30.2,2.0,0.21,0.0,0.0,1.0,0.862,0.184,0.0,0.017,0.119,0.0,Health Care,2026-07-03,2.01,-9.95,98
JELD,,5.6,Tendance baissière (pas un setup),1.74,150968285.0,43.7,-0.012,-1.69,-11.22,-17.14,3061704.0,32.0,50.6,1.0,0.32,0.0,0.0,0.0,0.761,0.162,0.0,0.149,0.46,0.0,Industrials,2026-07-03,1.44,20.83,98
IMCR,,5.6,Tendance baissière (pas un setup),29.09,1498094769.0,25.4,-0.128,-1.09,-4.75,-15.61,13551418.0,23.4,24.5,55.0,0.2,0.0,0.0,1.0,0.499,0.1,0.0,0.326,0.008,0.048,Health Care,2026-07-03,32.5,-10.49,98
NEOV,,5.6,Tendance baissière (pas un setup),2.6,153434442.0,41.5,-0.016,-6.81,3.17,-33.5,4642608.0,40.2,54.7,67.0,0.29,0.0,0.0,0.0,0.427,0.146,0.0,0.335,0.413,0.0,Industrials,2026-07-03,2.49,4.42,98
VSNT,,5.6,Tendance baissière (pas un setup),31.77,4409431466.0,33.1,-0.036,1.05,3.02,-13.6,63705167.0,24.1,28.9,92.0,0.0,0.0,0.0,1.0,0.432,0.0,0.0,0.455,0.048,0.0,Communication Services,2026-09-18,36.33,-12.55,21
TRDA,,5.6,Tendance baissière (pas un setup),5.53,215319780.0,34.2,-0.079,-1.43,-2.64,-22.22,2046943.0,30.6,35.4,85.0,0.52,0.0,0.0,0.812,0.312,0.258,0.0,0.35,0.032,0.0,Health Care,2026-07-03,7.72,-28.37,98
HAPN,,5.6,Tendance baissière (pas un setup),15.33,1769196423.0,37.5,0.094,1.12,-0.45,-8.91,28749043.0,27.9,31.5,33.0,0.0,0.0,0.0,1.0,0.593,0.0,0.0,0.34,0.063,0.025,Financials,2026-07-03,19.69,-22.14,98
AIP,,5.6,Tendance baissière (pas un setup),22.84,1122634010.0,44.5,0.149,-2.39,-4.87,0.75,15977924.0,32.0,40.4,10.0,0.27,0.0,0.0,0.535,0.943,0.235,0.0,0.155,0.127,0.0,Information Technology,2026-07-03,35.06,-34.85,98
TTI,,5.6,Tendance baissière (pas un setup),6.12,906205407.0,40.8,0.081,0.0,4.97,-13.44,13173396.0,33.2,38.4,25.0,0.0,0.0,0.0,0.643,0.852,0.0,0.0,0.386,0.111,0.0,Industrials,2026-07-03,9.3,-34.19,98
HQH,,5.6,Tendance baissière (pas un setup),19.13,905685478.0,20.8,-0.216,-0.73,-6.13,-14.41,3857219.0,20.9,22.2,89.0,0.63,0.0,0.0,1.0,0.067,0.314,0.0,0.035,0.024,0.304,Financials,2026-07-03,22.0,-13.05,98
LINC,,5.6,Tendance baissière (pas un setup),23.24,737207172.0,39.9,0.348,2.2,4.83,-3.93,16701643.0,48.1,52.9,52.0,0.85,0.0,0.0,0.0,0.69,0.424,0.0,0.378,0.079,0.0,Consumer Staples,2026-07-03,52.33,-55.59,98
DRUG,,5.6,Tendance baissière (pas un setup),52.0,510617172.0,35.9,0.295,0.0,5.67,-20.07,7120692.0,40.2,45.7,79.0,0.61,0.0,0.0,0.238,0.323,0.424,0.0,0.405,0.071,0.0,Health Care,2026-07-03,67.6,-23.08,98
LXRX,,5.6,Tendance baissière (pas un setup),1.76,783122444.0,33.0,-0.01,0.0,-3.3,-18.14,6563499.0,30.2,32.5,63.0,0.0,0.0,0.0,0.97,0.259,0.178,0.0,0.326,0.071,0.0,Health Care,2026-07-03,2.32,-24.14,98
CHCT,,5.6,Tendance baissière (pas un setup),13.68,391984559.0,35.1,-0.029,0.74,-2.91,-5.59,5632448.0,25.6,27.6,75.0,0.05,0.0,0.0,1.0,0.508,0.027,0.0,0.328,0.032,0.1,Real Estate,2026-07-03,18.31,-25.29,98
AIRJ,gestion_thermique,5.6,Tendance baissière (pas un setup),3.69,277513454.0,30.6,-0.015,0.27,-6.82,-16.52,3491917.0,44.5,46.5,15.0,1.0,0.0,0.0,0.196,0.91,0.5,0.0,0.038,0.159,0.0,Industrials,2026-07-03,4.84,-23.76,98
GBFH,,5.6,Tendance baissière (pas un setup),17.6,255489643.0,28.6,-0.002,0.86,-0.85,-11.42,1456474.0,38.4,40.2,76.0,0.71,0.0,0.0,0.546,0.537,0.355,0.0,0.304,0.024,0.0,Financials,2026-07-03,31.8,-44.65,98
SEG,,5.6,Tendance baissière (pas un setup),22.36,286421225.0,21.2,-0.04,-0.62,-1.67,-13.97,2155572.0,24.5,25.5,85.0,0.0,0.0,0.0,1.0,0.38,0.0,0.0,0.354,0.008,0.184,Real Estate,2026-07-03,27.12,-17.55,98
BGSI,,5.6,Tendance baissière (pas un setup),78.07,2173190480.0,39.2,0.23,1.64,-0.76,-6.34,4879477.0,27.7,30.2,61.0,0.17,0.0,0.0,1.0,0.633,0.087,0.0,0.317,0.024,0.0,Consumer Discretionary,2026-07-03,97.27,-19.74,98
FVR,,5.6,Tendance baissière (pas un setup),16.66,407436177.0,37.5,-0.024,2.08,1.9,-9.53,4078099.0,20.5,23.2,74.0,0.0,0.0,0.0,1.0,0.24,0.0,0.0,0.355,0.04,0.19,Real Estate,2026-07-03,20.86,-20.13,98
BRSL,,5.6,Tendance baissière (pas un setup),9.99,1843155000.0,41.3,0.022,-0.5,1.01,-10.16,25311974.0,17.8,20.8,42.0,0.0,0.0,0.0,1.0,0.623,0.0,0.0,0.376,0.04,0.0,Consumer Discretionary,2026-07-03,11.26,-11.28,98
MUX,,5.6,Tendance baissière (pas un setup),17.32,1062730363.0,39.3,-0.126,1.41,-1.93,-14.51,25785962.0,21.0,23.6,12.0,0.0,0.0,0.0,1.0,0.822,0.0,0.0,0.308,0.04,0.0,Materials,2026-07-03,18.9,-8.36,98
PKE,,5.6,Tendance baissière (pas un setup),29.66,645140918.0,41.3,0.134,1.37,-0.2,-5.38,8287949.0,24.9,27.0,5.0,0.23,0.0,0.0,1.0,0.969,0.113,0.0,0.034,0.016,0.158,Industrials,2026-07-03,37.83,-21.6,98
SUPV,,5.5,Tendance baissière (pas un setup),7.12,650372584.0,36.8,0.001,-0.28,4.4,-18.81,4397109.0,30.3,34.2,74.0,0.18,0.0,0.0,0.879,0.443,0.09,0.0,0.393,0.048,0.0,Financials,2026-07-03,9.55,-25.45,98
HGV,,5.5,Tendance baissière (pas un setup),34.56,2686146451.0,29.3,0.211,-0.09,-0.78,-14.18,43663329.0,28.1,29.3,49.0,0.02,0.0,0.0,1.0,0.666,0.01,0.0,0.349,0.032,0.0,Consumer Discretionary,2026-07-03,52.91,-34.68,98
GSIT,memoire,5.5,Tendance baissière (pas un setup),4.93,189280506.0,36.2,-0.004,-8.53,-9.71,-11.96,2632348.0,31.9,34.4,8.0,0.47,0.0,0.0,0.867,0.923,0.358,0.0,0.0,0.008,0.0,Information Technology,2026-07-03,6.82,-27.71,98
NG,,5.5,Tendance baissière (pas un setup),6.28,2755764442.0,34.5,-0.063,-1.26,-2.18,-22.47,40177141.0,36.4,42.4,21.0,0.2,0.0,0.0,0.425,0.854,0.101,0.0,0.339,0.143,0.0,Materials,2026-07-03,6.44,-2.48,98
IRTC,,5.5,Tendance baissière (pas un setup),102.6,3382004108.0,29.9,-0.61,-2.28,-7.61,-14.19,56682860.0,24.9,26.3,10.0,0.58,0.0,0.0,1.0,0.943,0.29,0.0,0.0,0.008,0.0,Health Care,2026-07-03,126.48,-18.88,98
NRGV,,5.5,Tendance baissière (pas un setup),3.31,601888977.0,34.4,-0.113,-9.56,-14.91,-22.84,16758880.0,32.4,47.6,29.0,0.57,0.0,0.4,0.136,0.722,0.414,0.0,0.0,0.111,0.0,Utilities,2026-07-03,4.04,-18.07,98
WERN,,5.5,Tendance baissière (pas un setup),33.0,1979246148.0,37.4,-0.041,2.04,-3.41,-14.81,30542575.0,18.2,20.5,45.0,0.74,0.0,0.0,1.0,0.602,0.368,0.0,0.01,0.032,0.0,Industrials,2026-07-03,43.2,-23.61,98
CLB,,5.5,Tendance baissière (pas un setup),10.16,466186947.0,36.2,-0.004,0.49,4.1,-19.49,7071188.0,21.5,25.6,81.0,0.05,0.0,0.0,1.0,0.396,0.024,0.0,0.406,0.056,0.0,Energy,2026-07-03,11.46,-11.34,98
BBAI,defense|ia|new_tech,5.5,Tendance baissière (pas un setup),2.42,1160376673.0,28.7,-0.022,-3.59,-11.68,-14.49,44178939.0,29.0,31.4,27.0,0.75,0.0,0.0,1.0,0.706,0.373,0.0,0.0,0.008,0.0,Information Technology,2026-07-03,3.53,-31.44,98
CVLG,,5.5,Tendance baissière (pas un setup),32.71,830107118.0,40.0,0.046,0.09,-1.12,-7.94,6599586.0,23.9,25.7,29.0,0.55,0.0,0.0,1.0,0.665,0.273,0.0,0.047,0.063,0.0,Industrials,2026-07-03,43.94,-25.56,98
BMA,,5.5,Tendance baissière (pas un setup),65.9,4213582077.0,32.9,-0.097,-0.02,0.86,-16.76,20503827.0,31.3,34.6,71.0,0.31,0.0,0.0,0.856,0.435,0.155,0.0,0.36,0.024,0.0,Financials,2026-08-17,77.61,-15.09,53
NMCO,,5.5,Tendance baissière (pas un setup),8.51,466105244.0,25.0,-0.032,-0.47,-2.07,-11.76,6642327.0,18.8,20.5,100.0,0.0,0.0,0.0,1.0,0.0,0.0,0.0,0.351,0.008,0.321,Financials,2026-07-03,10.87,-21.71,98
VSEC,,5.5,Tendance baissière (pas un setup),169.97,4770203291.0,39.3,0.53,1.57,5.73,-14.11,79070850.0,31.4,36.3,10.0,0.0,0.0,0.0,0.762,0.862,0.0,0.0,0.368,0.063,0.0,Industrials,2026-09-18,175.08,-2.92,21
BTDR,,5.5,Tendance baissière (pas un setup),9.72,2641723421.0,37.3,-0.208,-6.54,-8.65,-21.17,111857438.0,28.8,38.2,27.0,0.81,0.0,0.0,0.655,0.792,0.407,0.0,0.024,0.079,0.0,Information Technology,2026-07-03,13.85,-29.82,98
PSFE,,5.5,Tendance baissière (pas un setup),5.74,299716809.0,40.6,-0.016,0.53,5.51,-7.42,2064632.0,34.8,39.2,55.0,0.36,0.0,0.0,0.6,0.588,0.178,0.0,0.374,0.056,0.0,Information Technology,2026-07-03,8.41,-31.75,98
CAR,,5.5,Tendance baissière (pas un setup),110.0,3885832940.0,40.0,1.386,-0.2,3.66,-17.06,51961058.0,31.0,35.9,22.0,0.07,0.0,0.0,0.782,0.647,0.033,0.0,0.366,0.087,0.0,Industrials,2026-07-31,152.0,-27.63,70
ALT,,5.5,Tendance baissière (pas un setup),2.6,505746023.0,27.1,-0.058,-2.26,-5.8,-22.39,12530239.0,26.8,28.2,90.0,0.38,0.0,0.0,1.0,0.313,0.188,0.0,0.338,0.008,0.0,Health Care,2026-07-03,3.16,-17.72,98
VYX,,5.5,Tendance baissière (pas un setup),6.9,952682296.0,42.6,0.008,2.83,0.88,-17.46,22800537.0,32.0,35.6,75.0,0.0,0.0,0.0,0.8,0.548,0.0,0.0,0.399,0.111,0.0,Information Technology,2026-07-03,8.7,-20.69,98
ABTC,,5.5,Tendance baissière (pas un setup),7.75,564352776.0,42.0,-0.19,-5.72,-5.26,-4.67,12923653.0,29.9,55.5,37.0,0.53,0.0,0.0,0.0,0.746,0.542,0.0,0.016,0.254,0.0,Financials,2026-07-07,0.56,1283.93,94
LFMD,,5.5,Tendance baissière (pas un setup),2.65,127732218.0,32.3,-0.02,-5.02,-7.02,-10.47,2503602.0,34.1,34.8,74.0,0.44,0.0,0.0,0.843,0.462,0.219,0.0,0.317,0.008,0.0,Health Care,2026-07-03,4.87,-45.59,98
AD,,5.4,Tendance baissière (pas un setup),33.66,2911590000.0,32.7,-0.117,-1.41,-1.49,-12.43,9775180.0,13.6,15.7,86.0,0.0,0.0,0.0,1.0,0.349,0.0,0.044,0.357,0.008,0.104,Communication Services,2026-07-03,36.24,-7.12,98
GENB,,5.4,Tendance baissière (pas un setup),13.99,1795650580.0,40.4,-0.254,3.1,1.38,-9.86,19139614.0,38.3,42.6,66.0,0.0,0.0,0.0,0.413,0.605,0.0,0.0,0.348,0.27,0.0,Health Care,2026-10-02,13.8,1.38,7
WHWK,,5.4,Tendance baissière (pas un setup),3.47,197821265.0,28.7,-0.029,1.76,-7.71,-17.18,1349022.0,32.0,34.7,39.0,0.45,0.0,0.0,0.85,0.767,0.363,0.0,0.025,0.016,0.0,Health Care,2026-07-03,4.19,-17.18,98
GSHD,,5.4,Tendance baissière (pas un setup),45.38,1611889348.0,37.0,0.191,3.81,-3.74,-19.53,26175584.0,39.0,42.4,81.0,0.0,0.0,0.0,0.421,0.381,0.0,0.0,0.356,0.333,0.0,Financials,2026-07-03,52.69,-13.87,98
SAFE,,5.4,Tendance baissière (pas un setup),12.1,856876988.0,31.2,0.046,0.67,2.63,-16.0,8487015.0,26.4,29.5,87.0,0.0,0.0,0.0,1.0,0.31,0.0,0.0,0.434,0.056,0.013,Real Estate,2026-07-03,16.39,-26.17,98
XPER,,5.4,Tendance baissière (pas un setup),5.25,256052066.0,29.6,0.018,-1.5,-4.55,-9.95,1998453.0,34.7,35.6,17.0,0.74,0.0,0.0,0.802,0.9,0.37,0.0,0.0,0.016,0.0,Information Technology,2026-07-03,8.2,-35.98,98
UNFI,,5.4,Tendance baissière (pas un setup),44.07,2658173892.0,43.0,-0.098,1.1,-1.59,-1.21,30334898.0,15.0,18.0,13.0,0.0,0.0,0.0,1.0,0.809,0.0,0.0,0.071,0.032,0.243,Consumer Staples,2026-07-03,45.57,-3.29,98
BOH,,5.4,Tendance baissière (pas un setup),67.71,2671186313.0,30.2,-0.259,1.97,-1.47,-10.19,36930034.0,16.5,18.9,99.0,0.0,0.0,0.0,1.0,0.005,0.0,0.0,0.32,0.024,0.306,Financials,2026-07-03,82.73,-18.16,98
ARVN,,5.4,Tendance baissière (pas un setup),7.51,491050294.0,37.3,-0.018,0.81,1.08,-14.27,7263359.0,22.9,25.9,57.0,0.0,0.0,0.0,1.0,0.489,0.0,0.0,0.369,0.056,0.0,Health Care,2026-07-03,8.39,-10.49,98
DX,,5.4,Tendance baissière (pas un setup),10.7,2655386012.0,21.3,-0.076,1.23,-3.43,-15.42,94954354.0,18.0,20.6,100.0,0.0,0.0,0.0,1.0,0.0,0.0,0.0,0.325,0.016,0.32,Real Estate,2026-07-03,13.01,-17.76,98
NVCR,,5.4,Tendance baissière (pas un setup),14.22,1655859845.0,30.2,-0.168,-3.0,-10.68,-9.02,22130261.0,23.6,25.7,23.0,0.37,0.0,0.0,1.0,0.74,0.185,0.0,0.004,0.119,0.0,Health Care,2026-07-03,17.2,-17.33,98
SEVN,,5.4,Tendance baissière (pas un setup),6.92,156783714.0,37.5,-0.024,1.91,1.62,-6.11,1430032.0,12.1,14.9,100.0,0.0,0.0,0.0,1.0,0.0,0.0,0.241,0.371,0.048,0.06,Real Estate,2026-07-03,8.57,-19.25,98
SMG,,5.4,Tendance baissière (pas un setup),50.43,2936048418.0,38.8,0.231,2.09,0.82,-11.37,59907312.0,28.6,32.2,70.0,0.0,0.0,0.0,0.99,0.44,0.0,0.0,0.39,0.056,0.0,Materials,2026-07-03,68.85,-26.75,98
EPR,,5.4,Tendance baissière (pas un setup),54.41,4168291446.0,31.9,-0.167,0.61,-1.95,-8.32,50522623.0,14.3,15.5,65.0,0.0,0.0,0.0,1.0,0.466,0.0,0.0,0.0,0.016,0.502,Real Estate,2026-07-03,59.1,-7.94,98
ARR,,5.4,Tendance baissière (pas un setup),13.47,2250801951.0,23.3,-0.055,1.35,-2.46,-15.39,71119102.0,17.8,19.7,94.0,0.0,0.0,0.0,1.0,0.033,0.0,0.0,0.346,0.024,0.27,Real Estate,2026-07-03,17.13,-21.37,98
VRRM,,5.4,Tendance baissière (pas un setup),2.92,443789788.0,29.1,0.008,0.0,-2.34,-21.72,26555586.0,48.8,51.4,60.0,0.0,0.0,0.0,0.0,0.623,0.451,0.0,0.384,0.04,0.0,Information Technology,2026-07-03,4.3,-32.09,98
ELDN,,5.4,Tendance baissière (pas un setup),2.42,196651988.0,30.1,0.006,0.0,-0.62,-14.18,2165446.0,37.6,39.2,49.0,0.59,0.0,0.0,0.601,0.525,0.297,0.0,0.305,0.016,0.0,Health Care,2026-07-03,3.95,-38.73,98
RCUS,,5.4,Tendance baissière (pas un setup),23.83,3034354350.0,35.7,-0.035,-2.81,-5.55,-16.36,43614576.0,24.5,27.8,10.0,0.0,0.0,0.0,1.0,0.712,0.15,0.0,0.035,0.016,0.17,Health Care,2026-07-03,30.33,-21.43,98
LPL,,5.4,Tendance baissière (pas un setup),2.85,2850000000.0,36.9,0.005,-3.39,-5.94,-11.49,7110095.0,21.1,21.1,12.0,0.59,0.0,0.0,1.0,0.852,0.293,0.0,0.0,0.008,0.0,Information Technology,2026-07-03,3.59,-20.61,98
CORZ,,5.4,Tendance baissière (pas un setup),15.36,4935789174.0,36.0,-0.073,-3.64,-6.06,-15.09,197112919.0,34.9,37.2,23.0,0.42,0.0,0.0,0.713,0.821,0.425,0.0,0.022,0.008,0.0,Information Technology,2026-10-09,15.36,0.0,0
RITM,,5.4,Tendance baissière (pas un setup),8.62,4813468607.0,33.1,-0.028,1.06,-1.49,-10.06,62454526.0,15.3,17.5,75.0,0.0,0.0,0.0,1.0,0.152,0.0,0.0,0.328,0.024,0.233,Real Estate,2026-10-01,8.93,-3.47,8
UAMY,,5.4,Tendance baissière (pas un setup),3.72,556770108.0,28.4,-0.039,-3.63,-9.93,-29.94,21147081.0,47.1,47.9,29.0,0.89,0.0,0.0,0.115,0.824,0.445,0.0,0.305,0.008,0.0,Materials,2026-07-03,7.43,-49.93,98
ELVA,,5.3,Tendance baissière (pas un setup),5.79,289493614.0,35.9,0.012,-9.11,-9.95,-14.6,2213359.0,41.5,41.7,2.0,1.0,0.0,0.0,0.463,0.986,0.5,0.0,0.0,0.008,0.0,Industrials,2026-07-03,9.7,-40.31,98
WGS,,5.3,Tendance baissière (pas un setup),67.73,2019880702.0,34.4,-2.519,-1.17,-4.55,-21.68,71021298.0,35.6,40.5,86.0,0.0,0.0,0.0,0.529,0.086,0.0,0.0,0.314,0.389,0.0,Health Care,2026-07-03,67.51,0.33,98
PLUG,new_tech|production_energie,5.3,Tendance baissière (pas un setup),1.73,2417147831.0,29.8,-0.018,-2.81,-8.47,-20.28,92126732.0,31.9,32.7,40.0,0.65,0.0,0.0,0.962,0.762,0.323,0.0,0.008,0.008,0.0,Industrials,2026-07-03,2.64,-34.47,98
AIIO,,5.3,Tendance baissière (pas un setup),1.11,132129489.0,22.6,0.01,1.83,-10.48,-40.32,2410865.0,66.6,69.3,26.0,0.0,0.0,0.0,0.0,0.843,0.228,0.0,0.322,0.19,0.0,Consumer Discretionary,2026-07-03,4.17,-73.38,98
MAZE,,5.3,Tendance baissière (pas un setup),25.88,1437612468.0,47.1,0.099,-1.41,-2.89,5.29,24188266.0,16.0,28.7,69.0,0.0,0.0,0.0,1.0,0.186,0.0,0.0,0.335,0.167,0.0,Health Care,2026-07-03,31.26,-17.21,98
LAZ,,5.3,Tendance baissière (pas un setup),35.82,3490679489.0,37.1,0.143,0.0,-1.7,-16.05,73752553.0,23.7,26.0,60.0,0.0,0.0,0.0,1.0,0.594,0.0,0.0,0.353,0.024,0.0,Financials,2026-07-03,41.54,-13.77,98
UPBD,,5.3,Tendance baissière (pas un setup),15.69,914717664.0,36.4,0.068,0.45,2.61,-11.16,17380741.0,24.2,28.7,83.0,0.03,0.0,0.0,1.0,0.278,0.015,0.0,0.393,0.079,0.0,Information Technology,2026-07-03,19.89,-21.12,98
MOMO,,5.3,Tendance baissière (pas un setup),4.68,691457837.0,32.2,0.006,-1.68,-2.9,-9.65,5047225.0,22.4,23.5,36.0,0.0,0.0,0.0,1.0,0.644,0.0,0.0,0.338,0.016,0.0,Communication Services,2026-07-03,5.87,-20.27,98
ADAM,,5.3,Tendance baissière (pas un setup),7.65,690831307.0,25.9,-0.045,2.14,-1.67,-17.19,11398810.0,23.6,26.2,84.0,0.0,0.0,0.0,1.0,0.099,0.0,0.0,0.354,0.016,0.214,Real Estate,2026-07-03,9.14,-16.3,98
KLC,,5.3,Tendance baissière (pas un setup),1.97,233478555.0,32.5,0.044,0.0,6.49,-22.44,1393727.0,64.6,67.5,56.0,0.71,0.0,0.0,0.0,0.662,0.353,0.0,0.424,0.056,0.0,Consumer Staples,2026-07-03,4.85,-59.38,98
PATK,,5.3,Tendance baissière (pas un setup),65.07,2089935438.0,27.0,0.098,0.23,-2.24,-15.48,43264707.0,27.0,28.3,42.0,0.0,0.0,0.0,1.0,0.726,0.0,0.0,0.304,0.016,0.0,Consumer Discretionary,2026-07-03,85.03,-23.47,98
VEL,,5.3,Tendance baissière (pas un setup),14.91,588668524.0,28.9,-0.023,1.15,2.05,-17.67,3407030.0,22.3,26.1,93.0,0.0,0.0,0.0,1.0,0.296,0.0,0.0,0.428,0.048,0.0,Financials,2026-07-03,18.57,-19.71,98
RZLV,,5.3,Tendance baissière (pas un setup),1.9,760744355.0,32.2,-0.012,-8.65,-10.8,-17.39,23039650.0,38.5,39.8,13.0,0.95,0.0,0.0,0.566,0.868,0.477,0.0,0.0,0.008,0.0,Information Technology,2026-07-03,2.84,-33.1,98
UFPI,,5.3,Tendance baissière (pas un setup),76.45,4217095987.0,36.3,-0.042,0.01,-0.82,-6.84,38622709.0,19.1,21.1,23.0,0.02,0.0,0.0,1.0,0.684,0.009,0.0,0.311,0.016,0.0,Materials,2026-07-06,89.19,-14.28,95
IVT,,5.2,Tendance baissière (pas un setup),29.59,2307381773.0,29.2,-0.001,0.96,-2.57,-7.72,22228888.0,16.7,18.0,35.0,0.0,0.0,0.0,1.0,0.618,0.0,0.0,0.015,0.024,0.339,Real Estate,2026-07-03,35.57,-16.81,98
ABEO,,5.2,Tendance baissière (pas un setup),4.96,283632724.0,33.8,-0.013,-2.36,-1.0,-14.34,7767001.0,35.2,36.1,45.0,0.17,0.0,0.0,0.773,0.729,0.093,0.0,0.323,0.008,0.0,Health Care,2026-07-03,6.4,-22.5,98
LCII,,5.2,Tendance baissière (pas un setup),80.19,1949539746.0,26.1,0.026,0.09,-2.34,-16.5,32324012.0,26.0,27.4,48.0,0.0,0.0,0.0,1.0,0.714,0.0,0.0,0.304,0.016,0.0,Consumer Discretionary,2026-07-03,103.36,-22.42,98
IRS,,5.2,Tendance baissière (pas un setup),13.85,1122954011.0,40.1,-0.084,-1.0,4.92,-10.41,2646736.0,15.5,20.1,87.0,0.0,0.0,0.0,1.0,0.231,0.0,0.0,0.407,0.024,0.079,Real Estate,2026-07-03,15.81,-12.4,98
SRI,,5.2,Tendance baissière (pas un setup),6.49,185113452.0,36.1,-0.04,-0.46,-3.13,-10.11,1205111.0,14.6,16.8,63.0,0.0,0.0,0.0,1.0,0.469,0.058,0.0,0.313,0.032,0.0,Consumer Discretionary,2026-07-03,6.93,-6.35,98
OPFI,,5.2,Tendance baissière (pas un setup),6.09,518918224.0,34.4,0.022,0.5,2.35,-19.12,5593454.0,40.2,42.0,83.0,0.37,0.0,0.0,0.444,0.5,0.187,0.0,0.434,0.04,0.0,Financials,2026-07-03,9.96,-38.86,98
MOVE,,5.2,Tendance baissière (pas un setup),9.81,309527818.0,38.4,-0.15,-1.9,-14.25,-29.17,2071030.0,48.1,55.6,2.0,1.0,0.0,0.0,0.0,0.99,0.636,0.0,0.0,0.056,0.0,Information Technology,2026-07-14,15.08,-34.95,87
IBP,,5.2,Tendance baissière (pas un setup),187.83,4992366816.0,34.8,0.034,1.86,-2.53,-10.61,96395676.0,25.8,29.4,29.0,0.0,0.0,0.0,1.0,0.7,0.0,0.0,0.306,0.016,0.0,Consumer Discretionary,2026-10-08,184.4,1.86,1
WAFD,,5.2,Tendance baissière (pas un setup),29.74,2200618378.0,28.5,-0.002,0.92,-0.8,-12.14,45686367.0,21.7,23.1,86.0,0.0,0.0,0.0,1.0,0.146,0.0,0.0,0.33,0.024,0.196,Financials,2026-07-03,38.34,-22.43,98
JBLU,,5.1,Tendance baissière (pas un setup),3.92,1479063750.0,28.7,-0.009,-1.26,-5.54,-10.5,78301722.0,40.8,42.7,13.0,1.0,0.0,0.0,0.403,0.924,0.5,0.0,0.01,0.008,0.0,Industrials,2026-07-03,6.02,-34.88,98
ENTA,,5.1,Tendance baissière (pas un setup),12.1,352417364.0,42.4,0.003,-2.18,-5.76,-8.61,3756398.0,19.6,22.7,22.0,0.0,0.0,0.0,1.0,0.635,0.193,0.0,0.023,0.079,0.018,Health Care,2026-07-03,15.11,-19.92,98
NLOP,,5.1,Tendance baissière (pas un setup),9.69,143548387.0,28.7,-0.021,1.36,-0.51,-13.02,1708074.0,20.0,21.5,86.0,0.0,0.0,0.0,1.0,0.27,0.0,0.0,0.372,0.032,0.059,Real Estate,2026-07-03,11.16,-13.17,98
TMC,,5.1,Tendance baissière (pas un setup),3.43,1513094703.0,34.7,-0.036,-2.56,-8.78,-19.86,17071237.0,36.2,38.5,6.0,0.76,0.0,0.0,0.64,0.927,0.381,0.0,0.005,0.008,0.0,Materials,2026-07-03,4.23,-18.91,98
NEWT,,5.1,Tendance baissière (pas un setup),11.05,319176278.0,34.6,0.026,1.01,-1.69,-7.5,2823336.0,27.7,30.2,27.0,0.27,0.0,0.0,1.0,0.799,0.141,0.0,0.049,0.016,0.054,Financials,2026-07-03,14.57,-24.16,98
CECO,,5.1,Tendance baissière (pas un setup),65.55,3839252357.0,38.4,-0.292,-7.88,-8.79,-16.28,55982862.0,22.7,26.2,3.0,0.46,0.0,0.0,1.0,0.856,0.229,0.0,0.0,0.016,0.0,Industrials,2026-07-03,82.15,-20.21,98
OLN,,5.1,Tendance baissière (pas un setup),15.61,1779266669.0,35.6,0.037,-1.95,-2.19,-10.6,66601995.0,29.5,32.5,21.0,0.0,0.0,0.0,0.975,0.699,0.0,0.0,0.309,0.008,0.0,Materials,2026-07-03,20.04,-22.11,98
SUPX,,5.1,Tendance baissière (pas un setup),6.87,296897595.0,45.0,-0.041,0.29,1.18,-3.38,5740388.0,39.1,48.4,33.0,0.0,0.0,0.0,0.091,0.805,0.0,0.0,0.552,0.127,0.0,Information Technology,2026-07-03,8.01,-14.23,98
SRTA,,5.1,Tendance baissière (pas un setup),4.47,395446623.0,26.6,-0.063,-4.49,-7.45,-14.37,4252062.0,29.3,29.6,55.0,0.61,0.0,0.0,1.0,0.577,0.307,0.0,0.021,0.008,0.0,Health Care,2026-07-03,5.41,-17.38,98
CNL,,5.1,Tendance baissière (pas un setup),11.63,1078597682.0,33.8,-0.08,-0.34,-3.57,-22.47,2416997.0,34.6,36.2,18.0,0.0,0.0,0.0,0.769,0.89,0.0,0.0,0.326,0.016,0.0,Materials,2026-08-26,16.47,-29.39,44
QUBT,laser_photonique|new_tech|quantique,5.1,Tendance baissière (pas un setup),7.45,1686284114.0,32.8,-0.131,-2.23,-11.2,-7.34,61346892.0,23.7,24.9,32.0,0.46,0.0,0.0,1.0,0.598,0.328,0.0,0.0,0.008,0.0,Information Technology,2026-07-03,9.05,-17.68,98
PZZA,,5.1,Tendance baissière (pas un setup),19.46,640656029.0,33.7,0.16,0.52,-0.71,-10.03,30675878.0,38.7,40.4,10.0,0.21,0.0,0.0,0.536,0.938,0.104,0.0,0.307,0.024,0.0,Consumer Discretionary,2026-07-03,35.82,-45.67,98
RWT,,5.1,Tendance baissière (pas un setup),3.33,418289399.0,30.2,-0.02,-0.3,-8.77,-18.25,25558125.0,28.6,34.0,85.0,0.0,0.0,0.0,0.888,0.257,0.5,0.0,0.0,0.016,0.0,Real Estate,2026-07-03,4.48,-25.67,98
TV,,5.1,Tendance baissière (pas un setup),2.24,1382446464.0,36.5,0.001,0.45,-0.44,-5.88,3188451.0,23.8,25.9,54.0,0.0,0.0,0.0,1.0,0.619,0.26,0.0,0.048,0.016,0.0,Communication Services,2026-07-28,2.81,-20.28,73
SFBS,,5.1,Tendance baissière (pas un setup),38.6,4220717772.0,30.5,-0.185,1.1,-2.89,-7.77,30295653.0,15.8,18.1,77.0,0.0,0.0,0.0,1.0,0.277,0.0,0.0,0.01,0.024,0.475,Financials,2026-07-03,86.64,-55.45,98
KNF,,5.1,Tendance baissière (pas un setup),52.27,2967023963.0,40.2,0.395,3.42,3.26,-9.83,63298760.0,34.0,37.9,24.0,0.0,0.0,0.0,0.67,0.603,0.075,0.0,0.35,0.056,0.0,Materials,2026-07-03,84.88,-38.42,98
SMR,new_tech|production_energie,5.1,Tendance baissière (pas un setup),7.32,3145574351.0,36.8,-0.069,-4.56,-6.03,-32.28,323885126.0,35.6,36.9,13.0,0.0,0.0,0.0,0.726,0.924,0.0,0.0,0.334,0.008,0.0,Industrials,2026-07-03,9.76,-25.0,98
MESO,,5.1,Tendance baissière (pas un setup),13.75,1788666151.0,37.4,-0.105,-1.36,-3.98,-14.81,3356882.0,25.0,26.8,40.0,0.24,0.0,0.0,1.0,0.739,0.216,0.0,0.048,0.016,0.0,Health Care,2026-07-03,14.38,-4.38,98
NPKI,,5.1,Tendance baissière (pas un setup),11.48,974765583.0,33.6,0.011,0.61,-2.96,-14.96,10139804.0,20.4,22.3,83.0,0.2,0.0,0.0,1.0,0.322,0.102,0.0,0.326,0.016,0.0,Industrials,2026-07-03,14.31,-19.78,98
EDN,,5.1,Tendance baissière (pas un setup),20.15,911644878.0,33.1,-0.136,-0.1,0.5,-18.85,2471882.0,26.7,29.4,93.0,0.0,0.0,0.0,1.0,0.262,0.08,0.0,0.363,0.024,0.0,Utilities,2026-07-03,24.28,-17.01,98
CATX,,5.1,Tendance baissière (pas un setup),2.71,309351007.0,48.4,0.0,10.16,-0.37,-9.36,7331637.0,23.9,35.4,51.0,0.0,0.0,0.0,0.811,0.295,0.0,0.0,0.447,0.071,0.0,Health Care,2026-07-03,3.63,-25.34,98
GLSI,,5.1,Tendance baissière (pas un setup),15.14,222228069.0,38.7,-0.36,-1.62,-12.74,0.73,2258272.0,25.4,36.1,37.0,0.55,0.0,0.0,0.77,0.521,0.314,0.0,0.0,0.127,0.0,Health Care,2026-07-03,22.0,-31.18,98
UEC,production_energie,5.1,Tendance baissière (pas un setup),9.14,4529643838.0,38.1,0.014,-3.48,-2.35,-21.21,100468653.0,33.8,34.9,11.0,0.0,0.0,0.0,0.837,0.767,0.0,0.0,0.355,0.008,0.0,Energy,2026-07-07,10.59,-13.69,94
CRSP,,5.0,Tendance baissière (pas un setup),50.44,4877177417.0,38.0,-0.496,-3.65,-9.02,-5.63,100372766.0,19.3,24.3,20.0,0.0,0.0,0.4,1.0,0.481,0.0,0.0,0.0,0.087,0.0,Health Care,2026-07-13,53.35,-5.45,88
CDRE,defense,5.0,Tendance baissière (pas un setup),24.83,1063238825.0,29.2,0.04,-0.56,-0.72,-14.73,14468946.0,33.6,34.7,50.0,0.0,0.0,0.0,0.853,0.7,0.0,0.0,0.351,0.008,0.0,Industrials,2026-07-03,29.44,-15.66,98
SPRB,,5.0,Tendance baissière (pas un setup),45.54,130882552.0,39.8,-0.576,2.57,1.72,-18.3,4471541.0,29.4,35.7,75.0,0.0,0.0,0.0,0.793,0.36,0.045,0.0,0.346,0.103,0.0,Health Care,2026-07-03,52.51,-13.27,98
SFIX,,5.0,Tendance baissière (pas un setup),2.73,364738066.0,46.4,0.046,0.0,5.0,-5.54,11032359.0,38.2,52.5,79.0,0.0,0.0,0.0,0.0,0.153,0.235,0.0,0.633,0.087,0.0,Consumer Discretionary,2026-07-03,3.84,-28.91,98
CARG,,5.0,Tendance baissière (pas un setup),29.24,2604508497.0,32.0,-0.185,1.63,-1.65,-9.98,50538755.0,29.1,32.6,79.0,0.0,0.0,0.0,0.968,0.27,0.0,0.0,0.32,0.095,0.031,Consumer Discretionary,2026-07-03,36.24,-19.32,98
CWK,,5.0,Tendance baissière (pas un setup),11.83,2776663166.0,40.0,-0.006,3.59,-1.91,-10.17,30665212.0,24.5,28.8,37.0,0.0,0.0,0.0,1.0,0.55,0.0,0.0,0.318,0.016,0.0,Real Estate,2026-07-03,13.99,-15.44,98
GPK,,5.0,Tendance baissière (pas un setup),8.58,2540294096.0,29.1,-0.027,0.7,-4.24,-8.72,67999512.0,29.1,32.2,60.0,0.0,0.0,0.0,0.989,0.544,0.0,0.0,0.307,0.024,0.0,Consumer Discretionary,2026-07-03,10.85,-20.92,98
MSB,,5.0,Tendance baissière (pas un setup),18.36,240883384.0,29.3,-0.066,-0.33,-3.87,-21.03,1068628.0,27.5,31.8,67.0,0.0,0.0,0.0,1.0,0.2,0.148,0.0,0.304,0.016,0.0,Materials,2026-07-03,25.59,-28.25,98
ASTE,,5.0,Tendance baissière (pas un setup),38.78,892923732.0,33.8,-0.005,-1.1,-4.67,-8.36,9601850.0,28.9,29.7,3.0,0.38,0.0,0.0,1.0,0.907,0.189,0.0,0.0,0.008,0.0,Industrials,2026-07-03,57.56,-32.63,98
NUVB,,5.0,Tendance baissière (pas un setup),4.95,1738060003.0,28.9,-0.078,1.85,-10.97,-24.08,32357616.0,34.7,39.0,90.0,0.17,0.0,0.0,0.612,0.384,0.085,0.0,0.304,0.159,0.0,Health Care,2026-07-03,5.7,-13.16,98
VERA,,5.0,Tendance baissière (pas un setup),29.73,2142442950.0,37.9,-0.368,-1.72,-4.07,-11.99,87876248.0,20.0,23.6,50.0,0.0,0.0,0.0,1.0,0.548,0.0,0.0,0.316,0.024,0.0,Health Care,2026-07-03,41.2,-27.84,98
SANA,,5.0,Tendance baissière (pas un setup),2.79,835216177.0,35.8,-0.009,2.57,-3.46,-11.99,12147646.0,33.8,36.9,12.0,0.0,0.0,0.0,0.728,0.9,0.0,0.0,0.302,0.024,0.0,Health Care,2026-07-03,4.01,-30.42,98
IDR,,5.0,Tendance baissière (pas un setup),26.31,416386533.0,34.4,-0.23,-0.15,-6.87,-16.32,6055202.0,27.4,29.2,16.0,0.38,0.0,0.0,1.0,0.865,0.189,0.0,0.017,0.016,0.0,Materials,2026-07-03,33.47,-21.39,98
TATT,defense,5.0,Tendance baissière (pas un setup),32.97,428054027.0,31.9,-0.384,1.45,-5.34,-14.74,4382976.0,37.8,40.2,63.0,0.79,0.0,0.0,0.546,0.619,0.464,0.0,0.042,0.016,0.0,Industrials,2026-07-03,47.6,-30.74,98
PUMP,,5.0,Tendance baissière (pas un setup),9.04,1110328210.0,34.6,0.013,-2.59,0.44,-26.02,41017416.0,30.2,33.4,62.0,0.0,0.0,0.0,0.924,0.542,0.0,0.0,0.352,0.024,0.0,Energy,2026-07-03,12.09,-25.23,98
SLDB,,5.0,Tendance baissière (pas un setup),6.82,731276123.0,31.0,-0.08,-0.44,-2.29,-28.51,11633068.0,34.9,36.7,75.0,0.0,0.0,0.0,0.74,0.405,0.088,0.0,0.377,0.048,0.0,Health Care,2026-07-03,10.84,-37.08,98
TMQ,,5.0,Tendance baissière (pas un setup),2.81,509624997.0,29.8,-0.031,-1.4,-8.17,-19.94,3920707.0,29.8,31.0,24.0,0.33,0.0,0.0,1.0,0.824,0.228,0.0,0.0,0.008,0.0,Materials,2026-07-03,3.41,-17.6,98
WSC,,5.0,Tendance baissière (pas un setup),16.85,3053067642.0,28.3,0.094,-0.18,-2.15,-12.96,52142416.0,38.5,39.9,3.0,0.18,0.0,0.0,0.559,0.926,0.09,0.0,0.303,0.016,0.0,Industrials,2026-07-03,26.66,-36.8,98
RBBN,,5.0,Tendance baissière (pas un setup),1.72,307576165.0,42.2,0.009,-6.52,0.0,-12.69,2422325.0,24.6,32.0,45.0,0.0,0.0,0.0,0.999,0.414,0.0,0.0,0.35,0.032,0.0,Information Technology,2026-07-03,2.14,-19.63,98
CBIO,,5.0,Tendance baissière (pas un setup),14.12,524472433.0,37.9,-0.15,4.67,-0.98,-29.36,8819109.0,36.8,41.9,71.0,0.0,0.0,0.0,0.452,0.442,0.236,0.0,0.355,0.04,0.0,Health Care,2026-07-03,17.09,-17.38,98
ANNX,,4.9,Tendance baissière (pas un setup),4.0,758316536.0,41.0,0.042,-0.25,-2.91,-8.47,14069051.0,29.8,36.3,19.0,0.0,0.0,0.0,0.76,0.672,0.328,0.0,0.008,0.048,0.0,Health Care,2026-07-03,5.46,-26.74,98
NMRK,,4.9,Tendance baissière (pas un setup),12.52,2268982410.0,34.9,-0.017,2.67,-1.03,-14.54,29322740.0,23.9,27.7,88.0,0.0,0.0,0.0,1.0,0.304,0.0,0.0,0.358,0.032,0.0,Real Estate,2026-07-03,15.72,-20.36,98
AMPX,new_tech,4.9,Tendance baissière (pas un setup),9.39,1371697003.0,42.8,0.023,0.64,-2.29,-4.86,53135682.0,30.0,34.8,2.0,0.27,0.0,0.0,0.847,0.859,0.137,0.0,0.073,0.048,0.0,Industrials,2026-07-03,12.38,-24.15,98
ARKO,,4.9,Tendance baissière (pas un setup),4.12,462205171.0,34.6,0.049,-2.6,0.24,-7.21,3295610.0,49.3,51.0,15.0,0.74,0.0,0.0,0.0,0.91,0.371,0.0,0.303,0.008,0.0,Consumer Discretionary,2026-07-03,8.04,-48.76,98
GOGO,,4.9,Tendance baissière (pas un setup),2.26,306247768.0,41.1,0.021,1.8,4.15,-13.08,3782958.0,52.1,56.5,63.0,0.56,0.0,0.0,0.0,0.619,0.302,0.0,0.41,0.063,0.0,Communication Services,2026-07-03,3.57,-36.69,98
CPS,,4.9,Tendance baissière (pas un setup),21.67,385058737.0,38.2,0.126,-0.87,-0.91,-12.44,5954995.0,33.3,37.6,27.0,0.0,0.0,0.0,0.687,0.816,0.0,0.0,0.339,0.024,0.0,Consumer Discretionary,2026-07-03,26.39,-17.89,98
PLAY,,4.9,Tendance baissière (pas un setup),6.97,242769589.0,43.7,0.133,6.25,8.4,-14.9,24045978.0,41.7,47.6,54.0,0.0,0.0,0.0,0.132,0.676,0.076,0.0,0.478,0.119,0.0,Communication Services,2026-07-03,11.04,-36.87,98
KAI,,4.9,Tendance baissière (pas un setup),260.55,3076865434.0,35.5,0.509,1.04,-1.13,-10.54,46547748.0,24.6,26.6,1.0,0.0,0.0,0.0,1.0,0.979,0.0,0.0,0.023,0.016,0.125,Industrials,2026-07-03,309.0,-15.68,98
DGXX,,4.9,Tendance baissière (pas un setup),3.19,323444802.0,32.7,-0.109,-4.49,-19.65,-16.05,10510628.0,33.3,35.6,46.0,0.7,0.0,0.0,0.799,0.324,0.431,0.0,0.0,0.048,0.0,Utilities,2026-07-03,4.6,-30.65,98
CARS,,4.9,Tendance baissière (pas un setup),9.74,521408634.0,34.7,-0.095,2.1,-2.6,-13.19,8153922.0,27.0,31.8,86.0,0.0,0.0,0.0,1.0,0.24,0.0,0.0,0.323,0.056,0.038,Communication Services,2026-07-03,11.32,-13.96,98
USAR,,4.9,Tendance baissière (pas un setup),12.63,4737217041.0,28.4,-0.158,-4.54,-8.48,-25.97,195336903.0,38.5,39.5,26.0,0.18,0.0,0.0,0.585,0.843,0.091,0.0,0.31,0.008,0.0,Materials,2026-07-03,19.15,-34.05,98
INO,,4.9,Tendance baissière (pas un setup),1.09,112703295.0,41.3,-0.016,-6.03,-9.92,-17.42,3237603.0,24.8,61.4,19.0,1.0,0.0,0.0,0.0,0.804,0.5,0.0,0.044,0.135,0.0,Health Care,2026-07-03,1.22,-10.66,98
LWAY,,4.9,Tendance baissière (pas un setup),21.09,318601294.0,29.7,0.032,-0.99,-0.05,-14.96,3672826.0,34.1,36.6,61.0,0.0,0.0,0.0,0.742,0.633,0.0,0.0,0.38,0.024,0.0,Consumer Staples,2026-07-03,30.94,-31.84,98
GOLF,,4.9,Tendance baissière (pas un setup),79.14,4622175182.0,29.0,0.122,-1.77,-5.12,-7.49,29302419.0,29.3,30.1,6.0,0.35,0.0,0.0,1.0,0.863,0.177,0.0,0.0,0.008,0.0,Consumer Discretionary,2026-08-27,86.8,-8.82,43
FAC,,4.8,Tendance baissière (pas un setup),5.08,543678085.0,39.4,-0.12,0.4,-19.3,-5.22,2701120.0,25.0,33.6,52.0,0.0,0.0,0.0,0.911,0.479,0.203,0.0,0.0,0.127,0.0,Industrials,2026-07-03,10.23,-50.34,98
AVO,,4.8,Tendance baissière (pas un setup),11.79,1033728383.0,30.9,-0.089,-5.76,-8.03,-12.15,12644430.0,17.1,23.3,31.0,0.0,0.0,0.0,1.0,0.484,0.0,0.0,0.0,0.111,0.197,Consumer Staples,2026-07-03,12.49,-5.6,98
CGEM,,4.8,Tendance baissière (pas un setup),15.46,994923569.0,35.2,-0.142,-1.09,6.4,-27.45,24202727.0,33.3,38.8,98.0,0.0,0.0,0.0,0.624,0.027,0.0,0.0,0.402,0.222,0.0,Health Care,2026-07-03,17.63,-12.31,98
EYPT,,4.8,Tendance baissière (pas un setup),3.46,298293997.0,35.5,0.188,4.22,7.12,-20.28,12681836.0,76.6,79.3,75.0,0.74,0.0,0.0,0.0,0.552,0.371,0.0,0.34,0.063,0.0,Health Care,2026-07-03,13.98,-75.25,98
ELA,,4.8,Tendance baissière (pas un setup),12.07,313379155.0,32.0,0.124,-0.33,-0.98,-13.48,1544233.0,45.8,46.8,18.0,0.43,0.0,0.0,0.178,0.89,0.215,0.0,0.317,0.032,0.0,Consumer Discretionary,2026-07-03,25.56,-52.78,98
CASH,,4.8,Tendance baissière (pas un setup),72.09,1497551667.0,34.1,0.127,1.34,-2.21,-8.8,19473272.0,21.3,23.0,63.0,0.0,0.0,0.0,1.0,0.376,0.0,0.0,0.31,0.016,0.043,Financials,2026-07-03,88.72,-18.74,98
ABAT,new_tech,4.8,Tendance baissière (pas un setup),2.05,292284404.0,36.2,-0.015,-1.91,-10.09,-23.51,8990341.0,28.9,30.7,5.0,0.0,0.0,0.0,1.0,0.959,0.108,0.0,0.024,0.008,0.0,Industrials,2026-07-03,2.81,-27.05,98
PYXS,,4.8,Tendance baissière (pas un setup),1.99,236975186.0,28.7,-0.114,-1.0,-9.13,-41.12,3197872.0,52.0,54.2,92.0,0.31,0.0,0.0,0.0,0.448,0.155,0.0,0.34,0.262,0.0,Health Care,2026-07-03,2.63,-24.33,98
URG,production_energie,4.8,Tendance baissière (pas un setup),1.01,401842357.0,29.7,-0.005,-8.18,-4.72,-26.81,8574902.0,34.4,35.1,54.0,0.0,0.0,0.0,0.83,0.569,0.0,0.0,0.37,0.008,0.0,Energy,2026-07-03,1.35,-25.19,98
STC,,4.8,Tendance baissière (pas un setup),51.88,1583491684.0,28.2,-0.666,2.94,2.41,-21.91,19506633.0,26.2,30.6,100.0,0.0,0.0,0.0,1.0,0.0,0.0,0.0,0.439,0.056,0.0,Financials,2026-07-03,67.96,-23.66,98
FLG,,4.8,Tendance baissière (pas un setup),11.35,4711303689.0,18.1,-0.049,0.44,-2.91,-14.4,69073670.0,21.6,23.2,98.0,0.0,0.0,0.0,1.0,0.129,0.0,0.0,0.324,0.016,0.119,Financials,2026-09-29,12.04,-5.73,10
MITT,,4.8,Tendance baissière (pas un setup),5.69,180961773.0,33.6,-0.007,1.79,-0.35,-11.25,2769468.0,18.3,21.1,83.0,0.0,0.0,0.0,1.0,0.302,0.0,0.0,0.35,0.032,0.0,Real Estate,2026-07-03,7.68,-25.91,98
CLSK,,4.8,Tendance baissière (pas un setup),10.63,2729965486.0,32.6,-0.334,-7.73,-15.1,-19.95,233578877.0,30.4,32.1,53.0,0.55,0.0,0.0,0.994,0.593,0.275,0.0,0.0,0.008,0.0,Financials,2026-07-03,12.62,-15.77,98
SIDU,espace,4.8,Tendance baissière (pas un setup),1.58,159936015.0,28.6,-0.031,-3.66,-11.24,-23.3,7563200.0,40.8,42.2,25.0,0.74,0.0,0.0,0.431,0.835,0.446,0.0,0.007,0.008,0.0,Industrials,2026-07-03,2.65,-40.38,98
UXIN,,4.8,Tendance baissière (pas un setup),1.12,246377892.0,42.6,-0.002,-7.44,-18.25,-5.88,1309019.0,23.8,39.0,68.0,0.0,0.0,0.0,0.608,0.19,0.5,0.0,0.04,0.063,0.0,Consumer Discretionary,2026-09-25,1.3,-13.85,14
KRUS,,4.8,Tendance baissière (pas un setup),39.93,485142951.0,45.6,0.569,-0.05,-3.53,-5.09,10703837.0,25.9,37.0,37.0,0.0,0.0,0.0,0.725,0.604,0.047,0.0,0.222,0.111,0.0,Consumer Discretionary,2026-07-03,57.61,-30.69,98
NXRT,,4.8,Tendance baissière (pas un setup),19.66,502309324.0,39.8,0.062,0.82,4.24,-11.96,20110633.0,25.8,31.6,95.0,0.0,0.0,0.0,1.0,0.029,0.0,0.0,0.43,0.048,0.0,Real Estate,2026-07-03,28.72,-31.55,98
DYN,,4.8,Tendance baissière (pas un setup),16.37,3057039075.0,35.1,0.235,2.5,3.48,-14.7,55412106.0,40.0,45.3,68.0,0.0,0.0,0.0,0.259,0.59,0.134,0.0,0.423,0.071,0.0,Health Care,2026-07-03,23.07,-29.04,98
OXM,,4.8,Tendance baissière (pas un setup),25.48,381646422.0,30.5,0.207,1.23,0.39,-16.87,15955942.0,36.3,39.5,63.0,0.0,0.0,0.0,0.583,0.619,0.0,0.0,0.408,0.056,0.0,Consumer Discretionary,2026-07-03,34.88,-26.95,98
KYTX,,4.8,Tendance baissière (pas un setup),6.18,382192484.0,30.8,-0.051,0.16,-5.21,-19.11,6778165.0,32.4,34.8,33.0,0.0,0.0,0.0,0.845,0.612,0.0,0.0,0.314,0.024,0.0,Health Care,2026-07-03,8.89,-30.48,98
DNTH,,4.7,Tendance baissière (pas un setup),82.43,4610670779.0,23.1,-0.64,-2.89,-6.67,-22.99,89384186.0,30.1,31.2,99.0,0.0,0.0,0.0,1.0,0.326,0.0,0.0,0.315,0.032,0.0,Health Care,2026-09-28,88.55,-6.91,11
PFSI,,4.7,Tendance baissière (pas un setup),61.34,3186709426.0,27.2,0.006,0.71,-0.98,-13.5,42539906.0,23.4,25.8,80.0,0.04,0.0,0.0,1.0,0.301,0.02,0.0,0.326,0.016,0.0,Financials,2026-07-03,83.47,-26.51,98
BRSP,,4.7,Tendance baissière (pas un setup),3.9,493444302.0,36.4,0.016,3.17,1.83,-10.94,8365036.0,22.0,25.5,88.0,0.0,0.0,0.0,1.0,0.105,0.0,0.0,0.379,0.056,0.0,Real Estate,2026-07-03,5.44,-28.31,98
ALOY,,4.7,Tendance baissière (pas un setup),7.58,526195497.0,34.6,0.017,-4.41,-6.54,-20.55,16371234.0,50.6,51.2,2.0,0.89,0.0,0.0,0.0,0.99,0.549,0.0,0.038,0.016,0.0,Materials,2026-07-03,13.28,-42.92,98
BTBT,,4.7,Tendance baissière (pas un setup),1.36,490461564.0,35.7,-0.039,-6.85,-16.05,-18.07,38429996.0,27.7,35.6,58.0,0.67,0.0,0.0,0.798,0.524,0.334,0.0,0.0,0.032,0.0,Financials,2026-07-03,1.65,-17.58,98
MFA,,4.7,Tendance baissière (pas un setup),7.18,725811395.0,22.5,-0.044,0.42,-2.65,-13.89,16896905.0,19.2,21.1,100.0,0.0,0.0,0.0,1.0,0.0,0.0,0.0,0.323,0.016,0.166,Real Estate,2026-07-03,9.48,-24.26,98
LTBR,production_energie,4.7,Tendance baissière (pas un setup),6.01,225123127.0,36.0,0.019,-6.39,-4.3,-20.29,6142007.0,37.8,38.8,2.0,0.0,0.0,0.0,0.623,0.909,0.0,0.0,0.316,0.008,0.0,Industrials,2026-07-03,8.64,-30.44,98
BXMT,,4.7,Tendance baissière (pas un setup),11.21,1889373655.0,27.0,-0.034,0.09,-0.8,-15.97,38368997.0,27.5,30.3,89.0,0.0,0.0,0.0,1.0,0.108,0.0,0.0,0.399,0.04,0.0,Real Estate,2026-07-03,17.25,-35.01,98
RFMZ,,4.7,Tendance baissière (pas un setup),11.34,276148913.0,23.4,-0.024,-0.61,-4.06,-11.18,1437622.0,15.3,15.6,94.0,0.0,0.0,0.0,1.0,0.038,0.0,0.0,0.039,0.008,0.473,Financials,2026-09-29,11.44,-0.87,10
ESTA,,4.7,Tendance baissière (pas un setup),60.61,1806292614.0,31.3,-0.072,-5.07,-3.85,-18.66,23142135.0,37.9,38.7,55.0,0.84,0.0,0.0,0.627,0.541,0.422,0.0,0.035,0.008,0.0,Health Care,2026-07-03,89.25,-32.09,98
STTK,,4.7,Tendance baissière (pas un setup),5.66,568056012.0,35.2,-0.046,0.09,-17.25,-10.58,10343151.0,30.6,33.5,37.0,0.0,0.0,0.0,0.917,0.381,0.22,0.0,0.0,0.127,0.0,Health Care,2026-07-03,7.05,-19.72,98
PMT,,4.7,Tendance baissière (pas un setup),7.49,653145691.0,29.2,-0.025,-0.13,1.67,-16.25,18617236.0,19.6,22.1,89.0,0.0,0.0,0.0,1.0,0.067,0.0,0.0,0.415,0.04,0.0,Real Estate,2026-07-03,10.81,-30.71,98
GOW,,4.7,Tendance baissière (pas un setup),3.95,184623711.0,35.4,-0.112,-0.75,32.55,-56.97,6844674.0,69.7,87.7,100.0,0.0,0.0,0.0,0.0,0.0,0.5,0.0,0.401,0.056,0.0,Energy,2026-10-01,3.18,24.21,8
FLWS,,4.7,Tendance baissière (pas un setup),2.73,175225312.0,41.6,0.042,3.41,6.64,-21.78,1249692.0,35.8,44.2,48.0,0.0,0.0,0.0,0.32,0.59,0.082,0.0,0.393,0.103,0.0,Consumer Discretionary,2026-07-03,3.85,-29.09,98
ALKT,,4.7,Tendance baissière (pas un setup),14.33,1532478573.0,32.7,-0.046,1.27,2.07,-23.16,34980034.0,31.9,37.3,99.0,0.0,0.0,0.0,0.707,0.182,0.0,0.0,0.458,0.087,0.0,Information Technology,2026-07-03,19.02,-24.66,98
RSI,,4.7,Tendance baissière (pas un setup),20.32,4709634635.0,33.6,0.089,0.4,1.85,-23.95,79869968.0,29.8,34.0,94.0,0.0,0.0,0.0,0.89,0.227,0.0,0.0,0.379,0.063,0.0,Consumer Discretionary,2026-09-23,21.57,-5.8,16
TROX,,4.7,Tendance baissière (pas un setup),3.78,603666110.0,28.3,0.022,1.89,-1.05,-18.71,8999646.0,46.4,48.1,37.0,0.61,0.0,0.0,0.104,0.776,0.304,0.0,0.306,0.016,0.0,Materials,2026-07-03,6.21,-39.13,98
DERM,,4.7,Tendance baissière (pas un setup),5.95,167935150.0,34.8,-0.088,0.0,-11.46,-20.13,1284730.0,27.0,27.8,71.0,0.2,0.0,0.0,1.0,0.322,0.101,0.0,0.0,0.206,0.0,Health Care,2026-07-03,7.09,-16.08,98
VC,,4.7,Tendance baissière (pas un setup),86.15,2299811208.0,27.7,-0.047,-1.08,-2.5,-13.52,52209123.0,21.1,22.0,71.0,0.0,0.0,0.0,1.0,0.376,0.0,0.0,0.335,0.008,0.0,Consumer Discretionary,2026-07-03,102.45,-15.91,98
AORT,,4.6,Tendance baissière (pas un setup),21.21,1034119447.0,29.2,-0.104,-1.85,-3.28,-15.9,14662407.0,29.6,30.7,68.0,0.4,0.0,0.0,1.0,0.489,0.199,0.0,0.036,0.032,0.0,Health Care,2026-07-03,23.97,-11.51,98
LGIH,,4.6,Tendance baissière (pas un setup),44.98,1045707275.0,34.8,-0.165,0.83,-5.72,-13.83,15734818.0,27.9,31.1,29.0,0.17,0.0,0.0,1.0,0.66,0.105,0.0,0.019,0.063,0.0,Consumer Discretionary,2026-07-03,62.03,-27.49,98
MRP,,4.6,Tendance baissière (pas un setup),22.63,3757664588.0,22.4,-0.382,0.04,-7.22,-23.32,80695016.0,27.3,30.4,100.0,0.0,0.0,0.0,1.0,0.0,0.0,0.0,0.341,0.024,0.089,Real Estate,2026-07-03,29.77,-23.98,98
METC,,4.6,Tendance baissière (pas un setup),8.49,540670996.0,36.7,-0.009,3.16,1.92,-30.86,19192843.0,44.1,48.8,61.0,0.35,0.0,0.0,0.064,0.633,0.176,0.0,0.429,0.063,0.0,Materials,2026-07-03,12.95,-34.44,98
EVGO,,4.6,Tendance baissière (pas un setup),1.27,399434964.0,41.1,-0.003,-1.55,0.79,-6.27,5288598.0,28.2,30.5,44.0,0.29,0.0,0.0,1.0,0.68,0.143,0.0,0.032,0.016,0.0,Consumer Discretionary,2026-07-03,1.87,-32.09,98
TE,,4.6,Tendance baissière (pas un setup),3.44,1030276140.0,36.3,-0.004,-7.77,-7.77,-29.94,74892917.0,45.6,47.5,22.0,1.0,0.0,0.0,0.141,0.867,0.5,0.0,0.047,0.008,0.0,Industrials,2026-07-03,8.56,-59.81,98
CRML,,4.6,Tendance baissière (pas un setup),6.83,1003967333.0,45.2,-0.086,-3.26,-5.14,-3.39,81125265.0,29.1,45.0,62.0,0.0,0.0,0.0,0.278,0.331,0.193,0.0,0.217,0.23,0.0,Materials,2026-07-03,9.56,-28.56,98
HOS,,4.6,Tendance baissière (pas un setup),7.63,1695131059.0,33.5,-0.01,2.14,-2.05,-16.34,21911163.0,31.4,33.3,85.0,0.0,0.0,0.0,0.926,0.34,0.0,0.0,0.339,0.016,0.0,Industrials,2026-09-07,9.2,-17.07,32
IMRX,,4.6,Tendance baissière (pas un setup),3.74,241968283.0,26.4,-0.041,-3.11,-7.2,-18.87,3041337.0,31.1,33.7,37.0,0.22,0.0,0.0,0.905,0.697,0.219,0.0,0.022,0.008,0.0,Health Care,2026-07-03,5.19,-27.94,98
ALMU,,4.6,Tendance baissière (pas un setup),11.93,230427031.0,38.6,0.049,-7.52,-5.17,-10.3,8511292.0,37.0,41.5,10.0,0.0,0.0,0.0,0.473,0.862,0.365,0.0,0.009,0.016,0.0,Information Technology,2026-07-03,18.85,-36.71,98
DNN,production_energie,4.6,Tendance baissière (pas un setup),2.36,2136310060.0,29.4,-0.013,-7.81,-7.09,-29.55,74423078.0,38.7,39.2,62.0,0.09,0.0,0.0,0.599,0.577,0.104,0.0,0.321,0.008,0.0,Energy,2026-07-03,3.2,-26.25,98
LAC,,4.6,Tendance baissière (pas un setup),2.36,856781345.0,25.1,-0.031,-2.07,-8.17,-26.02,23746623.0,34.1,35.2,41.0,0.44,0.0,0.0,0.822,0.752,0.222,0.0,0.028,0.008,0.0,Materials,2026-07-03,3.76,-37.23,98
LZB,,4.6,Tendance baissière (pas un setup),29.55,1183559383.0,35.5,0.231,-0.3,0.37,-5.8,23687630.0,29.9,31.7,1.0,0.0,0.0,0.0,1.0,0.995,0.0,0.0,0.05,0.032,0.0,Consumer Discretionary,2026-07-03,39.91,-25.96,98
DSGN,,4.6,Tendance baissière (pas un setup),11.49,719063170.0,32.8,-0.055,-1.71,-6.13,-23.5,9381501.0,28.7,30.9,12.0,0.0,0.0,0.0,1.0,0.73,0.0,0.0,0.021,0.135,0.0,Health Care,2026-07-03,15.64,-26.53,98
FINV,,4.6,Tendance baissière (pas un setup),3.14,741335166.0,42.1,0.035,7.17,3.97,-6.82,3080417.0,37.1,42.1,75.0,0.0,0.0,0.0,0.44,0.548,0.0,0.0,0.43,0.079,0.0,Financials,2026-07-03,4.83,-34.99,98
BLLN,,4.6,Tendance baissière (pas un setup),95.41,4502115296.0,39.2,-2.188,-0.36,-9.79,-3.78,69937029.0,36.6,41.5,60.0,0.48,0.0,0.0,0.47,0.243,0.238,0.0,0.0,0.317,0.0,Health Care,2026-08-07,91.65,4.1,63
RC,,4.6,Tendance baissière (pas un setup),1.32,218052109.0,43.8,-0.007,7.32,21.1,-21.26,2525531.0,33.5,45.6,98.0,0.0,0.0,0.0,0.247,0.111,0.091,0.0,0.606,0.071,0.0,Real Estate,2026-07-03,1.79,-26.26,98
TMS,,4.6,Tendance baissière (pas un setup),6.73,495735273.0,42.6,-0.139,-4.13,-15.13,-6.79,1518083.0,31.3,48.5,47.0,0.0,0.0,0.0,0.082,0.418,0.5,0.0,0.037,0.183,0.0,Financials,2026-07-03,7.5,-10.27,98
STWD,,4.6,Tendance baissière (pas un setup),12.75,4719654113.0,17.9,-0.1,0.71,-3.26,-16.88,80890598.0,21.8,23.8,100.0,0.0,0.0,0.0,1.0,0.025,0.0,0.0,0.328,0.016,0.114,Real Estate,2026-10-01,13.5,-5.56,8
LBTYA,,4.6,Tendance baissière (pas un setup),8.93,3045911964.0,27.3,-0.038,-1.87,0.11,-15.03,32288936.0,19.1,20.9,97.0,0.0,0.0,0.0,1.0,0.121,0.0,0.0,0.393,0.008,0.0,Communication Services,2026-07-03,11.3,-20.97,98
RDW,defense|espace|new_tech,4.6,Tendance baissière (pas un setup),9.76,2439927864.0,38.4,-0.117,-4.69,-7.66,-8.79,152799363.0,31.2,43.9,13.0,0.43,0.0,0.0,0.339,0.743,0.33,0.0,0.014,0.127,0.0,Industrials,2026-07-03,11.31,-13.7,98
TTAM,,4.6,Tendance baissière (pas un setup),13.11,2416991916.0,33.7,0.017,-1.21,-4.1,-11.16,3495738.0,19.6,20.8,17.0,0.31,0.0,0.0,1.0,0.679,0.157,0.0,0.033,0.008,0.0,Materials,2026-07-03,18.21,-28.01,98
ZSQR,,4.6,Tendance baissière (pas un setup),4.95,262351965.0,67.3,0.205,8.32,25.32,65.0,1776815.0,11.6,62.3,89.0,0.0,0.99,0.0,0.0,0.067,0.5,0.299,0.725,0.381,0.0,Information Technology,2026-07-03,10.99,-54.96,98
CMPR,,4.6,Tendance baissière (pas un setup),74.28,1808679077.0,29.2,-0.109,0.94,-1.0,-12.92,15253890.0,28.6,31.1,38.0,0.24,0.0,0.0,1.0,0.689,0.12,0.0,0.049,0.024,0.0,Industrials,2026-07-03,97.62,-23.91,98
FMC,,4.6,Tendance baissière (pas un setup),8.92,1387527105.0,36.5,-0.045,-1.87,4.21,-26.78,44445797.0,33.1,37.6,84.0,0.0,0.0,0.0,0.691,0.424,0.0,0.0,0.433,0.024,0.0,Materials,2026-07-03,11.35,-21.41,98
GT,,4.6,Tendance baissière (pas un setup),4.75,1367519001.0,33.5,-0.004,1.28,-5.57,-17.39,52230837.0,35.1,37.2,48.0,0.0,0.0,0.0,0.713,0.645,0.0,0.0,0.316,0.032,0.0,Consumer Discretionary,2026-07-03,6.59,-27.92,98
BLND,,4.6,Tendance baissière (pas un setup),1.05,248338985.0,33.2,0.003,3.96,0.0,-26.06,2214157.0,49.5,52.1,90.0,0.65,0.0,0.0,0.0,0.462,0.326,0.0,0.385,0.056,0.0,Information Technology,2026-07-03,1.81,-41.99,98
SVRA,,4.5,Tendance baissière (pas un setup),4.83,992371872.0,40.0,-0.027,-1.02,-4.26,-10.8,11878512.0,19.4,23.2,60.0,0.0,0.0,0.0,1.0,0.255,0.0,0.0,0.315,0.024,0.0,Health Care,2026-07-03,6.22,-22.35,98
PRLD,,4.5,Tendance baissière (pas un setup),3.88,309637522.0,36.6,-0.007,1.31,2.37,-23.77,2168516.0,43.2,48.0,52.0,0.12,0.0,0.0,0.11,0.69,0.15,0.0,0.401,0.063,0.0,Health Care,2026-07-03,4.91,-20.98,98
NSLR,,4.5,Tendance baissière (pas un setup),7.36,194842914.0,26.1,0.018,-0.54,-1.47,-25.28,4376644.0,34.7,37.5,64.0,0.0,0.0,0.0,0.693,0.614,0.0,0.0,0.348,0.008,0.0,Financials,2026-07-03,11.79,-37.57,98
LBTYK,,4.5,Tendance baissière (pas un setup),8.75,2984516203.0,27.8,-0.033,-1.91,-0.46,-15.54,18952340.0,18.5,20.1,96.0,0.0,0.0,0.0,1.0,0.105,0.0,0.0,0.393,0.008,0.0,Communication Services,2026-07-03,10.9,-19.72,98
HYMC,,4.5,Tendance baissière (pas un setup),18.21,1696838411.0,36.6,-0.13,1.39,-3.8,-20.17,44383569.0,38.8,40.6,12.0,0.0,0.0,0.0,0.52,0.929,0.0,0.0,0.317,0.016,0.0,Materials,2026-07-03,23.62,-22.9,98
MLCO,,4.5,Tendance baissière (pas un setup),4.17,1640749892.0,27.3,-0.024,0.0,0.72,-17.59,8853569.0,28.6,30.5,97.0,0.0,0.0,0.0,1.0,0.197,0.0,0.0,0.339,0.016,0.0,Consumer Discretionary,2026-07-03,5.39,-22.63,98
WINA,,4.5,Tendance baissière (pas un setup),295.14,1060192759.0,38.8,1.882,0.07,-1.44,-5.27,30560931.0,23.1,27.0,1.0,0.0,0.0,0.0,1.0,0.881,0.0,0.0,0.034,0.063,0.0,Consumer Discretionary,2026-07-03,424.29,-30.44,98
NAN,,4.5,Tendance baissière (pas un setup),9.57,2893162206.0,28.3,-0.008,-0.31,-3.92,-9.55,2034104.0,15.7,17.0,90.0,0.0,0.0,0.0,1.0,0.062,0.0,0.0,0.037,0.016,0.42,Financials,2026-08-20,11.12,-13.94,50
SPIR,espace,4.5,Tendance baissière (pas un setup),10.38,421660211.0,32.3,-0.067,-2.35,-5.38,-9.66,7801726.0,31.5,33.0,10.0,0.22,0.0,0.0,0.942,0.841,0.109,0.0,0.029,0.008,0.0,Industrials,2026-07-03,18.44,-43.71,98
NVTS,equipement_electrique|new_tech|robotique|semiconducteurs,4.5,Tendance baissière (pas un setup),10.93,2853751824.0,40.8,-0.014,-3.27,-9.82,-5.78,177559710.0,26.9,31.3,9.0,0.08,0.0,0.0,1.0,0.766,0.101,0.0,0.0,0.04,0.0,Information Technology,2026-07-03,14.46,-24.41,98
HE,,4.5,Tendance baissière (pas un setup),8.82,1523460995.0,22.1,0.035,0.57,-1.23,-14.62,28401510.0,33.6,34.9,91.0,0.0,0.0,0.0,0.841,0.317,0.0,0.0,0.378,0.024,0.0,Utilities,2026-07-03,13.63,-35.29,98
GRBK,,4.5,Tendance baissière (pas un setup),63.64,2737200693.0,35.1,-0.209,-1.36,-4.21,-7.54,25866722.0,14.8,15.7,25.0,0.0,0.0,0.0,1.0,0.612,0.0,0.0,0.012,0.008,0.217,Consumer Discretionary,2026-07-03,79.25,-19.7,98
ASMB,,4.5,Tendance baissière (pas un setup),22.82,464628801.0,31.2,-0.026,-0.57,-0.7,-30.57,9284933.0,38.3,41.1,63.0,0.0,0.0,0.0,0.495,0.624,0.0,0.0,0.426,0.032,0.0,Health Care,2026-07-03,27.74,-17.74,98
BRBR,,4.5,Tendance baissière (pas un setup),7.99,929062770.0,37.2,0.066,2.83,7.97,-15.27,32327384.0,40.6,45.5,58.0,0.09,0.0,0.0,0.25,0.644,0.045,0.0,0.417,0.087,0.0,Consumer Staples,2026-07-03,13.86,-42.35,98
RTB,,4.4,Tendance baissière (pas un setup),8.36,125054515.0,39.3,0.123,-0.83,-1.3,1.83,1353813.0,54.8,63.2,33.0,0.0,0.0,0.0,0.0,0.805,0.083,0.0,0.01,0.413,0.0,Information Technology,2026-07-15,14.96,-44.12,86
CRDL,,4.4,Tendance baissière (pas un setup),1.3,156858579.0,24.3,-0.061,-1.52,-16.67,-43.11,2560180.0,44.4,51.3,87.0,0.0,0.0,0.0,0.0,0.418,0.0,0.0,0.335,0.341,0.0,Health Care,2026-07-29,1.2,8.33,72
NVA,,4.4,Tendance baissière (pas un setup),5.12,195555164.0,41.9,-0.062,-2.48,-6.06,-20.87,3481262.0,25.8,37.8,27.0,0.0,0.0,0.0,0.676,0.503,0.108,0.0,0.0,0.23,0.0,Materials,2026-07-03,4.78,7.11,98
TRVG,,4.4,Tendance baissière (pas un setup),4.27,301546008.0,32.2,-0.174,-2.51,-15.36,-24.56,1394589.0,37.2,38.2,95.0,0.0,0.0,0.0,0.654,0.198,0.071,0.0,0.028,0.325,0.0,Communication Services,2026-09-18,6.69,-36.17,21
LZM,,4.4,Tendance baissière (pas un setup),3.33,299415475.0,31.5,-0.039,-10.96,-11.2,-17.57,1544486.0,29.1,33.6,4.0,0.17,0.0,0.0,0.91,0.874,0.084,0.0,0.0,0.032,0.0,Materials,2026-07-03,3.73,-10.72,98
ABG,,4.4,Tendance baissière (pas un setup),168.96,3033155896.0,29.9,-0.707,0.71,-5.33,-20.44,50964255.0,30.4,32.3,94.0,0.0,0.0,0.0,0.983,0.18,0.001,0.0,0.326,0.024,0.0,Consumer Discretionary,2026-07-03,205.4,-17.74,98
OXLC,,4.4,Tendance baissière (pas un setup),8.53,1480808000.0,31.7,-0.059,0.83,-5.22,-9.67,9782647.0,11.7,13.6,55.0,0.0,0.0,0.0,1.0,0.34,0.0,0.289,0.0,0.087,0.0,Financials,2026-07-03,8.81,-3.18,98
POWI,equipement_electrique|semiconducteurs,4.4,Tendance baissière (pas un setup),49.89,2787518837.0,41.9,0.372,-2.94,-3.13,0.36,40121172.0,24.3,29.1,7.0,0.11,0.0,0.0,1.0,0.852,0.054,0.0,0.0,0.04,0.0,Information Technology,2026-07-03,72.99,-31.65,98
SLVM,,4.4,Tendance baissière (pas un setup),32.65,1298171934.0,40.2,-0.184,2.77,-0.21,-6.61,13340583.0,20.9,24.4,86.0,0.0,0.0,0.0,1.0,0.22,0.0,0.0,0.312,0.016,0.0,Materials,2026-07-03,38.54,-15.28,98
LOB,,4.4,Tendance baissière (pas un setup),34.57,1600024743.0,23.5,-0.165,0.9,-5.0,-11.13,8664356.0,22.3,23.9,83.0,0.14,0.0,0.0,1.0,0.281,0.071,0.0,0.0,0.016,0.256,Financials,2026-07-03,41.05,-15.79,98
MCFT,,4.4,Tendance baissière (pas un setup),19.5,474617735.0,38.0,0.093,0.41,-1.81,-14.44,5523103.0,24.9,26.7,13.0,0.0,0.0,0.0,1.0,0.924,0.0,0.0,0.034,0.024,0.0,Consumer Discretionary,2026-07-03,23.79,-18.03,98
MNKD,,4.4,Tendance baissière (pas un setup),3.42,1099682135.0,40.7,0.012,-0.87,-13.42,-13.2,19143720.0,22.3,28.0,49.0,0.0,0.0,0.0,1.0,0.305,0.0,0.0,0.0,0.238,0.0,Health Care,2026-07-03,4.52,-24.34,98
FBRT,,4.4,Tendance baissière (pas un setup),6.26,519864304.0,28.0,-0.063,1.95,-3.25,-19.35,17161867.0,26.1,28.8,100.0,0.0,0.0,0.0,1.0,0.0,0.0,0.0,0.383,0.032,0.0,Real Estate,2026-07-03,8.07,-22.43,98
VNET,,4.4,Tendance baissière (pas un setup),5.17,1472563138.0,34.1,-0.093,-4.08,-6.85,-20.71,27581570.0,35.1,36.3,100.0,0.27,0.0,0.0,0.761,0.131,0.135,0.0,0.327,0.016,0.0,Information Technology,2026-07-03,7.92,-34.72,98
APAM,,4.3,Tendance baissière (pas un setup),33.65,2728095312.0,27.1,-0.129,-0.3,-7.04,-16.31,42355162.0,24.0,25.4,63.0,0.0,0.0,0.0,1.0,0.42,0.0,0.0,0.034,0.016,0.2,Financials,2026-07-03,35.41,-4.97,98
CTEV,,4.3,Tendance baissière (pas un setup),24.33,412331775.0,37.6,0.027,-2.8,14.17,-32.96,4976461.0,42.7,52.3,88.0,0.0,0.0,0.0,0.0,0.412,0.0,0.0,0.452,0.23,0.0,Health Care,2026-07-03,32.64,-25.46,98
BETR,,4.3,Tendance baissière (pas un setup),10.15,192835577.0,37.3,0.062,2.32,-9.29,-24.59,7575956.0,63.0,65.6,43.0,0.2,0.0,0.0,0.0,0.67,0.6,0.0,0.017,0.016,0.0,Financials,2026-07-03,28.6,-64.51,98
SAIQ,,4.3,Tendance baissière (pas un setup),5.51,164287108.0,40.8,-0.514,41.65,92.66,-43.49,24148558.0,57.5,86.4,100.0,0.0,0.0,0.0,0.0,0.0,0.5,0.0,0.348,0.04,0.0,Industrials,2026-10-06,6.67,-17.39,3
RYAM,,4.3,Tendance baissière (pas un setup),6.93,468774361.0,29.9,-0.174,2.06,-5.59,-18.37,7555686.0,30.0,33.8,100.0,0.17,0.0,0.0,0.898,0.065,0.085,0.0,0.308,0.024,0.0,Materials,2026-07-03,7.36,-5.84,98
ALIT,,4.3,Tendance baissière (pas un setup),9.76,262925548.0,38.4,0.013,-1.71,7.73,-22.23,5400592.0,51.7,57.9,63.0,0.34,0.0,0.0,0.0,0.514,0.182,0.0,0.443,0.056,0.0,Information Technology,2026-07-03,14.26,-31.56,98
UUUU,production_energie,4.3,Tendance baissière (pas un setup),9.94,2483677980.0,29.1,-0.066,-3.12,-7.19,-31.68,91680016.0,39.8,41.1,25.0,0.0,0.0,0.0,0.495,0.852,0.0,0.0,0.315,0.008,0.0,Energy,2026-07-03,13.81,-28.02,98
BWAY,,4.3,Tendance baissière (pas un setup),11.47,460284321.0,21.1,-0.149,-1.29,-8.97,-20.4,1364978.0,34.1,34.7,87.0,0.67,0.0,0.0,0.852,0.317,0.334,0.0,0.0,0.008,0.0,Health Care,2026-07-03,15.19,-24.49,98
HTLD,,4.3,Tendance baissière (pas un setup),11.35,877725135.0,39.1,0.005,0.62,-2.49,-7.03,9196634.0,14.3,16.8,30.0,0.17,0.0,0.0,1.0,0.707,0.085,0.0,0.003,0.032,0.0,Industrials,2026-07-03,14.9,-23.83,98
ADEA,,4.3,Tendance baissière (pas un setup),24.11,2659405817.0,40.2,-0.035,-0.82,-4.85,-10.0,28523021.0,25.0,26.7,2.0,0.12,0.0,0.0,1.0,0.822,0.06,0.0,0.0,0.008,0.016,Information Technology,2026-07-03,29.24,-17.54,98
WD,,4.3,Tendance baissière (pas un setup),34.39,1180462371.0,35.5,-0.123,1.27,-0.41,-16.87,20656133.0,33.6,36.7,86.0,0.0,0.0,0.0,0.737,0.288,0.0,0.0,0.378,0.032,0.0,Financials,2026-07-03,54.55,-36.96,98
CTMX,,4.3,Tendance baissière (pas un setup),2.47,538211231.0,29.8,-0.011,-3.14,-6.08,-30.23,11674219.0,36.4,37.5,59.0,0.0,0.0,0.0,0.697,0.585,0.0,0.0,0.324,0.008,0.0,Health Care,2026-07-03,3.82,-35.34,98
MLYS,,4.3,Tendance baissière (pas un setup),22.38,1978546086.0,32.8,-0.526,1.31,-5.65,-26.62,38667779.0,30.0,32.9,90.0,0.0,0.0,0.0,0.949,0.246,0.0,0.0,0.308,0.024,0.0,Health Care,2026-07-03,27.69,-19.18,98
PIPR,,4.2,Tendance baissière (pas un setup),64.38,4549753335.0,30.6,-0.583,0.92,-2.13,-16.35,61913158.0,18.1,20.2,92.0,0.0,0.0,0.0,1.0,0.058,0.0,0.0,0.338,0.016,0.0,Financials,2026-09-30,64.72,-0.53,9
REZI,,4.2,Tendance baissière (pas un setup),17.2,2611774902.0,31.8,0.037,-2.05,-5.34,-8.9,41750666.0,37.1,38.6,24.0,0.46,0.0,0.0,0.633,0.857,0.231,0.0,0.0,0.008,0.0,Industrials,2026-07-03,30.66,-43.9,98
ORC,,4.2,Tendance baissière (pas un setup),5.02,1002009259.0,17.3,-0.062,0.4,-4.02,-21.41,38890007.0,23.8,26.4,100.0,0.0,0.0,0.0,1.0,0.0,0.0,0.0,0.356,0.016,0.0,Real Estate,2026-07-03,6.92,-27.46,98
RCKT,,4.2,Tendance baissière (pas un setup),2.63,288707190.0,35.5,-0.023,3.75,1.54,-27.55,6433218.0,34.1,39.3,93.0,0.0,0.0,0.0,0.592,0.272,0.0,0.0,0.395,0.063,0.0,Health Care,2026-07-03,3.84,-31.51,98
AKTS,,4.2,Tendance baissière (pas un setup),17.74,986689912.0,24.4,-0.167,-1.44,-4.21,-26.27,10464355.0,35.9,38.6,71.0,0.0,0.0,0.0,0.634,0.553,0.0,0.0,0.345,0.008,0.0,Health Care,2026-08-17,24.93,-28.84,53
HESM,,4.2,Tendance baissière (pas un setup),34.0,4363929954.0,29.2,-0.484,2.94,-10.64,-16.19,76462304.0,17.7,22.6,100.0,0.0,0.0,0.0,1.0,0.0,0.0,0.0,0.0,0.016,0.409,Energy,2026-07-03,38.16,-10.9,98
XRAY,,4.2,Tendance baissière (pas un setup),8.69,1732385182.0,30.9,-0.012,1.76,-0.57,-18.94,49734745.0,39.5,41.7,66.0,0.0,0.0,0.0,0.462,0.605,0.0,0.0,0.375,0.032,0.0,Health Care,2026-07-03,11.65,-25.41,98
MBUU,,4.2,Tendance baissière (pas un setup),22.02,433293618.0,31.3,0.029,-2.52,-3.55,-14.85,5773333.0,27.6,28.7,28.0,0.0,0.0,0.0,1.0,0.833,0.0,0.0,0.045,0.008,0.0,Consumer Discretionary,2026-07-03,25.07,-12.17,98
EVC,,4.2,Tendance baissière (pas un setup),6.78,625714708.0,26.3,-0.041,0.0,-8.13,-18.49,9842041.0,43.9,46.8,40.0,0.6,0.0,0.0,0.176,0.762,0.303,0.0,0.0,0.167,0.0,Communication Services,2026-07-03,13.05,-48.05,98
IVR,,4.2,Tendance baissière (pas un setup),5.68,611397569.0,21.7,-0.039,1.07,-2.41,-18.36,23175756.0,22.9,25.1,97.0,0.0,0.0,0.0,1.0,0.019,0.0,0.0,0.343,0.016,0.0,Real Estate,2026-07-03,7.85,-27.64,98
UNIT,,4.2,Tendance baissière (pas un setup),7.4,1796165999.0,21.3,-0.122,-5.61,-6.8,-26.29,23965741.0,29.9,30.9,90.0,0.0,0.0,0.0,1.0,0.136,0.0,0.0,0.324,0.008,0.0,Real Estate,2026-07-03,10.75,-31.16,98
ARLO,,4.2,Tendance baissière (pas un setup),12.15,1307501644.0,38.9,-0.073,1.67,-4.86,-7.46,17356724.0,26.9,30.0,52.0,0.23,0.0,0.0,1.0,0.577,0.113,0.0,0.027,0.016,0.0,Industrials,2026-07-03,12.98,-6.39,98
CMTG,,4.2,Tendance baissière (pas un setup),1.24,174944415.0,34.2,0.006,0.81,2.48,-21.52,1326402.0,37.5,41.6,79.0,0.0,0.0,0.0,0.469,0.529,0.0,0.0,0.392,0.048,0.0,Real Estate,2026-07-03,2.37,-47.68,98
PHIN,,4.2,Tendance baissière (pas un setup),58.46,2141862624.0,31.6,0.224,-0.02,-2.62,-12.34,28972735.0,27.4,28.5,11.0,0.0,0.0,0.0,1.0,0.827,0.0,0.0,0.038,0.016,0.0,Consumer Discretionary,2026-07-03,75.71,-22.78,98
ONIT,,4.2,Tendance baissière (pas un setup),27.44,229248029.0,25.9,-0.187,0.99,-0.4,-20.21,3256097.0,33.1,37.8,90.0,0.0,0.0,0.0,0.677,0.351,0.0,0.0,0.374,0.024,0.0,Financials,2026-07-03,38.96,-29.57,98
NGNE,,4.2,Tendance baissière (pas un setup),26.5,530301623.0,33.0,-0.317,2.44,-0.19,-30.04,10442323.0,36.9,40.8,83.0,0.0,0.0,0.0,0.51,0.416,0.0,0.0,0.38,0.063,0.0,Health Care,2026-07-03,35.34,-25.01,98
LASR,laser_photonique|semiconducteurs,4.2,Tendance baissière (pas un setup),38.31,2210111447.0,37.7,0.503,-3.94,-4.06,-6.54,33773657.0,52.2,53.4,2.0,1.0,0.0,0.0,0.0,0.986,0.5,0.0,0.0,0.008,0.0,Information Technology,2026-07-03,63.25,-39.43,98
GILT,,4.2,Tendance baissière (pas un setup),9.32,703389235.0,36.2,-0.038,1.08,-5.28,-4.41,6216424.0,24.4,29.1,13.0,0.07,0.0,0.0,1.0,0.817,0.035,0.0,0.0,0.024,0.0,Information Technology,2026-07-03,12.88,-27.64,98
PRKS,,4.2,Tendance baissière (pas un setup),32.09,1455002606.0,34.6,0.304,-2.08,2.92,-17.34,25964213.0,35.8,37.8,56.0,0.0,0.0,0.0,0.68,0.484,0.0,0.0,0.329,0.016,0.0,Consumer Discretionary,2026-07-03,48.44,-33.75,98
KZIA,,4.1,Tendance baissière (pas un setup),8.82,137141104.0,31.4,0.004,-5.06,-6.86,-25.76,2748015.0,48.7,49.3,40.0,0.22,0.0,0.0,0.039,0.757,0.227,0.0,0.319,0.008,0.0,Health Care,2026-07-03,13.25,-33.43,98
TRTX,,4.1,Tendance baissière (pas un setup),5.97,458310984.0,16.7,-0.032,0.17,-5.84,-19.0,7940604.0,25.8,27.7,100.0,0.0,0.0,0.0,1.0,0.0,0.0,0.0,0.34,0.016,0.005,Real Estate,2026-07-03,8.4,-28.93,98
CALY,,4.1,Tendance baissière (pas un setup),13.87,2475940926.0,28.8,0.02,-0.29,-3.14,-9.88,33892802.0,30.1,31.2,28.0,0.0,0.0,0.0,1.0,0.82,0.0,0.0,0.025,0.016,0.0,Consumer Discretionary,2026-07-03,18.26,-24.04,98
PRG,,4.1,Tendance baissière (pas un setup),30.9,1230797460.0,28.6,0.009,2.12,-0.8,-17.45,24986774.0,33.3,37.8,80.0,0.0,0.0,0.0,0.681,0.302,0.0,0.0,0.367,0.024,0.0,Industrials,2026-07-03,44.13,-29.98,98
QTTB,,4.1,Tendance baissière (pas un setup),8.09,240834980.0,26.1,0.017,1.25,-1.94,-27.38,10788394.0,52.4,55.1,60.0,0.0,0.0,0.0,0.0,0.432,0.0,0.0,0.347,0.278,0.0,Health Care,2026-07-03,13.09,-38.2,98
WHR,,4.1,Tendance baissière (pas un setup),29.16,1901213862.0,25.1,-0.047,-0.1,-4.33,-20.83,100044270.0,38.1,39.7,58.0,0.0,0.0,0.0,0.571,0.639,0.0,0.0,0.319,0.016,0.0,Consumer Discretionary,2026-07-03,38.1,-23.46,98
SITE,,4.1,Tendance baissière (pas un setup),87.74,3830323919.0,40.2,-0.12,1.6,-1.93,-10.3,99868091.0,17.2,22.6,6.0,0.0,0.0,0.0,1.0,0.706,0.008,0.0,0.047,0.024,0.0,Industrials,2026-07-03,112.39,-21.93,98
ZURA,,4.1,Tendance baissière (pas un setup),4.13,395774336.0,36.4,0.018,-0.96,-0.24,-27.67,8940020.0,41.5,45.9,70.0,0.0,0.0,0.0,0.228,0.498,0.0,0.0,0.386,0.135,0.0,Health Care,2026-07-03,5.17,-20.12,98
OCS,,4.1,Tendance baissière (pas un setup),8.66,533352712.0,29.4,-0.016,1.88,-1.14,-24.5,2767458.0,36.8,39.4,58.0,0.0,0.0,0.0,0.588,0.441,0.0,0.0,0.36,0.024,0.0,Health Care,2026-07-03,14.12,-38.67,98
ACRE,,4.1,Tendance baissière (pas un setup),3.66,203060874.0,25.9,-0.032,0.27,-5.43,-14.64,2475060.0,22.6,24.3,99.0,0.0,0.0,0.0,1.0,0.085,0.001,0.0,0.312,0.016,0.0,Real Estate,2026-07-03,4.52,-19.03,98
OLED,,4.1,Tendance baissière (pas un setup),72.9,3350982272.0,37.2,0.092,-5.59,-5.8,-8.18,61776362.0,22.3,23.6,22.0,0.14,0.0,0.0,1.0,0.732,0.07,0.0,0.0,0.008,0.0,Information Technology,2026-07-03,78.7,-7.37,98
ACAD,,4.1,Tendance baissière (pas un setup),19.58,3373742042.0,16.8,-0.284,-0.36,-1.56,-29.26,56051769.0,36.8,37.6,100.0,0.0,0.0,0.0,0.689,0.108,0.0,0.0,0.441,0.016,0.0,Health Care,2026-07-03,25.97,-24.61,98
WYFI,,4.1,Tendance baissière (pas un setup),15.75,611857859.0,35.0,-0.081,-6.42,-9.9,-18.44,22651481.0,51.3,52.7,12.0,1.0,0.0,0.0,0.0,0.929,0.5,0.0,0.0,0.008,0.0,Information Technology,2026-07-03,31.44,-49.9,98
OFIX,,4.1,Tendance baissière (pas un setup),9.0,366593472.0,42.9,0.033,-2.17,-2.28,1.01,4062547.0,28.1,32.1,19.0,0.0,0.0,0.0,0.994,0.628,0.0,0.0,0.056,0.048,0.0,Health Care,2026-07-03,9.94,-9.46,98
CIM,,4.1,Tendance baissière (pas un setup),9.01,754243480.0,19.2,-0.071,0.56,-3.84,-18.04,15607464.0,26.7,28.3,100.0,0.0,0.0,0.0,1.0,0.0,0.0,0.0,0.33,0.016,0.0,Real Estate,2026-07-03,13.12,-31.33,98
ASPI,production_energie,4.0,Tendance baissière (pas un setup),2.83,433865545.0,37.3,0.036,-1.05,4.81,-25.92,14320720.0,37.0,44.2,29.0,0.0,0.0,0.0,0.324,0.699,0.0,0.0,0.353,0.04,0.0,Materials,2026-07-03,5.63,-49.73,98
CALM,,4.0,Tendance baissière (pas un setup),64.83,3028249041.0,31.0,-0.263,3.4,-1.53,-11.47,99172596.0,29.9,33.1,100.0,0.0,0.0,0.0,0.939,0.036,0.0,0.0,0.311,0.024,0.0,Consumer Staples,2026-07-03,83.85,-22.68,98
MARA,,4.0,Tendance baissière (pas un setup),9.91,3828226033.0,34.8,-0.295,-4.34,-11.6,-16.86,520170382.0,29.1,37.9,74.0,0.47,0.0,0.0,0.672,0.467,0.236,0.0,0.0,0.071,0.0,Financials,2026-07-03,12.4,-20.08,98
BC,,4.0,Tendance baissière (pas un setup),62.35,4040119636.0,25.5,0.086,-1.59,-2.91,-12.1,53602803.0,26.0,26.8,48.0,0.06,0.0,0.0,1.0,0.659,0.032,0.0,0.036,0.008,0.007,Consumer Discretionary,2026-07-08,77.33,-19.37,93
VYGR,,4.0,Tendance baissière (pas un setup),2.37,146034537.0,22.2,-0.037,-4.05,-11.57,-27.08,1818223.0,34.0,35.1,100.0,0.0,0.0,0.0,0.828,0.15,0.0,0.0,0.346,0.008,0.0,Health Care,2026-07-03,3.78,-37.3,98
RILY,,4.0,Tendance baissière (pas un setup),5.16,207430736.0,34.7,-0.008,3.41,2.18,-24.01,3923360.0,34.2,41.8,94.0,0.0,0.0,0.0,0.454,0.22,0.016,0.0,0.423,0.063,0.0,Financials,2026-07-03,7.98,-35.34,98
AIR,,4.0,Tendance baissière (pas un setup),101.58,4082927953.0,33.4,-0.553,1.97,1.68,-18.48,77220997.0,34.0,36.4,91.0,0.0,0.0,0.0,0.758,0.205,0.0,0.0,0.352,0.024,0.0,Industrials,2026-09-10,124.6,-18.48,29
PALI,,4.0,Tendance baissière (pas un setup),1.45,252692309.0,36.1,0.002,-2.03,1.4,-29.27,6172891.0,35.3,41.1,91.0,0.0,0.0,0.0,0.496,0.343,0.0,0.0,0.408,0.032,0.0,Health Care,2026-07-03,2.1,-30.95,98
ARTV,,4.0,Tendance baissière (pas un setup),6.8,332452823.0,27.6,0.02,-2.86,0.15,-36.98,4255848.0,44.6,46.9,64.0,0.0,0.0,0.0,0.174,0.572,0.121,0.0,0.399,0.008,0.0,Health Care,2026-07-03,9.61,-29.24,98
CIGI,,4.0,Tendance baissière (pas un setup),86.44,4417414287.0,34.1,-0.128,0.65,-5.5,-8.85,24550242.0,22.3,24.7,13.0,0.0,0.0,0.0,1.0,0.832,0.006,0.0,0.0,0.016,0.0,Real Estate,2026-07-08,100.52,-14.01,93
SHAZ,,3.9,Tendance baissière (pas un setup),39.05,1398126870.0,30.1,-1.349,-13.45,-21.66,-31.19,76058318.0,51.2,52.3,25.0,0.89,0.0,0.0,0.0,0.833,0.446,0.0,0.0,0.04,0.0,Information Technology,2026-09-24,57.73,-32.36,15
ATMU,,3.9,Tendance baissière (pas un setup),42.62,3477601361.0,34.9,0.114,-3.4,-4.42,-8.19,36262065.0,23.5,26.8,2.0,0.0,0.0,0.0,1.0,0.815,0.0,0.0,0.0,0.008,0.0,Consumer Discretionary,2026-07-03,49.71,-14.26,98
KBH,,3.9,Tendance baissière (pas un setup),44.37,2720312631.0,30.3,-0.103,0.89,-4.66,-10.78,91252913.0,24.9,26.6,37.0,0.0,0.0,0.0,1.0,0.671,0.0,0.0,0.033,0.016,0.0,Consumer Discretionary,2026-07-03,61.16,-27.45,98
PACK,,3.9,Tendance baissière (pas un setup),3.9,334457327.0,33.5,0.021,-0.51,-4.18,-3.7,2208151.0,33.4,35.8,17.0,0.14,0.0,0.0,0.792,0.817,0.106,0.0,0.0,0.008,0.0,Consumer Discretionary,2026-07-03,6.55,-40.46,98
NESR,,3.9,Tendance baissière (pas un setup),23.24,2343794763.0,20.6,-0.79,-1.65,-6.8,-33.03,69722233.0,37.1,37.7,98.0,0.0,0.0,0.0,0.686,0.21,0.0,0.0,0.374,0.008,0.0,Energy,2026-07-03,27.9,-16.7,98
OLMA,,3.9,Tendance baissière (pas un setup),7.82,684231287.0,24.5,-0.074,-1.51,-5.44,-24.52,12292704.0,36.0,38.1,75.0,0.0,0.0,0.0,0.662,0.409,0.0,0.0,0.318,0.008,0.0,Health Care,2026-07-03,12.64,-38.13,98
ABOS,,3.9,Tendance baissière (pas un setup),2.1,151866299.0,35.7,-0.029,0.0,1.45,-26.32,1400869.0,37.1,40.1,90.0,0.0,0.0,0.0,0.549,0.286,0.0,0.0,0.38,0.04,0.0,Health Care,2026-07-03,2.74,-23.36,98
FUN,,3.9,Tendance baissière (pas un setup),11.41,1167429120.0,36.0,0.141,-1.89,4.87,-20.15,32894127.0,39.3,44.4,34.0,0.0,0.0,0.0,0.31,0.714,0.0,0.0,0.349,0.032,0.0,Consumer Discretionary,2026-07-03,20.99,-45.64,98
XFOR,,3.8,Tendance baissière (pas un setup),2.79,276619413.0,26.9,-0.01,-0.71,-1.41,-22.5,3556851.0,42.1,44.0,98.0,0.0,0.0,0.0,0.334,0.41,0.085,0.0,0.36,0.016,0.0,Health Care,2026-07-03,4.13,-32.45,98
ATS,,3.8,Tendance baissière (pas un setup),17.68,1715092264.0,31.4,0.011,-0.39,-1.94,-8.68,4585042.0,38.3,39.6,41.0,0.39,0.0,0.0,0.578,0.752,0.193,0.0,0.0,0.016,0.0,Industrials,2026-07-03,27.68,-36.13,98
ANAB,,3.8,Tendance baissière (pas un setup),46.21,1368207907.0,27.4,-0.5,1.23,-4.98,-17.04,30040860.0,23.4,25.8,37.0,0.07,0.0,0.0,1.0,0.545,0.035,0.0,0.03,0.016,0.0,Health Care,2026-07-03,63.42,-27.14,98
NWCL,,3.8,Tendance baissière (pas un setup),7.52,2117142824.0,31.0,0.04,-4.93,-5.41,-29.19,8279469.0,30.4,34.4,93.0,0.0,0.0,0.0,0.866,0.043,0.0,0.0,0.314,0.024,0.0,Industrials,2026-09-23,8.64,-12.96,16
AIOT,,3.8,Tendance baissière (pas un setup),2.64,354356424.0,36.1,-0.001,0.38,-5.71,-11.11,4628208.0,40.5,42.6,38.0,0.54,0.0,0.0,0.413,0.761,0.27,0.0,0.0,0.016,0.0,Information Technology,2026-07-03,4.37,-39.59,98
WRN,,3.8,Tendance baissière (pas un setup),2.04,461397869.0,33.2,-0.028,-1.45,-5.12,-20.31,2734533.0,22.7,23.5,53.0,0.07,0.0,0.0,1.0,0.577,0.033,0.0,0.04,0.008,0.0,Materials,2026-07-03,2.3,-11.3,98
RNAC,,3.7,Tendance baissière (pas un setup),6.82,206341501.0,28.8,-0.052,2.1,-5.54,-21.52,1142773.0,37.3,40.3,21.0,0.0,0.0,0.0,0.541,0.857,0.0,0.0,0.042,0.111,0.0,Health Care,2026-07-03,10.59,-35.6,98
IMSR,,3.7,Tendance baissière (pas un setup),3.4,360179864.0,29.7,-0.037,-6.85,-11.23,-36.09,6654961.0,44.8,46.1,48.0,0.22,0.0,0.0,0.219,0.632,0.11,0.0,0.307,0.008,0.0,Utilities,2026-07-03,6.46,-47.37,98
CCCC,,3.7,Tendance baissière (pas un setup),2.85,350621638.0,33.1,-0.018,1.06,-9.24,-17.15,6883692.0,34.9,37.8,52.0,0.46,0.0,0.0,0.677,0.396,0.232,0.0,0.032,0.024,0.0,Health Care,2026-07-03,4.3,-33.72,98
LENZ,,3.7,Tendance baissière (pas un setup),3.53,110913811.0,32.4,-0.003,-2.49,-6.86,-28.11,3129535.0,47.6,50.3,52.0,0.29,0.0,0.0,0.0,0.69,0.147,0.0,0.351,0.008,0.0,Health Care,2026-07-03,5.89,-40.07,98
AEVA,ia|laser_photonique,3.7,Tendance baissière (pas un setup),13.69,954271827.0,38.5,0.076,-4.53,-4.2,-12.36,20925559.0,51.8,53.0,7.0,0.62,0.0,0.0,0.0,0.957,0.361,0.0,0.034,0.008,0.0,Information Technology,2026-07-03,23.98,-42.91,98
HRI,,3.7,Tendance baissière (pas un setup),123.86,4140818654.0,36.9,-0.292,-0.45,-6.07,-14.46,121122884.0,29.3,31.3,39.0,0.0,0.0,0.0,1.0,0.441,0.0,0.0,0.006,0.079,0.0,Industrials,2026-07-03,134.91,-8.19,98
TPB,,3.7,Tendance baissière (pas un setup),57.04,1143590511.0,27.9,0.193,-0.58,3.11,-22.0,30664962.0,37.9,40.4,90.0,0.0,0.0,0.0,0.531,0.237,0.0,0.0,0.385,0.024,0.0,Consumer Staples,2026-07-03,85.94,-33.63,98
LUNR,espace,3.7,Tendance baissière (pas un setup),13.7,3136259732.0,41.7,-0.036,-4.93,-2.49,-8.3,122833966.0,34.3,44.4,9.0,0.44,0.0,0.0,0.312,0.786,0.221,0.0,0.039,0.056,0.0,Industrials,2026-07-03,19.58,-30.03,98
TNDM,,3.7,Tendance baissière (pas un setup),15.68,1090646232.0,35.1,0.048,-1.04,-5.0,-17.97,39538347.0,36.8,40.2,2.0,0.0,0.0,0.0,0.543,0.854,0.0,0.0,0.041,0.111,0.0,Health Care,2026-07-03,15.32,2.35,98
FRMI,production_energie,3.7,Tendance baissière (pas un setup),3.66,2347010513.0,29.7,-0.036,-7.81,-9.63,-33.82,78852137.0,52.3,55.4,56.0,0.4,0.0,0.0,0.0,0.662,0.2,0.0,0.314,0.008,0.0,Real Estate,2026-07-07,8.21,-55.42,94
HAYW,,3.7,Tendance baissière (pas un setup),11.44,2426648018.0,21.5,-0.029,-3.05,-6.54,-13.92,51597309.0,29.9,30.2,28.0,0.0,0.0,0.0,1.0,0.686,0.0,0.0,0.0,0.008,0.0,Industrials,2026-07-03,16.97,-32.59,98
ALHC,,3.7,Tendance baissière (pas un setup),8.71,1806760148.0,37.6,0.27,1.87,12.53,-33.15,117720890.0,54.4,61.4,81.0,0.0,0.0,0.0,0.0,0.514,0.0,0.0,0.439,0.119,0.0,Health Care,2026-07-03,23.8,-63.4,98
BTQ,quantique,3.7,Tendance baissière (pas un setup),2.79,410355089.0,43.3,0.052,-9.42,-6.38,-5.42,5938571.0,39.1,44.1,8.0,0.06,0.0,0.0,0.328,0.888,0.093,0.0,0.079,0.079,0.0,Information Technology,2026-07-03,4.82,-42.12,98
LODE,,3.7,Tendance baissière (pas un setup),2.21,167944634.0,27.1,-0.005,1.84,-1.78,-27.3,3837757.0,40.4,43.4,59.0,0.0,0.0,0.0,0.367,0.637,0.0,0.0,0.334,0.016,0.0,Materials,2026-07-03,4.19,-47.26,98
BHF,,3.7,Tendance baissière (pas un setup),48.99,2817491471.0,33.7,0.036,-1.35,-2.12,-4.22,52163960.0,23.1,24.1,71.0,0.03,0.0,0.0,1.0,0.34,0.016,0.0,0.015,0.008,0.111,Financials,2026-07-03,64.01,-23.47,98
BYND,,3.7,Tendance baissière (pas un setup),7.73,132909357.0,27.5,-0.009,0.91,-6.42,-29.08,12453874.0,60.1,61.2,89.0,0.47,0.0,0.0,0.0,0.467,0.236,0.0,0.344,0.016,0.0,Consumer Staples,2026-08-17,0.42,1740.48,53
NKTX,,3.7,Tendance baissière (pas un setup),2.22,159007036.0,30.1,-0.07,-2.2,-13.28,-23.71,1566015.0,32.7,38.0,53.0,0.33,0.0,0.0,0.665,0.513,0.206,0.0,0.0,0.032,0.0,Health Care,2026-07-03,3.22,-31.06,98
TECX,,3.6,Tendance baissière (pas un setup),22.75,444748077.0,29.8,0.013,0.18,0.35,-25.36,6364623.0,41.4,44.4,84.0,0.0,0.0,0.0,0.31,0.495,0.0,0.0,0.373,0.032,0.0,Health Care,2026-07-03,37.93,-40.02,98
ARDX,,3.6,Tendance baissière (pas un setup),3.27,814843360.0,30.8,0.014,0.31,-3.25,-13.95,15690557.0,35.9,37.6,7.0,0.06,0.0,0.0,0.687,0.906,0.032,0.0,0.009,0.016,0.0,Health Care,2026-07-03,5.27,-37.95,98
PONY,,3.6,Tendance baissière (pas un setup),5.76,2497199345.0,28.1,-0.075,-5.11,-7.69,-14.79,27691474.0,33.2,33.8,41.0,0.05,0.0,0.0,0.9,0.616,0.025,0.0,0.036,0.008,0.0,Information Technology,2026-07-03,6.83,-15.67,98
SNDX,,3.6,Tendance baissière (pas un setup),16.9,1509120753.0,36.3,-0.048,-0.76,-7.24,-14.82,33817204.0,19.5,22.0,18.0,0.0,0.0,0.0,1.0,0.638,0.0,0.0,0.0,0.008,0.0,Health Care,2026-07-03,21.82,-22.55,98
MRTN,,3.6,Tendance baissière (pas un setup),12.79,1044452747.0,35.4,0.022,0.95,-2.22,-8.31,11205034.0,16.6,17.8,43.0,0.0,0.0,0.0,1.0,0.545,0.0,0.0,0.016,0.024,0.0,Industrials,2026-07-03,17.46,-26.75,98
BKKT,,3.6,Tendance baissière (pas un setup),7.03,316838290.0,39.4,-0.165,-3.3,-8.82,-14.89,11594968.0,28.2,31.5,72.0,0.04,0.0,0.0,1.0,0.371,0.066,0.0,0.017,0.016,0.0,Information Technology,2026-07-03,8.36,-15.91,98
FIP,,3.6,Tendance baissière (pas un setup),2.66,314363420.0,36.2,0.008,-6.34,2.31,-19.15,4338937.0,43.0,44.5,49.0,0.02,0.0,0.0,0.305,0.565,0.011,0.0,0.341,0.024,0.0,Industrials,2026-07-03,4.44,-40.09,98
CRVS,,3.6,Tendance baissière (pas un setup),10.21,858874838.0,26.1,-0.137,-1.92,-6.59,-23.41,15761782.0,35.1,37.5,76.0,0.0,0.0,0.0,0.693,0.235,0.0,0.0,0.306,0.008,0.0,Health Care,2026-07-03,15.23,-32.96,98
DMRA,,3.6,Tendance baissière (pas un setup),20.56,1269282271.0,35.9,0.099,1.58,1.63,-21.74,19012076.0,38.7,45.8,83.0,0.0,0.0,0.0,0.234,0.419,0.054,0.0,0.36,0.048,0.0,Health Care,2026-07-03,29.98,-31.42,98
LCID,,3.6,Tendance baissière (pas un setup),3.82,1505348072.0,33.5,0.044,-1.8,-8.83,-10.54,44390099.0,53.6,54.8,2.0,0.73,0.0,0.0,0.0,0.986,0.364,0.0,0.0,0.008,0.0,Consumer Discretionary,2026-07-03,6.08,-37.17,98
UWMC,,3.6,Tendance baissière (pas un setup),1.09,1751588014.0,31.7,0.001,-3.54,-9.17,-20.44,15579324.0,45.5,53.5,33.0,0.94,0.0,0.0,0.0,0.743,0.471,0.0,0.0,0.008,0.0,Financials,2026-07-03,2.17,-49.77,98
YARW,,3.5,Tendance baissière (pas un setup),19.87,184877653.0,31.0,-0.487,5.83,-15.81,-31.74,4921355.0,55.1,58.8,78.0,0.0,0.0,0.0,0.0,0.533,0.0,0.0,0.046,0.381,0.0,Health Care,2026-08-04,33.59,-40.85,66
ASLE,,3.5,Tendance baissière (pas un setup),4.92,234815674.0,30.2,-0.037,1.65,-1.6,-11.03,2739295.0,25.7,28.9,74.0,0.0,0.0,0.0,1.0,0.411,0.0,0.0,0.049,0.016,0.0,Industrials,2026-07-03,6.57,-25.11,98
RNA,,3.5,Tendance baissière (pas un setup),8.26,141292611.0,32.4,0.067,4.16,1.47,-21.41,3358825.0,43.7,48.0,85.0,0.0,0.0,0.0,0.11,0.49,0.0,0.0,0.426,0.048,0.0,Health Care,2026-10-02,8.14,1.47,7
IVA,,3.5,Tendance baissière (pas un setup),3.32,784450271.0,35.7,0.012,-1.34,-4.05,-25.39,9438861.0,34.9,39.1,58.0,0.0,0.0,0.0,0.605,0.252,0.0,0.0,0.305,0.016,0.0,Health Care,2026-07-03,3.91,-15.09,98
AENT,,3.5,Tendance baissière (pas un setup),4.52,230427928.0,38.9,-0.018,0.44,2.49,-14.72,2931441.0,40.7,42.9,99.0,0.0,0.0,0.0,0.394,0.405,0.0,0.0,0.34,0.032,0.0,Communication Services,2026-09-14,6.42,-29.6,25
JBIO,,3.5,Tendance baissière (pas un setup),14.15,899903026.0,31.2,0.047,2.76,2.76,-25.76,16097009.0,43.4,47.7,54.0,0.0,0.0,0.0,0.129,0.642,0.0,0.0,0.374,0.04,0.0,Health Care,2026-07-03,21.51,-34.22,98
VNDA,,3.5,Tendance baissière (pas un setup),4.53,273895972.0,31.6,-0.049,-0.66,-5.82,-13.71,5580088.0,19.7,22.9,71.0,0.0,0.0,0.0,1.0,0.42,0.0,0.0,0.044,0.016,0.0,Health Care,2026-07-03,6.21,-27.05,98
ALM,,3.5,Tendance baissière (pas un setup),11.57,3337722278.0,33.0,-0.137,-4.38,-12.22,-36.88,86150261.0,40.5,44.3,5.0,0.4,0.0,0.0,0.316,0.93,0.198,0.0,0.01,0.016,0.0,Materials,2026-07-03,15.71,-26.35,98
ABUS,,3.5,Tendance baissière (pas un setup),4.18,827003950.0,27.9,-0.077,-2.56,-8.33,-19.15,39807690.0,23.3,25.7,90.0,0.0,0.0,0.0,1.0,0.062,0.0,0.0,0.0,0.008,0.223,Health Care,2026-07-03,4.87,-14.17,98
DNLI,,3.5,Tendance baissière (pas un setup),18.67,2984351014.0,28.2,-0.07,-2.56,-9.06,-13.44,39869036.0,27.5,28.9,27.0,0.0,0.0,0.0,1.0,0.576,0.0,0.0,0.0,0.008,0.0,Health Care,2026-07-03,25.83,-27.72,98
SION,,3.5,Tendance baissière (pas un setup),4.9,221540755.0,28.3,0.51,1.66,-3.92,-34.49,8831946.0,91.1,92.7,83.0,1.0,0.0,0.0,0.0,0.5,0.5,0.0,0.0,0.04,0.0,Health Care,2026-07-03,43.99,-88.86,98
NYAX,,3.5,Tendance baissière (pas un setup),45.43,1697228229.0,42.3,0.617,-2.53,-5.84,-7.61,1372113.0,35.1,39.5,33.0,0.0,0.0,0.0,0.583,0.805,0.0,0.0,0.019,0.087,0.0,Information Technology,2026-07-16,63.29,-28.22,85
TSHA,,3.5,Tendance baissière (pas un setup),4.43,1443442604.0,30.3,-0.021,0.0,-6.54,-17.04,22528186.0,34.4,36.9,25.0,0.0,0.0,0.0,0.728,0.801,0.0,0.0,0.036,0.024,0.0,Health Care,2026-07-03,6.53,-32.16,98
INDI,semiconducteurs,3.4,Tendance baissière (pas un setup),2.61,603862140.0,29.2,-0.012,-4.93,-9.55,-20.58,15291153.0,49.3,51.1,3.0,0.65,0.0,0.0,0.0,0.981,0.326,0.0,0.0,0.008,0.0,Information Technology,2026-07-03,4.33,-39.72,98
AIRO,defense,3.4,Tendance baissière (pas un setup),6.15,194068890.0,31.3,-0.059,-3.0,-5.96,-10.61,2791681.0,47.8,48.7,19.0,0.6,0.0,0.0,0.071,0.886,0.298,0.0,0.035,0.008,0.0,Industrials,2026-07-03,7.6,-19.08,98
ESAB,,3.4,Tendance baissière (pas un setup),64.88,4033447513.0,38.8,0.5,-3.34,-3.15,-10.73,77494679.0,34.9,37.1,2.0,0.0,0.0,0.0,0.718,0.653,0.099,0.0,0.0,0.008,0.0,Industrials,2026-08-19,78.97,-17.84,51
RCAT,defense|robotique,3.4,Tendance baissière (pas un setup),5.91,902541879.0,26.7,-0.002,-3.9,-6.64,-27.31,60382589.0,49.7,50.4,18.0,0.1,0.0,0.0,0.0,0.89,0.048,0.0,0.315,0.008,0.0,Industrials,2026-07-03,10.44,-43.39,98
NCMI,,3.4,Tendance baissière (pas un setup),2.21,207895679.0,40.3,0.03,0.45,4.25,-7.14,3183077.0,48.2,53.4,29.0,0.0,0.0,0.0,0.0,0.824,0.0,0.0,0.336,0.056,0.0,Communication Services,2026-07-03,3.97,-44.33,98
AXGN,,3.4,Tendance baissière (pas un setup),36.18,2122735340.0,25.8,-0.741,0.39,-9.37,-23.46,64427602.0,31.6,33.0,90.0,0.0,0.0,0.0,0.943,0.415,0.0,0.0,0.048,0.024,0.0,Health Care,2026-07-03,45.89,-21.16,98
OCUL,,3.4,Tendance baissière (pas un setup),7.51,1649315169.0,34.3,-0.186,3.87,3.02,-34.52,32013628.0,36.0,42.2,100.0,0.0,0.0,0.0,0.435,0.043,0.0,0.0,0.425,0.048,0.0,Health Care,2026-07-03,9.64,-22.1,98
IRON,,3.4,Tendance baissière (pas un setup),60.77,2333133130.0,23.5,-0.277,-0.67,-4.46,-20.57,42743210.0,27.3,30.4,70.0,0.0,0.0,0.0,1.0,0.429,0.0,0.0,0.039,0.008,0.0,Health Care,2026-07-03,76.26,-20.31,98
ARRY,,3.3,Tendance baissière (pas un setup),3.75,577528845.0,37.1,0.021,-1.83,-3.6,-16.29,26949486.0,40.7,42.7,40.0,0.35,0.0,0.0,0.404,0.729,0.173,0.0,0.029,0.008,0.0,Information Technology,2026-07-03,6.97,-46.2,98
OSS,,3.3,Tendance baissière (pas un setup),7.65,190791995.0,27.3,-0.012,-3.77,-14.72,-18.53,6989433.0,47.5,48.4,7.0,0.56,0.0,0.0,0.091,0.957,0.282,0.0,0.0,0.008,0.0,Information Technology,2026-07-03,15.69,-51.24,98
UNCY,,3.3,Tendance baissière (pas un setup),4.07,113370896.0,28.9,-0.049,-2.63,-10.55,-20.51,4316195.0,30.4,31.1,83.0,0.0,0.0,0.0,1.0,0.322,0.0,0.0,0.049,0.008,0.0,Health Care,2026-07-03,5.73,-28.97,98
WGO,,3.3,Tendance baissière (pas un setup),24.65,696828212.0,29.1,-0.159,0.82,-6.52,-14.32,17766447.0,24.8,26.4,75.0,0.0,0.0,0.0,1.0,0.42,0.0,0.0,0.015,0.016,0.0,Consumer Discretionary,2026-07-03,31.16,-20.89,98
IPX,,3.3,Tendance baissière (pas un setup),15.28,518578859.0,32.4,-0.254,-3.47,-3.41,-28.23,6672431.0,42.6,43.5,71.0,0.0,0.0,0.0,0.362,0.491,0.0,0.0,0.306,0.008,0.0,Materials,2026-07-03,28.78,-46.91,98
SLI,,3.3,Tendance baissière (pas un setup),1.61,397322501.0,23.7,-0.026,-2.42,-10.06,-31.78,3856755.0,42.7,43.6,86.0,0.0,0.0,0.0,0.356,0.444,0.0,0.0,0.326,0.008,0.0,Materials,2026-07-03,2.72,-40.81,98
FLY,espace,3.3,Tendance baissière (pas un setup),20.67,3460254012.0,41.1,-0.128,-3.91,-9.54,-5.23,79414978.0,26.7,35.5,10.0,0.0,0.0,0.0,0.808,0.601,0.0,0.0,0.0,0.048,0.0,Industrials,2026-07-03,28.9,-28.48,98
ALLO,,3.3,Tendance baissière (pas un setup),1.4,483687233.0,20.4,-0.016,-2.1,-9.09,-19.08,9223129.0,37.2,39.5,63.0,0.24,0.0,0.0,0.585,0.619,0.119,0.0,0.03,0.008,0.0,Health Care,2026-07-03,2.08,-32.69,98
TYRA,,3.3,Tendance baissière (pas un setup),19.97,1373056102.0,35.0,-0.175,-2.06,-4.95,-9.27,24558325.0,40.0,43.9,82.0,0.0,0.0,0.0,0.339,0.51,0.0,0.0,0.319,0.008,0.0,Health Care,2026-07-03,30.62,-34.78,98
BNTC,,3.3,Tendance baissière (pas un setup),8.75,305223853.0,28.0,-0.087,-2.67,-8.66,-29.72,2072348.0,37.4,39.1,91.0,0.0,0.0,0.0,0.608,0.164,0.0,0.0,0.322,0.008,0.0,Health Care,2026-07-03,13.22,-33.81,98
GPI,,3.3,Tendance baissière (pas un setup),236.61,2820917657.0,38.9,-0.897,1.72,-7.83,-17.76,70005966.0,29.9,31.9,75.0,0.0,0.0,0.0,1.0,0.365,0.0,0.0,0.027,0.024,0.0,Consumer Discretionary,2026-07-03,288.39,-17.95,98
AVR,,3.3,Tendance baissière (pas un setup),6.63,646149683.0,25.0,-0.101,-2.79,-12.88,-22.27,8921826.0,34.4,35.0,73.0,0.0,0.0,0.0,0.833,0.446,0.0,0.0,0.0,0.087,0.0,Health Care,2026-07-03,10.24,-35.25,98
EOSE,equipement_electrique|new_tech,3.2,Tendance baissière (pas un setup),2.77,1006923812.0,32.4,-0.048,-10.81,-11.94,-33.37,93190146.0,39.8,40.9,64.0,0.28,0.0,0.0,0.507,0.591,0.142,0.0,0.049,0.008,0.0,Industrials,2026-07-03,5.23,-47.04,98
TRN,,3.2,Tendance baissière (pas un setup),25.4,2023604944.0,27.3,-0.088,0.12,-1.55,-9.77,21969197.0,31.8,33.3,59.0,0.0,0.0,0.0,0.927,0.389,0.0,0.0,0.042,0.016,0.0,Industrials,2026-07-03,34.12,-25.56,98
GHRS,,3.2,Tendance baissière (pas un setup),20.45,1401994208.0,23.3,-0.46,-2.9,-10.54,-25.8,7571263.0,35.0,36.8,83.0,0.23,0.0,0.0,0.733,0.202,0.116,0.0,0.043,0.056,0.0,Health Care,2026-07-03,27.01,-24.29,98
MPT,,3.2,Tendance baissière (pas un setup),3.19,1905068000.0,28.7,-0.012,-1.24,-5.34,-16.27,43442140.0,31.7,33.6,68.0,0.0,0.0,0.0,0.91,0.428,0.0,0.0,0.032,0.008,0.0,Real Estate,2026-07-03,4.59,-30.5,98
NBTX,,3.2,Tendance baissière (pas un setup),22.9,1163500979.0,21.5,-0.874,-6.99,-17.92,-37.5,4592373.0,51.0,51.9,84.0,0.37,0.0,0.0,0.0,0.461,0.184,0.0,0.304,0.008,0.0,Health Care,2026-07-03,38.4,-40.36,98
XENE,,3.2,Tendance baissière (pas un setup),36.16,3501750021.0,21.9,0.168,-0.69,-7.12,-38.69,116991696.0,45.5,47.2,94.0,0.0,0.0,0.0,0.156,0.433,0.0,0.0,0.424,0.008,0.0,Health Care,2026-09-18,57.35,-36.95,21
SAH,,3.2,Tendance baissière (pas un setup),61.51,1944626471.0,35.8,0.278,1.64,-3.53,-18.9,24927525.0,41.2,44.1,81.0,0.0,0.0,0.0,0.327,0.326,0.0,0.0,0.329,0.04,0.0,Consumer Discretionary,2026-07-03,83.73,-26.54,98
TARA,,3.2,Tendance baissière (pas un setup),2.65,156603043.0,23.4,-0.069,2.32,-3.99,-30.81,5596036.0,36.5,39.9,100.0,0.0,0.0,0.0,0.562,0.0,0.0,0.0,0.348,0.032,0.0,Health Care,2026-07-03,4.06,-34.73,98
THRM,,3.2,Tendance baissière (pas un setup),29.93,1629427451.0,30.6,-0.169,-1.48,-5.16,-16.99,56388929.0,28.2,30.7,77.0,0.0,0.0,0.0,1.0,0.138,0.0,0.0,0.046,0.048,0.0,Consumer Discretionary,2026-07-03,33.88,-11.66,98
SABS,,3.2,Tendance baissière (pas un setup),2.89,262950604.0,28.7,-0.035,0.35,-5.56,-16.95,2436355.0,27.6,30.8,94.0,0.0,0.0,0.0,1.0,0.033,0.086,0.0,0.039,0.016,0.0,Health Care,2026-07-03,3.92,-26.28,98
EVEX,,3.2,Tendance baissière (pas un setup),1.67,581972176.0,26.2,-0.024,-1.18,-6.7,-22.33,2068052.0,43.8,44.8,90.0,0.07,0.0,0.0,0.29,0.46,0.037,0.0,0.312,0.008,0.0,Industrials,2026-07-03,2.6,-35.77,98
ROCK,,3.1,Tendance baissière (pas un setup),37.48,1112552160.0,31.2,-0.183,-2.47,-5.66,-17.97,15765999.0,34.9,35.6,79.0,0.0,0.0,0.0,0.798,0.398,0.0,0.0,0.037,0.048,0.0,Industrials,2026-07-03,43.92,-14.66,98
NAK,,3.1,Tendance baissière (pas un setup),1.15,646439911.0,28.6,-0.014,-3.36,-14.18,-24.84,5543312.0,36.5,37.6,33.0,0.18,0.0,0.0,0.691,0.55,0.09,0.0,0.0,0.008,0.0,Materials,2026-07-03,1.86,-38.17,98
JKS,,3.1,Tendance baissière (pas un setup),8.66,453525828.0,22.1,0.068,-2.7,-6.78,-28.9,7461159.0,49.9,51.2,69.0,0.23,0.0,0.0,0.0,0.586,0.113,0.0,0.311,0.008,0.0,Information Technology,2026-07-03,15.84,-45.33,98
LRMR,,3.1,Tendance baissière (pas un setup),2.7,280483930.0,24.0,-0.068,-1.82,-11.76,-30.23,4992628.0,39.5,41.5,100.0,0.0,0.0,0.0,0.47,0.219,0.0,0.0,0.322,0.008,0.0,Health Care,2026-07-03,3.26,-17.18,98
ONT,,3.1,Tendance baissière (pas un setup),13.71,481459883.0,38.2,-0.137,-3.59,7.7,-23.06,11750797.0,41.2,47.4,84.0,0.09,0.0,0.0,0.143,0.268,0.046,0.0,0.397,0.032,0.0,Industrials,2026-07-03,20.92,-34.46,98
QFIN,,3.1,Tendance baissière (pas un setup),6.09,742077733.0,17.0,-0.003,-1.38,-5.72,-29.13,15159909.0,54.3,55.5,86.0,0.28,0.0,0.0,0.0,0.486,0.142,0.0,0.314,0.008,0.0,Financials,2026-07-03,15.46,-60.61,98
FLNC,equipement_electrique,3.1,Tendance baissière (pas un setup),7.45,1375242949.0,34.6,0.17,-2.87,-1.59,-26.38,67581304.0,53.0,55.7,41.0,0.0,0.0,0.0,0.0,0.752,0.0,0.0,0.333,0.032,0.0,Utilities,2026-07-03,17.0,-56.18,98
RAIL,,3.1,Tendance baissière (pas un setup),6.17,202322198.0,32.1,-0.082,-1.91,-6.09,-8.46,1992940.0,29.6,30.9,66.0,0.0,0.0,0.0,1.0,0.39,0.0,0.0,0.0,0.008,0.0,Industrials,2026-07-03,8.97,-31.22,98
WRD,,3.1,Tendance baissière (pas un setup),4.51,1512006702.0,26.0,-0.083,-9.07,-13.27,-22.51,16816387.0,30.5,30.8,83.0,0.0,0.0,0.0,1.0,0.337,0.0,0.0,0.005,0.008,0.0,Information Technology,2026-07-03,5.52,-18.3,98
STOK,,3.0,Tendance baissière (pas un setup),23.95,1545403496.0,28.6,-0.145,-1.4,-7.92,-19.95,26706922.0,29.4,32.2,100.0,0.0,0.0,0.0,0.987,0.244,0.0,0.0,0.037,0.008,0.0,Health Care,2026-07-03,32.7,-26.76,98
EQPT,,3.0,Tendance baissière (pas un setup),15.66,3967867581.0,37.5,-0.075,-11.43,-10.41,-16.48,72763679.0,28.2,34.9,17.0,0.0,0.0,0.0,0.839,0.495,0.0,0.0,0.0,0.008,0.0,Industrials,2026-08-28,18.3,-14.43,42
THO,,3.0,Tendance baissière (pas un setup),66.11,3412225406.0,34.6,-0.299,0.41,-4.26,-8.09,67386323.0,19.1,20.6,90.0,0.0,0.0,0.0,1.0,0.22,0.0,0.0,0.018,0.016,0.0,Consumer Discretionary,2026-07-03,76.5,-13.58,98
GBX,,3.0,Tendance baissière (pas un setup),38.63,1195200070.0,23.3,-0.184,-0.39,-3.64,-9.66,17719434.0,24.2,26.2,73.0,0.04,0.0,0.0,1.0,0.245,0.018,0.0,0.004,0.016,0.0,Industrials,2026-07-03,47.54,-18.74,98
ELVN,,3.0,Tendance baissière (pas un setup),40.63,2976991019.0,21.9,-0.431,-1.76,-12.08,-29.28,75935649.0,34.8,37.0,70.0,0.0,0.0,0.0,0.721,0.462,0.0,0.0,0.0,0.071,0.0,Health Care,2026-07-03,49.82,-18.45,98
CAMP,,3.0,Tendance baissière (pas un setup),3.7,232186840.0,40.8,-0.015,-3.65,-3.65,-14.55,1395208.0,38.3,45.2,31.0,0.0,0.0,0.0,0.269,0.743,0.081,0.0,0.028,0.087,0.0,Health Care,2026-07-03,4.43,-16.48,98
BCAX,,3.0,Tendance baissière (pas un setup),17.26,1142144841.0,28.9,-0.23,5.12,-5.16,-26.99,14989189.0,39.3,44.2,93.0,0.0,0.0,0.0,0.319,0.275,0.0,0.0,0.339,0.024,0.0,Health Care,2026-07-03,29.0,-40.48,98
ELVR,,2.9,Tendance baissière (pas un setup),34.48,668967271.0,19.5,-0.249,-0.66,-5.84,-39.69,2415113.0,50.5,51.4,56.0,0.0,0.0,0.0,0.0,0.662,0.0,0.0,0.34,0.008,0.0,Materials,2026-07-03,69.67,-50.51,98
CABA,,2.9,Tendance baissière (pas un setup),1.95,330613618.0,32.2,-0.006,-1.02,3.17,-32.99,13785965.0,48.0,51.2,91.0,0.0,0.0,0.0,0.0,0.452,0.0,0.0,0.395,0.024,0.0,Health Care,2026-07-03,3.19,-38.87,98
QURE,,2.9,Tendance baissière (pas un setup),22.54,1563518926.0,17.4,-1.423,-2.59,-3.55,-51.0,99692921.0,56.4,59.0,97.0,0.0,0.0,0.0,0.0,0.019,0.0,0.0,0.427,0.143,0.0,Health Care,2026-07-03,41.81,-46.09,98
BUR,,2.9,Tendance baissière (pas un setup),3.44,752711873.0,33.3,-0.037,-1.71,-9.95,-23.21,8492430.0,23.8,27.1,89.0,0.0,0.0,0.0,1.0,0.162,0.0,0.0,0.037,0.008,0.0,Financials,2026-07-03,4.26,-19.25,98
AIRS,,2.9,Tendance baissière (pas un setup),1.65,119317571.0,31.3,0.017,-9.07,-2.65,-36.59,1888338.0,68.2,68.6,68.0,0.08,0.0,0.0,0.0,0.59,0.041,0.0,0.322,0.008,0.0,Health Care,2026-07-03,4.52,-63.5,98
ALMS,,2.9,Tendance baissière (pas un setup),6.97,902163616.0,23.9,0.541,2.95,-3.33,-28.88,22671976.0,76.1,77.4,71.0,0.0,0.0,0.0,0.0,0.571,0.0,0.0,0.338,0.04,0.0,Health Care,2026-07-03,26.5,-73.7,98
IHRT,,2.9,Tendance baissière (pas un setup),1.97,263387280.0,26.7,-0.003,-2.48,-6.19,-23.94,1669218.0,51.5,54.2,61.0,0.0,0.0,0.0,0.0,0.633,0.0,0.0,0.343,0.016,0.0,Communication Services,2026-07-03,4.38,-55.02,98
EARN,,2.9,Tendance baissière (pas un setup),3.55,133335142.0,27.5,-0.069,2.01,-10.8,-16.26,1829946.0,18.5,24.5,100.0,0.0,0.0,0.0,1.0,0.0,0.0,0.0,0.0,0.024,0.081,Financials,2026-07-03,4.36,-18.58,98
GLUE,,2.8,Tendance baissière (pas un setup),10.32,880434298.0,27.8,-0.045,1.47,-8.35,-27.63,16519793.0,54.5,57.3,75.0,0.1,0.0,0.0,0.0,0.494,0.049,0.0,0.306,0.032,0.0,Health Care,2026-07-03,24.21,-57.37,98
FOA,,2.8,Tendance baissière (pas un setup),13.05,225854915.0,29.6,0.148,0.62,0.62,-18.23,1021354.0,47.2,50.8,46.0,0.0,0.0,0.0,0.0,0.579,0.0,0.0,0.32,0.032,0.0,Financials,2026-07-03,27.47,-52.49,98
TRVI,,2.8,Tendance baissière (pas un setup),12.82,1827252661.0,19.0,-0.092,-2.4,-9.56,-22.93,34538010.0,33.5,36.1,63.0,0.0,0.0,0.0,0.77,0.479,0.0,0.0,0.01,0.008,0.0,Health Care,2026-07-03,17.93,-28.5,98
AGMB,,2.8,Tendance baissière (pas un setup),9.22,454066330.0,35.6,-0.148,4.77,6.59,-38.37,1852207.0,44.1,51.7,86.0,0.0,0.0,0.0,0.0,0.402,0.0,0.0,0.382,0.048,0.0,Health Care,2026-09-14,13.06,-29.4,25
CHRS,,2.8,Tendance baissière (pas un setup),1.07,165316034.0,38.4,-0.017,5.94,-7.76,-18.94,2032947.0,29.8,36.1,100.0,0.0,0.0,0.0,0.77,0.224,0.058,0.0,0.023,0.024,0.0,Health Care,2026-07-03,1.45,-26.21,98
OMAB,,2.8,Tendance baissière (pas un setup),90.43,4365162627.0,28.5,-0.732,-1.37,-3.98,-8.98,17066039.0,19.7,21.6,75.0,0.0,0.0,0.0,1.0,0.204,0.0,0.0,0.0,0.008,0.0,Industrials,2026-07-21,104.01,-13.06,80
LYEL,,2.8,Tendance baissière (pas un setup),8.79,215400189.0,25.2,-0.054,2.69,-6.59,-31.75,1633147.0,48.7,52.1,71.0,0.01,0.0,0.0,0.0,0.576,0.005,0.0,0.331,0.024,0.0,Health Care,2026-07-03,14.05,-37.44,98
IMTX,,2.8,Tendance baissière (pas un setup),7.37,1102785452.0,29.6,-0.111,-1.07,-12.68,-19.1,6666220.0,26.2,29.7,87.0,0.0,0.0,0.0,1.0,0.19,0.0,0.0,0.012,0.008,0.0,Health Care,2026-07-03,9.95,-25.93,98
BBOT,,2.7,Tendance baissière (pas un setup),3.42,274195993.0,17.6,0.059,-0.58,-13.2,-49.37,3035903.0,65.0,66.6,85.0,0.0,0.0,0.0,0.0,0.49,0.0,0.0,0.361,0.008,0.0,Health Care,2026-07-03,8.11,-57.83,98
NKLR,production_energie,2.7,Tendance baissière (pas un setup),3.27,361337969.0,30.4,0.013,-3.25,-6.03,-40.0,2361750.0,49.4,50.9,83.0,0.0,0.0,0.0,0.0,0.5,0.0,0.0,0.37,0.008,0.0,Utilities,2026-07-03,4.62,-29.22,98
PSEC,,2.7,Tendance baissière (pas un setup),1.82,971546665.0,21.6,-0.035,-1.09,-11.22,-15.16,12220242.0,20.8,23.8,88.0,0.0,0.0,0.0,1.0,0.101,0.0,0.0,0.0,0.016,0.0,Financials,2026-07-03,2.24,-18.75,98
KPLT,,2.7,Tendance baissière (pas un setup),4.47,379275276.0,32.8,-0.27,9.56,-0.67,-51.99,2324328.0,53.4,59.9,100.0,0.0,0.0,0.0,0.0,0.23,0.0,0.0,0.43,0.032,0.0,Information Technology,2026-09-17,9.3,-51.94,22
AVTX,,2.7,Tendance baissière (pas un setup),13.43,720250752.0,26.6,-0.15,-1.1,-10.17,-26.25,18930916.0,36.1,39.2,37.0,0.0,0.0,0.0,0.597,0.624,0.0,0.0,0.008,0.016,0.0,Health Care,2026-07-03,18.84,-28.72,98
FG,,2.7,Tendance baissière (pas un setup),19.53,2557164632.0,25.1,-0.135,-1.81,-11.15,-17.37,18753411.0,33.9,34.8,69.0,0.0,0.0,0.0,0.843,0.36,0.0,0.0,0.0,0.008,0.0,Financials,2026-07-03,27.94,-30.1,98
CELC,,2.7,Tendance baissière (pas un setup),67.87,3321008596.0,30.8,-1.082,3.18,-9.66,-24.66,99018879.0,30.7,35.5,64.0,0.0,0.0,0.0,0.806,0.214,0.043,0.0,0.016,0.016,0.0,Health Care,2026-07-15,111.05,-38.88,86
ZNTL,,2.7,Tendance baissière (pas un setup),2.51,237618106.0,31.9,0.007,-1.57,-3.65,-33.95,3980919.0,51.3,53.6,61.0,0.0,0.0,0.0,0.0,0.618,0.0,0.0,0.33,0.008,0.0,Health Care,2026-07-03,4.46,-43.72,98
BW,,2.7,Tendance baissière (pas un setup),5.5,819307863.0,32.8,0.003,-2.48,-5.01,-25.98,34600629.0,54.5,55.8,73.0,0.0,0.0,0.0,0.0,0.562,0.0,0.0,0.348,0.008,0.0,Industrials,2026-07-03,11.74,-53.15,98
KDK,,2.6,Tendance baissière (pas un setup),1.66,333026162.0,18.2,-0.072,-2.35,-0.6,-56.99,13381168.0,64.4,67.6,100.0,0.0,0.0,0.0,0.0,0.205,0.0,0.0,0.436,0.016,0.0,Information Technology,2026-07-03,5.32,-68.8,98
NN,,2.6,Tendance baissière (pas un setup),11.6,1958194956.0,28.9,-0.217,-8.73,-15.7,-24.82,39220113.0,41.8,45.9,25.0,0.31,0.0,0.0,0.226,0.699,0.153,0.0,0.0,0.008,0.0,Information Technology,2026-07-03,16.28,-28.75,98
SAR,,2.6,Tendance baissière (pas un setup),14.97,232927781.0,22.3,-0.165,0.4,-9.1,-12.5,2763198.0,23.1,29.3,87.0,0.0,0.0,0.0,1.0,0.076,0.0,0.0,0.0,0.016,0.0,Financials,2026-07-03,22.36,-33.05,98
CWH,,2.6,Tendance baissière (pas un setup),4.48,462761224.0,26.6,-0.068,-0.88,-10.58,-27.51,12558737.0,36.5,43.8,94.0,0.0,0.0,0.0,0.347,0.126,0.0,0.0,0.305,0.008,0.0,Consumer Discretionary,2026-07-03,7.23,-38.04,98
BGS,,2.6,Tendance baissière (pas un setup),2.62,212942258.0,35.9,-0.026,3.56,-10.58,-16.81,7130748.0,27.9,34.0,87.0,0.01,0.0,0.0,0.891,0.076,0.006,0.0,0.027,0.032,0.0,Consumer Staples,2026-07-03,4.08,-35.78,98
ENVX,new_tech,2.6,Tendance baissière (pas un setup),2.5,548621338.0,32.6,0.005,-1.96,-10.07,-20.89,19905009.0,50.3,51.3,15.0,0.38,0.0,0.0,0.0,0.9,0.191,0.0,0.007,0.008,0.0,Industrials,2026-07-03,5.36,-53.36,98
STRO,,2.6,Tendance baissière (pas un setup),15.32,254023540.0,35.1,0.141,4.5,-4.07,-16.56,5823783.0,41.9,46.8,1.0,0.0,0.0,0.0,0.176,0.974,0.0,0.0,0.038,0.032,0.0,Health Care,2026-07-03,30.43,-49.65,98
DAVA,,2.6,Tendance baissière (pas un setup),1.97,107025378.0,36.7,0.009,3.14,2.6,-29.89,1635262.0,41.9,52.8,99.0,0.0,0.0,0.0,0.0,0.005,0.0,0.0,0.426,0.087,0.0,Information Technology,2026-07-03,3.01,-34.55,98
RAPP,,2.5,Tendance baissière (pas un setup),29.85,1432151837.0,20.5,-0.398,-3.27,-9.08,-31.98,17481672.0,43.6,44.4,100.0,0.0,0.0,0.0,0.313,0.039,0.0,0.0,0.339,0.008,0.0,Health Care,2026-07-03,38.97,-23.4,98
ANGO,,2.5,Tendance baissière (pas un setup),11.23,464162728.0,16.9,-0.345,-20.86,-25.73,-26.7,10989719.0,31.1,32.1,100.0,0.0,0.0,0.0,0.994,0.0,0.0,0.0,0.0,0.024,0.0,Health Care,2026-07-03,13.09,-14.21,98
IMUX,,2.5,Tendance baissière (pas un setup),7.56,103152171.0,22.1,-0.059,-0.92,-12.5,-37.98,4210296.0,56.6,58.4,88.0,0.0,0.0,0.0,0.0,0.471,0.0,0.0,0.325,0.008,0.0,Health Care,2026-07-03,14.8,-48.92,98
RH,,2.5,Tendance baissière (pas un setup),113.67,2152132184.0,25.1,0.321,-1.32,-5.68,-18.44,108995101.0,43.4,44.5,18.0,0.0,0.0,0.0,0.307,0.89,0.0,0.0,0.031,0.008,0.0,Consumer Discretionary,2026-07-03,169.08,-32.77,98
LXEO,,2.5,Tendance baissière (pas un setup),3.21,263368479.0,30.6,-0.01,-3.02,-11.33,-28.35,7245952.0,40.6,44.9,93.0,0.0,0.0,0.0,0.285,0.089,0.0,0.0,0.317,0.016,0.0,Health Care,2026-07-03,4.69,-31.56,98
ECC,,2.5,Tendance baissière (pas un setup),3.1,188053824.0,18.8,-0.045,0.32,-10.66,-17.99,3531056.0,20.9,22.2,96.0,0.0,0.0,0.0,1.0,0.024,0.0,0.0,0.0,0.016,0.0,Financials,2026-07-03,3.86,-19.69,98
IMNM,,2.5,Tendance baissière (pas un setup),19.31,2278640170.0,28.1,-0.337,1.13,-7.56,-26.07,34418809.0,35.8,38.4,94.0,0.0,0.0,0.0,0.645,0.284,0.0,0.0,0.032,0.048,0.0,Health Care,2026-07-03,23.61,-18.21,98
EVMN,,2.5,Tendance baissière (pas un setup),6.41,232632444.0,19.8,-0.121,3.05,-11.1,-40.87,7164986.0,57.4,60.0,87.0,0.0,0.0,0.0,0.0,0.442,0.0,0.0,0.334,0.016,0.0,Health Care,2026-07-03,12.96,-50.54,98
CDNL,,2.5,Tendance baissière (pas un setup),25.06,1214905166.0,30.1,0.34,-3.87,-15.74,-27.51,19201788.0,62.4,63.9,37.0,0.45,0.0,0.0,0.0,0.781,0.227,0.0,0.0,0.008,0.0,Industrials,2026-07-20,71.23,-64.82,81
VELO,new_tech,2.5,Tendance baissière (pas un setup),8.98,288699080.0,34.7,-0.128,-1.32,-14.23,-17.69,14561480.0,49.0,51.1,9.0,0.34,0.0,0.0,0.0,0.89,0.172,0.0,0.0,0.016,0.0,Information Technology,2026-07-03,15.63,-42.55,98
CRBP,,2.5,Tendance baissière (pas un setup),5.27,101928614.0,20.9,-0.123,-4.01,-16.88,-40.52,10487379.0,54.6,55.8,75.0,0.0,0.0,0.0,0.0,0.548,0.0,0.0,0.303,0.008,0.0,Health Care,2026-07-03,9.25,-43.03,98
RGP,,2.4,Tendance baissière (pas un setup),2.99,103756893.0,22.5,-0.052,-20.05,-21.93,-22.74,1674288.0,34.1,36.5,89.0,0.19,0.0,0.0,0.748,0.067,0.095,0.0,0.0,0.008,0.0,Industrials,2026-07-03,4.62,-35.28,98
MIAX,,2.3,Tendance baissière (pas un setup),30.7,3046388569.0,27.0,-0.383,1.72,-9.04,-28.42,72257544.0,35.4,38.5,87.0,0.0,0.0,0.0,0.639,0.345,0.0,0.0,0.011,0.024,0.0,Financials,2026-07-03,40.84,-24.83,98
PCT,,2.3,Tendance baissière (pas un setup),3.93,789555903.0,24.5,-0.072,3.42,-8.39,-37.32,28388845.0,50.5,54.7,80.0,0.0,0.0,0.0,0.0,0.356,0.0,0.0,0.328,0.016,0.0,Industrials,2026-07-03,7.61,-48.36,98
MEC,,2.3,Tendance baissière (pas un setup),15.27,389390054.0,30.3,0.127,-0.91,-2.61,-22.37,10059886.0,46.8,50.0,15.0,0.25,0.0,0.0,0.002,0.791,0.126,0.0,0.036,0.016,0.0,Industrials,2026-07-03,33.55,-54.49,98
GPCR,,2.3,Tendance baissière (pas un setup),25.67,1830524029.0,14.6,-0.468,-3.79,-11.42,-37.74,49848082.0,53.8,54.9,100.0,0.0,0.0,0.0,0.0,0.358,0.0,0.0,0.328,0.008,0.0,Health Care,2026-07-03,53.45,-51.97,98
ENOV,,2.2,Tendance baissière (pas un setup),17.43,1005179280.0,35.9,0.199,-1.02,-3.43,-8.41,34371679.0,45.0,47.3,2.0,0.0,0.0,0.0,0.152,0.986,0.0,0.0,0.0,0.008,0.0,Health Care,2026-07-03,22.5,-22.53,98
VOYG,defense|espace,2.2,Tendance baissière (pas un setup),28.18,1746251420.0,36.5,-0.416,-2.02,-5.78,-16.5,89630021.0,37.9,50.9,24.0,0.0,0.0,0.0,0.0,0.662,0.0,0.0,0.049,0.135,0.0,Industrials,2026-07-03,34.22,-17.65,98
RLMD,,2.2,Tendance baissière (pas un setup),3.17,338143412.0,21.4,-0.047,-2.46,-13.39,-22.49,5103213.0,43.1,44.4,97.0,0.32,0.0,0.0,0.311,0.334,0.162,0.0,0.0,0.008,0.0,Health Care,2026-07-03,6.28,-49.52,98
FHTX,,2.1,Tendance baissière (pas un setup),1.99,118176777.0,15.6,-0.13,-4.78,-31.85,-57.39,3940811.0,73.9,76.5,100.0,0.0,0.0,0.0,0.0,0.215,0.0,0.0,0.342,0.016,0.0,Health Care,2026-07-03,5.3,-62.45,98
UPB,,2.1,Tendance baissière (pas un setup),4.55,249208237.0,25.7,-0.03,-1.3,-9.72,-23.66,3934726.0,40.9,43.3,52.0,0.0,0.0,0.0,0.372,0.638,0.0,0.0,0.005,0.008,0.0,Health Care,2026-07-03,7.51,-39.41,98
BIOA,,2.1,Tendance baissière (pas un setup),6.21,285019805.0,22.8,0.059,-0.8,-8.81,-32.28,6651843.0,75.1,76.0,74.0,0.36,0.0,0.0,0.0,0.557,0.181,0.0,0.047,0.008,0.0,Health Care,2026-07-03,25.1,-75.26,98
CLDX,,2.1,Tendance baissière (pas un setup),29.3,2300915288.0,27.2,-0.242,-3.71,-8.95,-24.45,79089220.0,35.1,36.6,100.0,0.0,0.0,0.0,0.746,0.0,0.0,0.0,0.046,0.008,0.0,Health Care,2026-07-03,38.37,-23.64,98
DBVT,,2.1,Tendance baissière (pas un setup),9.55,565197984.0,24.9,-0.169,-2.25,-14.81,-28.94,5377933.0,36.9,38.1,98.0,0.0,0.0,0.0,0.659,0.249,0.0,0.0,0.0,0.008,0.0,Health Care,2026-07-03,15.82,-39.63,98
WLFC,,2.0,Tendance baissière (pas un setup),40.01,845975881.0,16.7,-1.159,-2.91,-16.3,-29.52,10664569.0,46.0,46.1,93.0,0.4,0.0,0.0,0.215,0.259,0.201,0.0,0.0,0.008,0.0,Industrials,2026-07-03,226.52,-82.34,98
CYD,,2.0,Tendance baissière (pas un setup),29.07,1090657621.0,31.4,-0.1,3.16,-9.89,-21.92,5845624.0,42.4,44.5,58.0,0.0,0.0,0.0,0.308,0.437,0.069,0.0,0.0,0.016,0.0,Consumer Discretionary,2026-07-03,43.39,-33.0,98
AIV,,2.0,Tendance baissière (pas un setup),1.78,258521678.0,13.0,-0.026,1.14,-10.55,-27.64,4910367.0,35.0,36.9,100.0,0.0,0.0,0.0,0.73,0.0,0.0,0.0,0.03,0.016,0.0,Real Estate,2026-07-03,2.96,-39.86,98
LQDA,,2.0,Tendance baissière (pas un setup),28.02,2508039126.0,22.7,-3.634,5.02,0.11,-59.46,169626341.0,70.1,76.2,100.0,0.0,0.0,0.0,0.0,0.0,0.0,0.0,0.368,0.032,0.0,Health Care,2026-10-01,30.26,-7.4,8
KRMN,defense|espace,2.0,Tendance baissière (pas un setup),31.69,4199993207.0,34.3,0.38,0.96,-0.63,-10.02,138761625.0,50.3,51.6,9.0,0.0,0.0,0.0,0.0,0.948,0.0,0.0,0.038,0.016,0.0,Industrials,2026-09-09,39.69,-20.16,30
VKTX,,1.9,Tendance baissière (pas un setup),27.73,3485346292.0,37.7,-0.643,-2.84,-9.11,-15.2,320835083.0,35.7,37.2,94.0,0.0,0.0,0.0,0.709,0.038,0.0,0.0,0.024,0.008,0.0,Health Care,2026-07-03,37.44,-25.93,98
ALXO,,1.9,Tendance baissière (pas un setup),1.18,163166856.0,28.1,-0.024,4.42,-9.23,-35.87,2077235.0,45.9,50.5,100.0,0.0,0.0,0.0,0.0,0.047,0.0,0.0,0.345,0.024,0.0,Health Care,2026-07-03,2.07,-43.0,98
CUE,,1.9,Tendance baissière (pas un setup),22.33,162214365.0,37.1,-0.954,-0.8,-11.56,-26.79,13221261.0,46.2,48.0,67.0,0.0,0.0,0.0,0.114,0.274,0.0,0.0,0.045,0.151,0.0,Health Care,2026-07-03,28.26,-20.98,98
GLAS,,1.8,Tendance baissière (pas un setup),4.41,388071109.0,14.3,-0.18,-14.04,-17.11,-45.82,10109817.0,58.4,60.3,100.0,0.0,0.0,0.0,0.0,0.117,0.0,0.0,0.311,0.008,0.0,Health Care,2026-07-03,12.5,-64.72,98
IMDX,,1.7,Tendance baissière (pas un setup),3.28,107335652.0,39.0,-0.019,-5.2,-5.48,-20.0,1241320.0,38.3,42.3,67.0,0.0,0.0,0.0,0.428,0.195,0.0,0.0,0.045,0.016,0.0,Health Care,2026-07-03,5.74,-42.86,98
KLXE,,1.7,Tendance baissière (pas un setup),1.26,133153232.0,27.3,-0.01,-3.08,-10.64,-18.71,1328175.0,44.7,45.6,19.0,0.0,0.0,0.0,0.244,0.582,0.0,0.0,0.001,0.008,0.0,Energy,2026-10-02,1.41,-10.64,7
DFH,,1.7,Tendance baissière (pas un setup),9.6,869137133.0,29.4,-0.094,1.05,-11.85,-25.7,13205205.0,40.5,43.4,98.0,0.0,0.0,0.0,0.368,0.328,0.0,0.0,0.028,0.016,0.0,Consumer Discretionary,2026-07-03,16.79,-42.82,98
NKTR,,1.7,Tendance baissière (pas un setup),40.8,1393034155.0,22.0,-2.002,1.34,-13.17,-44.35,110041808.0,47.5,50.6,100.0,0.0,0.0,0.0,0.0,0.0,0.0,0.0,0.318,0.024,0.0,Health Care,2026-07-03,71.04,-42.57,98
CLPT,,1.6,Tendance baissière (pas un setup),10.49,319989341.0,33.2,-0.323,-1.59,-8.38,-24.42,9892221.0,39.1,40.9,90.0,0.0,0.0,0.0,0.507,0.057,0.0,0.0,0.048,0.016,0.0,Health Care,2026-07-03,18.72,-43.96,98
WVE,,1.6,Tendance baissière (pas un setup),3.47,683757167.0,25.6,-0.008,-1.98,-10.57,-27.86,13031850.0,45.9,47.4,89.0,0.18,0.0,0.0,0.143,0.307,0.092,0.0,0.046,0.008,0.0,Health Care,2026-07-03,6.26,-44.57,98
YSS,espace,1.6,Tendance baissière (pas un setup),7.23,993095484.0,32.1,-0.042,-2.03,-16.03,-10.41,30971560.0,54.8,56.1,26.0,0.0,0.0,0.0,0.0,0.843,0.0,0.0,0.0,0.008,0.0,Industrials,2026-09-03,8.67,-16.61,36
BRUN,,1.6,Tendance baissière (pas un setup),12.1,961798036.0,32.7,-0.239,-12.0,-23.85,-30.3,40200111.0,55.0,56.1,21.0,0.0,0.0,0.0,0.0,0.857,0.0,0.0,0.0,0.008,0.0,Information Technology,2026-07-03,31.76,-61.9,98
QNC,quantique,1.4,Tendance baissière (pas un setup),1.54,337906292.0,41.7,-0.014,-1.28,-11.49,-12.5,2667315.0,39.6,42.7,79.0,0.0,0.0,0.0,0.403,0.124,0.0,0.0,0.03,0.016,0.0,Information Technology,2026-09-29,2.2,-30.0,10
BULL,,1.4,Tendance baissière (pas un setup),5.95,3215885066.0,27.9,-0.16,1.02,-15.36,-36.84,119160438.0,41.6,45.9,87.0,0.0,0.0,0.0,0.226,0.324,0.0,0.0,0.0,0.04,0.0,Information Technology,2026-07-03,7.17,-17.02,98
HUBG,,1.4,Tendance baissière (pas un setup),26.43,1616287269.0,19.2,-0.132,0.46,-12.34,-24.93,46551096.0,45.5,46.0,92.0,0.0,0.0,0.0,0.223,0.448,0.0,0.0,0.0,0.016,0.0,Industrials,2026-07-03,44.94,-41.19,98
ABR,,1.4,Tendance baissière (pas un setup),3.09,576464353.0,13.5,-0.083,-4.92,-16.71,-37.2,24175046.0,41.7,41.9,90.0,0.0,0.0,0.0,0.449,0.062,0.0,0.0,0.031,0.008,0.0,Real Estate,2026-07-03,5.27,-41.37,98
EU,production_energie,1.3,Tendance baissière (pas un setup),1.01,196223781.0,42.8,-0.003,-6.48,-2.88,-16.53,8872561.0,32.7,48.7,82.0,0.0,0.0,0.0,0.074,0.241,0.0,0.0,0.093,0.048,0.0,Energy,2026-07-03,1.29,-21.71,98
PUSA,,1.2,Tendance baissière (pas un setup),2.55,413721134.0,28.4,-0.128,0.59,-20.31,-30.71,3549224.0,38.8,43.9,71.0,0.0,0.0,0.0,0.34,0.171,0.0,0.0,0.0,0.016,0.0,Consumer Discretionary,2026-08-17,3.64,-29.95,53
SPHR,,1.2,Tendance baissière (pas un setup),109.25,3923561565.0,25.5,-3.223,2.83,-15.01,-22.48,107413382.0,39.9,43.8,100.0,0.0,0.0,0.0,0.342,0.104,0.0,0.0,0.0,0.024,0.0,Communication Services,2026-07-14,144.98,-24.64,87
EMAT,,1.1,Tendance baissière (pas un setup),1.7,1078991098.0,27.5,-0.15,-2.86,-21.11,-46.87,4544801.0,64.6,65.2,92.0,0.0,0.0,0.0,0.0,0.448,0.0,0.0,0.047,0.008,0.0,Materials,2026-08-17,3.03,-43.89,53
MRLN,,1.1,Tendance baissière (pas un setup),1.36,137452186.0,25.3,-0.0,-3.55,-24.86,-56.69,8025925.0,70.9,72.1,88.0,0.0,0.0,0.0,0.0,0.471,0.0,0.0,0.04,0.008,0.0,Industrials,2026-07-03,5.28,-74.24,98
MLTX,,1.1,Tendance baissière (pas un setup),10.58,900428727.0,23.6,0.004,-1.76,-7.76,-22.89,24553361.0,44.6,47.6,80.0,0.0,0.0,0.0,0.132,0.359,0.0,0.0,0.025,0.008,0.0,Health Care,2026-07-03,18.95,-44.17,98
PSNY,,1.0,Tendance baissière (pas un setup),5.31,872327485.0,15.2,0.07,-4.84,-16.51,-33.29,1715685.0,64.6,65.2,78.0,0.0,0.0,0.0,0.0,0.533,0.0,0.0,0.0,0.008,0.0,Consumer Discretionary,2026-07-03,20.44,-74.02,98
IPSC,,0.9,Tendance baissière (pas un setup),1.46,264369969.0,35.1,-0.033,14.06,-9.32,-28.08,1204207.0,35.1,45.8,100.0,0.0,0.0,0.0,0.232,0.0,0.0,0.0,0.034,0.024,0.0,Health Care,2026-07-03,2.43,-39.92,98
TNXP,,0.8,Tendance baissière (pas un setup),7.28,124859455.0,14.7,-0.275,-3.58,-21.13,-43.26,6294747.0,49.8,50.6,100.0,0.0,0.0,0.0,0.0,0.335,0.0,0.0,0.023,0.008,0.0,Health Care,2026-07-03,12.34,-41.0,98
AVXL,,0.8,Tendance baissière (pas un setup),1.54,142753137.0,18.2,-0.068,0.65,-18.52,-44.0,2448656.0,58.2,59.2,97.0,0.0,0.0,0.0,0.0,0.281,0.0,0.0,0.038,0.016,0.0,Health Care,2026-07-03,2.76,-44.2,98
NXH,,0.4,Tendance baissière (pas un setup),1.72,188567081.0,11.5,-0.131,-3.37,-39.22,-54.97,11280992.0,70.0,71.4,100.0,0.0,0.0,0.0,0.0,0.203,0.0,0.0,0.0,0.008,0.0,Consumer Discretionary,2026-09-04,3.89,-55.78,35
AVBP,,0.1,Tendance baissière (pas un setup),16.71,823932152.0,23.3,-1.465,-1.07,-42.24,-43.91,37851502.0,48.8,65.2,100.0,0.0,0.0,0.0,0.0,0.0,0.0,0.0,0.0,0.016,0.0,Health Care,2026-07-03,34.67,-51.8,98
ACRS,,0.1,Tendance baissière (pas un setup),3.79,557883804.0,30.9,-0.177,11.47,-14.06,-31.83,19191288.0,42.6,51.8,100.0,0.0,0.0,0.0,0.0,0.0,0.0,0.0,0.0,0.024,0.0,Health Care,2026-07-03,5.56,-31.83,98
