ticker,mcap_usd,price,name
CNO,4998929675.0,54.03,CNO Financial Group Inc. Common Stock
CE,4996868601.0,45.53,Celanese Corporation Common Stock
BYD,4992153496.0,68.71,Boyd Gaming Corporation Common Stock
HGTY,4978828113.0,13.75,Hagerty Inc. Class A Common Stock
GTX,4975644286.0,26.68,Garrett Motion Inc. Common Stock
MANE,4966404766.0,118.87,Veradermics Incorporated Common Stock
MTN,4963997011.0,139.3,Vail Resorts Inc. Common Stock
FND,4957107871.0,46.55,Floor & Decor Holdings Inc. Common Stock
GMAB,4943787880.0,38.48,Genmab A/S ADS
HESM,4929957339.0,38.41,Hess Midstream LP Class A Representing Limited Partner Inter
CLMT,4924938051.0,56.03,Calumet Inc. Common Stock
DNTH,4924462639.0,88.04,Dianthus Therapeutics Inc. Common Stock
CSW,4920470139.0,301.99,CSW Industrials Inc. Common Stock
GHC,4892866414.0,1155.36,Graham Holdings Company Common Stock
RITM,4880477451.0,8.74,Rithm Capital Corp. Common Stock
HCC,4873104609.0,92.29,Warrior Met Coal Inc. Common Stock
SBRA,4871674757.0,19.07,Sabra Health Care REIT Inc. Common Stock
GOLF,4870396619.0,83.39,Acushnet Holdings Corp. Common Stock
DFTX,4868114599.0,36.23,Definium Therapeutics Inc. Common Shares
RSI,4864922784.0,20.99,Rush Street Interactive Inc. Class A Common Stock
EBC,4853585364.0,21.24,Eastern Bankshares Inc. Common Stock
RELY,4849681677.0,22.91,Remitly Global Inc. Common Stock
BOX,4848675318.0,35.34,Box Inc. Class A Common Stock
BETA,4842579942.0,20.7,Beta Technologies Inc. Class A Common Stock
CWEN,4838732719.0,29.52,Clearway Energy Inc. Class C Common Stock
KRG,4834371493.0,24.13,Kite Realty Group Trust Common Stock
NXST,4826428435.0,156.66,Nexstar Media Group Inc. Common Stock
WTM,4819839856.0,2019.44,White Mountains Insurance Group Ltd. Common Stock
HLNE,4812812017.0,87.33,Hamilton Lane Incorporated Class A Common Stock
PECO,4808232000.0,37.36,Phillips Edison & Company Inc. Common Stock
ATHS,4807759950.0,23.59,Athene Holding Ltd. 7.250% Fixed-Rate Reset Junior Subordina
STWD,4804792971.0,12.98,STARWOOD PROPERTY TRUST INC. Starwood Property Trust Inc.
FLG,4802624113.0,11.57,Flagstar Bank N.A. Common Stock
EQPT,4788805701.0,18.9,EquipmentShare.com Inc Class A Common Stock
MDA,4782858512.0,29.5,MDA Space Ltd. Common Shares
CNX,4769702857.0,32.24,CNX Resources Corporation Common Stock
SON,4767752645.0,48.22,Sonoco Products Company Common Stock
DIOD,4767733019.0,103.53,Diodes Incorporated Common Stock
HAE,4762631299.0,104.68,Haemonetics Corporation Common Stock
ADPT,4762339925.0,29.84,Adaptive Biotechnologies Corporation Common Stock
SIM,4761418138.0,28.7,Grupo Simec S.A.B. de C.V. American Depositary Shares
KVYO,4754948198.0,16.7,Klaviyo Inc. Series A Common Stock
MIDD,4753321103.0,105.11,Middleby Corporation (The) Common Stock
SYNA,4752372608.0,119.73,Synaptics Incorporated Common Stock $0.001 Par Value
IEP,4741803670.0,6.67,Icahn Enterprises L.P. Common Stock
RXO,4725133567.0,28.65,RXO Inc. Common Stock
VSEC,4718563742.0,168.13,VSE Corporation Common Stock
MYRG,4712033513.0,302.65,MYR Group Inc. Common Stock
CRC,4708342528.0,53.01,California Resources Corporation Common Stock
DAVE,4706016753.0,368.94,Dave Inc. Class A Common Stock
TFSL,4703025001.0,16.77,TFS Financial Corporation Common Stock
MEOH,4692142551.0,60.65,Methanex Corporation Common Stock
REYN,4685883530.0,22.23,Reynolds Consumer Products Inc. Common Stock
NSIT,4677913202.0,159.39,Insight Enterprises Inc. Common Stock
LFST,4669923676.0,12.22,LifeStance Health Group Inc. Common Stock
HASI,4665682135.0,36.31,HA Sustainable Infrastructure Capital Inc. Common Stock
SKY,4655064292.0,85.76,Champion Homes Inc. Common Stock
PIPR,4638091198.0,65.63,Piper Sandler Companies Common Stock
UEC,4633716618.0,9.35,Uranium Energy Corp. Common Stock
CON,4617417221.0,36.21,Concentra Group Holdings Parent Inc. Common Stock
DK,4616905920.0,75.4,Delek US Holdings Inc. Common Stock
GNTX,4616071782.0,21.91,Gentex Corporation Common Stock
FBIN,4614901301.0,38.66,Fortune Brands Innovations Inc. Common Stock
PRM,4594691929.0,28.07,Perimeter Solutions SA Common Stock
FFIN,4590780049.0,32.03,First Financial Bankshares Inc. Common Stock
MAT,4585485000.0,16.05,Mattel Inc. Common Stock
OMAB,4584796486.0,94.98,Grupo Aeroportuario del Centro Norte S.A.B. de C.V. ADS
SR,4575922390.0,77.41,Spire Inc. Common Stock
UNF,4573306510.0,252.89,Unifirst Corporation Common Stock
LPX,4565299439.0,65.29,Louisiana-Pacific Corporation Common Stock
OGS,4561479514.0,72.57,ONE Gas Inc. Common Stock
TKC,4558400000.0,5.18,Turkcell Iletisim Hizmetleri AS Common Stock
CIGI,4550284222.0,89.04,Colliers International Group Inc. Subordinate Voting Shares
OII,4544523591.0,45.66,Oceaneering International Inc. Common Stock
TPC,4543548782.0,86.43,Tutor Perini Corporation Common Stock
HTFL,4539848866.0,52.21,Heartflow Inc. Common Stock
ADT,4536772930.0,6.21,ADT Inc. Common Stock
CHEF,4531220939.0,111.07,The Chefs' Warehouse Inc. Common Stock
HRI,4530294976.0,135.51,Herc Holdings Inc. Common Stock 
HCXY,4525468593.0,24.91,Hercules Capital Inc. 6.25% Notes due 2033
CNR,4517395750.0,91.01,Core Natural Resources Inc. Common Stock
TREX,4503460050.0,44.21,Trex Company Inc. Common Stock
CHH,4498968635.0,99.58,Choice Hotels International Inc. Common Stock
CUZ,4498574245.0,27.33,Cousins Properties Incorporated Common Stock
PSN,4497575141.0,42.11,Parsons Corporation Common Stock
CRGY,4480274118.0,13.56,Crescent Energy Company Class A Common Stock
BEPI,4476892061.0,15.59,Brookfield BRP Holdings (Canada) Inc. 4.875% Perpetual Subor
BIPC,4472847107.0,36.36,Brookfield Infrastructure Corporation Brookfield Infrastruct
STNG,4472822684.0,86.41,Scorpio Tankers Inc. Common Shares
NNI,4472787544.0,125.01,Nelnet Inc. Common Stock
ABCL,4463418190.0,13.78,AbCellera Biologics Inc. Common Shares
AMTM,4459796973.0,18.24,Amentum Holdings Inc. Common Stock
BWIN,4449996855.0,31.9,The Baldwin Insurance Group Inc. Class A Common Stock
ESAB,4442511703.0,71.46,ESAB Corporation Common Stock
RDN,4432094153.0,33.5,Radian Group Inc. Common Stock
ENVA,4431910038.0,178.0,Enova International Inc. Common Stock
CVCO,4431171691.0,576.27,Cavco Industries Inc. Common Stock When Issued
ENPH,4420238476.0,33.45,Enphase Energy Inc. Common Stock
PTEN,4404995295.0,11.55,Patterson-UTI Energy Inc. Common Stock
LBTYB,4400029601.0,12.9,Liberty Global Ltd. Class B Common Shares
BMA,4397726483.0,68.78,Banco Macro S.A.  ADR (representing Ten Class B Common Share
ACLS,4394744700.0,142.31,Axcelis Technologies Inc. Common Stock
CECO,4390394457.0,74.96,CECO Environmental Corp. Common Stock
MC,4386981261.0,56.05,Moelis & Company Class A Common Stock
PARR,4384719355.0,87.52,Par Pacific Holdings Inc.  Common Stock
FELE,4378703395.0,99.04,Franklin Electric Co. Inc. Common Stock
EWTX,4376746399.0,40.3,Edgewise Therapeutics Inc. Common Stock
KRMN,4376263038.0,33.02,Karman Holdings Inc. Common Stock
ALK,4373726273.0,39.19,Alaska Air Group Inc. Common Stock
ATAT,4371067887.0,32.13,Atour Lifestyle Holdings Limited American Depositary Shares
PAM,4362719792.0,79.99,Pampa Energia S.A.
KBR,4351858903.0,34.52,KBR Inc. Common Stock
BDC,4351356568.0,111.35,Belden Inc Common Stock
NWCL,4345002273.0,8.53,newcleo plc Ordinary Shares
OXLCM,4342604000.0,25.02,Oxford Lane Capital Corp. Preferred Stock Shares 8.25% Serie
PRIM,4337270586.0,80.57,Primoris Services Corporation Common Stock
OXLCZ,4334913520.0,24.97,Oxford Lane Capital Corp. 5.00% Notes due 2027
FULT,4331851434.0,22.69,Fulton Financial Corporation Common Stock
OTF,4325270072.0,9.44,Blue Owl Technology Finance Corp. Common Stock
IBOC,4321688308.0,69.49,International Bancshares Corporation Common Stock
ONDS,4320686027.0,7.42,Ondas Inc. Common Stock
SFBS,4320221740.0,39.51,ServisFirst Bancshares Inc. Common Stock
MARA,4314963147.0,11.17,MARA Holdings Inc. Common Stock
VNT,4311528000.0,31.89,Vontier Corporation Common Stock 
OPLN,4311507632.0,35.32,OPENLANE Inc. Common Stock
CGAU,4305754521.0,21.56,Centerra Gold Inc. Common Shares
VSNT,4305337239.0,31.02,Versant Media Group Inc. Class A Common Stock 
UFPI,4304802758.0,78.04,UFP Industries Inc. Common Stock
ITGR,4298294470.0,126.45,Integer Holdings Corporation Common Stock
ARX,4285130131.0,19.73,Accelerant Holdings Class A Common Shares
DLO,4282412001.0,14.52,DLocal Limited Class A Common Shares
HHH,4279609440.0,71.66,Howard Hughes Holdings Inc. Common Stock
SLM,4273913825.0,22.74,SLM Corporation Common Stock
GFF,4261779828.0,94.09,Griffon Corporation Common Stock
EPR,4258689974.0,55.59,EPR Properties Common Stock
GEO,4256577347.0,32.34,Geo Group Inc (The) REIT
RLAY,4249156225.0,19.39,Relay Therapeutics Inc. Common Stock
INDV,4247969305.0,35.99,Indivior Pharmaceuticals Inc. Common Stock
CVSA,4245731481.0,125.39,Covista Inc. Common Shares
TENB,4241490745.0,38.51,Tenable Holdings Inc. Common Stock
ALH,4236195636.0,21.31,Alliance Laundry Holdings Inc. Common Stock
BCO,4232646790.0,102.76,Brinks Company (The) Common Stock
MMYT,4232639790.0,45.0,MakeMyTrip Limited Ordinary Shares
NWE,4229967366.0,68.76,NorthWestern Energy Group Inc. Common Stock
OXLCN,4222785280.0,24.32,Oxford Lane Capital Corp. 7.125% Series 2029 Term Preferred 
ENO,4221020900.0,19.74,Entergy New Orleans LLC First Mortgage Bonds 5.50% Series du
CAAP,4219696989.0,25.54,Corporacion America Airports SA Common Shares
FHI,4218305877.0,56.5,Federated Hermes Inc. Common Stock
TRMD,4213814396.0,41.05,TORM plc Class A Common Stock
LIVN,4210796740.0,76.43,LivaNova PLC Ordinary Shares
BEPH,4201214294.0,14.63,Brookfield BRP Holdings (Canada) Inc. 4.625% Perpetual Subor
BC,4200817257.0,64.83,Brunswick Corporation Common Stock
AZZ,4181666364.0,139.15,AZZ Inc.
TDW,4176040468.0,83.93,Tidewater Inc. Common Stock
DHCNL,4170433017.0,17.27,Diversified Healthcare Trust 6.25% Senior Notes Due 2046
CNK,4169349424.0,35.97,Cinemark Holdings Inc Cinemark Holdings Inc. Common Stock
JOYY,4163620356.0,80.5,JOYY Inc. American Depositary Shares
FSLY,4143393000.0,26.01,Fastly Inc. Class A Common Stock
OXLCL,4140360000.0,23.85,Oxford Lane Capital Corp. 6.75% Notes due 2031
FBP,4137310063.0,27.1,First BanCorp. New Common Stock
BWLP,4131775080.0,25.94,BW LPG Limited Common Shares
AIR,4109456133.0,102.24,AAR Corp. Common Stock
OXLCO,4090033360.0,23.56,Oxford Lane Capital Corp. Preferred Stock Shares 6.00% Serie
UCB,4076657756.0,33.81,United Community Banks Inc. Common Stock
TCBI,4073113632.0,93.69,Texas Capital Bancshares Inc. Common Stock
MTH,4059042512.0,62.28,Meritage Homes Corporation Common Stock
TDS,4041161000.0,35.11,Telephone and Data Systems Inc. Common Shares
LOPE,4038256182.0,154.93,Grand Canyon Education Inc. Common Stock
ICUI,4036135933.0,161.4,ICU Medical Inc. Common Stock
CATY,4034851834.0,60.48,Cathay General Bancorp Common Stock
COLD,4011001742.0,14.05,Americold Realty Trust Inc. Common Stock
HP,4010549863.0,40.13,Helmerich & Payne Inc. Common Stock
ERO,4008445090.0,38.44,Ero Copper Corp. Common Shares
BRC,4005661868.0,85.41,Brady Corporation Common Stock
ELC,4002468851.0,18.77,Entergy Louisiana Inc. Collateral Trust Mortgage Bonds 4.875
REGCP,4002081243.0,21.85,Regency Centers Corporation 6.25% Series A Cumulative Redeem
TGS,4001677795.0,26.58,Transportadora de Gas del Sur SA TGS Common Stock
CBT,3995207322.0,77.38,Cabot Corporation Common Stock
LILAP,3986565000.0,20.35,Liberty Latin America Ltd. 9.0% Fixed Rate Cumulative Perpet
PAY,3982211638.0,31.62,Paymentus Holdings Inc. Class A Common Stock
SPHR,3979227656.0,110.8,Sphere Entertainment Co. Class A Common Stock
BULL,3977968754.0,7.36,Webull Corporation Class A Ordinary Shares
SKT,3973664230.0,34.59,Tanger Inc. Common Stock
FRVO,3967512659.0,13.46,Fervo Energy Company Class A common stock
WSFS,3951347391.0,77.34,WSFS Financial Corporation Common Stock
DHCNI,3947124737.0,16.35,Diversified Healthcare Trust 5.625% Senior Notes due 2042
TAC,3940520000.0,12.47,TransAlta Corporation Ordinary Shares
MDU,3931431333.0,18.69,MDU Resources Group Inc. Common Stock (Holding Company)
PHI,3921412316.0,18.15,PLDT Inc. Sponsored ADR
DOO,3913266610.0,55.0,BRP Inc. Common Subordinate Voting Shares
KFY,3912415205.0,71.71,Korn Ferry Common Stock
WK,3911457157.0,71.88,Workiva Inc. Class A Common Stock
AQN,3902620758.0,5.07,Algonquin Power & Utilities Corp. Common Shares
ALM,3900259740.0,13.52,Almonty Industries Inc. Common Shares
AYA,3893297621.0,27.03,Aya Gold & Silver Inc. Common Shares
CVBF,3893063262.0,22.12,CVB Financial Corporation Common Stock
ACCV,3891535073.0,16.46,Accelevation Holdings Corp. Class A Ordinary Shares
TNGX,3891527270.0,23.08,Tango Therapeutics Inc.
DTW,3878761606.0,18.64,DTE Energy Company 2017 Series E 5.25% Junior Subordinated D
CCC,3875585152.0,6.58,CCC Intelligent Solutions Holdings Inc. Common Stock
APLE,3871756247.0,16.4,Apple Hospitality REIT Inc. Common Shares
VVV,3870971922.0,30.34,Valvoline Inc. Common Stock
KRC,3870763121.0,33.28,Kilroy Realty Corporation Common Stock
EE,3870413844.0,34.13,Excelerate Energy Inc. Class A Common Stock
SIG,3865826646.0,100.89,Signet Jewelers Limited Common Shares
ITRI,3844039046.0,87.79,Itron Inc. Common Stock
CRVL,3839259396.0,76.0,CorVel Corp. Common Stock
DHT,3836011793.0,23.82,DHT Holdings Inc.
CRK,3834684357.0,13.06,Comstock Resources Inc. Common Stock
VCYT,3832226147.0,47.67,Veracyte Inc. Common Stock
SITE,3826831487.0,87.66,SiteOne Landscape Supply Inc. Common Stock
AVNT,3815533280.0,41.6,Avient Corporation Common Stock
CAR,3814474917.0,107.98,Avis Budget Group Inc. Common Stock
FCN,3810949582.0,138.02,FTI Consulting Inc. Common Stock
SEB,3810813300.0,3978.74,Seaboard Corporation Common Stock
BFH,3799665605.0,98.9,Bread Financial Holdings Inc. Common Stock
SKE,3793992199.0,30.24,Skeena Resources Limited Common Shares
BILL,3793964031.0,44.49,BILL Holdings Inc. Common Stock
GEF,3788110738.0,82.05,Greif Inc. Class A Common Stock
REGCO,3787848515.0,20.68,Regency Centers Corporation 5.875% Series B Cumulative Redee
MSGE,3784891772.0,80.01,Madison Square Garden Entertainment Corp. Class A Common Sto
CDP,3783372879.0,33.36,COPT Defense Properties Common Shares of Beneficial Interest
FLY,3781670931.0,22.59,Firefly Aerospace Inc. Common Stock
TNL,3777525199.0,61.72,Travel   Leisure Co. Common  Stock
INDB,3775790881.0,79.71,Independent Bank Corp. Common Stock
ASBA,3775538391.0,25.02,Associated Banc-Corp 6.625% Fixed-Rate Reset Subordinated No
JOE,3769365161.0,66.21,St. Joe Company (The) Common Stock
ATMU,3768081437.0,46.18,Atmus Filtration Technologies Inc. Common Stock
SRAD,3766028957.0,12.08,Sportradar Group AG Class A Ordinary Shares
GPGI,3762773264.0,12.98,GPGI Inc. Class A Common Stock
XXI,3756646443.0,6.68,Twenty One Capital Inc. Class A Common Stock
CNS,3754800340.0,73.02,Cohen & Steers Inc Common Stock
IOND,3749081301.0,83.32,Ionic Digital Inc. Class A Common Stock
NVST,3748817328.0,23.34,Envista Holdings Corporation Common Stock
MRP,3737738837.0,22.51,Millrose Properties Inc. Class A Common Stock
SEZL,3732875302.0,110.85,Sezzle Inc. Common Stock
SKYW,3729848900.0,96.06,SkyWest Inc. Common Stock
NP,3721761401.0,27.12,Neptune Insurance Holdings Inc. Class A Common Stock
BOOT,3721401631.0,122.88,Boot Barn Holdings Inc. Common Stock
BELFB,3720035504.0,257.63,Bel Fuse Inc. Class B Common Stock
MIR,3715641693.0,14.92,Mirion Technologies Inc. Class A Common Stock
OTTR,3712364984.0,88.42,Otter Tail Corporation Common Stock
BATRA,3705054373.0,57.74,Atlanta Braves Holdings Inc. Series A Common Stock
WT,3704471114.0,24.45,WisdomTree Inc. Common Stock
SLGN,3697813880.0,34.99,Silgan Holdings Inc. Common Stock
TLX,3685894293.0,10.88,Telix Pharmaceuticals Limited American Depositary Shares
VKTX,3680163701.0,29.28,Viking Therapeutics Inc. Common Stock
ACHR,3673505545.0,4.72,Archer Aviation Inc. Class A Common Stock
IDYA,3672389761.0,38.06,IDEAYA Biosciences Inc. Common Stock
OLED,3668153433.0,79.8,Universal Display Corporation Common Stock
DORM,3663158286.0,123.44,Dorman Products Inc. Common Stock
RUM,3659079232.0,7.38,RUM Group Inc. Class A Common Stock
CENX,3656812317.0,36.94,Century Aluminum Company Common Stock
LEGN,3651519954.0,18.77,Legend Biotech Corporation American Depositary Shares
IPAR,3643252847.0,113.76,Interparfums Inc. Common Stock
XENE,3638295030.0,37.57,Xenon Pharmaceuticals Inc. Common Shares
QTWO,3629666796.0,58.21,Q2 Holdings Inc. Common Stock
ARIS,3626448000.0,17.57,Aris Mining Corporation Common Shares
GNW,3623591445.0,9.59,Genworth Financial Inc Common Stock
RNST,3623272993.0,39.64,Renasant Corporation Common Stock
WSBC,3620447310.0,37.75,WesBanco Inc. Common Stock
BMI,3620167322.0,124.89,Badger Meter Inc. Common Stock
WBI,3614777816.0,29.23,WaterBridge Infrastructure LLC Class A Shares Representing L
BANF,3614217000.0,107.57,BancFirst Corporation Common Stock
CDNA,3613635477.0,69.85,CareDx Inc. Common Stock
LMND,3612100022.0,46.67,Lemonade Inc. Common Stock
NHC,3607915566.0,230.37,National HealthCare Corporation Common Stock
UNMA,3603828158.0,21.16,Unum Group 6.250% Junior Subordinated Notes due 2058
CELC,3602367067.0,73.62,Celcuity Inc. Common Stock
PLSE,3601791654.0,50.5,Pulse Biosciences Inc Common Stock (DE)
PBLS,3601243446.0,29.53,Parabilis Medicines Inc. Common Stock
OGN,3597749232.0,13.7,Organon & Co. Common Stock 
IRTC,3595933997.0,109.09,iRhythm Holdings Inc. Common Stock
PURR,3595265041.0,12.92,Hyperliquid Strategies Inc Common Stock
LXP,3591676523.0,60.92,LXP Industrial Trust Common Stock (Maryland REIT)
TNK,3581482040.0,103.38,Teekay Tankers Ltd.
RGC,3580099694.0,7.24,Regencell Bioscience Holdings Limited Ordinary Shares
MGNI,3579866959.0,24.96,Magnite Inc. Common Stock
CII,3579225052.0,24.06,BlackRock Enhanced Large Cap Core Fund Inc. Common Stock
IPGP,3555887460.0,83.6,IPG Photonics Corporation Common Stock
SXI,3552290937.0,289.24,Standex International Corporation Common Stock
MNDY,3546687991.0,82.66,monday.com Ltd. Ordinary Shares
BNL,3530830666.0,18.4,Broadstone Net Lease Inc. Common Stock
BBWI,3520727165.0,17.46,Bath & Body Works Inc.
RHI,3513057937.0,34.32,Robert Half Inc. Common Stock
KTB,3508762404.0,64.2,Kontoor Brands Inc. Common Stock 
VAC,3505914968.0,101.93,Marriott Vacations Worldwide Corporation Common Stock
OPCH,3500481129.0,23.37,Option Care Health Inc. Common Stock
COHU,3490262665.0,73.73,Cohu Inc. Common Stock
AMLX,3485231102.0,27.78,Amylyx Pharmaceuticals Inc. Common Stock
ZIM,3485078718.0,28.93,ZIM Integrated Shipping Services Ltd. Ordinary Shares
TARS,3483875130.0,74.45,Tarsus Pharmaceuticals Inc. Common Stock
THO,3470549634.0,67.24,Thor Industries Inc. Common Stock
IRT,3470160026.0,14.72,Independence Realty Trust Inc. Common Stock
LIF,3468619308.0,42.57,Life360 Inc. Common Stock
ACAD,3465063967.0,20.11,ACADIA Pharmaceuticals Inc. Common Stock
ECO,3459356433.0,88.6,Okeanis Eco Tankers Corp. Common Stock
MANU,3458452430.0,20.05,Manchester United Ltd. Class A Ordinary Shares
PVH,3455723692.0,74.9,PVH Corp. Common Stock
PDI,3451878000.0,14.2,PIMCO Dynamic Income Fund Common Stock
NIC,3450025790.0,164.62,Nicolet Bankshares Inc. Common Stock
FRSH,3449372606.0,13.22,Freshworks Inc. Class A Common Stock
VECO,3442210028.0,56.31,Veeco Instruments Inc. Common Stock
SBLK,3439589826.0,30.84,Star Bulk Carriers Corp. Common Shares
LAZ,3438056180.0,35.28,Lazard Inc. Common Stock
CSTM,3427496241.0,25.29,Constellium SE Ordinary Shares (France)
AAMI,3412730708.0,96.16,Acadian Asset Management Inc. Common Stock
AEHR,3409656602.0,104.4,Aehr Test Systems Common Stock
MIAX,3405604419.0,34.32,Miami International Holdings Inc. Common Stock
SLG,3401504035.0,48.01,SL Green Realty Corp Common Stock
HNI,3398319144.0,47.08,HNI Corporation Common Stock
MWA,3397294775.0,21.76,MUELLER WATER PRODUCTS Common Stock
FIBK,3394750101.0,35.62,First Interstate BancSystem Inc. Common Stock (DE)
FSM,3392769291.0,11.14,Fortuna Mining Corp. Common Shares
KN,3365166844.0,39.4,Knowles Corporation Common Stock
ZGN,3364633107.0,12.54,Ermenegildo Zegna N.V. Ordinary Shares
NATL,3362310497.0,45.5,NCR Atleos Corporation Common Stock
UCTT,3351405687.0,74.02,Ultra Clean Holdings Inc. Common Stock
PLMR,3351293753.0,127.34,Palomar Holdings Inc. Common stock
VGNT,3348382977.0,47.27,Versigent PLC Ordinary Shares
BATRK,3347639186.0,52.17,Atlanta Braves Holdings Inc. Series C Common Stock
NTRSO,3344429337.0,18.28,Northern Trust Corporation Depositary Shares Each Representi
SHOO,3342729700.0,45.68,Steven Madden Ltd. Common Stock
MHO,3337360092.0,132.0,M/I Homes Inc. Common Stock
CXW,3335677384.0,33.73,CoreCivic Inc. Common Stock
ELVN,3331621503.0,45.47,Enliven Therapeutics Inc. Common Stock
LION,3323741626.0,11.17,Lionsgate Studios Corp Common Shares
BTE,3317595840.0,4.68,Baytex Energy Corp Common Shares
FFBC,3313809838.0,31.51,First Financial Bancorp. Common Stock
SMR,3300274729.0,7.68,NuScale Power Corporation Class A Common Stock
WRBY,3294154639.0,26.65,Warby Parker Inc. Class A Common Stock
MCHB,3289259071.0,14.93,Mechanics Bancorp Class A Common Stock
SFNC,3281908148.0,22.71,Simmons First National Corporation Class A Common Stock
LRN,3278240574.0,78.88,Stride Inc. Common Stock
FULTP,3278003047.0,17.17,Fulton Financial Corporation Depositary Shares Each Represen
LUNR,3271324932.0,14.29,Intuitive Machines Inc. Class A Common Stock
PFSI,3270351457.0,62.95,PennyMac Financial Services Inc. Common Stock
PRK,3269974424.0,181.02,Park National Corporation Common Stock
EXPO,3268793275.0,68.75,Exponent Inc. Common Stock
AB,3261355674.0,35.04,AllianceBernstein Holding L.P.  Units
TGB,3261267763.0,8.91,Trekor Metals Limited Common Shares
HIW,3252930162.0,29.49,Highwoods Properties Inc. Common Stock
COCO,3246963033.0,55.32,The Vita Coco Company Inc. Common Stock
AWR,3240608782.0,81.76,American States Water Company Common Stock
CSQ,3234951984.0,20.36,Calamos Strategic Total Return Common Stock
NVTS,3221893642.0,12.34,Navitas Semiconductor Corporation Common Stock
GBDC,3214486672.0,12.38,Golub Capital BDC Inc. Common Stock
DTG,3206637143.0,15.41,DTE Energy Company 2021 Series E 4.375% Junior Subordinated 
CLSK,3205077071.0,12.48,CleanSpark Inc. Common Stock
CURB,3204959377.0,27.86,Curbline Properties Corp. Common Stock
ATKR,3200962289.0,94.78,Atkore Inc. Common Stock
ASO,3200870754.0,51.98,Academy Sports and Outdoors Inc. Common Stock
CORZW,3200550792.0,9.96,Core Scientific Inc. Tranche 1 Warrants
LBRT,3196919839.0,19.59,Liberty Energy Inc. Class A common stock
DKL,3196190745.0,55.3,Delek Logistics Partners L.P. Common Units representing Limi
POST,3194780587.0,72.68,Post Holdings Inc. Common Stock
NHI,3193160419.0,65.02,National Health Investors Inc. Common Stock
KEN,3189554980.0,61.21,Kenon Holdings Ltd. Ordinary Shares
ARLP,3189451677.0,24.79,Alliance Resource Partners L.P. Common Units representing Li
PAGS,3182920914.0,10.95,PagSeguro Digital Ltd. Class A Common Shares
DNLI,3182561794.0,19.91,Denali Therapeutics Inc. Common Stock
OUST,3181596132.0,44.12,Ouster Inc. Common Stock
USLM,3178096853.0,110.78,United States Lime & Minerals Inc. Common Stock
PLNT,3164377718.0,42.07,Planet Fitness Inc. Common Stock
CBU,3163794368.0,60.13,Community Financial System Inc. Common Stock
ARQT,3161152819.0,25.15,Arcutis Biotherapeutics Inc. Common Stock
FA,3155115304.0,18.37,First Advantage Corporation Common Stock
KAI,3154687515.0,267.14,Kadant Inc Common Stock
OSIS,3154437208.0,197.87,OSI Systems Inc. Common Stock (DE)
RCUS,3150227722.0,24.74,Arcus Biosciences Inc. Common Stock
ASH,3149667989.0,68.78,Ashland Inc. Common Stock
SBCF,3145772740.0,32.49,Seacoast Banking Corporation of Florida Common Stock
HTGC,3123767160.0,16.69,Hercules Capital Inc. Common Stock
BFAM,3122872998.0,64.21,Bright Horizons Family Solutions Inc. Common Stock
BSM,3120464077.0,14.67,Black Stone Minerals L.P. Common units representing limited 
PENG,3110944256.0,60.71,Penguin Solutions Inc. Common Stock
BTU,3108450000.0,25.5,Peabody Energy Corporation Common Stock 
PPLI,3107379590.0,41.73,People Incorporated Common Stock
AVPT,3101549145.0,14.66,AvePoint Inc. Class A Common Stock
LPL,3100000000.0,3.1,LG Display Co Ltd AMERICAN DEPOSITORY SHARES
WIX,3099374785.0,74.06,Wix.com Ltd. Ordinary Shares
BHE,3093065431.0,86.11,Benchmark Electronics Inc. Common Stock
WSC,3092929653.0,17.07,WillScot Holdings Corporation Class A Common Stock
PTRN,3088518139.0,17.41,Pattern Group Inc. Series A Common Stock
ABG,3084677898.0,171.83,Asbury Automotive Group Inc Common Stock
EXTR,3083542314.0,23.33,Extreme Networks Inc. Common Stock
DTB,3081784302.0,14.81,DTE Energy Company 2020 Series G 4.375% Junior Subordinated 
BKU,3079370124.0,43.23,BankUnited Inc. Common Stock
PK,3072422916.0,15.26,Park Hotels & Resorts Inc. Common Stock 
LBTYA,3066377218.0,8.99,Liberty Global Ltd. Class A Common Shares
EFXT,3055014133.0,25.02,Enerflex Ltd Common Shares
CLBK,3053946380.0,11.33,Columbia Financial Inc. Common Stock
FHB,3046901054.0,25.04,First Hawaiian Inc. Common Stock
CPK,3043922073.0,126.27,Chesapeake Utilities Corporation Common Stock
AGO,3040282649.0,69.13,Assured Guaranty Ltd. Common Stock
DXPE,3038257578.0,195.8,DXP Enterprises Inc. Common Stock
POWI,3037272479.0,54.36,Power Integrations Inc. Common Stock
FSK,3036979677.0,10.99,FS KKR Capital Corp. Common Stock
CALM,3035722739.0,64.99,Cal-Maine Foods Inc. Common Stock
AEO,3034753061.0,18.11,American Eagle Outfitters Inc. Common Stock
DAN,3022904680.0,28.1,Dana Incorporated Common Stock 
BRZE,3022481602.0,26.61,Braze Inc. Class A Common Stock
DAC,3018500225.0,165.82,Danaos Corporation Common Stock
BELFA,3013657610.0,208.71,Bel Fuse Inc. Class A Common Stock
AMBA,3013062680.0,68.26,Ambarella Inc. Ordinary Shares
FGN,3006189384.0,23.84,F&G Annuities & Life Inc. 7.950% Senior Notes due 2053
LBTYK,3001570581.0,8.8,Liberty Global Ltd. Class C Common Shares
PII,2996539574.0,52.66,Polaris Inc. Common Stock
NTCT,2995541254.0,41.2,NetScout Systems Inc. Common Stock
WOR,2991383574.0,61.14,Worthington Enterprises Inc. Common Shares
SII,2986608000.0,115.76,Sprott Inc. Common Shares
AD,2984250000.0,34.5,Array Digital Infrastructure Inc. Common Shares
BTDR,2970579938.0,10.93,Bitdeer Technologies Group Class A Ordinary Shares
CBZ,2969319459.0,54.72,CBIZ Inc. Common Stock
FOUR,2964952506.0,37.55,Shift4 Payments Inc. Class A Common Stock
NMIH,2962831151.0,39.39,NMI Holdings Inc. Common Stock
YETI,2957506014.0,40.52,YETI Holdings Inc. Common Stock
NAN,2950602208.0,9.76,Nuveen New York Quality Municipal Income Fund Common Stock
KNF,2949994937.0,51.97,Knife Riv Holding Co. Common Stock
FRPT,2947401678.0,61.33,Freshpet Inc. Common Stock
ATRO,2942250068.0,68.41,Astronics Corporation Common Stock
AVA,2942236918.0,35.13,Avista Corporation Common Stock
CSQR,2941089818.0,17.65,Csquare Inc. Common Stock
ASST,2935300159.0,30.26,Strive Inc. Class A Common Stock
TNET,2933312758.0,63.9,TriNet Group Inc. Common Stock
ARCB,2931156564.0,131.14,ArcBest Corporation Common Stock
SA,2929782227.0,27.16,Seabridge Gold Inc. Common Shares New
RWTN,2923034756.0,22.62,Redwood Trust Inc. 9.125% Senior Notes Due 2029
PFS,2918858191.0,22.38,Provident Financial Services Inc Common Stock
KYIV,2914525754.0,12.57,Kyivstar Group Ltd. Common Shares
COLM,2914428534.0,56.93,Columbia Sportswear Company Common Stock
WING,2910593615.0,106.84,Wingstop Inc. Common Stock
NG,2900339859.0,6.61,Novagold Resources Inc.
SPSC,2896574000.0,80.46,SPS Commerce Inc. Common Stock
INTR,2895070109.0,6.56,Inter & Co. Inc. Class A Common Shares
IMAX,2883598354.0,52.58,Imax Corporation Common Stock
DYN,2883364895.0,15.44,Dyne Therapeutics Inc. Common Stock
VTMX,2882541308.0,32.59,Corporacion Inmobiliaria Vesta S.A.B de C.V. American Deposi
FG,2881883950.0,22.01,F&G Annuities & Life Inc. Common Stock
GPI,2878502004.0,241.44,Group 1 Automotive Inc. Common Stock
TMDX,2877690284.0,82.99,TransMedics Group Inc. Common Stock
ZLAB,2876260761.0,25.62,Zai Lab Limited American Depositary Shares
ADEA,2875003511.0,26.07,Adeia Inc. Common Stock
DNOW,2874495667.0,15.9,DNOW Inc. Common Stock
ATRC,2867332993.0,56.37,AtriCure Inc. Common Stock
BHF,2865226069.0,49.82,Brighthouse Financial Inc. Common Stock
SDRL,2863772675.0,45.79,Seadrill Limited Common Shares
QS,2860304402.0,4.62,QuantumScape Corporation Class A Common Stock
INTA,2859986712.0,37.38,Intapp Inc. Common Stock
SMG,2858615453.0,49.1,Scotts Miracle-Gro Company (The) Common Stock
INFQ,2853020278.0,12.66,Infleqtion Inc. Common Stock
MMS,2848785885.0,54.41,Maximus Inc. Common Stock
MGRC,2847299536.0,116.57,McGrath RentCorp Common Stock
STNE,2847087257.0,11.54,StoneCo Ltd. Class A Common Shares
SPNT,2846042892.0,24.5,SiriusPoint Ltd. Common Shares
ROG,2842852099.0,159.1,Rogers Corporation Common Stock
HG,2842478776.0,34.16,Hamilton Insurance Group Ltd. Class B Common Shares
ABM,2842221566.0,48.49,ABM Industries Incorporated Common Stock
TALO,2840082611.0,17.01,Talos Energy Inc. Common Stock
EROK,2839507516.0,21.59,EagleRock Land LLC Class A shares representing limited liabi
NEOG,2837559125.0,13.01,Neogen Corporation Common Stock
IHS,2835154326.0,8.45,IHS Holding Limited Ordinary Shares
CWT,2834704390.0,45.84,California Water Service Group Common Stock
RWTO,2831286096.0,21.91,Redwood Trust Inc. 9.00% Senior Notes Due 2029
CXT,2829713705.0,49.16,Crane NXT Co. Common Stock
DGII,2829412051.0,74.56,Digi International Inc. Common Stock
SOUN,2828307536.0,5.88,SoundHound AI Inc Class A Common Stock
TR,2823444681.0,37.61,Tootsie Roll Industries Inc. Common Stock
SLDE,2819834897.0,24.14,Slide Insurance Holdings Inc. Common Stock
MBX,2819292020.0,58.54,MBX Biosciences Inc. Common Stock
REZI,2818287336.0,18.56,Resideo Technologies Inc. Common Stock 
GRBK,2815910267.0,65.47,Green Brick Partners Inc. Common Stock
CLBT,2815019872.0,11.2,Cellebrite DI Ltd. Ordinary Shares
AGYS,2806475906.0,99.5,Agilysys Inc. Common Stock (DE)
FIZZ,2793480612.0,29.84,National Beverage Corp. Common Stock
GPOR,2791221409.0,157.84,Gulfport Energy Corporation Common Shares
LEU,2791163948.0,141.44,Centrus Energy Corp. Class A Common Stock
APAM,2788899814.0,34.4,Artisan Partners Asset Management Inc. Class A Common Stock
TDC,2781630000.0,29.91,Teradata Corporation Common Stock
CWK,2781357440.0,11.85,Cushman & Wakefield Ltd. Common Shares
WTTR,2777925510.0,20.06,Select Water Solutions Inc. Class A common stock
FTAIM,2777292177.0,27.04,FTAI Aviation Ltd. 9.500% Fixed-Rate Reset Series D Cumulati
KC,2775156785.0,9.27,Kingsoft Cloud Holdings Limited American Depositary Shares
BANC,2772031784.0,17.55,Banc of California Inc. Common Stock
KWR,2771300407.0,161.05,Quaker Houghton Common Stock
PGEN,2771192812.0,7.74,Precigen Inc. Common Stock
WDFC,2762866823.0,205.86,WD-40 Company Common Stock
POWWP,2762250158.0,23.8,Outdoor Holding Company 8.75% Series A Cumulative Redeemable
KBH,2761390149.0,45.04,KB Home Common Stock
ALRM,2760834423.0,56.24,Alarm.com Holdings Inc. Common Stock
HWKN,2756767951.0,132.06,Hawkins Inc. Common Stock
AAUC,2756301324.0,19.78,Allied Gold Corporation Common Shares
MNSO,2750486381.0,8.89,MINISO Group Holding Limited American Depositary Shares each
APPN,2736890481.0,38.21,Appian Corporation Class A Common Stock
HOG,2725658958.0,26.19,Harley-Davidson Inc. Common Stock
NAMS,2725447453.0,22.8,NewAmsterdam Pharma Company N.V. Ordinary Shares
EROC,2718366991.0,12.39,ERock Inc. Class A Common Stock
MZTI,2715181590.0,99.49,The Marzetti Company Common Stock
FUL,2715140762.0,50.44,H. B. Fuller Company Common Stock
BBAR,2710220916.0,13.27,Banco BBVA Argentina S.A. ADS
IMOS,2709109670.0,77.41,ChipMOS TECHNOLOGIES INC. American Depositary Shares
CHRN,2708856607.0,18.6,ChronoScale Holdings Corporation Common Stock
UUUU,2703560940.0,10.82,Energy Fuels Inc Ordinary Shares (Canada)
NMFCZ,2702632019.0,25.41,New Mountain Finance Corporation 8.250% Notes due 2028
NMM,2701860277.0,92.63,Navios Maritime Partners LP Common Units Representing Limite
AVAH,2699377640.0,12.37,Aveanna Healthcare Holdings Inc. Common Stock
ACHC,2687804939.0,28.87,Acadia Healthcare Company Inc. Common Stock
DX,2687647711.0,10.83,Dynex Capital Inc. Common Stock
UNFI,2685919751.0,44.53,United Natural Foods Inc. Common Stock
BOH,2683810440.0,68.03,Bank of Hawaii Corporation Common Stock
TOWN,2674285107.0,35.84,TowneBank Common Stock
SLNHP,2674250189.0,10.84,Soluna Holdings Inc 9.0% Series A Cumulative Perpetual Prefe
GCMG,2672799878.0,13.18,GCM Grosvenor Inc. Class A Common Stock
SHAK,2670653731.0,62.4,Shake Shack Inc. Class A Common Stock
GRDN,2666710998.0,42.1,Guardian Pharmacy Services Inc. Class A Common Stock
MGEE,2655082523.0,70.27,MGE Energy Inc
AMBP,2653786162.0,4.44,Ardagh Metal Packaging S.A. Ordinary Shares
BEAM,2651394361.0,25.67,Beam Therapeutics Inc. Common Stock
PONY,2648938889.0,6.11,Pony AI Inc. American Depositary Shares 
NBTB,2647365108.0,50.95,NBT Bancorp Inc. Common Stock
HGV,2646507137.0,34.05,Hilton Grand Vacations Inc. Common Stock 
ALMR,2645946168.0,38.13,Alamar Biosciences Inc. Common Stock
TRMK,2644534077.0,45.54,Trustmark Corporation Common Stock
PLUG,2640699075.0,1.89,Plug Power Inc. Common Stock
HAYW,2636646404.0,12.43,Hayward Holdings Inc. Common Stock
FBK,2627850496.0,52.58,FB Financial Corporation Common Stock
CARG,2614306579.0,29.35,CarGurus Inc. Class A Common Stock 
PRVA,2612164533.0,20.45,Privia Health Group Inc. Common Stock
BCC,2611268709.0,74.84,Boise Cascade L.L.C. Common Stock
DCO,2609996800.0,172.85,Ducommun Incorporated Common Stock
RDW,2607422912.0,10.43,Redwire Corporation Common Stock
FRMI,2603514394.0,4.06,Fermi Inc. Common Stock
MFAO,2584171229.0,25.17,MFA Financial Inc. 9.000% Senior Notes due 2029
LFTO,2583999102.0,15.26,Liftoff Mobile Inc. Common Stock
MFAN,2583144542.0,25.16,MFA Financial Inc. 8.875% Senior Notes due 2029
ZIONP,2577112985.0,17.66,Zions Bancorporation N.A. Depositary Shares (Each representi
FIVN,2568247760.0,34.37,Five9 Inc. Common Stock
HIMX,2565805195.0,14.71,Himax Technologies Inc. American Depositary Shares
NOG,2560375546.0,24.03,Northern Oil and Gas Inc. Common Stock
CLDX,2559277448.0,32.59,Celldex Therapeutics Inc.
RXRX,2558935573.0,4.78,Recursion Pharmaceuticals Inc. Class A Common Stock
GDV,2558647490.0,28.37,Gabelli Dividend & Income Trust Common Shares of Beneficial 
FBNC,2558033273.0,61.79,First Bancorp Common Stock
GPK,2549176244.0,8.61,Graphic Packaging Holding Company
CALY,2549130240.0,14.28,Callaway Golf Company Common Stock
HURN,2547202527.0,160.1,Huron Consulting Group Inc. Common Stock
KALU,2546534570.0,155.76,Kaiser Aluminum Corporation Common Stock
EXK,2546191697.0,8.6,Endeavour Silver Corporation Ordinary Shares (Canada)
PPTA,2543197675.0,20.33,Perpetua Resources Corp. Common Shares
DRH,2541202558.0,12.42,Diamondrock Hospitality Company Common Stock
CHTRP,2538670575.0,22.16,Charter Communications Inc. Series A Cumulative Redeemable P
CUBI,2534798439.0,75.03,Customers Bancorp Inc Common Stock
VCRE,2533730337.0,9.0,Vicore Pharma Holding AB American Depositary Shares
KD,2528870033.0,11.61,Kyndryl Holdings Inc. Common Stock
AKR,2528295412.0,18.41,Acadia Realty Trust Common Stock
MAN,2520601894.0,54.2,ManpowerGroup Common Stock
VIA,2517708386.0,30.89,Via Transportation Inc. Class A Common Stock
BKD,2514745664.0,10.53,Brookdale Senior Living Inc. Common Stock
NGVT,2514401215.0,73.14,Ingevity Corporation Common Stock 
KMT,2510176419.0,32.86,Kennametal Inc. Common Stock
RVMDW,2507736091.0,11.7,Revolution Medicines Inc. Warrant
RNW,2507090493.0,6.88,ReNew Energy Global plc Class A Ordinary Shares
HSAI,2500132577.0,15.91,Hesai Group American Depositary Share
BFLY,2497755017.0,9.38,Butterfly Network Inc. Class A Common Stock
FRME,2497612593.0,39.77,First Merchants Corporation Common Stock
LCLN,2497374285.0,24.1,Lincoln International Inc. Class A Common Stock
HCM,2496601648.0,14.31,HUTCHMED (China) Limited American Depositary Shares
AMC,2490366940.0,2.79,AMC Entertainment Holdings Inc. Class A Common Stock
TTAM,2488893278.0,13.5,Titan America SA Common Shares
CLOV,2485811311.0,4.68,Clover Health Investments Corp. Class A Common Stock
SUPN,2485511076.0,42.76,Supernus Pharmaceuticals Inc. Common Stock
CENT,2484926141.0,39.7,Central Garden & Pet Company Common Stock
LQDA,2474025747.0,27.64,Liquidia Corporation Common Stock
BANR,2469500413.0,67.4,Banner Corporation Common Stock
LPG,2465993733.0,57.64,Dorian LPG Ltd. Common Stock
WLY,2464064659.0,48.54,John Wiley & Sons Inc. Common Stock
UE,2463029532.0,19.51,Urban Edge Properties Common Shares of Beneficial Interest
NEO,2457735167.0,19.13,NeoGenomics Inc. Common Stock
WLYB,2454927212.0,48.36,John Wiley & Sons Inc. Common Stock
BUSE,2454922175.0,29.51,First Busey Corporation Class A Common Stock
SKWD,2450242449.0,55.19,Skyward Specialty Insurance Group Inc. Common Stock
HTO,2446111626.0,58.44,H2O America Common Stock
SDGR,2438663473.0,32.6,Schrodinger Inc. Common Stock
IRON,2431418811.0,63.33,Disc Medicine Inc. Common Stock
NESR,2428510236.0,24.08,National Energy Services Reunited Corp Ordinary Shares
PLUS,2426930682.0,93.02,ePlus inc. Common Stock
PAYO,2422783477.0,7.15,Payoneer Global Inc. Common Stock
SYBT,2411082163.0,77.61,Stock Yards Bancorp Inc. Common Stock
MH,2408577968.0,12.59,McGraw Hill Inc. Common Stock
IOSP,2405221740.0,97.65,Innospec Inc. Common Stock
IMNM,2404438406.0,21.17,Immunome Inc. Common Stock
EEFT,2402993961.0,64.25,Euronet Worldwide Inc. Common Stock
DJT,2398633195.0,8.63,Trump Media & Technology Group Corp. Common Stock
COTY,2395467182.0,2.72,Coty Inc. Class A Common Stock
AAP,2394860000.0,39.65,Advance Auto Parts Inc.
ALVO,2385536343.0,6.11,Alvotech Ordinary Shares
WSBCO,2385179459.0,24.87,WesBanco Inc. Depositary Shares each representing 1/40th int
BKV,2384650316.0,21.79,BKV Corporation Common Stock
NOVTU,2383275865.0,63.02,Novanta Inc. Tangible Equity Units
VC,2383100947.0,89.27,Visteon Corporation Common Stock
DNN,2380718414.0,2.63,Denison Mines Corp Ordinary Shares (Canada)
UFPT,2380513641.0,307.33,UFP Technologies Inc. Common Stock
NRIX,2374524907.0,22.88,Nurix Therapeutics Inc. Common stock
ATHM,2373672476.0,20.61,Autohome Inc. American Depositary Shares each representing f
ICHR,2371976323.0,63.33,Ichor Holdings Ordinary Shares
UPST,2369572670.0,24.35,Upstart Holdings Inc. Common stock
PDFS,2368102273.0,56.08,PDF Solutions Inc. Common Stock
PRLB,2360612796.0,98.68,Proto Labs Inc. Common stock
BBT,2357746499.0,28.13,Beacon Financial Corporation Common stock
GRND,2353531290.0,13.54,Grindr Inc. Common Stock
SLS,2348628596.0,11.63,SELLAS Life Sciences Group Inc. Common Stock
MFICL,2345653057.0,25.14,MidCap Financial Investment Corporation 8.00% Notes due 2028
NTB,2342400000.0,58.56,Bank of N.T. Butterfield & Son Limited (The) Voting Ordinary
HLIO,2340690000.0,70.93,Helios Technologies Inc. Common Stock
LIND,2336060928.0,35.6,Lindblad Expeditions Holdings Inc. Common Stock
NWL,2333932000.0,5.48,Newell Brands Inc. Common Stock
SVM,2333814473.0,10.55,Silvercorp Metals Inc. Common Shares
CNXN,2332000348.0,92.4,PC Connection Inc. Common Stock
FCPT,2330128499.0,21.23,Four Corners Property Trust Inc. Common Stock
AGM,2327579417.0,214.46,Federal Agricultural Mortgage Corporation Common Stock
OSW,2326350479.0,22.92,OneSpaWorld Holdings Limited Common Shares
HRMY,2324796809.0,39.92,Harmony Biosciences Holdings Inc. Common Stock
BGR,2322591503.0,17.13,BlackRock Energy and Resources Trust
IVT,2320638107.0,29.76,InvenTrust Properties Corp. Common Stock
HCI,2312509764.0,185.91,HCI Group Inc. Common Stock
PBI,2304486464.0,16.81,Pitney Bowes Inc. Common Stock
LIFE,2303629073.0,36.13,Ethos Technologies Inc. Class A Common Stock
INOD,2302606137.0,66.97,Innodata Inc. Common Stock
RAMP,2292578771.0,37.71,LiveRamp Holdings Inc. Common Stock
PRCH,2287285963.0,17.35,Porch Group Inc. Common Stock
LTC,2287213038.0,42.43,LTC Properties Inc. Common Stock
MBIN,2284041089.0,49.72,Merchants Bancorp Common Stock
NMRK,2279856128.0,12.58,Newmark Group Inc. Class A Common Stock
LASR,2278762782.0,39.5,nLIGHT Inc. Common Stock
WGS,2274565202.0,76.27,GeneDx Holdings Corp. Class A Common Stock
ANDE,2272965633.0,66.9,Andersons Inc. (The) Common Stock
FIGS,2264491498.0,13.63,FIGS Inc. Class A Common Stock
ADMA,2264485115.0,10.11,ADMA Biologics Inc Common Stock
AERO,2264420908.0,15.52,Grupo Aeromexico S.A.B. de C.V. American Depositary Shares (
ARR,2260827795.0,13.53,ARMOUR Residential REIT Inc.
ADAMM,2259822086.0,25.02,Adamas Trust Inc. 7.875% Series E Fixed-to-Floating Rate Cum
NN,2248548001.0,13.32,NextNav Inc. Common Stock
CTOS,2247754686.0,9.88,Custom Truck One Source Inc. Common Stock
ADAMI,2245455483.0,24.79,Adamas Trust Inc. 9.125% Senior Notes Due 2029
OPEN,2243220326.0,2.31,Opendoor Technologies Inc Common Stock
BKE,2238215257.0,43.45,Buckle Inc. (The) Common Stock
WAFD,2232436330.0,30.17,WaFd Inc. Common Stock
DBD,2227914570.0,65.63,Diebold Nixdorf Incorporated Common stock
RH,2223699525.0,117.45,RH Common Stock
VVX,2221445521.0,70.87,V2X Inc. Common Stock
KSS,2214241971.0,19.53,Kohl's Corporation Common Stock
MRVI,2212419285.0,8.52,Maravai LifeSciences Holdings Inc. Class A Common Stock
BTX,2211768112.0,9.38,BlackRock Technology and Private Equity Term Trust Common Sh
FLYW,2210701637.0,18.17,Flywire Corporation Voting Common Stock
ADAML,2209757135.0,24.47,Adamas Trust Inc. 6.875% Series F Fixed-to-Floating Rate Cum
PHIN,2204880136.0,60.18,PHINIA Inc. Common Stock
BHC,2202804404.0,5.89,Bausch Health Companies Inc. Common Stock
NWBI,2202745195.0,15.04,Northwest Bancshares Inc. Common Stock
AMR,2201082212.0,173.6,Alpha Metallurgical Resources Inc. Common Stock
PTON,2198747723.0,5.01,Peloton Interactive Inc. Class A Common Stock
PMTU,2196191487.0,25.18,PennyMac Mortgage Investment Trust 8.50% Senior Notes due 20
SSMR,2188956164.0,15.23,Sunshine Silver Mining & Refining Company Common Stock
HTH,2185476809.0,38.15,Hilltop Holdings Inc.
AXGN,2183753714.0,37.22,Axogen Inc. Common Stock
BGSI,2175974124.0,78.17,Boyd Group Services Inc. Common Shares
ADAMN,2170339113.0,24.03,Adamas Trust Inc. 8.00% Series D Fixed-to-Floating Rate Cumu
EFSC,2165036546.0,59.82,Enterprise Financial Services Corporation Common Stock
CALX,2162183382.0,34.34,Calix Inc Common Stock
PBH,2160278203.0,45.6,Prestige Consumer Healthcare Inc. Common Stock
PEB,2155295876.0,19.1,Pebblebrook Hotel Trust Common Shares of Beneficial Interest
OFG,2154272229.0,50.97,OFG Bancorp Common Stock
VRDN,2152553111.0,19.0,Viridian Therapeutics Inc. Common Stock
VERA,2149649283.0,29.83,Vera Therapeutics Inc. Class A Common Stock
CENTA,2144422407.0,34.26,Central Garden & Pet Company Class A Common Stock Nonvoting
PATK,2138755200.0,66.59,Patrick Industries Inc. Common Stock
CHA,2134641618.0,11.19,Chagee Holdings Limited American Depositary Shares
KEEL,2130627581.0,3.45,Keel Infrastructure Corp. Common Stock
PHVS,2124130152.0,30.49,Pharvaris N.V. Ordinary Shares
SONO,2122193983.0,17.94,Sonos Inc. Common Stock
PLGO,2121357957.0,24.53,Pelagos Insurance Capital Limited Common Shares
MD,2120710373.0,26.1,Pediatrix Medical Group Inc. Common Stock
MCRI,2117904307.0,118.17,Monarch Casino & Resort Inc. Common Stock
SEDG,2115255216.0,34.38,SolarEdge Technologies Inc. Common Stock
CDLR,2113149330.0,21.9,Cadeler A/S American Depositary Share (each representing fou
STUB,2112957512.0,5.53,StubHub Holdings Inc. Class A Common Stock
ADUS,2109822414.0,112.98,Addus HomeCare Corporation Common Stock
SHO,2104885412.0,11.32,Sunstone Hotel Investors Inc. Sunstone Hotel Investors Inc. 
VCEL,2103055637.0,41.07,Vericel Corporation Common Stock
TRN,2102477736.0,26.39,Trinity Industries Inc. Common Stock
RLX,2102277850.0,1.72,RLX Technology Inc. American Depositary Shares each represen
BUSEP,2102198690.0,25.27,First Busey Corporation Depositary Shares Each Representing 
DRD,2096500241.0,24.17,DRDGOLD Limited American Depositary Shares
ASAN,2092786869.0,9.14,Asana Inc. Class A Common Stock
CTRI,2091954458.0,20.72,Centuri Holdings Inc. Common Stock
AUPH,2091564361.0,15.72,Aurinia Pharmaceuticals Inc Ordinary Shares
URGN,2091110528.0,42.78,UroGen Pharma Ltd. Ordinary Shares
CC,2090431041.0,13.89,Chemours Company (The) Common Stock
STGW,2085375597.0,8.53,Stagwell Inc. Class A Common Stock
SBET,2083174362.0,9.59,Sharplink Inc. Common Stock
DV,2083023224.0,13.44,DoubleVerify Holdings Inc. Common Stock
PLBL,2077416955.0,5.67,Polibeli Group Ltd Class A Ordinary Shares
SRCE,2077298311.0,86.26,1st Source Corporation Common Stock
ECPG,2076821119.0,97.92,Encore Capital Group Inc Common Stock
UWMC,2072980310.0,1.29,UWM Holdings Corporation Class A Common Stock
NVAX,2071718319.0,12.56,Novavax Inc. Common Stock
BCRX,2069834351.0,8.1,BioCryst Pharmaceuticals Inc. Common Stock
ETOR,2069235295.0,25.69,eToro Group Ltd. Class A Common Shares
BLX,2068692523.0,55.02,Bladex Inc. Class E Common Stock
SIND,2061105687.0,12.98,Sinda Ltd. Common Stock
MTX,2060724044.0,66.2,Minerals Technologies Inc. Common Stock
MLYS,2059880421.0,23.3,Mineralys Therapeutics Inc. Common Stock
FCF,2059519752.0,20.38,First Commonwealth Financial Corporation Common Stock
UTZ,2055780402.0,14.28,Utz Brands Inc Class A Common Stock 
ALGT,2054158911.0,75.14,Allegiant Travel Company Common Stock
TRLV,2050820466.0,10.65,Trulieve Cannabis Corp. Subordinate Voting Shares
WERN,2048219877.0,34.15,Werner Enterprises Inc. Common Stock
GRC,2048114345.0,77.55,Gorman-Rupp Company (The) Common Stock
ATEN,2046848302.0,28.19,A10 Networks Inc. Common Stock
INSP,2045409031.0,70.75,Inspire Medical Systems Inc. Common Stock
NCNO,2038593435.0,19.28,nCino Inc. Common Stock
STDN,2036725323.0,13.01,Standard Nuclear Inc. Class A Common Stock
ADRX,2034565241.0,19.05,ADARx Pharmaceuticals Inc. Common Stock
PLPC,2034188486.0,416.1,Preformed Line Products Company Common Stock
CCU,2028570767.0,10.98,Compania Cervecerias Unidas S.A. Common Stock
PENN,2024405524.0,15.1,PENN Entertainment Inc. Common Stock
CIMN,2018904549.0,25.07,Chimera Investment Corporation 9.000% Senior Notes due 2029
UAA,2018864043.0,4.7,Under Armour Inc. Class A Common Stock
ALNT,2017007880.0,118.63,Allient Inc. Common Stock
TILE,2014924036.0,34.86,Interface Inc. Common Stock
BAND,2012264674.0,62.53,Bandwidth Inc. Class A Common Stock
LCII,2007644248.0,82.58,LCI Industries
FTRE,2007561000.0,21.11,Fortrea Holdings Inc. Common Stock
PRGO,2003827898.0,14.44,Perrigo Company plc Ordinary Shares
IQMX,2001080062.0,10.56,IQM Quantum Computers Oyj American Depositary Shares
VIR,1993363985.0,11.78,Vir Biotechnology Inc. Common Stock
WS,1993031735.0,39.12,Worthington Steel Inc. Common Shares
VERX,1992036794.0,12.28,Vertex Inc. Class A Common Stock
CHCO,1991182333.0,141.77,City Holding Company Common Stock
IDT,1989081975.0,80.08,IDT Corporation Class B Common Stock
INVX,1986876845.0,28.41,Innovex International Inc. Common Stock
NWN,1986394058.0,47.19,Northwest Natural Holding Company Common Stock
AADX,1984249392.0,11.51,Applied Aerospace & Defense Inc. Common Stock
PGNY,1984154996.0,25.86,Progyny Inc. Common Stock
ESTA,1980931695.0,66.47,Establishment Labs Holdings Inc. Common Shares
SAH,1980035049.0,62.63,Sonic Automotive Inc. Common Stock
ABSI,1978709535.0,11.53,Absci Corporation Common Stock
MPT,1976732000.0,3.31,Medical Properties Trust Inc. common stock
ALG,1976443006.0,162.39,Alamo Group Inc. Common Stock
PRDO,1973680315.0,31.54,Perdoceo Education Corporation Common Stock
TBBK,1971226479.0,48.33,The Bancorp Inc Common Stock
GPCR,1967438955.0,27.59,Structure Therapeutics Inc. American Depositary Shares
BLKB,1965845101.0,43.31,Blackbaud Inc. Common Stock
NGL,1965825052.0,15.75,NGL ENERGY PARTNERS LP Common Units representing Limited Par
UA,1963023122.0,4.57,Under Armour Inc. Class C Common Stock
BHVN,1959037840.0,12.97,Biohaven Ltd. Common Shares 
WHR,1957937321.0,30.03,Whirlpool Corporation Common Stock
TOP,1957234837.0,15.57,TOP Financial Group Limited Class A Ordinary Shares
TRVI,1954768539.0,13.72,Trevi Therapeutics Inc. Common Stock
GCT,1951921554.0,54.66,GigaCloud Technology Inc Class A Ordinary Shares
LKFT,1944622565.0,29.51,Lakefront Biotherapeutics American Depositary Shares
UNIT,1929664823.0,7.95,Uniti Group Inc. Common Stock
UMBFO,1926852261.0,25.37,UMB Financial Corporation Depositary Shares Each Representin
MFP,1924103556.0,42.54,Midera Food Processing Inc. Common Stock
BRVE,1922331988.0,21.35,Braveheart Bio Inc. Common Stock
DRVN,1922014856.0,11.65,Driven Brands Holdings Inc. Common Stock
ZD,1919397904.0,55.98,Ziff Davis Inc. Common Stock
RGTIW,1919170295.0,5.75,Rigetti Computing Inc. Warrants
SFB,1917794831.0,18.77,Stifel Financial Corporation 5.20% Senior Notes due 2047
KYN,1914009312.0,14.06,Kayne Anderson Energy Infrastructure Fund Inc.
SECZ,1910208515.0,11.7,Securitize Corp. Common Stock
XNCR,1905677565.0,25.63,Xencor Inc. Common Stock
PVLA,1904215069.0,132.16,Palvella Therapeutics Inc. Common Stock
WU,1902461784.0,6.1,Western Union Company (The) Common Stock
BVC,1901760000.0,11.32,BitVentures Limited Ordinary Shares
XPRO,1901638896.0,16.77,Expro Ltd Ordinary Shares
ABXL,1900623295.0,25.46,Abacus Global Management Inc. 9.875% Fixed Rate Senior Notes
AVEX,1892660767.0,14.93,AEVEX Corp. Class A Common Stock
BLFS,1888287841.0,38.61,BioLife Solutions Inc. Common Stock
DAO,1885519283.0,15.63,Youdao Inc. American Depositary Shares each representing one
KARO,1884491300.0,61.0,Karooooo Ltd. Ordinary Shares
TH,1883878929.0,18.91,Target Hospitality Corp. Common Stock
GNL,1882927356.0,8.14,Global Net Lease Inc. Common Stock
CEPU,1881616383.0,12.43,Central Puerto S.A. American Depositary Shares (each represe
EZPW,1874022999.0,30.5,EZCORP Inc. Class A Non Voting Common Stock
AZTA,1871932633.0,42.73,Azenta Inc.
VOYG,1871426292.0,30.2,Voyager Technologies Inc. Class A Common Stock
AGIO,1865683813.0,31.25,Agios Pharmaceuticals Inc. Common Stock
WKC,1863453517.0,36.43,World Kinect Corporation Common Stock
DXC,1863019514.0,11.66,DXC Technology Company Common Stock 
ZYME,1859841707.0,26.21,Zymeworks Inc. Common Stock
NYAX,1859367135.0,49.77,Nayax Ltd. Ordinary Shares
CMPR,1859082493.0,76.35,Cimpress plc Ordinary Shares (Ireland)
RVT,1859014632.0,17.22,Royce Small-Cap Trust Inc. Common Stock
TY,1858801977.0,34.2,Tri Continental Corporation Common Stock
AMPL,1858751062.0,14.88,Amplitude Inc. Class A Common Stock
CMRE,1855861001.0,15.39,Costamare Inc. Common Stock $0.0001 par value
BXMT,1855664937.0,11.01,Blackstone Mortgage Trust Inc. Common Stock
OLN,1854495112.0,16.27,Olin Corporation Common Stock
LMAT,1852181124.0,80.99,LeMaitre Vascular Inc. Common Stock
GABC,1851883658.0,49.28,German American Bancorp Inc. Common Stock
VSTS,1851563071.0,14.01,Vestis Corporation Common Stock
MESO,1849806012.0,14.22,Mesoblast Limited American Depositary Shares
BOBS,1849222125.0,14.15,Bob's Discount Furniture Inc. Common Stock
AFGD,1847490262.0,22.28,American Financial Group Inc. 5.625% Subordinated Debentures
SRPT,1847416597.0,17.49,Sarepta Therapeutics Inc. Common Stock (DE)
XERS,1846904700.0,10.13,Xeris Biopharma Holdings Inc. Common Stock
HMN,1846848062.0,45.6,Horace Mann Educators Corporation Common Stock
EPAC,1841978009.0,36.02,Enerpac Tool Group Corp. Common Stock
FSUN,1837737735.0,39.45,FirstSun Capital Bancorp Common Stock
RBCAA,1837560192.0,93.59,Republic Bancorp Inc. Class A Common Stock
PLAB,1833041979.0,31.07,Photronics Inc. Common Stock
RUN,1832845533.0,7.61,Sunrun Inc. Common Stock
BRSL,1832085000.0,9.93,Brightstar Lottery PLC Trading under the Legal Name to begin
WMK,1831347624.0,74.01,Weis Markets Inc. Common Stock
ASTH,1825936712.0,36.81,Astrana Health Inc. Common Stock
DHC,1825652570.0,7.54,Diversified Healthcare Trust Common Shares of Beneficial Int
CDZIP,1825637737.0,21.56,Cadiz Inc. Depositary Shares
AFGB,1825101467.0,22.01,American Financial Group Inc. 5.875% Subordinated Debentures
NSP,1816567041.0,47.56,Insperity Inc. Common Stock
ZBIO,1813868201.0,27.83,Zenas BioPharma Inc. Common Stock
FORTY,1809705768.0,118.14,Formula Systems (1985) Ltd. American Depositary Shares
FRNM,1808329880.0,16.83,Freenome Inc. Common stock
TIC,1802500141.0,8.26,TIC Solutions Inc. Common Stock
PAX,1801382603.0,11.1,Patria Investments Limited Class A Common Shares
HWCPZ,1798237893.0,21.22,Hancock Whitney Corporation 6.25% Subordinated Notes due 206
SMA,1797828280.0,32.47,SmartStop Self Storage REIT Inc. Common Stock
ATS,1797548623.0,18.53,ATS Corporation Common Shares
QUBT,1797194076.0,7.94,Quantum Computing Inc. Common Stock
VET,1797036000.0,11.73,Vermilion Energy Inc. Common (Canada)
SFL,1795402584.0,13.5,SFL Corporation Ltd
BLBD,1787723003.0,57.03,Blue Bird Corporation Common Stock
NTLA,1786615336.0,12.75,Intellia Therapeutics Inc. Common Stock
GENB,1785382385.0,13.91,Generate Biomedicines Inc. Common Stock
HAPN,1784199393.0,15.46,Happen Inc. Common Stock
AI,1783048603.0,11.09,C3.ai Inc. Class A Common Stock
ACVA,1782983790.0,10.5,ACV Auctions Inc. Class A Common Stock
WOLF,1774761979.0,33.53,Wolfspeed Inc. Common Stock New
MQ,1772803143.0,17.03,Marqeta Inc. Class A Common Stock
NAT,1772353049.0,8.37,Nordic American Tankers Limited Common Stock
NTST,1770648285.0,17.44,NetSTREIT Corp. Common Stock
NVCR,1769976768.0,15.2,NovoCure Limited Ordinary Shares
SEPN,1767655983.0,37.87,Septerna Inc. Common Stock
LIME,1765620442.0,27.17,Neutron Holdings Inc. Common Stock
SNDA,1764322193.0,36.72,Sonida Senior Living Inc. Common Stock
ALHC,1763198767.0,8.5,Alignment Healthcare Inc. Common Stock
TRNI,1761369708.0,25.05,Trinity Capital Inc. 7.875% Notes Due 2029
MNR,1761302392.0,10.55,Mach Natural Resources LP Common Units representing Limited 
STRA,1760615278.0,79.28,Strategic Education Inc. Common Stock
CTS,1759347174.0,61.61,CTS Corporation Common Stock
TRNZ,1757854000.0,25.0,Trinity Capital Inc. 7.875% Notes due 2029
HUBG,1757551877.0,28.74,Hub Group Inc. Class A Common Stock
THRM,1754642390.0,32.23,Gentherm Inc Common Stock
HYMC,1751815603.0,18.8,Hycroft Mining Holding Corporation Class A Common Stock
PSNL,1751517901.0,16.4,Personalis Inc. Common Stock
NEXT,1748838295.0,6.57,NextDecade Corporation Common Stock
SPB,1747435340.0,75.99,Spectrum Brands Holdings Inc. Common Stock
SGRY,1745140406.0,13.33,Surgery Partners Inc. Common Stock
DCOM,1744627068.0,39.51,Dime Commercial Bancshares Inc. Common Stock
HOS,1744007708.0,7.85,Hornbeck Offshore Services Inc. Common Stock
EVTC,1739994023.0,29.12,Evertec Inc. Common Stock
NUVB,1738060003.0,4.95,Nuvation Bio Inc. Class A Common Stock
STBA,1736120171.0,49.23,S&T Bancorp Inc. Common Stock
HOPE,1733456715.0,13.57,Hope Bancorp Inc. Common Stock
BXDC,1733191364.0,17.22,Blackstone Digital Infrastructure Trust Inc. Common Stock
WTFCN,1726454096.0,25.59,Wintrust Financial Corporation Depositary Shares Each Repres
GTY,1726064321.0,27.87,Getty Realty Corporation Common Stock
LILA,1725879000.0,8.81,Liberty Latin America Ltd. Class A Common Stock
SAM,1725811987.0,167.69,Boston Beer Company Inc. (The) Common Stock
PDO,1720562709.0,11.79,PIMCO Dynamic Income Opportunities Fund Common Shares of Ben
LILAK,1718043000.0,8.77,Liberty Latin America Ltd. Class C Common Stock
GEL,1712883980.0,14.02,Genesis Energy L.P. Common Units
SHAZ,1707827189.0,47.7,SharonAI Holdings Inc. Class A Common Stock
XRAY,1706469179.0,8.56,DENTSPLY SIRONA Inc. Common Stock
ARCO,1706370762.0,8.1,Arcos Dorados Holdings Inc. Class A Shares
RLJ,1700514732.0,11.16,RLJ Lodging Trust Common Shares of Beneficial Interest $0.01
BY,1700364985.0,37.63,Byline Bancorp Inc. Common Stock
WRD,1699750328.0,5.07,WeRide Inc. American Depositary Shares
FLNG,1699041530.0,31.41,FLEX LNG Ltd. Ordinary Shares
KRP,1696466096.0,14.79,Kimbell Royalty Partners Common Units Representing Limited P
LOB,1691203475.0,36.54,Live Oak Bancshares Inc. Common Stock
AIN,1689232000.0,59.48,Albany International Corporation Common Stock
KMTS,1687981270.0,28.34,Kestra Medical Technologies Ltd. Common Stock
NBHC,1683149481.0,37.79,National Bank Holdings Corporation Common Stock
ATEX,1678793779.0,85.61,Anterix Inc. Common Stock
CBL,1677406857.0,54.21,CBL & Associates Properties Inc. Common Stock
TSLX,1677085815.0,17.59,Sixth Street Specialty Lending Inc. Common Stock
BFC,1676365491.0,151.22,Bank First Corporation Common Stock
OZKAP,1674414754.0,14.8,Bank OZK 4.625% Series A Non-Cumulative Perpetual Preferred 
XHR,1674261905.0,18.15,Xenia Hotels & Resorts Inc. Common Stock
TCBK,1670895750.0,52.27,TriCo Bancshares Common Stock
FLOC,1670631186.0,18.49,Flowco Holdings Inc. Class A Common Stock
TSAT,1669415229.0,46.17,Telesat Corporation Class A Common Shares and Class B Variab
ANIP,1666399639.0,72.58,ANI Pharmaceuticals Inc.
MLCO,1664357804.0,4.23,Melco Resorts & Entertainment Limited American Depositary Sh
TMC,1663080767.0,3.77,TMC the metals company Inc. Common Stock
GIC,1660761501.0,43.58,Global Industrial Company Common Stock
WLTH,1658593793.0,10.62,Wealthfront Corporation Common Stock
CNOB,1657094998.0,30.52,ConnectOne Bancorp Inc. Common Stock
ATEC,1655715535.0,10.72,Alphatec Holdings Inc. Common Stock
CCS,1652804477.0,58.13,Century Communities Inc. Common Stock
MIY,1652751053.0,11.11,Blackrock MuniYield Michigan Quality Fund Inc. Common Stock
BDJ,1652095542.0,9.34,Blackrock Enhanced Equity Dividend Trust
NEXA,1651514330.0,12.47,Nexa Resources S.A. Common Shares
MUJ,1651263428.0,11.1,Blackrock MuniHoldings New Jersey Quality Fund Inc. Common S
TRIN,1650508995.0,17.43,Trinity Capital Inc. Common Stock
IE,1648567375.0,10.33,Ivanhoe Electric Inc. Common Stock
GSL,1647210670.0,45.86,Global Ship Lease Inc New Class A Common Shares
CPRI,1646811945.0,14.49,Capri Holdings Limited Ordinary Shares
SID,1644356494.0,1.24,Companhia Siderurgica Nacional S.A. Common Stock
JSM,1643396196.0,16.53,Navient Corporation 6% Senior Notes due December 15 2043
LCID,1643272634.0,4.17,Lucid Group Inc. Common Stock
IMKTA,1643203468.0,86.51,Ingles Markets Incorporated Class A Common Stock
RZC,1642336875.0,25.15,Reinsurance Group of America Incorporated 7.125% Fixed-Rate 
GSHD,1640479652.0,46.19,Goosehead Insurance Inc. Class A Common Stock
OBK,1638734895.0,53.12,Origin Bancorp Inc. Common Stock
QCRH,1638052668.0,100.03,QCR Holdings Inc. Common Stock
BL,1635063845.0,28.13,BlackLine Inc. Common Stock
STOK,1633804447.0,25.32,Stoke Therapeutics Inc. Common Stock
OCFC,1625572584.0,16.82,OceanFirst Financial Corp. Common Stock
ETV,1623727666.0,14.86,Eaton Vance Corporation Eaton Vance Tax-Managed Buy-Write Op
DSGR,1619864878.0,35.02,Distribution Solutions Group Inc. Common Stock
DEI,1614557974.0,9.64,Douglas Emmett Inc. Common Stock
BPOPM,1607218225.0,25.2,Popular Inc. Popular Capital Trust II - 6.125% Cumulative Mo
CMPS,1606331135.0,11.6,COMPASS Pathways Plc American Depository Shares
GENI,1603085472.0,5.99,Genius Sports Limited Ordinary Shares
EVCM,1602353781.0,9.07,EverCommerce Inc. Common Stock
AMBQ,1594244613.0,65.92,Ambiq Micro Inc. Common Stock
OCUL,1592215043.0,7.25,Ocular Therapeutix Inc. Common Stock
SNDX,1592167043.0,17.83,Syndax Pharmaceuticals Inc. Common Stock
WB,1591958267.0,6.48,Weibo Corporation American Depositary Share
OPRA,1591783885.0,17.71,Opera Limited American Depositary Shares
AESI,1590043897.0,12.72,Atlas Energy Solutions Inc. Common Stock
ETON,1589793969.0,55.62,Eton Pharmaceuticals Inc. Common Stock
FRMEP,1586991959.0,25.27,First Merchants Corporation Depository Shares
QURE,1581554194.0,22.8,uniQure N.V. Ordinary Shares
OMCL,1580099582.0,34.64,Omnicell Inc. Common Stock ($0.001 par value)
GLP,1579433857.0,46.46,Global Partners LP Common Units representing Limited Partner
CNXC,1578544715.0,25.87,Concentrix Corporation Common Stock
PRKS,1559287617.0,34.39,United Parks & Resorts Inc. Common Stock
UZD,1556600000.0,18.1,Array Digital Infrastructure Inc. 6.250% Senior Notes due 20
WWW,1554336461.0,18.94,Wolverine World Wide Inc. Common Stock
OXSQG,1551910943.0,24.34,Oxford Square Capital Corp. 5.50% Notes due 2028
STC,1551443375.0,50.83,Stewart Information Services Corporation Common Stock
AGRO,1551316010.0,10.75,Adecoagro S.A. Common Shares
VNET,1550890965.0,5.45,VNET Group Inc. American Depositary Shares
HUN,1550346965.0,8.84,Huntsman Corporation Common Stock
OXLC,1550248000.0,8.93,Oxford Lane Capital Corp. Common Stock
TGLS,1548768745.0,34.91,Tecnoglass Holdings Inc. Common Stock
AFGC,1545656126.0,18.64,American Financial Group Inc. 5.125% Subordinated Debentures
TEN,1545244758.0,51.29,Tsakos Energy Navigation Ltd Common Shares
RAPP,1544421026.0,32.19,Rapport Therapeutics Inc. Common Stock
GLOB,1543669127.0,35.75,Globant S.A. Common Shares
NUTX,1540793925.0,225.0,Nutex Health Inc. Common Stock
PWP,1537518951.0,15.8,Perella Weinberg Partners Class A Common Stock
CERT,1536065515.0,10.07,Certara Inc. Common Stock
UROY,1535247236.0,4.07,Uranium Royalty Corp. Common Stock
PGY,1535035511.0,18.4,Pagaya Technologies Ltd. Class A Ordinary Shares
GAM,1533240260.0,63.95,General American Investors Inc. Common Stock
JBLU,1531887455.0,4.06,JetBlue Airways Corporation Common Stock
FRA,1530765827.0,10.29,Blackrock Floating Rate Income Strategies Fund Inc  Common S
CASH,1525180238.0,73.42,Pathward Financial Inc. Common Stock
SAFT,1525155275.0,103.89,Safety Insurance Group Inc. Common Stock
IMCR,1523844077.0,29.59,Immunocore Holdings plc American Depositary Shares
GAB,1521973163.0,5.18,Gabelli Equity Trust Inc. (The) Common Stock
HE,1521733715.0,8.81,Hawaiian Electric Industries Inc. Common Stock
PRGS,1521133055.0,37.22,Progress Software Corporation Common Stock (DE)
KMPR,1520806605.0,25.81,Kemper Corporation
GHRS,1519912548.0,22.17,GH Research PLC Ordinary Shares
NOMD,1518900323.0,10.69,Nomad Foods Limited Ordinary Shares
ALKT,1513229017.0,14.15,Alkami Technology Inc. Common Stock
PFBC,1510756593.0,105.23,Preferred Bank Common Stock
PAHC,1509973616.0,37.19,Phibro Animal Health Corporation Class A Common Stock
PBT,1507328463.0,32.34,Permian Basin Royalty Trust Common Stock
PICS,1505807250.0,11.62,PicS N.V. Class A Common Shares
MHD,1502500957.0,10.1,Blackrock MuniHoldings Fund Inc. Common Stock
ECAT,1501995150.0,13.89,BlackRock ESG Capital Allocation Term Trust Common Shares of
SBH,1501701564.0,16.04,Sally Beauty Holdings Inc. (Name to be changed from Sally Ho
KOS,1500628881.0,2.52,Kosmos Energy Ltd. Common Shares (DE)
ECCC,1499820243.0,24.72,Eagle Point Credit Company 6.50% Series C Term Preferred Sto
USAS,1498038230.0,4.43,Americas Gold and Silver Corporation Common Shares no par va
RVLV,1496348091.0,21.05,Revolve Group Inc. Class A Common Stock
INVA,1491146810.0,20.64,Innoviva Inc. Common Stock
ADAMZ,1490931356.0,16.51,Adamas Trust Inc. 7.000% Series G Cumulative Redeemable Pref
ARDT,1488034319.0,10.55,Ardent Health Inc. Common Stock
ICFI,1486001628.0,82.86,ICF International Inc. Common Stock
EFC,1482204939.0,11.5,Ellington Financial Inc. Common Stock 
EFOR,1481740000.0,36.14,Everforth Inc. Common Stock
BCAT,1474961400.0,13.64,BlackRock Capital Allocation Term Trust Common Shares of Ben
TFIN,1471903479.0,61.6,Triumph Financial Inc. Common Stock
MAZE,1468164510.0,26.43,Maze Therapeutics Inc. Common Stock
RQI,1467903459.0,10.93,Cohen & Steers Quality Income Realty Fund Inc Common Shares
MQY,1465310339.0,9.85,Blackrock MuniYield Quality Fund Inc. Common Stock
CSWC,1464656912.0,23.57,Capital Southwest Corporation Common Stock
CRSR,1463634255.0,13.53,Corsair Gaming Inc. Common Stock
NVGS,1463523312.0,23.72,Navigator Holdings Ltd. Ordinary Shares (Marshall Islands)
TSHA,1462992617.0,4.49,Taysha Gene Therapies Inc. Common Stock
JJSF,1460714930.0,78.19,J & J Snack Foods Corp. Common Stock
ECCV,1459843640.0,24.07,Eagle Point Credit Company 5.375% Notes due 2029
KMPB,1457169598.0,24.73,Kemper Corporation 5.875% Fixed-Rate Reset Junior Subordinat
ANAB,1456737265.0,49.2,AnaptysBio Inc. Common Stock
ELE,1455783990.0,18.08,Elemental Royalty Corporation Common Stock
LYNX,1455164769.0,12.55,Lyntris Inc. Common Stock
NRP,1454895238.0,109.8,Natural Resource Partners LP Limited Partnership
HCSG,1454316360.0,21.19,Healthcare Services Group Inc. Common Stock
AMSC,1452295447.0,29.98,American Superconductor Corporation Common Stock
ENR,1451853104.0,21.2,Energizer Holdings Inc. Common Stock
LKFN,1449460650.0,58.31,Lakeland Financial Corporation Common Stock
FCEL,1444772322.0,18.07,FuelCell Energy Inc. Common Stock
NKTR,1441517207.0,42.22,Nektar Therapeutics  Common Stock
REX,1440154532.0,43.41,REX American Resources Corporation
GFR,1440078015.0,5.99,Greenfire Resources Ltd. Common Shares
TYRA,1439061803.0,20.93,Tyra Biosciences Inc. Common Stock
DJTWW,1435566680.0,5.17,Trump Media & Technology Group Corp. Warrants
NAMSW,1434446028.0,12.0,NewAmsterdam Pharma Company N.V. Warrant
MUC,1434070220.0,9.64,Blackrock MuniHoldings California Quality Fund Inc.  Common 
ARHS,1433110021.0,10.11,Arhaus Inc. Class A Common Stock
VISN,1429883754.0,6.2,Vistance Networks Inc. Common Stock
MGRT,1429862500.0,103.99,Mega Fortune Company Limited Ordinary Shares
RARE,1429538659.0,14.5,Ultragenyx Pharmaceutical Inc. Common Stock
COAG,1428923659.0,30.59,Hemab Therapeutics Holdings Inc. Common Stock
ESQ,1428582886.0,118.02,Esquire Financial Holdings Inc. Common Stock
AMAL,1427134016.0,47.73,Amalgamated Financial Corp. Common Stock (DE)
AMN,1426812868.0,36.84,AMN Healthcare Services Inc
SCL,1426239560.0,62.74,Stepan Company Common Stock
PRSU,1425642665.0,52.29,Pursuit Attractions and Hospitality Inc. Common Stock
KARD,1424996373.0,15.24,Kardigan Inc. Common Stock
DMLP,1423159918.0,28.99,Dorchester Minerals L.P. Common Units Representing Limited P
MBC,1420363620.0,6.98,MasterBrand Inc. Common Stock
MLKN,1420027769.0,20.64,MillerKnoll Inc. Common Stock
WBTN,1419537792.0,10.46,WEBTOON Entertainment Inc. Common stock
MYI,1419193973.0,9.54,Blackrock MuniYield Quality Fund III Inc Common Stock
BKT,1417706349.0,9.53,BlackRock Income Trust Inc. (The)
SVV,1417613881.0,9.19,Savers Value Village Inc. Common Stock
CNMD,1417592568.0,47.33,CONMED Corporation Common Stock
AGL,1415163179.0,84.28,agilon health inc. Common Stock
TV,1413304644.0,2.29,Grupo Televisa S.A.B. Common Stock
FLNC,1412162223.0,7.65,Fluence Energy Inc. Class A Common Stock
IAUX,1411419743.0,1.63,i-80 Gold Corp. Common Shares
DMC,1409671918.0,29.9,Del Monte Corporation Ordinary Shares
HAWK,1408744638.0,14.38,HawkEye 360 Inc. Common Stock
ATLC,1408689729.0,92.86,Atlanticus Holdings Corporation Common Stock
TMP,1408517887.0,97.93,Tompkins Financial Corporation Common Stock
PNTG,1407641682.0,40.3,The Pennant Group Inc. Common Stock 
ULCC,1406618361.0,6.11,Frontier Group Holdings Inc. Common Stock
KLRA,1405337448.0,10.84,Kailera Therapeutics Inc. Common Stock
UFCS,1404802241.0,54.65,United Fire Group Inc. Common Stock
AVBP,1403297967.0,28.46,ArriVent BioPharma Inc. Common Stock
AFGE,1401372775.0,16.9,American Financial Group Inc. 4.500% Subordinated Debentures
FMC,1399971294.0,9.0,FMC Corporation Common Stock
RYZ,1399706671.0,26.97,Ryerson Holding Corporation Common Stock
KRSA,1399032576.0,30.72,Korsana Biosciences Inc. Common Stock
BHRB,1398557646.0,69.28,Burke & Herbert Financial Services Corp. Common Stock
MUA,1396879603.0,9.39,Blackrock MuniAssets Fund Inc Common Stock
TRS,1396569876.0,38.93,TriMas Corporation Common Stock
IIPR,1393455978.0,50.54,Innovative Industrial Properties Inc. Common Stock
NBR,1392463306.0,83.16,Nabors Industries Ltd.
CDNL,1391856637.0,28.71,Cardinal Infrastructure Group Inc. Class A Common Stock
INBX,1391701930.0,94.56,Inhibrx Biosciences Inc. Common Stock
XZO,1386422278.0,15.39,Exzeo Group Inc. Common Stock
AZUL,1383935005.0,7.51,Azul S.A. American Depositary Shares each representing two (
CTBI,1382217940.0,76.08,Community Trust Bancorp Inc. Common Stock
AMPX,1380461840.0,9.45,Amprius Technologies Inc. Common Stock
DRTS,1376999713.0,14.89,Alpha Tau Medical Ltd. Ordinary Shares
XNDU,1375092588.0,4.52,Xanadu Quantum Technologies Limited Class B Subordinate Voti
SHLS,1371644593.0,8.15,Shoals Technologies Group Inc. Class A Common Stock
CNOBP,1371463292.0,25.26,ConnectOne Bancorp Inc. Depositary Shares each representing 
COUR,1369592000.0,5.18,Coursera Inc. Common Stock
OMER,1368139172.0,18.9,Omeros Corporation Common Stock
UZE,1365680000.0,15.88,Array Digital Infrastructure Inc. 5.500% Senior Notes due 20
WABC,1364944696.0,59.06,Westamerica Bancorporation Common Stock
UZF,1364828600.0,15.87,Array Digital Infrastructure Inc. 5.500% Senior Notes due 20
APPS,1364501995.0,11.21,Digital Turbine Inc. Common Stock
AAPG,1363092654.0,14.61,Ascentage Pharma Group International American Depository Sha
LUXE,1362073352.0,9.75,LuxExperience B.V. American Depositary Shares each represent
LSPD,1361140708.0,10.21,Lightspeed Commerce Inc. Subordinate Voting Shares
NCV,1360122213.0,15.05,Virtus Convertible & Income Fund Common Shares of Beneficial
CRCT,1355105372.0,6.47,Cricut Inc. Class A Common Stock
ARLO,1354851497.0,12.59,Arlo Technologies Inc. Common Stock
LQDT,1354152530.0,43.22,Liquidity Services Inc. Common Stock
HLMN,1354033193.0,6.96,Hillman Solutions Corp. Common Stock
RES,1352107773.0,6.1,RPC Inc. Common Stock
POET,1351583667.0,7.81,POET Technologies Inc. Common Shares
GT,1347366089.0,4.68,The Goodyear Tire & Rubber Company Common Stock
DCH,1342466001.0,5.65,Dauch Corporation Common Stock
QMCO,1340137084.0,34.01,Quantum Corporation Common Stock
ADIG,1337766749.0,17.62,ADI Global Distribution Inc. Common Stock
TWFG,1336700866.0,24.73,TWFG Inc. Class A Common Stock
PEBO,1333819310.0,37.11,Peoples Bancorp Inc. Common Stock
UAN,1331034387.0,125.93,CVR Partners LP Common Units representing Limited Partner In
ADNT,1329151108.0,17.24,Adient plc Ordinary Shares 
SLVM,1326799309.0,33.37,Sylvamo Corporation Common Stock
FMBH,1321316969.0,49.67,First Mid Bancshares Inc. Common Stock
HBT,1320435372.0,36.31,HBT Financial Inc. Common Stock
PSQL,1314097947.0,6.19,Pasqal Holding SA Ordinary Share
UMH,1312376672.0,15.37,UMH Properties Inc. Common Stock
BJRI,1311740350.0,61.66,BJ's Restaurants Inc. Common Stock
AAT,1310979948.0,21.35,American Assets Trust Inc. Common Stock
HLF,1310042250.0,12.5,Herbalife Ltd. Common Shares
EYE,1306225051.0,16.52,National Vision Holdings Inc. Common Stock
OPY,1302950048.0,121.68,Oppenheimer Holdings Inc. Class A Common Stock (DE)
TK,1298206839.0,14.96,Teekay Corporation Ltd. Common Stock
RDWR,1297977840.0,30.68,Radware Ltd. Ordinary Shares
NSSC,1295532788.0,36.22,NAPCO Security Technologies Inc. Common Stock
ORIC,1294621673.0,12.49,Oric Pharmaceuticals Inc. Common Stock
FOR,1293296844.0,25.35,Forestar Group Inc Common Stock 
EMAT,1288897328.0,2.06,Evolution Metals & Technologies Corp. Common Stock
NMAX,1287731631.0,9.97,Newsmax Inc. Class B Common Stock
OMDA,1282489928.0,20.95,Omada Health Inc. Common Stock
RDVT,1281992833.0,79.89,Red Violet Inc. Common Stock 
FOIL,1281798367.0,16.4,Londian Wason New Energy Tech Inc. American Depositary Share
BORR,1276959461.0,4.15,Borr Drilling Limited Common Shares
NBTX,1275278365.0,25.1,Nanobiotix S.A. American Depositary Shares
ODC,1273379763.0,87.89,Oil-Dri Corporation Of America Common Stock
YSWY,1267686605.0,20.06,Yesway Inc. Class A Common Stock
OSBC,1265279057.0,24.87,Old Second Bancorp Inc. Common Stock
VSECU,1262643090.0,44.99,VSE Corporation Tangible Equity Units
CBRL,1258888858.0,56.32,Cracker Barrel Old Country Store Inc Common Stock
GBX,1253985474.0,40.53,Greenbrier Companies Inc. (The) Common Stock
USPH,1252909724.0,83.96,U.S. Physical Therapy Inc. Common Stock
ALX,1252460727.0,245.23,Alexander's Inc. Common Stock
BBAI,1251480627.0,2.61,BigBear.ai Inc. Common Stock
DMRA,1248292194.0,20.22,Damora Therapeutics Inc. Ordinary Shares
CCEC,1247998405.0,20.7,Capital Clean Energy Carriers Corp. Common Share
AFYA,1247450881.0,13.31,Afya Limited Class A Common Shares
VZLA,1246249621.0,3.51,Vizsla Silver Corp. Common Shares
FUN,1241096865.0,12.13,Six Flags Entertainment Corporation Common Stock New
XPEL,1240407953.0,44.99,XPEL Inc. Common Stock
REPL,1238988187.0,13.15,Replimune Group Inc. Common Stock
AIIR,1233372969.0,7.69,Air Global PLC Ordinary Shares
ASIC,1233159857.0,25.73,Ategrity Specialty Insurance Company Holdings Common Stock
EPC,1232878476.0,26.75,Edgewell Personal Care Company Common Stock
PRG,1230797460.0,30.9,PROG Holdings Inc. Common Stock
SCSC,1228912960.0,61.01,ScanSource Inc. Common Stock
MNKD,1228299929.0,3.82,MannKind Corporation Common Stock
INNV,1228062825.0,9.0,InnovAge Holding Corp. Common Stock
PD,1226151520.0,15.59,PagerDuty Inc. Common Stock
HLIT,1223725513.0,11.22,Harmonic Inc. Common Stock
CCO,1221825228.0,2.4,Clear Channel Outdoor Holdings Inc. Common Stock
SENEB,1220106095.0,180.23,Seneca Foods Corp. Class B Common Stock
UVE,1215073299.0,43.66,UNIVERSAL INSURANCE HOLDINGS INC Common Stock
CXM,1214256108.0,5.23,Sprinklr Inc. Class A Common Stock
GOLD,1211576220.0,41.64,Gold.com Inc. Common Stock
DOLE,1209072730.0,12.8,Dole plc Ordinary Shares
PCTTU,1203419812.0,5.99,PureCycle Technologies Inc. Unit
GNK,1202990298.0,27.6,Genco Shipping & Trading Limited Ordinary Shares New (Marsha
SENEA,1202707922.0,177.66,Seneca Foods Corp. Class A Common Stock
MYE,1200768794.0,31.92,Myers Industries Inc. Common Stock
BULLW,1199822396.0,2.22,Webull Corporation Warrants
VTOL,1198426060.0,40.43,Bristow Group Inc. Common Stock
AVLN,1198323558.0,27.03,Avalyn Pharma Inc. Common Stock
CRON,1197341808.0,3.25,Cronos Group Inc. Common Share
ROCK,1196854404.0,40.32,Gibraltar Industries Inc. Common Stock
CYD,1195708922.0,31.87,China Yuchai International Limited Common Stock
EOSE,1190828523.0,3.27,Eos Energy Enterprises Inc. Class A Common Stock
SLSR,1189291535.0,7.12,Solaris Resources Inc. Common Shares
FLO,1187521541.0,5.6,Flowers Foods Inc. Common Stock
DFIN,1186982291.0,48.28,Donnelley Financial Solutions Inc. Common Stock 
CRI,1186505499.0,32.32,Carter's Inc. Common Stock
TBN,1185144203.0,33.9,Tamboran Resources Corporation Common stock
LZB,1182357800.0,29.52,La-Z-Boy Incorporated Common Stock
TRAX,1178760511.0,32.99,First Tracks Biotherapeutics Inc. Ordinary Shares 
AIP,1178175885.0,23.97,Arteris Inc. Common Stock
PUMP,1177881364.0,9.59,ProPetro Holding Corp. Common Stock
SCCD,1172668474.0,24.77,Sachem Capital Corp. 6.00% Notes due 2026
OPK,1171735313.0,1.57,OPKO Health Inc. Common Stock
IMPPP,1171101563.0,25.9,Imperial Petroleum Inc. 8.75% Series A Cumulative Redeemable
SCCG,1167934245.0,24.67,Sachem Capital Corp. 8.00% Notes due 2027
MBINM,1167745867.0,25.42,Merchants Bancorp Depositary Shares Each Representing a 1/40
LNN,1163218755.0,114.39,Lindsay Corporation Common Stock
WEN,1163086573.0,6.1,Wendy's Company (The) Common Stock
SCCF,1161277919.0,24.53,Sachem Capital Corp. 7.125% Notes due 2027
TNC,1160546055.0,68.07,Tennant Company Common Stock
SCCE,1157992364.0,24.46,Sachem Capital Corp. 6.00% Notes due 2027
GIII,1157236951.0,26.99,G-III Apparel Group LTD. Common Stock
NHP,1157000382.0,15.87,National Healthcare Properties Inc. Class A Common Stock
IMTX,1156652855.0,7.73,Immatics N.V. Ordinary Shares
HZO,1156241153.0,52.35,MarineMax Inc.  (FL) Common Stock
TPB,1155018396.0,57.61,Turning Point Brands Inc. Common Stock
NEWP,1150135619.0,6.21,New Pacific Metals Corp. Common Shares
TNDM,1149440240.0,16.52,Tandem Diabetes Care Inc. Common Stock
UVSP,1148738987.0,41.65,Univest Financial Corporation Common Stock
WAFDP,1146926189.0,15.5,WaFd Inc. Depositary Shares
HROW,1146378453.0,30.58,Harrow Inc. Common Stock
AMTB,1146303347.0,29.25,Amerant Bancorp Inc. Class A Common Stock
GDRX,1146248504.0,3.36,GoodRx Holdings Inc. Class A Common Stock
BCAX,1144130029.0,17.29,Bicara Therapeutics Inc. Common Stock
YSS,1141441698.0,8.31,York Space Systems Inc. Common Stock
HFWA,1140725757.0,27.88,Heritage Financial Corporation Common Stock
AMRC,1140392874.0,21.49,Ameresco Inc. Class A Common Stock
LOMA,1140126075.0,9.77,Loma Negra Compania Industrial Argentina Sociedad Anonima AD
BRUN,1139055030.0,14.33,Boost Run Inc. Class A Common Stock
BVS,1136922218.0,13.52,Bioventus Inc. Class A Common Stock
ECVT,1135187287.0,10.37,Ecovyst Inc. Common Stock
WD,1134809130.0,33.06,Walker & Dunlop Inc Common Stock
REAL,1133974792.0,9.32,The RealReal Inc. Common Stock
STAA,1131749719.0,22.57,STAAR Surgical Company Common Stock
GO,1131544899.0,11.42,Grocery Outlet Holding Corp. Common Stock
IRS,1131061982.0,13.95,IRSA Inversiones Y Representaciones S.A. Global Depositary S
JCAP,1129560293.0,19.67,Jefferson Capital Inc. Common Stock
CNL,1123114182.0,12.11,Collective Mining Ltd. Common Shares
PDM,1121190112.0,8.96,Piedmont Realty Trust Inc. Class A Common Stock
WLDN,1120777256.0,73.58,Willdan Group Inc. Common Stock
CSTL,1119639432.0,36.65,Castle Biosciences Inc. Common Stock
BST,1119413572.0,50.52,BlackRock Science and Technology Trust Common Shares of Bene
SPH,1118766730.0,16.77,Suburban Propane Partners L.P. Common Stock
LBRX,1116812639.0,34.62,LB Pharmaceuticals Inc Common Stock
AVO,1113515731.0,12.7,Mission Produce Inc. Common Stock
BOW,1113473569.0,33.8,Bowhead Specialty Holdings Inc. Common Stock
PDS,1110466603.0,88.22,Precision Drilling Corporation Common Stock
ODD,1109904459.0,19.59,ODDITY Tech Ltd. Class A Ordinary Shares
IRMD,1105691112.0,86.47,iRadimed Corporation Common Stock
CRML,1103923085.0,7.51,Critical Metals Corp. Ordinary Shares
LTGO,1102558141.0,16.63,Latigo Biotherapeutics Inc. Common Stock
AORT,1102378157.0,22.61,Artivion Inc. Common Stock
LFMDP,1101871134.0,22.86,LifeMD Inc. 8.875% Series A Cumulative Perpetual Preferred S
VOR,1099235423.0,18.58,Vor Biopharma Inc. Common Stock
MUX,1098318331.0,17.9,McEwen Inc. Common Stock
MCB,1097699264.0,88.54,Metropolitan Bank Holding Corp. Common Stock
GTM,1091662673.0,3.75,ZoomInfo Technologies Inc Common Stock
TDAY,1090857302.0,7.43,USA TODAY Co. Inc. Common Stock
UMAC,1090550504.0,21.83,Unusual Machines Inc. Common Stock
KRT,1089866504.0,54.68,Karat Packaging Inc. Common Stock
TE,1089563143.0,3.7,T1 Energy Inc. Common Stock
DEA,1086031110.0,22.95,Easterly Government Properties Inc. Common Stock
MMI,1083868106.0,28.62,Marcus & Millichap Inc. Common Stock
NPK,1083611774.0,151.85,National Presto Industries Inc. Common Stock
SG,1082085553.0,9.09,Sweetgreen Inc. Class A Common Stock
LADR,1080892382.0,8.52,Ladder Capital Corp Class A Common Stock
LGIH,1079882234.0,46.45,LGI Homes Inc. Common Stock
AGBK,1079310385.0,6.74,AGI Inc Class A Common Shares
AMPH,1079187639.0,25.37,Amphastar Pharmaceuticals Inc. Common Stock
TRUP,1077950052.0,24.57,Trupanion Inc. Common Stock
ENOV,1077842843.0,18.69,Enovis Corporation Common Stock
SGML,1076153072.0,9.56,Sigma Lithium Corporation Common Shares
CRAI,1075163349.0,171.29,CRA International Inc. Common Stock
CFFN,1074720320.0,8.55,Capitol Federal Financial Inc. Common Stock
FTK,1074660128.0,29.67,Flotek Industries Inc. Common Stock
CDRE,1070518350.0,25.0,Cadre Holdings Inc. Common Stock
HSLV,1068497945.0,5.25,Highlander Silver Corp. Common Shares
MRTN,1065684780.0,13.05,Marten Transport Ltd. Common Stock
FSBC,1065625146.0,43.43,Five Star Bancorp Common Stock
HBNB,1064847356.0,4.55,Hotel101 Global Holdings Corp. Class A Ordinary Shares
IGIC,1062486957.0,24.8,International General Insurance Holdings Ltd. Ordinary Share
GHM,1061966746.0,90.48,Graham Corporation Common Stock
GPRE,1061944219.0,15.15,Green Plains Inc. Common Stock
RSKD,1061896084.0,7.81,Riskified Ltd. Class A Ordinary Shares
MBINL,1058872629.0,23.05,Merchants Bancorp Depositary Shares Each Representing a 1/40
HTFC,1057686574.0,24.86,Horizon Technology Finance Corporation 6.25% Notes due 2027
UTI,1056175578.0,19.17,Universal Technical Institute Inc Common Stock
EOSEW,1056086458.0,2.9,Eos Energy Enterprises Inc. Warrant
WINA,1055594782.0,293.86,Winmark Corporation Common Stock
NCZ,1054964281.0,13.86,Virtus Convertible & Income Fund II Common Shares of Benefic
TDOC,1051950482.0,5.79,Teladoc Health Inc. Common Stock
UVV,1049005697.0,42.13,Universal Corporation Common Stock
MGTX,1048789516.0,10.92,MeiraGTx Holdings plc Ordinary Shares
AEF,1045710750.0,9.74,abrdn Emerging Markets ex-China Fund Inc. Common Stock
DEC,1044653121.0,13.61,Diversified Energy Company Common Stock
ITRN,1044412950.0,52.5,Ituran Location and Control Ltd. Ordinary Shares
UPWK,1044192131.0,8.36,Upwork Inc. Common Stock
OCSL,1042051737.0,11.83,Oaktree Specialty Lending Corporation Common Stock
SBR,1040673646.0,71.38,Sabine Royalty Trust Common Stock
ETW,1040082989.0,9.49,Eaton Vance Corporation Eaton Vance Tax-Managed Global Buy-W
VPG,1039792766.0,78.06,Vishay Precision Group Inc. Common Stock
DLX,1039562094.0,22.67,Deluxe Corporation Common Stock
CPAC,1035086755.0,12.21,Cementos Pacasmayo S.A.A. American Depositary Shares (Each r
PSIX,1034946742.0,44.87,Power Solutions International Inc. Common Stock
LMRI,1034727492.0,10.77,Lumexa Imaging Holdings Inc. Common Stock
IART,1033596605.0,13.29,Integra LifeSciences Holdings Corporation Common Stock
CGEM,1032249292.0,16.04,Cullinan Therapeutics Inc. Common Stock
CEVA,1032128280.0,36.66,CEVA Inc. Common Stock
TUYA,1030320655.0,1.68,Tuya Inc. American Depositary Shares each representing one C
PSEC,1030266519.0,1.93,Prospect Capital Corporation Common Stock
TRIP,1030182216.0,8.79,TripAdvisor Inc. Common Stock
AKTS,1030073121.0,18.52,Aktis Oncology Inc. Common stock
ASA,1024783691.0,56.3,ASA  Gold and Precious Metals Limited
HPK,1023003184.0,8.09,HighPeak Energy Inc. Common Stock
NBN,1022997900.0,125.83,Northeast Bank Common Stock
MBWM,1021511580.0,59.09,Mercantile Bank Corporation Common Stock
PRCT,1020616603.0,17.82,PROCEPT BioRobotics Corporation Common Stock
GSBD,1018750056.0,9.05,Goldman Sachs BDC Inc. Common Stock
KYIVW,1017881309.0,4.39,Kyivstar Group Ltd. Warrant
NWPX,1017688531.0,105.6,NWPX Infrastructure Inc. Common Stock
JANX,1011202225.0,16.54,Janux Therapeutics Inc. Common Stock
HRTG,1010604820.0,33.99,Heritage Insurance Holdings Inc. Common Stock
BCX,1009810319.0,11.9,BlackRock Resources Common Shares of Beneficial Interest
MCBS,1009357701.0,35.07,MetroCity Bankshares Inc. Common Stock
ORC,1007997362.0,5.05,Orchid Island Capital Inc. Common Stock
CCNE,1007406299.0,34.01,CNB Financial Corporation Common Stock
FSCO,1005664413.0,5.07,FS Credit Opportunities Corp. Common Stock
LZ,1005324446.0,5.87,LegalZoom.com Inc. Common Stock
BFST,1004814888.0,30.87,Business First Bancshares Inc. Common Stock
BTZ,1004574150.0,9.29,BlackRock Credit Allocation Income Trust
YELP,1003876989.0,18.5,Yelp Inc. Common Stock
DCBG,1003771053.0,25.64,Dime Commercial Bancshares Inc. 9.000% Junior Subordinated N
NPKI,1002785848.0,11.81,NPK International Inc. Common Stock
FET,1002369712.0,87.37,Forum Energy Technologies Inc. Common Stock
PSNY,1002108787.0,6.1,Polestar Automotive Holding UK PLC Class A ADS
DSL,1001608851.0,9.82,DoubleLine Income Solutions Fund Common Shares of Beneficial
ODTX,1001539703.0,20.84,Odyssey Therapeutics Inc. Common Stock
MSEX,1000048214.0,53.07,Middlesex Water Company Common Stock
SB,999641843.0,8.75,Safe Bulkers Inc Common Stock ($0.001 par value)
PCRX,998540244.0,25.05,Pacira BioSciences Inc. Common Stock
BBNX,997563304.0,18.95,Beta Bionics Inc. Common Stock
AEVA,996792339.0,14.3,Aeva Technologies Inc. Common Stock
RXT,994004115.0,3.9,Rackspace Technology Inc. Common Stock
IQ,993975477.0,1.03,iQIYI Inc. American Depositary Shares
AHG,993776845.0,1.16,Akso Health Group ADS
SPTX,990315175.0,18.5,Seaport Therapeutics Inc. Common Stock
FBYD,988262871.0,8.15,Falcon's Beyond Global Inc. Class A Common Stock
HBNC,987868546.0,19.24,Horizon Bancorp Inc. Common Stock
SVRA,982098872.0,4.78,Savara Inc. Common Stock
NBBK,981972361.0,22.41,NB Bancorp Inc. Common Stock
KODK,981937000.0,10.03,Eastman Kodak Company Common New
EQBK,978966975.0,47.54,Equity Bancshares Inc. Class A Common Stock
PSUS,976702500.0,37.35,Pershing Square USA Ltd. Common Shares
GOODN,971054470.0,20.06,Gladstone Commercial Corporation 6.625% Series E Cumulative 
RCAT,968972627.0,6.34,Red Cat Holdings Inc. Common Stock
ANL,968544988.0,15.04,Adlai Nortye Group Ltd. American Depositary Shares
MLTX,968514075.0,11.38,MoonLake Immunotherapeutics Class A Ordinary Shares
SIFY,965553418.0,13.33,Sify Technologies Limited American Depositary Shares
HSTM,964994276.0,31.54,HealthStream Inc. Common Stock
DNA,963817349.0,14.98,Ginkgo Bioworks Holdings Inc. Class A Common Stock
FEIM,963415107.0,85.46,Frequency Electronics Inc. Common Stock
CAC,962793852.0,56.98,Camden National Corporation Common Stock
XIFR,960639781.0,10.19,XPLR Infrastructure LP Common Units representing limited par
IBTA,958063539.0,41.35,Ibotta Inc. Class A Common Stock
ASTE,957855267.0,41.6,Astec Industries Inc. Common Stock
NXDR,955515553.0,2.47,Nextdoor Holdings Inc. Class A Common Stock
CBLL,954079591.0,24.86,CeriBell Inc. Common Stock
CMP,951286605.0,22.66,Compass Minerals Intl Inc Common Stock
REPX,951061990.0,42.93,Riley Exploration Permian Inc. Common Stock
ASM,947792412.0,5.58,Avino Silver & Gold Mines Ltd. Common Shares (Canada)
KURA,944761774.0,10.62,Kura Oncology Inc. Common Stock
BV,944520000.0,10.2,BrightView Holdings Inc. Common Stock
VYX,944398102.0,6.84,NCR Voyix Corporation Common Stock
EDN,942410065.0,20.83,Empresa Distribuidora Y Comercializadora Norte S.A. (Edenor)
ANRO,942202917.0,24.01,Alto Neuroscience Inc. Common Stock
GLIBA,942156908.0,23.61,Liberty Capital Corporation Series A GCI Group Common Stock
PTA,941859707.0,17.04,Cohen & Steers Tax-Advantaged Preferred Securities and Incom
FUBO,941276373.0,8.62,FuboTV Inc. Class A Common Stock
GLIBK,939762609.0,23.55,Liberty Capital Corporation Series C GCI Group Common Stock
TRST,939590693.0,55.18,TrustCo Bank Corp NY Common Stock
PLOW,939005002.0,40.69,Douglas Dynamics Inc. Common Stock
CPF,935661679.0,36.34,Central Pacific Financial Corp New
BRAI,935640555.0,4.54,Braiin Limited Common Stock
HAFC,933951533.0,31.5,Hanmi Financial Corporation Common Stock
VMET,928315695.0,8.53,Versamet Royalties Corporation Common Stock
KFRC,927686200.0,51.8,Kforce Inc. Common Stock
GAINZ,927580712.0,24.27,Gladstone Investment Corporation 4.875% Notes due 2028
CLVT,927512804.0,1.45,Clarivate Plc Ordinary Shares
HQH,926990155.0,19.58,abrdn Healthcare Investors Shares of Beneficial Interest
CSR,926701252.0,55.18,D/B/A Centerspace Common Stock
LAC,925759505.0,2.55,Lithium Americas Corp. Common Shares
ABUS,923949389.0,4.67,Arbutus Biopharma Corporation Common Stock
UTL,923687538.0,50.65,UNITIL Corporation Common Stock
PDX,923646620.0,20.66,PIMCO Dynamic Income Strategy Fund Common Shares of Benefici
MPB,922708530.0,36.42,Mid Penn Bancorp Common Stock
LAR,918960000.0,5.6,Lithium Argentina AG Common Shares
CYRX,918774674.0,18.14,CryoPort Inc. Common Stock
UPBD,916466647.0,15.72,Upbound Group Inc. Common Stock
SBGI,914100278.0,12.64,Sinclair Inc. Class A Common Stock
KRO,913874277.0,7.94,Kronos Worldwide Inc Common Stock
RWAYL,910844673.0,25.15,Runway Growth Finance Corp. 7.50% Notes due 2027
JMIA,907319460.0,6.79,Jumia Technologies AG American Depositary Shares each repres
SBSI,907056831.0,30.43,Southside Bancshares Inc. Common Stock
WLFC,905813715.0,42.84,Willis Lease Finance Corporation Common Stock
APMD,905469443.0,21.75,Apnimed Inc. Common Stock
FCBC,905426553.0,47.88,First Community Bankshares Inc. (VA) Common Stock
FMNB,905302900.0,15.28,Farmers National Banc Corp. Common Stock
KOPN,905199630.0,4.87,Kopin Corporation Common Stock
OIG,905156611.0,9.14,Orion180 Insurance Group Inc. Class A common stock
RHLD,904179770.0,115.63,Resolute Holdings Management Common Stock 
CRVS,903458939.0,10.74,Corvus Pharmaceuticals Inc. Common Stock
HTLD,902471570.0,11.67,Heartland Express Inc. Common Stock
BANFP,901454328.0,26.83,BancFirst Corporation - BFC Capital Trust II Cumulative Trus
SIGIP,900089388.0,15.11,Selective Insurance Group Inc. Depositary Shares each repres
BRBR,898830440.0,7.73,BellRing Brands Inc. Common Stock 
DJCO,897653051.0,651.44,Daily Journal Corp. (S.C.) Common Stock
FRBT,897514238.0,17.68,Forbright Inc. Class A Common Stock
RUMBW,897416451.0,1.81,RUM Group Inc. Warrant
BBDC,895243858.0,8.55,Barings BDC Inc. Common Stock
JBIO,894815235.0,14.07,Jade Biosciences Inc. Common Stock
DFH,894486966.0,9.88,Dream Finders Homes Inc. Class A Common Stock
TTI,892878857.0,6.03,Tetra Technologies Inc. Common Stock
RZLV,892873638.0,2.23,Rezolve AI PLC Ordinary Shares
RIGL,892710701.0,47.79,Rigel Pharmaceuticals Inc. Common Stock
LU,892689559.0,1.03,Lufax Holding Ltd American Depositary Shares each representi
PACB,892084278.0,2.87,Pacific Biosciences of California Inc. Common Stock
SLBT,891608014.0,1.59,SL Science Holding Limited Ordinary Shares
VRTS,890553124.0,134.47,Virtus Investment Partners Inc. Common Stock
BZH,890299020.0,33.37,Beazer Homes USA Inc. Common Stock
RNP,889900553.0,18.11,Cohen & Steers REIT and Preferred and Income Fund Inc. Commo
KOP,889600159.0,47.04,Koppers Holdings Inc. Common Stock
THFF,888443550.0,74.71,First Financial Corporation Common Stock
SIBN,887855971.0,19.81,SI-BONE Inc. Common Stock
GOODO,887551531.0,18.34,Gladstone Commercial Corporation 6.00% Series G Cumulative R
AIZN,887072929.0,17.58,Assurant Inc. 5.25% Subordinated Notes due 2061
PSF,886952235.0,18.05,Cohen & Steers Select Preferred and Income Fund Inc. Common 
ALMS,885337035.0,6.84,Alumis Inc. Common Stock
PXED,883521186.0,24.51,Phoenix Education Partners Inc. Common Stock
ACEL,883385008.0,10.88,Accel Entertainment Inc. 
SMPL,879297817.0,9.94,The Simply Good Foods Company Common Stock
AOSL,878847059.0,29.0,Alpha and Omega Semiconductor Limited Common Shares
BHFAL,877057087.0,15.25,Brighthouse Financial Inc. 6.25% Junior Subordinated Debentu
EIG,876293088.0,48.79,Employers Holdings Inc Common Stock
GLUE,876168628.0,10.27,Monte Rosa Therapeutics Inc. Common Stock
BKSY,874563959.0,21.37,BlackSky Technology Inc. Class A Common Stock
MTUS,872092935.0,21.04,Metallus Inc. Common Shares
OGG,871637835.0,2.85,Osisko Gold Group Inc. Common Shares
MTA,871381546.0,9.32,Metalla Royalty & Streaming Ltd. Common Shares
RPC,869781292.0,7.89,Ridgepost Capital Inc. Class A Common Stock
BTGO,867486690.0,7.38,BitGo Holdings Inc. Class A Common Stock
AIO,867452953.0,25.26,Virtus Artificial Intelligence & Technology Opportunities Fu
ITG,866617389.0,6.98,ITG Inc. Class A Common Stock
NX,866573593.0,18.91,Quanex Building Products Corporation Common Stock
GSBC,866024881.0,79.47,Great Southern Bancorp Inc. Common Stock
LANDP,865751020.0,20.07,Gladstone Land Corporation 6.00% Series C Cumulative Redeema
HQ,865172442.0,16.03,Horizon Quantum Holdings Ltd. Class A Ordinary Shares
ACDC,865083120.0,4.75,ProFrac Holding Corp. Class A Common Stock
SMBK,865011749.0,50.59,SmartFinancial Inc. Common Stock
HEPS,864484984.0,2.42,D-Market Electronic Services & Trading American Depositary S
AEBI,864457138.0,11.14,Aebi Schmidt Holding AG Common Stock 
EGBN,863306115.0,28.32,Eagle Bancorp Inc. Common Stock
MBINN,862877832.0,18.78,Merchants Bancorp Depositary Shares Preferred Series C
SANA,862158635.0,2.88,Sana Biotechnology Inc. Common Stock
IMC,861820000.0,8.2,IMC Rare Earths Ltd Ordinary Shares
LANDO,861005997.0,19.96,Gladstone Land Corporation 6.00% Series B Cumulative Redeema
FMN,859960855.0,9.97,Federated Hermes Premier Municipal Income Fund
BLZE,859172000.0,13.88,Backblaze Inc. Class A Common Stock
RMIX,859049399.0,11.69,Suncrete Inc. Class A Common Stock
QNST,857778646.0,14.99,QuinStreet Inc. Common Stock
DAKT,856049170.0,17.8,Daktronics Inc. Common Stock
SGP,855933783.0,25.59,SpyGlass Pharma Inc. Common Stock
OI,855884791.0,5.57,O-I Glass Inc. Common Stock
LWLG,855628265.0,5.55,Lightwave Logic Inc. Common Stock
OBX,854936604.0,13.84,Obsidian Therapeutics Inc. Common Stock
TRNS,850297788.0,90.57,Transcat Inc. Common Stock
HIPO,849738068.0,32.2,Hippo Holdings Inc. Common Stock
MTW,847816891.0,23.51,Manitowoc Company Inc. (The) Common Stock
NAVI,847805805.0,9.04,Navient Corporation Common Stock
BH,847794820.0,364.4,Biglari Holdings Inc. Class B Common Stock
PUBM,847231135.0,18.6,PubMatic Inc. Class A Common Stock
HMH,845706675.0,19.18,HMH Holding Inc. Class A Common Stock
ARDX,844745869.0,3.39,Ardelyx Inc. Common Stock
HSHP,844305000.0,18.06,Himalaya Shipping Ltd. Common Shares
CCBG,843856675.0,49.31,Capital City Bank Group Common Stock
SXC,843656009.0,9.94,SunCoke Energy Inc. Common Stock
SAFE,842713732.0,11.9,Safehold Inc. New Common Stock 
CRESY,842591328.0,11.88,Cresud S.A.C.I.F. y A. American Depositary Shares
NABL,842520983.0,4.46,N-able Inc. Common Stock
CVLG,842288452.0,33.19,Covenant Logistics Group Inc. Class A Common Stock
BW,840162972.0,5.64,Babcock & Wilcox Enterprises Inc. Common Stock
IMMX,839806894.0,10.13,Immix Biopharma Inc. Common Stock
KBDC,838680187.0,12.7,Kayne Anderson BDC Inc. Common Stock
INR,837808028.0,13.21,Infinity Natural Resources Inc. Class A Common Stock
XTND,837437991.0,2.94,Xtend AI Robotics Inc. Common Stock
MTAL,836989645.0,10.15,Metals Acquisition Corp. II Class A Ordinary Shares
PAYS,836204530.0,14.81,Paysign Inc. Common Stock
SMP,835973764.0,37.42,Standard Motor Products Inc. Common Stock
HELP,834364466.0,11.42,Helus Pharma Inc. Common Stock
RPD,833071910.0,12.36,Rapid7 Inc. Common Stock
NNE,832858244.0,15.51,Nano Nuclear Energy Inc. Common Stock
QDEL,832505684.0,12.14,QuidelOrtho Corporation Common Stock
CODI,832109784.0,11.06,D/B/A Compass Diversified Holdings Shares of Beneficial Inte
PLTK,831491645.0,2.18,Playtika Holding Corp. Common Stock
SCZM,830403236.0,8.93,Santacruz Silver Mining Ltd. Common Shares
CAPL,827596168.0,21.68,CrossAmerica Partners LP Common Units representing limited p
SVC,826270533.0,6.38,Service Properties Trust Common Shares of Beneficial Interes
CD,826128538.0,7.51,Chaince Digital Holdings Inc. Ordinary Shares
RERE,824436385.0,3.76,ATRenew Inc. American Depositary Shares (every three of whic
YALA,824431399.0,5.43,Yalla Group Limited American Depositary Shares each represen
TBLA,824418516.0,3.27,Taboola.com Ltd. Ordinary Shares
IVA,822255103.0,3.48,Inventiva S.A. American Depository Shares
WRLD,822025370.0,176.28,World Acceptance Corporation Common Stock
MCS,821985359.0,26.66,Marcus Corporation (The) Common Stock
PCT,821700673.0,4.09,PureCycle Technologies Inc. Common stock
ATTO,821494460.0,18.0,Attovia Therapeutics Inc. Common Stock
TCBIO,820578715.0,18.88,Texas Capital Bancshares Inc. Depositary Shares 5.75% Fixed 
GYRE,819597390.0,7.35,Gyre Therapeutics Inc. Common Stock
GSM,818449064.0,4.38,Ferroglobe PLC Ordinary Shares
SATL,817896327.0,5.32,Satellogic Inc. Class A Common Stock
ORRF,814322516.0,41.4,Orrstown Financial Services Inc. Common Stock
APEI,812771525.0,44.41,American Public Education Inc. Common Stock
INMD,812203308.0,14.13,InMode Ltd. Ordinary Shares
EVLV,811445134.0,4.48,Evolv Technologies Holdings Inc. Class A Common Stock
FOXF,808256149.0,19.23,Fox Factory Holding Corp. Common Stock
JBGS,808117792.0,10.83,JBG SMITH Properties Common Shares 
ALRS,807527205.0,32.4,Alerus Financial Corporation Common Stock
DSP,807295638.0,12.14,Viant Technology Inc. Class A Common Stock
ABX,805808132.0,8.24,Abacus Global Management Inc. Class A Common Stock
SPFI,804994957.0,42.73,South Plains Financial Inc. Common Stock
WEST,802497121.0,8.22,Westrock Coffee Company Common Stock
GRPN,801512984.0,19.71,Groupon Inc. Common Stock
ARI,798761339.0,6.23,Apollo Commercial Real Estate Finance Inc
RJET,798740670.0,17.06,Republic Airways Holdings Inc. Common Stock
MITK,798666020.0,17.7,Mitek Systems Inc. Common Stock
QFIN,798083600.0,6.55,Qfin Holdings Inc. American Depositary Shares
IBCP,797176683.0,35.91,Independent Bank Corporation Common Stock
BHFAO,796529396.0,13.85,Brighthouse Financial Inc. Depositary Shares 6.75% Non-Cumul
ANNX,796232363.0,4.2,Annexon Inc. Common Stock
MLAB,795900448.0,142.23,Mesa Laboratories Inc. Common Stock
DC,795645837.0,5.93,Dakota Gold Corp. Common Stock
JBSS,795507512.0,68.03,John B. Sanfilippo & Son Inc. Common Stock
MAKO,795461654.0,9.08,Mako Mining Corp Common Stock
HIVE,795404280.0,2.9,HIVE Digital Technologies Ltd. Common Shares
SMBC,791854760.0,71.9,Southern Missouri Bancorp Inc. Common Stock
CTKB,791598011.0,6.09,Cytek Biosciences Inc. Common Stock
ASC,789122555.0,19.34,Ardmore Shipping Corporation Common Stock
TIGR,786282908.0,4.4,UP Fintech Holding Ltd American Depositary Share representin
PGC,786057392.0,44.34,Peapack-Gladstone Financial Corporation Common Stock
KRNT,783279915.0,18.23,Kornit Digital Ltd. Ordinary Shares
AVTX,782997839.0,14.6,Avalo Therapeutics Inc. Common Stock
CADL,782784920.0,10.23,Candel Therapeutics Inc. Common Stock
BHFAP,782732372.0,13.61,Brighthouse Financial Inc. Depositary Shares 6.6% Non-Cumula
AHCO,782615685.0,5.74,AdaptHealth Corp. Common Stock
FISI,780963047.0,39.63,Financial Institutions Inc. Common Stock
WHK,780551874.0,25.66,WhiteHawk Minerals Corp Class A Common Stock
SABR,778915603.0,1.93,Sabre Corporation Common Stock
KELYB,777995523.0,22.4,Kelly Services Inc. Class B Common Stock
GERN,777392825.0,1.21,Geron Corporation Common Stock
DSGN,777264105.0,12.42,Design Therapeutics Inc. Common Stock
ANGX,776906287.0,4.16,Angel Studios Inc. Class A Common Stock
BUR,776781148.0,3.55,Burford Capital Limited Ordinary Shares
VREX,776745000.0,18.45,Varex Imaging Corporation Common Stock
HTB,776733665.0,46.53,HomeTrust Bancshares Inc. Common Stock
LYTS,776526242.0,20.84,LSI Industries Inc. Common Stock
LXRX,774223325.0,1.74,Lexicon Pharmaceuticals Inc. Common Stock
HDL,773855810.0,11.9,SUPER HI INTERNATIONAL HOLDING LTD. American Depositary Shar
RCBC,773173883.0,54.45,River City Bank Common stock
TXO,771259521.0,13.91,TXO Partners L.P. Common Units Representing Limited Partner 
REF,769212746.0,13.02,Reformation Inc. Common Stock
CIM,768474489.0,9.18,Chimera Investment Corporation Common Stock
SKYH,762419605.0,9.34,Sky Harbour Group Corporation Class A Common Stock
SHBI,761889061.0,22.83,Shore Bancshares Inc Common Stock
RILYG,760596826.0,24.94,BRC Group Holdings Inc. 5.00% Senior Notes due 2026
CTO,760579862.0,20.29,CTO Realty Growth Inc. Common Stock
CSIQ,758869142.0,11.19,Canadian Solar Inc. Common Shares (ON)
LPTH,757091884.0,10.81,LightPath Technologies Inc. Class A Common Stock
SLDB,757010180.0,7.06,Solid Biosciences Inc. Common Stock
BBSI,756864671.0,31.23,Barrett Business Services Inc. Common Stock
ADSE,755805084.0,10.06,ADS-TEC ENERGY PLC Ordinary Shares
WLKP,754966728.0,21.42,Westlake Chemical Partners LP Common Units representing limi
MNTN,754015883.0,10.08,MNTN Inc. Class A Common Stock
SWIM,751758490.0,6.39,Latham Group Inc. Common Stock
VLRS,749463690.0,6.45,Controladora Vuela Compania de Aviacion S.A.B. de C.V. Ameri
DQ,747034152.0,11.04,DAQO New Energy Corp. American Depositary Shares each repres
MOV,746344595.0,33.45,Movado Group Inc. Common Stock
MITN,744697846.0,25.25,TPG Mortgage Investment Trust Inc. 9.500% Senior Notes due 2
GOOS,744182154.0,7.62,Canada Goose Holdings Inc. Subordinate Voting Shares
APOG,744163364.0,35.66,Apogee Enterprises Inc. Common Stock
MITP,744107986.0,25.23,TPG Mortgage Investment Trust Inc. 9.500% Senior Notes due 2
MFA,742996344.0,7.35,MFA Financial Inc.
BWMN,741266493.0,42.76,Bowman Consulting Group Ltd. Common Stock
TASK,740831130.0,8.08,TaskUs Inc. Class A Common Stock
HYLN,739392483.0,4.14,Hyliion Holdings Corp. Class A Common Stock
SSYS,739360385.0,8.58,Stratasys Ltd. Ordinary Shares (Israel)
WVE,738930656.0,3.75,Wave Life Sciences Inc. Common Stock
AVR,735811479.0,7.55,Anteris Technologies Global Corp. Common Stock
ROOT,734690010.0,47.42,Root Inc. Class A Common Stock
ELVR,733186577.0,37.79,Elevra Lithium Limited American Depository Shares
CCNEP,733116904.0,24.75,CNB Financial Corporation Depositary Shares each representin
LXU,732934591.0,10.18,LSB Industries Inc. Common Stock
GPRK,732024094.0,11.28,Geopark Ltd Common Shares
NAK,730758161.0,1.3,Northern Dynasty Minerals Ltd. Common Stock
PRAA,730747796.0,19.41,PRA Group Inc. Common Stock
BFS,730390335.0,29.55,Saul Centers Inc. Common Stock
BUUU,728455875.0,38.65,BUUU Group Limited Class A Ordinary Share
ESRT,728260670.0,4.23,Empire State Realty Trust Inc. Class A Common Stock
WASH,727113117.0,38.12,Washington Trust Bancorp Inc. Common Stock
CGBD,726576375.0,10.56,Carlyle Secured Lending Inc. Common Stock
FDUS,726066983.0,19.13,Fidus Investment Corporation Common Stock
VBNK,724890606.0,22.36,VersaBank Common Shares
VSTM,724507528.0,8.0,Verastem Inc. Common Stock
BLDP,723246854.0,2.06,Ballard Power Systems Inc. Common Shares
OLMA,721855258.0,8.25,Olema Pharmaceuticals Inc. Common Stock
ACHV,721346455.0,7.01,Achieve Life Sciences Inc. Common Shares
CWBC,721144053.0,26.58,Community West Bancshares Common Stock
RZAI,718356152.0,12.91,Roze AI Inc. Common Shares
VTS,717878605.0,17.05,Vitesse Energy Inc. Common Stock
LUCK,717085385.0,5.26,Lucky Strike Entertainment Corporation Class A Common Stock
OABI,715320758.0,4.92,OmniAb Inc. Common Stock
TCBX,714331663.0,42.89,Third Coast Bancshares Inc. Common Stock
FDMT,713755206.0,12.92,4D Molecular Therapeutics Inc. Common Stock
GDOT,713454441.0,12.52,Green Dot Corporation Class A Common Stock $0.001 par value
GEGGL,712161089.0,24.56,Great Elm Group Inc.  7.25% Notes due 2027
COLL,711991256.0,21.87,Collegium Pharmaceutical Inc. Common Stock
CRTO,710464606.0,14.5,Criteo S.A. Ordinary Shares
RGR,709594349.0,44.41,Sturm Ruger & Company Inc. Common Stock
GILT,709426911.0,9.4,Gilat Satellite Networks Ltd. Ordinary Shares
BLMN,708941193.0,8.28,Bloomin' Brands Inc. Common Stock
BCSF,707066726.0,10.9,Bain Capital Specialty Finance Inc. Common Stock
WGO,706722325.0,25.0,Winnebago Industries Inc. Common Stock
LINC,704216834.0,22.2,Lincoln Educational Services Corporation Common Stock
NRGV,703719136.0,3.87,Energy Vault Holdings Inc. Common Stock
QVCG,703498551.0,14.07,QVC Group Inc. Common Stock
SMWB,702688932.0,8.08,Similarweb Ltd. Ordinary Shares
VINP,701324891.0,10.72,Vinci Compass Investments Ltd. Class A Common Shares
MFIC,700991064.0,8.51,MidCap Financial Investment Corporation Common Stock
OBE,700618485.0,10.5,Obsidian Energy Ltd. Common Shares
FTH,700275518.0,27.1,Faeth Therapeutics Inc. Common Stock
SOPH,698048165.0,8.2,SOPHiA GENETICS SA Ordinary Shares
BCAL,697666740.0,21.7,California BanCorp Common Stock
NVCT,697614872.0,21.39,Nuvectis Pharma Inc. Common Stock
ADAM,697152639.0,7.72,Adamas Trust Inc. Common Stock
BALY,695974708.0,13.79,Bally's Corporation Common Stock
NGVC,695070828.0,30.16,Natural Grocers by Vitamin Cottage Inc. Common Stock
NNNN,694994496.0,4.83,Anbio Biotechnology Class A Ordinary Shares
LEGH,694464710.0,29.2,Legacy Housing Corporation Common Stock (TX)
CASS,693452968.0,54.15,Cass Information Systems Inc Common Stock
NEWTP,693233544.0,24.0,NewtekOne Inc. Depositary Shares Non-Cumulative Perpetual Pr
AROW,692416766.0,37.38,Arrow Financial Corporation Common Stock
PHAR,692127254.0,9.8,Pharming Group N.V. ADS each representing 10 ordinary shares
PKOH,692042878.0,47.76,Park-Ohio Holdings Corp. Common Stock
PFIS,691516152.0,69.08,Peoples Financial Services Corp. Common Stock
BRBI,689878873.0,13.76,BRBI BR Partners S.A. ADSs
FINV,689394486.0,2.92,FinVolution Group American Depositary Shares
SCHL,688697300.0,37.41,Scholastic Corporation Common Stock
PSNYW,688333741.0,4.19,Polestar Automotive Holding UK PLC Class C-1 ADS (ADW)
NIE,688013601.0,24.83,Virtus Equity & Convertible Income Fund Common Shares of Ben
BSTZ,686892730.0,31.0,BlackRock Science and Technology Term Trust Common Shares of
PMT,686282589.0,7.87,PennyMac Mortgage Investment Trust Common Shares of Benefici
MOMO,685547941.0,4.64,Hello Group Inc. American Depositary Shares
OFRM,684867550.0,16.31,Once Upon a Farm PBC Common Stock
MSBI,684819696.0,33.0,Midland States Bancorp Inc. Common Stock
XFLT,684542668.0,19.3,XAI Floating Rate & Alternative Income Trust Common Shares o
EVER,684003567.0,19.41,EverQuote Inc. Class A Common Stock
OSPN,678817027.0,18.42,OneSpan Inc. Common Stock
GROY,678579051.0,2.94,Gold Royalty Corp. Common Shares
WYFI,678288140.0,17.46,WhiteFiber Inc. Ordinary Shares
RRBI,677965395.0,102.97,Red River Bancshares Inc. Common Stock
KE,677294019.0,28.23,Kimball Electronics Inc. Common Stock
CARE,677108092.0,30.55,Carter Bankshares Inc. Common Stock
DGICA,677055704.0,18.24,Donegal Group Inc. Class A Common Stock
PSTL,676969778.0,22.38,Postal Realty Trust Inc. Class A Common Stock
CNNE,676204199.0,15.59,Cannae Holdings Inc. Common Stock
INDI,674563850.0,2.91,indie Semiconductor Inc. Class A Common Stock
VLGEA,673239461.0,45.46,Village Super Market Inc. Class A Common Stock
PFLT,672697335.0,6.78,PennantPark Floating Rate Capital Ltd. Common Stock
SUPV,672295255.0,7.36,Grupo Supervielle S.A. American Depositary Shares each Repre
MATV,668352087.0,12.11,Mativ Holdings Inc. Common Stock
CCSI,666660662.0,36.38,Consensus Cloud Solutions Inc. Common Stock
SOC,665787415.0,3.47,Sable Offshore Corp. Common Stock
HOV,665660114.0,111.69,Hovnanian Enterprises Inc. Class A Common Stock
MDXG,663210129.0,4.55,MiMedx Group Inc Common Stock
NSLRL,662095282.0,25.01,Neostellar Capital Corp. 6.00% Notes due 2026
FPH,659543301.0,4.46,Five Point Holdings LLC Class A Common Shares
SWBI,659143296.0,14.7,Smith & Wesson Brands Inc. Common Stock
BHB,657900979.0,39.24,Bar Harbor Bankshares Inc. Common Stock
HNRG,657649830.0,13.95,Hallador Energy Company Common Stock
NEWTG,657519863.0,24.98,NewtekOne Inc. 8.50% Fixed Rate Senior Notes due 2029
RILYT,657211772.0,21.55,BRC Group Holdings Inc. 6.00% Senior Notes Due 2028
EVC,657092732.0,7.12,Entravision Communications Corporation Common Stock
MG,657063293.0,20.63,Mistras Group Inc Common Stock
NEWTI,656730207.0,24.95,NewtekOne Inc. 8.00% Fixed Rate Senior Notes due 2028
DDI,656087546.0,13.24,DoubleDown Interactive Co. Ltd. American Depository Shares
VTEX,655645285.0,3.79,VTEX Class A Common Shares
CUBB,655396830.0,20.73,Customers Bancorp Inc 5.375% Subordinated Notes Due 2034
YEXT,655239020.0,6.62,Yext Inc. Common Stock
PKE,653623891.0,30.05,Park Aerospace Corp. Common Stock
STTK,652361145.0,6.5,Shattuck Labs Inc. Common Stock
CBNK,651944049.0,40.02,Capital Bancorp Inc. Common Stock
SMC,651280286.0,32.07,Summit Midstream Corporation Common Stock
DGICB,649216242.0,17.49,Donegal Group Inc. Class B Common Stock
ACNB,648638135.0,63.78,ACNB Corporation Common Stock
FWRG,648597692.0,10.51,First Watch Restaurant Group Inc. Common Stock
ELMT,648482712.0,21.29,The Elmet Group Co. Common Stock
CGNT,648106341.0,8.77,Cognyte Software Ltd. Ordinary Shares
ABR,647356409.0,3.47,Arbor Realty Trust Common Stock
NMFC,646998872.0,6.85,New Mountain Finance Corporation Common Stock
AGNT,646746416.0,3.87,AGNT Inc. Common Stock
INN,646042243.0,5.99,Summit Hotel Properties Inc. Common Stock
TIPT,645736259.0,17.34,Tiptree Inc. Common Stock
AURA,645043912.0,6.22,Aura Biosciences Inc. Common Stock
NUAI,644684001.0,6.05,New Era Energy & Digital Inc. Common Stock
BWMX,644396065.0,16.32,Betterware de Mexico S.A.P.I. de C.V. Ordinary Shares
PHR,643675689.0,10.37,Phreesia Inc. Common Stock
PZZA,643289764.0,19.54,Papa John's International Inc. Common Stock
ANGO,642305325.0,15.54,AngioDynamics Inc. Common Stock
STLN,642071525.0,6.3,Starling Oncology Inc. Common Stock
BAK,641752306.0,1.61,Braskem SA ADR
PRTH,641386094.0,7.78,Priority Technology Holdings Inc. Common Stock
TRON,640415786.0,1.35,Tron Inc. Common Stock
TBLD,640033566.0,19.95,Thornburg Income Builder Opportunities Trust Common Stock
CLDT,638880224.0,13.72,Chatham Lodging Trust (REIT) Common Shares of Beneficial Int
WCCB,638811838.0,60.7,West Coast Community Bancorp Common Stock
HTZ,638047993.0,1.79,Hertz Global Holdings Inc Common Stock
CSHR,637816212.0,4.84,CoinShares PLC Ordinary Shares
BHFAN,637222367.0,11.08,Brighthouse Financial Inc. Depositary shares each representi
SGMT,636912484.0,9.03,Sagimet Biosciences Inc. Series A Common Stock
GDYN,636034747.0,7.84,Grid Dynamics Holdings Inc. Class A Common Stock
THM,635779059.0,2.43,International Tower Hill Mines Ltd. Ordinary Shares (Canada)
ZVRA,635406457.0,10.7,Zevra Therapeutics Inc. Common Stock
CLYM,634670618.0,11.05,Climb Bio Inc. Common Stock
ABTC,634259700.0,8.71,American Bitcoin Corp. Class A Common Stock
DLY,633843198.0,13.22,DoubleLine Yield Opportunities Fund Common Shares of Benefic
BLSM,633791085.0,19.94,BlossomHill Therapeutics Inc. Common Stock
RMT,632036002.0,13.66,Royce Micro-Cap Trust Inc. Common Stock
SLN,630239532.0,10.14,Silence Therapeutics Plc American Depository Share
RSVR,629638596.0,9.55,Reservoir Media Inc. Common Stock
CLMB,629423353.0,33.73,Climb Global Solutions Inc. Common Stock
ACRS,628539273.0,4.27,Aclaris Therapeutics Inc. Common Stock
CCB,625975091.0,40.95,Coastal Financial Corporation Common Stock
TROX,624427113.0,3.91,Tronox Holdings plc Ordinary Shares (UK)
WOOF,624394198.0,2.18,Petco Health and Wellness Company Inc. Class A Common Stock
SLRC,624105013.0,11.44,SLR Investment Corp. Common Stock
NTGR,623486742.0,22.94,NETGEAR Inc. Common Stock
GOOD,619131938.0,12.79,Gladstone Commercial Corporation Real Estate Investment Trus
GAIN,618833367.0,15.54,Gladstone Investment Corporation Business Development Compan
FWDI,618697424.0,8.11,Forward Industries Inc. Common Stock
GEMI,618441004.0,4.77,Gemini Space Station Inc. Class A Common Stock
DBVT,617870885.0,10.44,DBV Technologies S.A. American Depositary Shares
ISOU,617835670.0,9.47,IsoEnergy Ltd. Common Shares
FLGT,617718328.0,22.45,Fulgent Genetics Inc. Common Stock
SPT,617434640.0,10.19,Sprout Social Inc Class A Common Stock
MLR,616423591.0,54.3,Miller Industries Inc. Common Stock
IVR,613550377.0,5.7,INVESCO MORTGAGE CAPITAL INC Common Stock
ETRA,611350142.0,9.74,Electra Therapeutics Inc. Common stock
HPP,610523336.0,11.25,Hudson Pacific Properties Inc. Common Stock
NXP,610260434.0,13.04,Nuveen Select Tax Free Income Portfolio Common Stock
HIFS,609518016.0,283.84,Hingham Institution for Savings Common Stock
EGY,609060395.0,5.79,VAALCO Energy Inc.  Common Stock
MGRE,607449907.0,21.38,Affiliated Managers Group Inc. 6.750% Junior Subordinated No
PAR,604722791.0,14.62,PAR Technology Corporation Common Stock
MAMA,604430553.0,12.82,Mama's Creations Inc. Common Stock
FBIOP,603652973.0,18.1,Fortress Biotech Inc. 9.375% Series A Cumulative Redeemable 
NFGC,603441352.0,1.57,New Found Gold Corp Common Shares
MATW,603350634.0,19.33,Matthews International Corporation Class A Common Stock
GOTU,603257860.0,2.53,Gaotu Techedu Inc. American Depositary Shares
IRWD,603125807.0,3.65,Ironwood Pharmaceuticals Inc. Class A Common Stock
FOF,602930966.0,12.27,Cohen & Steers Closed-End Opportunity Fund Inc. Common Stock
OIO,602078247.0,1.73,OIO Group Ordinary Shares
KRNY,601895371.0,9.27,Kearny Financial Corp Common Stock
MPLT,600775196.0,9.28,MapLight Therapeutics Inc. Common Stock
ARRY,600629999.0,3.9,Array Technologies Inc. Common Stock
RILYZ,597742494.0,19.6,BRC Group Holdings Inc. 5.25% Senior Notes due 2028
SHEN,597684416.0,11.2,Shenandoah Telecommunications Co Common Stock
KIDS,597653047.0,22.89,OrthoPediatrics Corp. Common Stock
HELE,597208444.0,25.64,Helen of Troy Limited Common Stock
TITN,596088281.0,25.33,Titan Machinery Inc. Common Stock
LMB,595534150.0,49.94,Limbach Holdings Inc. Common Stock
GRNT,594870091.0,4.51,Granite Ridge Resources Inc. Common Stock
EVEX,592426766.0,1.7,Eve Holding Inc. Common Stock
JBI,592131329.0,4.34,Janus International Group Inc. Common Stock
DDD,591483416.0,3.56,3D Systems Corporation Common Stock
UAMY,591194067.0,3.95,United States Antimony Corporation Common Stock
FBIZ,591138125.0,70.64,First Business Financial Services Inc. Common Stock
DCBO,590759026.0,23.68,Docebo Inc. Common Shares
MAX,590584748.0,9.64,MediaAlpha Inc. Class A Common Stock
EVO,590554236.0,1.66,Evotec SE American Depositary Shares
WEAV,588793516.0,7.36,Weave Communications Inc. Common Stock
BXC,586372188.0,74.6,Bluelinx Holdings Inc. Common Stock
ENVX,585927588.0,2.67,Enovix Corporation Common Stock
FAC,585417150.0,5.47,Factorial Energy Inc. Class A Common Stock
YB,585218553.0,12.7,Yuanbao Inc. American Depositary Shares
GCBC,584484900.0,34.33,Greene County Bancorp Inc. Common Stock
WHFCL,582913404.0,25.08,WhiteHorse Finance Inc. 7.875% Notes due 2028
ADTN,582592060.0,7.15,ADTRAN Holdings Inc. Common Stock
PRME,582219708.0,3.21,Prime Medicine Inc. Common Stock
EFSCP,579804170.0,16.02,Enterprise Financial Services Corporation Depositary Shares 
OOMA,579600000.0,21.0,Ooma Inc. Common Stock
VEL,577613716.0,14.63,Velocity Financial Inc. Common Stock
IIIN,576295013.0,29.77,Insteel Industries Inc. Common Stock
IBEX,575363211.0,43.33,IBEX Limited Common Shares
SFST,574651376.0,60.67,Southern First Bancshares Inc. Common Stock
NVRI,574232724.0,20.37,Enviri Corporation Common Stock
ENHA,573698735.0,1.45,Enhanced Group Inc. Class A Common Stock
AQST,573588231.0,4.57,Aquestive Therapeutics Inc. Common Stock
HY,572696561.0,31.94,Hyster-Yale Inc. Class A common stock
BME,571319821.0,42.85,Blackrock Health Sciences Trust
EBF,571234982.0,22.58,Ennis Inc. Common Stock
WNC,569913050.0,13.99,Wabash National Corporation Common Stock
BWB,569666504.0,20.43,Bridgewater Bancshares Inc. Common Stock
CRMD,565875792.0,7.26,CorMedix Inc. Common Stock
XMAX,565066702.0,8.71,XMAX Inc. Common Stock
NRDS,564441626.0,8.83,NerdWallet Inc. Class A Common Stock
IPX,563716940.0,16.61,IperionX Limited American Depositary Share
BHFAM,563038202.0,9.79,Brighthouse Financial Inc. Depositary shares each representi
ALOY,562987530.0,8.11,REalloys Inc. Common Stock
CTMX,562180153.0,2.58,CytomX Therapeutics Inc. Common Stock
VMO,561780906.0,8.33,Invesco Municipal Opportunity Trust Common Stock
CTGO,561134795.0,16.78,Contango Silver & Gold Inc. Common Stock
RMR,559479141.0,17.44,The RMR Group Inc. Class A Common Stock
AGCC,559297500.0,15.0,Agencia Comercial Spirits Ltd Class A Ordinary Shares
PANL,558491275.0,8.53,Pangaea Logistics Solutions Ltd. Common Shares
CIVB,557701463.0,26.82,Civista Bancshares Inc. Common Stock
BTBT,555375595.0,1.54,Bit Digital Inc. Ordinary Shares
SSII,555067655.0,2.77,SS Innovations International Inc. Common Stock
ITIC,553919146.0,293.39,Investors Title Company Common Stock
HNST,552514552.0,5.15,The Honest Company Inc. Common Stock
NVEC,552065756.0,114.13,NVE Corporation Common Stock
VALN,551759874.0,5.82,Valneva SE American Depositary Shares
TMQ,551338075.0,3.04,Trilogy Metals Inc. Common Stock
DCTH,550669877.0,15.87,Delcath Systems Inc. Common Stock
TLRY,549749565.0,3.72,Tilray Brands Inc. Common Stock 
GORO,549337571.0,3.25,Goldgroup Mining Inc. Common Shares
SBC,549202676.0,5.34,SBC Medical Group Holdings Incorporated Common Stock
UNTY,549027739.0,54.67,Unity Bancorp Inc. Common Stock
MEI,548933816.0,15.4,Methode Electronics Inc. Common Stock
NRIM,548778377.0,24.67,Northrim BanCorp Inc Common Stock
KELYA,548764699.0,15.8,Kelly Services Inc. Class A Common Stock
SENS,545131486.0,10.31,Senseonics Holdings Inc. Common Stock
TMS,545087818.0,7.4,Teamshares Inc. Common Stock
WTI,543394627.0,3.6,W&T Offshore Inc. Common Stock
PHAT,542036258.0,6.7,Phathom Pharmaceuticals Inc. Common Stock
MGR,541533921.0,19.06,Affiliated Managers Group Inc. 5.875% Junior Subordinated No
NCDL,540294491.0,10.94,Nuveen Churchill Direct Lending Corp. Common Stock
BWBBP,539549187.0,19.35,Bridgewater Bancshares Inc. Depositary Shares Each Represent
GMRS,539136676.0,9.98,GMR Solutions Inc. Class A Common Stock
CMDB,538499111.0,22.27,Costamare Bulkers Holdings Limited Common Stock
LAES,536885338.0,2.41,SEALSQ Corp Ordinary Shares
ETD,531268763.0,21.08,Ethan Allen Interiors Inc. Common Stock
BSVN,531256989.0,55.77,Bank7 Corp. Common stock
NPB,531177093.0,15.36,Northpointe Bancshares Inc. Common Stock
HBCP,530252428.0,67.37,Home Bancorp Inc. Common Stock
MSIF,530085727.0,11.69,MSC Income Fund Inc. Common Stock
NGNE,529701282.0,26.47,Neurogene Inc. Common Stock 
ITRG,529498713.0,2.61,Integra Resources Corp. Common Shares
MASS,529071424.0,12.8,908 Devices Inc. Common Stock
SWRD,527963967.0,2.34,Stewards Inc Common Stock
BWFG,527345948.0,66.15,Bankwell Financial Group Inc. Common Stock
OCS,527193905.0,8.56,Oculis Holding AG Ordinary shares
MNPR,525495946.0,78.29,Monopar Therapeutics Inc. Common Stock
MSBIP,525443476.0,25.32,Midland States Bancorp Inc. Depositary Shares Each Represent
SLDP,524816788.0,2.3,Solid Power Inc. Class A Common Stock
ROMA,524168225.0,8.8,Roma Green Finance Limited Class A Ordinary Shares
NDMO,522104755.0,8.78,Nuveen Dynamic Municipal Opportunities Fund Common Shares of
GAU,520567610.0,1.99,Galiano Gold Inc.
ALT,519362262.0,2.67,Altimmune Inc. Common Stock
CARS,519267326.0,9.7,Cars.com Inc. Common Stock 
HUYA,518391031.0,2.27,HUYA Inc. American depositary shares each  representing one 
ALLO,518236322.0,1.5,Allogene Therapeutics Inc. Common Stock
CBIO,517786524.0,13.94,Crescent Biopharma Inc. Common Stock
NOAH,516297759.0,7.7,Noah Holdings Limited American Depositary Shares
ESEA,515432107.0,73.05,Euroseas Ltd. Common Stock (Marshall Islands)
OPFI,514657812.0,6.04,OppFi Inc. Class A Common Stock
UHT,513139413.0,36.92,Universal Health Realty Income Trust Common Stock
CSV,512680515.0,32.28,Carriage Services Inc. Common Stock
FBRT,512390217.0,6.17,Franklin BSP Realty Trust Inc. Common Stock
RGNX,512262370.0,7.76,REGENXBIO Inc. Common Stock
BMM,512255760.0,4.88,Blue Moon Metals Inc. Common Shares
SDHC,511841797.0,10.07,Smith Douglas Homes Corp. Class A Common Stock
OIS,511535809.0,8.48,Oil States International Inc. Common Stock
BSRR,510628208.0,39.39,Sierra Bancorp Common Stock
EPRX,510446865.0,7.75,Eupraxia Pharmaceuticals Inc. Common Stock
NWCLW,509378930.0,1.0,newcleo plc Warrants
METC,509147776.0,8.0,Ramaco Resources Inc. Class A Common Stock
FWRD,509077590.0,15.07,Forward Air Corporation Common Stock
TCMD,508996866.0,22.47,Tactile Systems Technology Inc. Common Stock
SD,508673061.0,13.72,SandRidge Energy Inc. Common Stock
RFI,508093414.0,10.34,Cohen & Steers Total Return Realty Fund Inc. Common Stock
MTLS,505024440.0,8.55,Materialise NV American Depositary Shares
NB,504639720.0,3.46,NioCorp Developments Ltd. Common Stock
IIM,504102982.0,10.71,Invesco Value Municipal Income Trust Common Stock
OBT,503871250.0,37.58,Orange County Bancorp Inc. Common Stock
YDES,503610870.0,7.11,YD Bio Limited Ordinary Shares
WTBA,501938231.0,29.45,West Bancorporation Common Stock
DNUT,501415000.0,2.89,Krispy Kreme Inc. Common Stock
AII,499480807.0,25.49,American Integrity Insurance Group Inc. Common Stock
YORW,499434580.0,30.77,York Water Company (The) Common Stock
PBYI,499166038.0,9.67,Puma Biotechnology Inc Common Stock
ONT,499018595.0,14.21,Onterris Inc. Common Stock
AAC,498141000.0,10.08,Ares Acquisition Corporation III Class A Ordinary Shares
MTC,496943177.0,4.99,MMTec Inc. Common Shares
ETO,496724463.0,30.31,Eaton Vance Tax-Advantage Global Dividend Opp Common Stock
DDL,496078139.0,2.1,Dingdong (Cayman) Limited American Depositary Shares (each t
NEXN,495466470.0,8.7,Nexxen International Ltd. Ordinary Shares
BBCP,495367319.0,9.83,Concrete Pumping Holdings Inc. Common Stock
PBAM,494767194.0,86.35,Private Bancorp of America Inc. Common Stock
COFS,494279936.0,33.05,ChoiceOne Financial Services Inc. Common Stock
EOLS,493396787.0,7.47,Evolus Inc. Common Stock
SGHT,491384871.0,8.92,Sight Sciences Inc. Common Stock
BWAY,490782672.0,12.23,BrainsWay Ltd. American Depositary Shares
PDLB,490530632.0,20.28,Ponce Financial Group Inc. Common Stock
KRUS,490488879.0,40.37,Kura Sushi USA Inc. Class A Common Stock
DRUG,488915942.0,49.79,Bright Minds Biosciences Inc. Common Stock
HBB,488897615.0,36.37,Hamilton Beach Brands Holding Company Class A Common Stock 
QUAD,488882369.0,9.5,Quad Graphics Inc Class A Common Stock
WRN,488538920.0,2.16,Western Copper and Gold Corporation Common Stock
CMCO,488383008.0,16.92,Columbus McKinnon Corporation Common Stock
ARVN,487780985.0,7.46,Arvinas Inc. Common Stock
FMAO,487156740.0,35.37,Farmers & Merchants Bancorp Inc. Common Stock
AUTL,487077448.0,1.83,Autolus Therapeutics plc American Depositary Share
FPI,486482550.0,11.15,Farmland Partners Inc. Common Stock
CWCO,485510067.0,30.32,Consolidated Water Co. Ltd. Ordinary Shares
TKNO,483194214.0,9.0,Alpha Teknova Inc. Common Stock
CLB,482246536.0,10.51,Core Laboratories Inc. Common Stock
JKS,481805730.0,9.2,JinkoSolar Holding Company Limited American Depositary Share
GLRE,481133411.0,14.74,Greenlight Capital Re Ltd. Class A Ordinary Shares
MCFT,479729002.0,19.71,MasterCraft Boat Holdings Inc. Common Stock
WEYS,479363837.0,50.19,Weyco Group Inc. Common Stock
CTNM,478540799.0,12.72,Contineum Therapeutics Inc. Class A Common Stock
GFUZ,478521869.0,7.53,General Fusion Group Ltd. Common Shares
OLP,478404526.0,21.92,One Liberty Properties Inc. Common Stock
PROK,477669795.0,1.58,ProKidney Corp. Class A Ordinary Shares
BRSP,476996159.0,3.77,BrightSpire Capital Inc. Class A Common Stock
GTN,476817693.0,4.63,Gray Media Inc. Common Stock
BDN,476594929.0,2.73,Brandywine Realty Trust Common Stock
NXRT,475482020.0,18.61,NexPoint Residential Trust Inc. Common Stock
ILPT,474563214.0,7.11,Industrial Logistics Properties Trust Common Shares of Benef
GRVY,473706513.0,68.17,GRAVITY Co. Ltd. American Depository Shares
ARKO,472301885.0,4.21,ARKO Corp. Common Stock
ASPN,472206181.0,5.69,Aspen Aerogels Inc. Common Stock
CIX,471630397.0,38.23,CompX International Inc. Common Stock
NMCO,471582391.0,8.61,Nuveen Municipal Credit Opportunities Fund Common Shares
CERS,471568261.0,2.34,Cerus Corporation Common Stock
GLAS,470789214.0,5.35,Glass House Brands Inc. Subordinate Voting Shares
VGM,470733482.0,8.68,Invesco Trust for Investment Grade Municipals Common Stock (
CMCL,470615823.0,24.34,Caledonia Mining Corporation Plc Common Shares
CWH,469991868.0,4.55,Camping World Holdings Inc. Class A Common Stock
PUSA,469695170.0,2.9,Powerus Corporation Common Stock
RYAM,469450804.0,6.94,Rayonier Advanced Materials Inc. Common Stock
ASTL,468979355.0,4.45,Algoma Steel Group Inc. Common Shares
ENRD,467938896.0,3.19,Einride AB American Depositary Shares
JOUT,466345315.0,44.5,Johnson Outdoors Inc. Class A Common Stock
ULH,464864402.0,17.63,Universal Logistics Holdings Inc. Common Stock
VKQ,464818326.0,8.4,Invesco Municipal Trust Common Stock
FTHY,464442851.0,12.63,First Trust High Yield Opportunities 2027 Term Fund Common S
ORBS,464159592.0,1.08,Eightco Holdings Inc. Common Stock
BTQ,463304133.0,3.15,BTQ Technologies Corp. Common Stock
ASMB,462999953.0,22.74,Assembly Biosciences Inc. Common Stock
MFI,462627192.0,9.22,mF International Limited Class A Ordinary Shares
SPCE,462367504.0,3.05,Virgin Galactic Holdings Inc. Common Stock
TRTX,462149434.0,6.02,TPG RE Finance Trust Inc. Common Stock
KMDA,461682440.0,8.0,Kamada Ltd. Ordinary Shares
IQI,461675548.0,8.73,Invesco Quality Municipal Income Trust Common Stock
LXFR,461596907.0,17.25,Luxfer Holdings PLC Ordinary Shares
TYG,461132730.0,38.66,Tortoise Energy Infrastructure Corporation Common Stock
ALTI,460033124.0,2.95,AlTi Global Inc. Class A Common Stock
NRC,459644581.0,20.78,NRC Health Common Stock
AMCX,459524677.0,11.14,AMC Global Media Inc. Class A Common Stock
CZNC,457339109.0,25.5,Citizens & Northern Corp Common Stock
OVID,456996985.0,2.34,Ovid Therapeutics Inc. Common Stock
ENTX,455676761.0,2.62,Entera Bio Ltd. Ordinary Shares
CCOI,454795736.0,8.88,Cogent Communications Holdings Inc.
DMAC,454054369.0,8.42,DiaMedica Therapeutics Inc. Common Stock
HQL,454015964.0,17.68,abrdn Life Sciences Investors Shares of Beneficial Interest
NPCE,453766902.0,13.22,Neuropace Inc. Common Stock
AUXX,453307940.0,4.48,Gold X2 Mining Inc. Common Shares
CAPR,452321334.0,7.78,Capricor Therapeutics Inc. Common Stock
MGRB,452035922.0,15.91,Affiliated Managers Group Inc. 4.750% Junior Subordinated No
ETB,452025815.0,15.39,Eaton Vance Tax-Managed Buy-Write Income Fund Eaton Vance Ta
TECX,451785848.0,23.11,Tectonic Therapeutic Inc. Common Stock
HQWWW,450666868.0,8.35,Horizon Quantum Holdings Ltd. Warrant
TWI,450505617.0,6.98,Titan International Inc. (DE) Common Stock
CLFD,450443948.0,33.16,Clearfield Inc. Common Stock
ASPI,449196483.0,2.93,ASP Isotopes Inc. Common Stock
IPI,449183778.0,33.38,Intrepid Potash Inc Common Stock
MBUU,448248347.0,22.78,Malibu Boats Inc. Class A Common Stock
XRN,447571032.0,33.81,Chiron Real Estate Inc. Common Stock
ASIX,444979545.0,16.48,AdvanSix Inc. Common Stock 
FRBA,444627589.0,17.69,First Bank Common Stock
AHRT,444574232.0,5.96,AH Realty Trust Inc. Common Stock
BMRC,444046280.0,27.42,Bank of Marin Bancorp Common Stock
MRAM,443657164.0,18.22,Everspin Technologies Inc. Common Stock
RBB,443536576.0,26.22,RBB Bancorp Common Stock
SPIR,442377620.0,10.89,Spire Global Inc. Class A Common Stock
IDR,441075358.0,27.87,Idaho Strategic Resources Inc. Common Stock
ACIC,438682564.0,9.28,American Coastal Insurance Corporation Common Stock
LOCO,438234293.0,14.4,El Pollo Loco Holdings Inc. Common Stock
MYGN,438075374.0,4.58,Myriad Genetics Inc. Common Stock
AVBC,437948811.0,21.93,Avidia Bancorp Inc. Common Stock
TRC,437206964.0,16.18,Tejon Ranch Co Common Stock
VRRM,436190647.0,2.87,Verra Mobility Corporation Class A Common Stock
HVT,434906229.0,27.89,Haverty Furniture Companies Inc. Common Stock
RLGT,433771998.0,9.25,Radiant Logistics Inc. Common Stock
NGS,433124410.0,33.58,Natural Gas Services Group Inc. Common Stock
CBAN,433119896.0,20.41,Colony Bankcorp Inc. Common Stock
ADUR,433098593.0,12.13,Aduro Clean Technologies Inc. Common Stock
ATNI,432834332.0,28.1,ATN International Inc. Common Stock
RWT,432106766.0,3.44,Redwood Trust Inc. Common Stock
GLAD,431979479.0,19.12,Gladstone Capital Corporation Common Stock
AMSF,431519430.0,23.28,AMERISAFE Inc. Common Stock
PBFS,431499686.0,17.37,Pioneer Bancorp Inc. Common Stock
PLBC,429788828.0,61.76,Plumas Bancorp
TATT,429741835.0,33.1,TAT Technologies Ltd. Ordinary Shares
CDRO,429690697.0,9.45,Codere Online Luxembourg S.A. Ordinary Shares
CBK,428507219.0,31.27,Commercial Bancgroup Inc. Common Stock
EDIT,428488298.0,2.79,Editas Medicine Inc. Common Stock
AGMB,427964903.0,8.69,AgomAb Therapeutics NV American Depositary Shares
RILYL,427323396.0,10.63,BRC Group Holdings Inc. Depositary Shares each representing 
FOSL,426976735.0,7.22,Fossil Group Inc. Common Stock
SPRY,426629101.0,4.29,ARS Pharmaceuticals Inc. Common Stock
MNRO,426441778.0,13.64,Monro Inc. Common Stock
SRTA,425525337.0,4.81,Strata Critical Medical Inc. Class A Common Stock
EVGO,424596222.0,1.35,EVgo Inc. Class A Common Stock
PRTA,424556775.0,8.27,Prothena Corporation plc Ordinary Shares
SLI,424468759.0,1.72,Standard Lithium Ltd. Common Shares
GNE,424009127.0,16.11,Genie Energy Ltd. Class B Common Stock Stock
VCV,423352241.0,8.84,Invesco California Value Municipal Income Trust Common Stock
SGU,423264686.0,12.9,Star Group L.P. Common Stock
SERV,423132634.0,4.88,Serve Robotics Inc. Common Stock
CAL,422685968.0,12.25,Caleres Inc. Common Stock
URG,421735543.0,1.06,Ur Energy Inc Common Shares (Canada)
GUT,419842446.0,5.72,Gabelli Utility Trust (The) Common Stock
ACTG,419623262.0,4.3,Acacia Research Corporation (Acacia Tech) Common Stock
RZLT,418807702.0,4.33,Rezolute Inc. Common Stock (NV)
CTEV,418263387.0,24.68,Claritev Corporation Class A Common Stock
MAGN,418144000.0,11.68,Magnera Corporation Common Stock
MEC,417950425.0,16.39,Mayville Engineering Company Inc. Common Stock
VHI,417737597.0,14.75,Valhi Inc. Common Stock
CARL,417731968.0,15.3,Carlsmed Inc. Common Stock
LAND,417562027.0,9.68,Gladstone Land Corporation Common Stock
TWIN,417557668.0,28.72,Twin Disc Incorporated Common Stock
BLW,417107435.0,11.68,Blackrock Limited Duration Income Trust
ARCT,416682192.0,14.66,Arcturus Therapeutics Holdings Inc. Common Stock
NATH,415994545.0,101.52,Nathan's Famous Inc. Common Stock
USCB,414567107.0,22.44,USCB Financial Holdings Inc. Class A Common Stock
MNTK,414212714.0,2.91,Montauk Renewables Inc. Common Stock
PHOE,414069840.0,19.17,Phoenix Asia Holdings Limited Ordinary Shares
ARQQ,412089092.0,23.68,Arqit Quantum Inc. Ordinary Shares
AVIR,411450106.0,5.13,Atea Pharmaceuticals Inc. Common Stock
ALLT,411443263.0,8.41,Allot Ltd. Ordinary Shares
CINT,409869415.0,3.18,CI&T Inc Class A Common Shares
RCEL,409780723.0,13.25,Avita Medical Inc. Common Stock
RILYP,409631483.0,10.19,BRC Group Holdings Inc. Depositary Shares each representing 
EIKN,408404326.0,7.54,Eikon Therapeutics Inc. Common Stock
EVH,408144199.0,3.61,Evolent Health Inc Class A Common Stock
SI,408051557.0,19.6,Shoulder Innovations Inc. Common Stock
USDE,406719450.0,14.96,StablecoinX Inc. Class A Common Stock
ISTR,404493483.0,29.36,Investar Holding Corporation Common Stock
MGRD,403212633.0,14.19,Affiliated Managers Group Inc. 4.200% Junior Subordinated No
ACCO,400614845.0,4.34,Acco Brands Corporation Common Stock
BNED,400033869.0,11.54,Barnes & Noble Education Inc Common Stock
HCMA,399768750.0,10.3,HCM III Acquisition Corp. Class A Ordinary Share
CTRN,399125933.0,47.86,Citi Trends Inc. Common Stock
TCI,398864449.0,45.46,Transcontinental Realty Investors Inc. Common Stock
BOC,398273203.0,13.22,Boston Omaha Corporation Class A Common Stock
GREEL,397791323.0,25.38,Vulcan Infrastructure and Power Inc. 8.50% Senior Notes due 
IMSR,397257203.0,3.75,Terrestrial Energy Inc. Common Stock  
VITL,397116579.0,9.25,Vital Farms Inc. Common Stock
XRX,396569823.0,3.02,Xerox Holdings Corporation Common Stock
FVR,396186439.0,16.2,FrontView REIT Inc. Common Stock
SAZ,395933670.0,25.27,Saratoga Investment Corp 8.50% Notes due 2028
SAJ,395463626.0,25.24,Saratoga Investment Corp 8.00% Notes due 2027
CHMG,394926772.0,81.91,Chemung Financial Corp Common Stock
SAY,394890173.0,25.2,Saratoga Investment Corp 8.125% Notes due 2027
OPTX,394742804.0,9.8,Syntec Optics Holdings Inc. Class A Common Stock
STRZ,394369658.0,23.03,Starz Entertainment Corp. Common Shares
AGEN,394263527.0,8.73,Agenus Inc. Common Stock
IIIV,394040475.0,14.97,i3 Verticals Inc. Class A Common Stock
DRTSW,393956936.0,4.26,Alpha Tau Medical Ltd. Warrant
PCB,393670194.0,28.03,PCB Bancorp Common Stock
LSAK,392939831.0,4.58,Lesaka Technologies Inc. Common Stock
ZKH,392530713.0,2.47,ZKH Group Limited American Depositary Shares each representi
FCBM,391467535.0,12.6,First Carolina Financial Services Inc. Common Stock
CPS,391455652.0,22.03,Cooper-Standard Holdings Inc. Common Stock
KYTX,390850566.0,6.32,Kyverna Therapeutics Inc. Common Stock
RMNI,390228080.0,4.18,Rimini Street Inc. (DE) Common Stock
CYH,389185825.0,2.76,Community Health Systems Inc. Common Stock
FSTR,388705243.0,36.95,L.B. Foster Company Common Stock
MVBF,387987809.0,29.92,MVB Financial Corp. Common Stock
RR,387175342.0,1.72,Richtech Robotics Inc. Class B Common Stock
OFIX,386959776.0,9.5,Orthofix Medical Inc. Common Stock (DE)
FNLC,385968851.0,34.21,First Bancorp Inc  (ME) Common Stock
GCO,385846620.0,35.66,Genesco Inc. Common Stock
OPRT,385373180.0,8.38,Oportun Financial Corporation Common Stock
PKBK,385305757.0,32.76,Parke Bancorp Inc. Common Stock
FRST,384633607.0,15.51,Primis Financial Corp. Common Stock
FRPH,384541969.0,20.03,FRP Holdings Inc. Common Stock
TRX,383144591.0,1.17,TRX Gold Corporation Common Stock
SHIP,382868224.0,17.67,Seanergy Maritime Holdings Corp. Common Stock
CHCT,382815329.0,13.36,Community Healthcare Trust Incorporated Common Stock
ATLCL,382764612.0,25.31,Atlanticus Holdings Corporation 6.125% Senior Notes due 2026
CZFS,382479670.0,79.52,Citizens Financial Services Inc. Common Stock
KPLT,381820748.0,4.5,Katapult Holdings Inc. Common Stock
TACO,381185747.0,10.46,Berto Acquisition Corp. Ordinary Shares
VGZ,380985213.0,2.61,Vista Gold Corp Common Stock
VALU,380913179.0,40.6,Value Line Inc. Common Stock
GLOO,380769131.0,4.16,Gloo Holdings Inc. Class A Common Stock
ATLCZ,380253788.0,25.14,Atlanticus Holdings Corporation 9.25% Senior Notes due 2029
OXM,380148594.0,25.38,Oxford Industries Inc. Common Stock
NKLR,380123124.0,3.44,Terra Innovatum Global N.V. Ordinary shares
LND,379928743.0,3.7,Brasilagro Brazilian Agric Real Estate Co Sponsored ADR (Bra
AIOT,378517089.0,2.82,PowerFleet Inc. Common Stock
DGXX,378197214.0,3.73,Digi Power X Inc. Subordinate Voting Shares
DIN,378002219.0,29.86,Dine Brands Global Inc. Common Stock
GALT,376905847.0,3.73,Galectin Therapeutics Inc. Common Stock
SVIA,376867667.0,4.47,Silvia Inc. Common Stock
ZURA,376608508.0,3.93,Zura Bio Limited Class A Ordinary Shares
SDHY,375770643.0,15.23,PGIM Short Duration High Yield Opportunities Fund Common Sha
NMG,375238786.0,1.14,Nouveau Monde Graphite Inc. Common Shares
SOR,375167956.0,44.96,Source Capital Inc. Cmn Shs of BI
ORN,374986385.0,9.26,Orion Group Holdings Inc. Common
AUNA,374505603.0,5.06,Auna SA Class A Ordinary Shares
RNGR,374198348.0,15.99,Ranger Energy Services Inc. Class A Common Stock
SLP,374159503.0,18.5,Simulations Plus Inc. Common Stock
FENC,372061080.0,10.62,Fennec Pharmaceuticals Inc. Common Stock
EBS,371218953.0,7.24,Emergent BioSolutions Inc. Common Stock
RLMD,371211064.0,3.48,Relmada Therapeutics Inc. Common Stock
GTE,370786896.0,10.48,Gran Tierra Energy Inc. Common Stock
WDH,370081012.0,1.03,Waterdrop Inc. American Depositary Shares (each representing
TTRX,368180174.0,12.36,Turn Therapeutics Inc. Common Stock
NWFL,368054018.0,33.76,Norwood Financial Corp. Common Stock
CCCC,367845157.0,2.99,C4 Therapeutics Inc. Common Stock
NUAIW,367629720.0,3.45,New Era Energy & Digital Inc. Warrants
ENTA,366980065.0,12.6,Enanta Pharmaceuticals Inc. Common Stock
JILL,365926494.0,24.62,J. Jill Inc. Common Stock
NECB,364938224.0,26.51,NorthEast Community Bancorp Inc. Common Stock
MCI,364710942.0,18.0,Barings Corporate Investors Common Stock
IRD,364397705.0,4.38,Opus Genetics Inc. Common Stock
SUJA,364233863.0,9.43,Suja Life Inc. Class A Common Stock
OBIO,362433445.0,6.03,Orchestra BioMed Holdings Inc. Ordinary Shares
CRNC,361842056.0,8.0,Cerence Inc. Common Stock
REAX,360364800.0,16.44,Real REMAX Group Inc. Common Stock
FLXS,360277795.0,88.05,Flexsteel Industries Inc. Common Stock
QNC,359848259.0,1.64,Quantum eMotion Corp. Common Shares
EVN,359781168.0,9.07,Eaton Vance Municipal Income Trust Common Stock
GBLI,358914652.0,24.52,Global Indemnity Group LLC Class A Common Stock 
MOVE,358118321.0,11.35,Corvex Inc. Common Stock
SFIX,358057881.0,2.68,Stitch Fix Inc. Class A Common Stock
WSBF,357742857.0,19.9,Waterstone Financial Inc. Common Stock (MD)
ATLCP,356981334.0,23.53,Atlanticus Holdings Corporation 7.625% Series B Cumulative P
KREF,356153924.0,6.08,KKR Real Estate Finance Trust Inc. Common Stock
IMXI,355892966.0,11.78,International Money Express Inc. Common Stock
DSX,355823185.0,2.86,Diana Shipping inc. common stock
HTT,355599224.0,2.29,High Templar Tech Limited American depositary shares each re
PRE,355014611.0,20.96,Prenetics Global Limited Class A Ordinary Share
BCBP,353220414.0,8.46,BCB Bancorp Inc. (NJ) Common Stock
OCGN,352674817.0,1.04,Ocugen Inc. Common Stock
CABA,352654526.0,2.08,Cabaletta Bio Inc. Common Stock
BRBS,352477192.0,3.93,Blue Ridge Bankshares Inc. Common Stock
VMD,351935227.0,9.24,Viemed Healthcare Inc. Common Shares
SILC,351581365.0,61.17,Silicom Ltd Ordinary Shares
CLPT,351408695.0,11.52,ClearPoint Neuro Inc. Common Stock
TSBK,351226924.0,45.17,Timberland Bancorp Inc. Common Stock
ADV,350944435.0,27.37,Advantage Solutions Inc. Class A Common Stock
RPAY,350456523.0,3.9,Repay Holdings Corporation Class A Common Stock
CV,350292973.0,6.58,CapsoVision Inc. Common Stock
NNBR,350142863.0,4.24,NN Inc. Common Stock
KNOP,349730953.0,10.39,KNOT Offshore Partners LP Common Units representing Limited 
VOXR,349561279.0,5.03,Vox Royalty Corp. Common Stock
FSBW,349315236.0,44.43,FS Bancorp Inc. Common Stock
REI,349123073.0,1.34,Ring Energy Inc. Common Stock
IQMXW,348673041.0,1.84,IQM Quantum Computers Oyj Warrants to purchase American Depo
ERII,348636496.0,6.83,Energy Recovery Inc. Common Stock
ARTV,348586563.0,7.13,Artiva Biotherapeutics Inc. Common Stock
SHOE,348496508.0,12.82,Shoe Station Group Inc. Common Stock
API,347666250.0,4.15,Agora Inc. American Depositary Shares
KDK,347069434.0,1.73,Kodiak AI Inc. Common Stock 
BRCB,346502939.0,6.92,Black Rock Coffee Bar Inc. Class A Common Stock
CUB,345959793.0,10.89,Lionheart Holdings Class A Ordinary Shares
RCKY,345676774.0,46.14,Rocky Brands Inc. Common Stock
ARTNA,345338926.0,33.44,Artesian Resources Corporation Class A Common Stock
LZM,344372753.0,3.83,Lifezone Metals Limited Ordinary Shares
AVBH,344222263.0,31.34,Avidbank Holdings Inc. Common stock
TREE,344109640.0,24.51,LendingTree Inc. Common Stock
CLNE,343894223.0,1.56,Clean Energy Fuels Corp. Common Stock
NL,342780125.0,7.01,NLI Holdings Inc. Common Stock
CRMLW,342495444.0,2.33,Critical Metals Corp. Warrants
SRZN,342381145.0,29.13,Surrozen Inc. Common Stock
IA,342232188.0,19.12,Innovative Solutions and Support Inc. Common Stock
CYPH,341613091.0,3.17,Cypherpunk Technologies Inc. Common Stock
BKKT,341175797.0,7.57,Bakkt Inc. Class A Common Stock
CION,340974739.0,6.93,CION Investment Corporation Common Stock
LEO,340730971.0,5.47,BNY Mellon Strategic Municipals Inc. Common Stock
GRRR,340029057.0,12.25,Gorilla Technology Group Inc. Ordinary shares
GMTL,339942887.0,8.55,Guardian Metal Resources PLC ADS
FNKO,339894300.0,6.07,Funko Inc. Class A Common Stock
GASS,339877170.0,9.14,StealthGas Inc. Common Stock
PACK,339602824.0,3.96,Ranpak Holdings Corp Class A Common Stock
NOA,339453160.0,12.25,North American Construction Group Ltd. Common Shares (no par
NNDM,339450808.0,1.61,Nano Dimension Ltd. American Depositary Shares
BCML,338632828.0,31.01,BayCom Corp Common Stock
OPI,338085086.0,15.4,Office Properties Income Trust Common shares of beneficial i
BMBL,336519201.0,2.55,Bumble Inc. Class A Common Stock
VKI,336153571.0,7.57,Invesco Advantage Municipal Income Trust II Common Shares of
CVEO,335844549.0,32.49,Civeo Corporation (Canada) Common Shares
PERI,334701015.0,8.51,Perion Network Ltd. Ordinary Shares
INDP,334438233.0,2.51,Indaptus Therapeutics Inc. Common Stock
LTRX,334250122.0,7.13,Lantronix Inc. Common Stock
OTLY,334121341.0,10.47,Oatly Group AB American Depositary Shares
TRVG,334031058.0,4.73,trivago N.V. American Depositary Shares
TCPC,333933045.0,3.98,BlackRock TCP Capital Corp. Common Stock
EMBC,333158442.0,5.88,Embecta Corp. Common Stock
VFF,332618728.0,2.72,Village Farms International Inc. Common Shares
CCAP,332350487.0,9.02,Crescent Capital BDC Inc. Common stock
TJGC,332088756.0,32.88,TJGC Group Limited Class A Ordinary Shares
PNRG,331823742.0,209.67,PrimeEnergy Resources Corporation Common Stock
CURR,331231561.0,2.95,Currenc Group Inc. Ordinary Shares
TLS,331083975.0,4.43,Telos Corporation Common Stock
OEC,330657789.0,5.85,Orion S.A. Common Shares
MPTI,330071387.0,75.94,M-tron Industries Inc. Common Stock
PESI,328672257.0,15.49,Perma-Fix Environmental Services Inc. Common Stock
SOHU,327166226.0,12.55,Sohu.com Limited American Depositary Shares
RDIB,327099915.0,14.29,Reading International Inc Class B Common Stock
PPT,325457420.0,3.27,Franklin Premier Income Trust Shares of Beneficial Interest
CLW,324813167.0,20.14,Clearwater Paper Corporation Common Stock
JMSB,324579082.0,23.0,John Marshall Bancorp Inc. Common Stock
EGHT,323535522.0,2.24,8x8 Inc Common Stock
CFFI,323413187.0,99.46,C&F Financial Corporation Common Stock
COSO,322172320.0,26.95,CoastalSouth Bancshares Inc. Common Stock
NEWT,322064751.0,11.15,NewtekOne Inc. Common Stock
BNTC,321967561.0,9.23,Benitec Biopharma Inc. Common Stock
SMTI,321581225.0,35.0,Sanara MedTech Inc. Common Stock
OFSSH,321285910.0,23.98,OFS Capital Corporation 4.95% Notes due 2028
BBW,320302710.0,26.0,Build-A-Bear Workshop Inc. Common Stock
FIP,320272507.0,2.71,FTAI Infrastructure Inc. Common Stock 
CHSCP,320176558.0,26.09,CHS Inc. 8%  Cumulative Redeemable Preferred Stock
FDBC,320048791.0,55.1,Fidelity D & D Bancorp Inc. Common Stock
MOBI,319261611.0,9.59,Mobia Medical Inc. Common Stock
FVCB,319205429.0,17.7,FVCBankcorp Inc. Common Stock
GEVO,318935864.0,1.29,Gevo Inc. Common Stock
PRHIZ,318283821.0,26.04,Presurance Holdings Inc. 9.75% Senior Unsecured Notes due 20
PPHC,318085875.0,10.64,Public Policy Holding Company Inc. Common Stock
ELVA,317992985.0,6.36,Electrovaya Inc. Common Shares
JAKK,317942433.0,27.78,JAKKS Pacific Inc. Common Stock
KTF,317587542.0,8.04,DWS Municipal Income Trust
LWAY,317241687.0,21.0,Lifeway Foods Inc. Common Stock
FISN,316619417.0,5.38,Deep Fission Inc. Common Stock
CHSCO,314776877.0,25.65,CHS Inc. Class B Cumulative Redeemable Preferred Stock
PINE,314766393.0,17.55,Alpine Income Property Trust Inc. Common Stock
LE,314054357.0,10.63,Lands' End Inc. Common Stock
ZJYL,313225175.0,1.98,JIN MEDICAL INTERNATIONAL LTD. Class A Ordinary Shares
ELA,312859886.0,12.05,Envela Corporation Common Stock
ASYS,312169441.0,17.83,Amtech Systems Inc. Common Stock
MLP,311590142.0,15.69,Maui Land & Pineapple Company Inc. Common Stock
OPAL,310948200.0,1.78,OPAL Fuels Inc. Class A Common Stock
MKTW,310599610.0,19.69,MarketWise Inc. Class A Common Stock
ABAT,309393735.0,2.17,American Battery Technology Company Common Stock
FVRR,308816754.0,8.59,Fiverr International Ltd. Ordinary Shares no par value
CHAD,308592673.0,9.46,DeFi Development Corp. Variable Rate Series C Perpetual Pref
CBNA,308536635.0,47.02,Chain Bridge Bancorp Inc. Class A Common Stock
PMO,308212813.0,9.07,Franklin Municipal Opportunities Trust Shares of Beneficial 
CHSCL,308149995.0,25.11,CHS Inc Class B Cumulative Redeemable Preferred Stock Series
VELO,307667059.0,9.57,Velo3D Inc. Common stock
SNDL,307651054.0,1.25,SNDL Inc. Common Shares
HRZN,307015303.0,4.58,Horizon Technology Finance Corporation Common Stock
SCTX,306882533.0,16.21,Scribe Therapeutics Inc. Common Stock
BDSX,306615489.0,29.06,Biodesix Inc. Common Stock
FCCO,306243236.0,32.58,First Community Corporation Common Stock
EFT,306031166.0,10.52,Eaton Vance Floating Rate Income Trust Common Shares of Bene
FTW,305857591.0,9.71,Presidio Production Company Class A Common Stock
EH,305656809.0,4.03,EHang Holdings Limited ADS
NODK,305254656.0,14.96,NI Holdings Inc. Common Stock
DBI,305206722.0,5.97,Designer Brands Inc. Class A Common Stock
XNET,304901625.0,4.79,Xunlei Limited American Depositary Shares
LEGO,304585712.0,10.05,Legato Merger Corp. IV Ordinary Shares
SWKHL,304413618.0,25.06,SWK Holdings Corporation 9.00% Senior Notes due 2027
FRD,304379780.0,42.2,Friedman Industries Inc. Common Stock
RBBN,303999698.0,1.7,Ribbon Communications Inc. Common Stock
AFRI,303882195.0,11.27,Forafric Global PLC Ordinary Shares
RM,302329269.0,32.77,Regional Management Corp. Common Stock
CDZI,302297158.0,3.57,CADIZ Inc. Common Stock
LVWR,301956312.0,1.47,LiveWire Group Inc. Common Stock
SVCO,301244389.0,8.89,Silvaco Group Inc. Common Stock
PRLD,300859138.0,3.77,Prelude Therapeutics Incorporated Common Stock
ELLO,300474414.0,21.8,Ellomay Capital Ltd Ordinary Shares (Israel)
SHMD,299870793.0,4.5,SCHMID Group N.V. Class A Ordinary Shares
FINS,299247898.0,11.94,Angel Oak Financial Strategies Income Term Trust Common Shar
ZH,299204655.0,3.37,Zhihu Inc. American Depositary Shares each representing thre
CHSCN,298823273.0,24.35,CHS Inc Preferred Class B Series 2 Reset Rate
LRMR,297105200.0,2.86,Larimar Therapeutics Inc. Common Stock
ZIP,296836448.0,3.61,ZipRecruiter Inc. Class A Common Stock
BPRN,295965451.0,43.44,Princeton Bancorp Inc. Common Stock (PA)
RCMT,295736467.0,41.59,RCM Technologies Inc. Common Stock
MTRX,294801817.0,10.42,Matrix Service Company Common Stock
ALTO,293981068.0,3.79,Alto Ingredients Inc. Common Stock
PSFE,293973107.0,5.63,Paysafe Limited Common Shares
DSC,293424803.0,5.86,DSC Holdings Ltd. American Depositary Shares
CATX,293369774.0,2.57,Perspective Therapeutics Inc. Common Stock
MYFW,293051521.0,30.01,First Western Financial Inc. Common Stock
ABEO,292210327.0,5.11,Abeona Therapeutics Inc. Common Stock
BIOA,291904341.0,6.36,BioAge Labs Inc. Common Stock
NREF,291579009.0,15.47,NexPoint Real Estate Finance Inc. Common Stock
CHSCM,291460071.0,23.75,CHS Inc Class B Reset Rate Cumulative Redeemable Preferred S
TMCI,291354793.0,4.48,Treace Medical Concepts Inc. Common Stock
NSTR,291266102.0,4.54,NorthStar Earth & Space Enterprises Inc. Common Shares
FATE,291163849.0,2.43,Fate Therapeutics Inc. Common Stock
FNRN,290688722.0,17.73,First Northern Community Bancorp Common stock
OCCIN,290412750.0,25.0,OFS Credit Company Inc. 5.25% Series E Term Preferred Stock 
NPWR,290067544.0,1.29,NET Power Inc. Class A Common Stock
GOGO,289986825.0,2.14,Gogo Inc. Common Stock
DUOT,289232266.0,9.19,Duos Technologies Group Inc. Common Stock
ISBA,288905421.0,37.87,Isabella Bank Corporation Common stock
BBOT,288627361.0,3.6,BridgeBio Oncology Therapeutics Inc. Common Stock  
OVLY,288387630.0,34.28,Oak Valley Bancorp (CA) Common Stock
SEG,288214560.0,22.5,Seaport Entertainment Group Inc. Common Stock
XFOR,287525555.0,2.9,X4 Pharmaceuticals Inc. Common Stock
CUVL,287348418.0,5.74,Clinuvel Pharmaceuticals Limited American Depositary Shares
FUND,286852832.0,9.68,Sprott Focus Trust Inc. Common Stock
RCKT,286511698.0,2.61,Rocket Pharmaceuticals Inc. Common Stock
BKTI,286247401.0,75.94,BK Technologies Corporation Common Stock
PMTS,286206036.0,24.69,CPI Card Group Inc. Common Stock
TDUP,284994021.0,2.17,ThredUp Inc. Class A Common Stock
ALCO,284798557.0,38.39,Alico Inc. Common Stock
AIRJ,284282074.0,3.78,AirJoule Technologies Corporation Class A Common Stock
FGBIP,284191252.0,17.18,First Guaranty Bancshares Inc. 6.75% Series A Fixed-Rate Non
RFMZ,284184993.0,11.67,RiverNorth Flexible Municipal Income Fund II Inc. Common Sto
TSSI,283601654.0,10.05,TSS Inc. Common Stock
OSUR,283461057.0,4.11,OraSure Technologies Inc. Common Stock
FRAF,283293683.0,62.96,Franklin Financial Services Corporation Common Stock
ATLO,283253896.0,31.98,Ames National Corporation Common Stock
FULC,283062823.0,3.71,Fulcrum Therapeutics Inc. Common Stock
SABS,282057741.0,3.1,SAB Biotherapeutics Inc. Common Stock
III,281766349.0,5.82,Information Services Group Inc. Common Stock
METCB,281480071.0,4.42,Ramaco Resources Inc. Class B Common Stock
BCYC,280671413.0,4.01,Bicycle Therapeutics plc American Depositary Shares
GPRO,280644655.0,1.36,GoPro Inc. Class A Common Stock
HWBK,280483425.0,38.35,Hawthorn Bancshares Inc. Common Stock
QSI,280171407.0,1.28,Quantum-Si Incorporated Class A Common Stock
FUNC,279902867.0,43.37,First United Corporation Common Stock
LXEO,279777730.0,3.41,Lexeo Therapeutics Inc. Common Stock
GBAB,279289405.0,12.47,Guggenheim Taxable Municipal Bond & Investment Grade Debt Tr
RELL,279150014.0,18.78,Richardson Electronics Ltd. Common Stock
IKT,279071800.0,2.0,Inhibikase Therapeutics Inc. Common Stock
SUPX,278746651.0,6.45,SuperX AI Technology Limited Ordinary Shares
UXIN,278275030.0,1.26,Uxin Limited ADS
HLLY,277626187.0,2.29,Holley Inc. Common Stock
PHOS,277475026.0,14.67,First Phosphate Corp. American Depositary Shares
WNEB,277434868.0,13.84,Western New England Bancorp Inc. Common Stock
BGIN,277183055.0,2.45,Bgin Blockchain Limited Class A Ordinary Shares
NC,276963707.0,36.7,NACCO Industries Inc. Common Stock
VNDA,276919106.0,4.58,Vanda Pharmaceuticals Inc. Common Stock
ACB,276327881.0,4.46,Aurora Cannabis Inc. Common Shares
ACIU,275806383.0,2.71,AC Immune SA Common Stock
SY,274827949.0,2.74,So-Young International Inc. American Depository Shares
FXHO,274672653.0,10.07,UTime Limited Class A Ordinary Shares
USNA,274376530.0,14.85,USANA Health Sciences Inc. Common Stock
AZ,274284889.0,6.23,A2Z Cust2Mate Solutions Corp. Common Shares
IHRT,274083210.0,2.05,iHeartMedia Inc. Class A Common Stock
NXDT,274027099.0,5.16,NexPoint Diversified Real Estate Trust Common Stock
NKSH,273745541.0,42.97,National Bankshares Inc. Common Stock
MGPI,273457751.0,12.77,MGP Ingredients Inc.
AIV,273045368.0,1.88,Apartment Investment and Management Company Common Stock
QNBC,272851850.0,45.11,QNB Corp. Common Stock
CNCK,272353122.0,1.42,Coincheck Group N.V. Ordinary Shares
FBLA,272235398.0,17.07,FB Bancorp Inc. Common Stock
EYPT,271568235.0,3.15,EyePoint Inc. Common Stock
LAW,271364618.0,4.18,CS Disco Inc. Common Stock
XYF,271175058.0,4.95,X Financial American Depositary Shares each representing six
MFIN,271160541.0,11.81,Medallion Financial Corp. Common Stock
TBI,270954662.0,8.9,TrueBlue Inc. Common Stock
FXNC,270917165.0,29.96,First National Corporation Common Stock
RWAY,269899782.0,6.44,Runway Growth Finance Corp. Common Stock
LCNB,269704373.0,18.92,LCNB Corporation Common Stock
TLSI,269696748.0,4.38,TriSalus Life Sciences Inc. Common Stock
KWY,269636920.0,9.32,Kingsway Corporation Common Stock
PTLO,269598445.0,3.55,Portillo's Inc. Class A Common Stock
HCKT,269178586.0,10.82,Hackett Group Inc (The). Common Stock
INFU,268682772.0,13.49,InfuSystems Holdings Inc. Common Stock
KINS,268532267.0,18.55,Kingstone Companies Inc. Common Stock
IPSC,267991475.0,1.48,Century Therapeutics Inc. Common Stock
SAR,267104015.0,16.61,Saratoga Investment Corp New
PYXS,266745938.0,2.24,Pyxis Oncology Inc. Common Stock
PMM,266601285.0,5.47,Franklin Managed Municipal Income Trust Shares of Beneficial
CMRC,265977361.0,3.21,Commerce.com Inc. Series 1 Common Stock
UPB,265639549.0,4.85,Upstream Bio Inc. Common Stock
AUDC,265581169.0,10.8,AudioCodes Ltd. Common Stock
HQI,265073000.0,19.07,HireQuest Inc. Common Stock (DE)
XPER,264830993.0,5.43,Xperi Inc. Common Stock 
OIA,264687075.0,5.56,Invesco Municipal Income Opportunities Trust Common Stock
AVNW,264116281.0,20.54,Aviat Networks Inc. Common Stock
ANIK,264045919.0,19.73,Anika Therapeutics Inc. Common Stock
TTGT,264014209.0,3.65,TechTarget Inc. Common Stock
ZNTL,263178619.0,2.78,Zentalis Pharmaceuticals Inc. Common Stock
STRT,262692057.0,65.92,STRATTEC SECURITY CORPORATION Common Stock
PPIH,262409632.0,32.02,Perma-Pipe International Holdings Inc. Common Stock
MIN,261966918.0,2.28,Aberdeen Intermediate Income Fund Common Shares of Beneficia
PCYO,261697438.0,10.86,Pure Cycle Corporation Common Stock
ESCA,261555406.0,19.0,Escalade Incorporated Common Stock
IMRX,261377504.0,4.04,Immuneering Corporation Class A Common Stock
POWW,259976485.0,2.24,Outdoor Holding Company Common Stock
ARDC,259626259.0,11.33,Ares Dynamic Credit Allocation Fund Inc. Common Shares
GENC,259148171.0,17.68,Gencor Industries Inc. Common Stock
OFLX,258818416.0,25.64,Omega Flex Inc. Common Stock
SLGL,258482221.0,78.95,Sol-Gel Technologies Ltd. Ordinary Shares
ZENA,257482090.0,1.28,ZenaTech Inc. Common Stock
VABK,257429631.0,47.45,Virginia National Bankshares Corporation Common Stock
RMMZ,257207353.0,13.03,RiverNorth Managed Duration Municipal Income Fund II Inc. Co
FCNCN,257031411.0,22.76,First Citizens BancShares Inc. Depositary Shares each repres
RMBI,256748585.0,15.32,Richmond Mutual Bancorporation Inc. Common Stock
GBFH,256360631.0,17.66,GBank Financial Holdings Inc. Common Stock
AMRN,255375063.0,12.09,Amarin Corporation plc
CNDT,255054112.0,1.64,Conduent Incorporated Common Stock 
VOGX,254764742.0,17.15,Vogenx Inc Common Stock
ARL,254717718.0,15.77,American Realty Investors Inc. Common Stock
PALI,254435015.0,1.46,Palisade Bio Inc. Common Stock
SLNH,254103108.0,1.03,Soluna Holdings Inc. Common Stock
VPV,254022939.0,10.66,Invesco Pennsylvania Value Municipal Income Trust Common Sto
ALMU,252639193.0,13.08,Aeluma Inc. Common Stock
PDYN,252613171.0,5.12,Palladyne AI Corp. Common Stock
SSP,252059656.0,2.72,E.W. Scripps Company (The) Class A Common Stock
PAMT,251725929.0,12.02,PAMT CORP Common Stock
CAMP,251640332.0,4.01,CAMP4 Therapeutics Corporation Common Stock
VUZI,251554405.0,2.98,Vuzix Corporation Common Stock
REFI,251343442.0,9.81,Chicago Atlantic Real Estate Finance Inc. Common Stock
SWMR,250954308.0,15.68,Swarmer Inc Common Stock
STRO,250873117.0,15.13,Sutro Biopharma Inc. Common Stock
MMT,250698364.0,4.21,Aberdeen Multi-Market Income Fund Common Shares of Beneficia
NEGG,250422671.0,11.94,Newegg Commerce Inc. Common Shares
ACV,250161710.0,24.14,Virtus Diversified Income & Convertible Fund Common Shares o
SIGA,250037012.0,3.48,SIGA Technologies Inc. Common Stock
SNFCA,249954649.0,9.13,Security National Financial Corporation Class A Common Stock
BNC,249925270.0,6.07,BNB Standard Corporation Common Stock
BRT,249762651.0,13.29,BRT Apartments Corp. (MD) Common Stock
QTTB,249170430.0,8.37,Q32 Bio Inc. Common Stock
FUFU,249147129.0,1.5,BitFuFu Inc. Class A Ordinary Shares
MSB,248886590.0,18.97,Mesabi Trust Common Stock
TBCH,248228594.0,13.86,Turtle Beach Corporation Common Stock
AIBZ,248217868.0,3.99,Bitzero Holdings Inc. Common Shares
GLSI,248208497.0,16.91,Greenwich LifeSciences Inc. Common Stock
RMM,247732331.0,12.55,RiverNorth Managed Duration Municipal Income Fund Inc. Commo
IFRX,247578611.0,1.68,InflaRx N.V. Common Stock
TII,247450815.0,2.5,Titan Mining Corporation Common Shares
SBMT,246858260.0,8.36,Silver Bow Mining Corp. Common Shares
LFCR,246801951.0,6.52,Lifecore Biomedical Inc. Common Stock
EVI,246623888.0,19.15,EVI Industries Inc.  Common Stock
EFSI,246499063.0,45.55,Eagle Financial Services Inc Common Stock
CPZ,246384035.0,12.55,Calamos Long/Short Equity & Dynamic Income Trust Common Stoc
BLND,245973852.0,1.04,Blend Labs Inc. Class A Common Stock
ANGI,245770881.0,6.06,Angi Inc. Class A Common Stock
CURV,245309810.0,2.46,Torrid Holdings Inc. Common Stock
AIAI,245126080.0,3.46,AIAI Holdings Corporation Class A Common Stock
TG,244609148.0,7.0,Tredegar Corporation Common Stock
ACU,244214525.0,63.7,Acme United Corporation. Common Stock
HITI,243359336.0,2.73,High Tide Inc. Common Shares
YSG,242172737.0,2.58,Yatsen Holding Limited American Depositary Shares each repre
IMMR,241407918.0,7.27,Immersion Corporation Common Stock
EVMN,241342551.0,6.65,Evommune Inc. Common Stock
MGNX,240149705.0,3.77,MacroGenics Inc. Common Stock
PSQLW,239891871.0,1.13,Pasqal Holding SA Warrant
CHPT,239773393.0,8.93,ChargePoint Holdings Inc. Common Stock
GWRS,239701621.0,8.01,Global Water Resources Inc. Common Stock
AENT,239094465.0,4.69,Alliance Entertainment Holding Corporation Class A Common St
IMPP,238275978.0,5.27,Imperial Petroleum Inc. Common Shares
LTBR,238233459.0,6.36,Lightbridge Corporation Common Stock
EOT,238123796.0,15.24,Eaton Vance Municipal Income Trust EATON VANCE NATIONAL MUNI
PEBK,238011734.0,43.58,Peoples Bancorp of North Carolina Inc. Common Stock
NAUT,237967267.0,1.87,Nautilus Biotechnology Inc. Common Stock
JACK,237056519.0,12.36,Jack In The Box Inc. Common Stock
BRCC,236521650.0,9.45,BRC Inc. Class A Common Stock
ASLE,236247477.0,4.95,AerSale Corporation Common Stock
USAU,236029308.0,14.28,U.S. Gold Corp. Common Stock
SMHI,235784258.0,8.69,SEACOR Marine Holdings Inc. Common Stock 
PRQR,235672865.0,1.67,ProQR Therapeutics N.V. Ordinary Shares
CMTV,235573938.0,42.06,Community Bancorp. Common Stock
PLAY,235455153.0,6.76,Dave & Buster's Entertainment Inc. Common Stock
ALIT,235447673.0,8.74,Alight Inc. Class A Common Stock
ELMD,234690247.0,28.32,Electromed Inc. Common Stock
INBK,234321790.0,26.83,First Internet Bancorp Common Stock
FOA,233816084.0,13.51,Finance of America Companies Inc. Class A Common Stock
UTMD,233405698.0,73.31,Utah Medical Products Inc. Common Stock
NVA,231457870.0,6.06,Nova Minerals Corp Common Stock
KGEI,230808598.0,6.42,Kolibri Global Energy Inc. Common stock
EAF,230132886.0,8.82,GrafTech International Ltd. Common Stock
SMRT,229934159.0,1.2,SmartRent Inc. Class A Common Stock
ONIT,229749300.0,27.5,Onity Group Inc. Common Stock
SPOK,229471963.0,10.97,Spok Holdings Inc. Common Stock
IONR,229060230.0,2.98,ioneer Ltd American Depositary Shares
XPOF,228863360.0,4.64,Xponential Fitness Inc. Class A Common Stock
KROS,228409206.0,11.52,Keros Therapeutics Inc. Common Stock
MBI,228043505.0,4.47,MBIA Inc. Common Stock
ASUR,227857898.0,7.89,Asure Software Inc Common Stock
OPBK,226975748.0,15.2,OP Bancorp Common Stock
SND,226834976.0,5.35,Smart Sand Inc. Common Stock
RGCO,225479192.0,21.64,RGC Resources Inc. Common Stock
NUS,225372815.0,4.63,Nu Skin Enterprises Inc. Common Stock
MRBK,225220426.0,18.88,Meridian Corporation Common Stock
FF,223702922.0,5.1,FutureFuel Corp.  Common shares
EICA,222702700.0,25.0,Eagle Point Income Company 5.00% Series A Term Preferred Sha
LYEL,222261629.0,9.07,Lyell Immunopharma Inc. Common Stock
ALEC,222197269.0,1.99,Alector Inc. Common Stock
RAIL,221669053.0,6.76,FreightCar America Inc. Common Stock
CFBK,221655940.0,34.55,CF Bankshares Inc. Common Stock
BMEZ,220528118.0,16.54,BlackRock Health Sciences Term Trust Common Shares of Benefi
PROF,220291542.0,6.03,Profound Medical Corp. Common Stock
INBKZ,219613534.0,25.2,First Internet Bancorp 6.0% Fixed-to-Floating Rate Subordina
HKD,219525310.0,1.74,AMTD Digital Inc. American Depositary Shares (every five of 
HDSN,219491773.0,5.21,Hudson Technologies Inc. Common Stock
SION,219280135.0,4.85,Sionna Therapeutics Inc. Common Stock
CGEN,218490509.0,2.31,Compugen Ltd. Ordinary Shares
LIEN,218393046.0,9.57,Chicago Atlantic BDC Inc. Common Stock
PLX,218349150.0,2.71,Protalix BioTherapeutics Inc. (DE) Common Stock
NATR,218184448.0,12.4,Nature's Sunshine Products Inc. Common Stock
LMNR,217221444.0,11.98,Limoneira Co Common Stock
GSIT,216759808.0,5.64,GSI Technology Common Stock
AMWL,216351402.0,12.72,American Well Corporation Class A Common Stock
RNAC,216023213.0,7.14,Cartesian Therapeutics Inc. Common Stock
SAIQ,216008297.0,6.67,WISeSat.Space Holdings Corp. Ordinary Shares
FTF,214956590.0,5.32,Franklin Limited Duration Income Trust Common Shares of Bene
KLC,214515830.0,1.81,KinderCare Learning Companies Inc. Common Stock
FCNCO,214394237.0,18.98,First Citizens BancShares Inc. 5.625% Non-Cumulative Perpetu
EXFY,214288660.0,2.35,Expensify Inc. Class A Common Stock
AMOD,213977575.0,3.78,Alpha Modus Holdings Inc. Class A Common Stock
LOVE,213899511.0,14.83,The Lovesac Company Common Stock
FORR,213807970.0,11.23,Forrester Research Inc. Common Stock
QUIK,213401683.0,11.65,QuickLogic Corporation Common Stock
TRDA,213372946.0,5.48,Entrada Therapeutics Inc. Common Stock
FCAP,213186398.0,63.74,First Capital Inc. Common Stock
TMCR,213028310.0,3.16,The Metals Royalty Company Inc. Common Stock
NAGE,212057685.0,2.68,Niagen Bioscience Inc. Common Stock
ZSQR,212001588.0,4.0,Z Squared Inc. Common Stock
ANTX,211700290.0,5.61,AN2 Therapeutics Inc. Common Stock
GDEV,211634702.0,11.66,GDEV Inc. Ordinary Shares
BETR,211454184.0,11.13,Better Home & Finance Holding Company Class A Common Stock
WHWK,210933337.0,3.7,Whitehawk Therapeutics Inc. Common Stock
PNNT,210906384.0,3.23,PennantPark Investment Corporation Common Stock
ALTG,210701324.0,6.45,Alta Equipment Group Inc. Class A Common Stock
OVBC,210675965.0,44.72,Ohio Valley Banc Corp. Common Stock
ZUMZ,210489316.0,13.73,Zumiez Inc. Common Stock
PDEX,209514060.0,65.41,Pro-Dex Inc. Common Stock
AOUT,209512335.0,16.6,American Outdoor Brands Inc. Common Stock 
SCM,209327537.0,7.35,Stellus Capital Investment Corporation Common Stock
BAFN,208961816.0,7.75,BayFirst Financial Corp. Common Stock
FIRY,208941770.0,12.57,Firy Inc. Class A Common Stock
DHX,208870354.0,4.81,DHI Group Inc. Common Stock
LCUT,208278854.0,9.06,Lifetime Brands Inc. Common Stock
CMT,207952299.0,23.5,Core Molding Technologies Inc Common Stock
EU,207880639.0,1.07,enCore Energy Corp. Common Shares
OSS,207751283.0,8.33,One Stop Systems Inc. Common Stock
SGC,207287613.0,13.0,Superior Group of Companies Inc. Common Stock
REA,206969924.0,10.09,Rare Earths Americas Inc. Common Stock
EXOD,206892317.0,6.85,Exodus Movement Inc. Class A Common Stock
RBKB,206863830.0,13.23,Rhinebeck Bancorp Inc. Common Stock
ECC,206859207.0,3.41,Eagle Point Credit Company Common Share of Beneficial Intere
AEHL,206501336.0,10.86,Antelope Enterprise Holdings Limited Class A Ordinary Shares
BGS,206440204.0,2.54,B&G Foods Inc. Common Stock
OSG,206335806.0,4.58,Octave Specialty Group Inc. Common Stock
QMLS,206104452.0,6.16,QumulusAI Inc. Common Stock
OWLS,205770236.0,5.44,OBOOK Holdings Inc. Class A Common Shares
CZWI,205646423.0,21.31,Citizens Community Bancorp Inc. Common Stock
ACRE,205280118.0,3.7,Ares Commercial Real Estate Corporation Common Stock
ESOA,205250991.0,11.0,Energy Services of America Corporation Common Stock
XGN,204946368.0,8.46,Exagen Inc. Common Stock
AIRO,204797901.0,6.49,AIRO Group Holdings Inc. Common Stock
SDEV,203900354.0,3.94,Stablecoin Development Corporation Common Stock
FCNCP,203626247.0,18.03,First Citizens BancShares Inc. Depositary Shares
ELDN,203152880.0,2.5,Eledon Pharmaceuticals Inc. Common Stock
GOW,202384979.0,4.33,GOWell Energy Technology Ordinary shares
KTWO,202115099.0,10.09,K2 Capital Acquisition Corporation Class A Ordinary Share
KLTR,201367614.0,1.32,Kaltura Inc. Common Stock
NCMI,201310748.0,2.14,National CineMedia Inc. Common Stock
MPAA,201070658.0,10.62,Motorcar Parts  of America Inc. Common Stock
TROO,200342672.0,1.64,TROOPS Inc. Ordinary Shares 
CXDO,200187816.0,6.02,Crexendo Inc. Common Stock
AP,199355693.0,9.65,Ampco-Pittsburgh Corporation Common Stock
ACOG,199233052.0,9.15,Alpha Cognition Inc. Common Stock
RICK,198986335.0,26.03,RCI Hospitality Holdings Inc. Common Stock
NSLR,198549165.0,7.5,Neostellar Capital Corp. Common Stock
APC,198232417.0,15.77,ARKO Petroleum Corp. Class A Common Stock
RXST,197983899.0,4.76,RxSight Inc. Common Stock
VLN,197950276.0,1.88,Valens Semiconductor Ltd. Ordinary Shares
RVII,197828499.0,21.82,Robinhood Ventures Fund II Common Shares of Beneficial Inter
TONX,197708441.0,3.59,TON Strategy Company Common Stock
CPSS,197365717.0,9.01,Consumer Portfolio Services Inc. Common Stock
CHCI,197105020.0,19.17,Comstock Holding Companies Inc. Class A Common Stock
MFM,196876876.0,4.78,Aberdeen Municipal Income Fund Common Shares of Beneficial I
NXH,196725227.0,2.06,Neighborhood Intelligence Inc. Common Stock
TPVG,196627962.0,4.83,TriplePoint Venture Growth BDC Corp. Common Stock
RILY,196174804.0,4.88,BRC Group Holdings Inc. Common Stock
FC,195948697.0,17.35,Franklin Covey Company Common Stock
PMA,195570000.0,1.2,PMA Graphene Technology Group Inc. Class A Ordinary Shares
PERF,195549448.0,1.92,Perfect Corp. Class A Ordinary Share
CRNT,195340296.0,2.14,Ceragon Networks Ltd. Ordinary Shares
FEAM,194568694.0,3.92,5E Advanced Materials Inc. Common Stock
FOCL,194380979.0,4.23,EDAP TMS S.A. American Depositary Shares
RDNW,193104886.0,4.95,RideNow Group Inc. Class B Common Stock
INTT,192899821.0,15.04,inTest Corporation Common Stock
NGEN,192606866.0,1.81,NervGen Pharma Corp. Common stock
GCTS,192216727.0,2.09,GCT Semiconductor Holding Inc. Common Stock
BZUN,191242400.0,3.29,Baozun Inc. American Depositary Shares
LARK,190702693.0,31.26,Landmark Bancorp Inc. Common Stock
DPRO,190458879.0,4.9,Draganfly Inc. Common Shares
ORMP,189267961.0,4.55,Oramed Pharmaceuticals Inc. Common Stock
TAYD,189173193.0,58.57,Taylor Devices Inc. Common Stock
YARW,188878528.0,20.3,Yarrow Bioscience Inc. Common Stock
DERM,188821203.0,6.69,Journey Medical Corporation Common Stock
CBFV,188069424.0,37.01,CB Financial Services Inc. Common Stock
OMSE,188047759.0,4.43,OMS Energy Technologies Inc. Ordinary Shares
ESP,188012746.0,61.91,Espey Mfg. & Electronics Corp. Common Stock
TOYO,187108992.0,4.38,TOYO Co. Ltd Ordinary Shares
AUC,186984794.0,8.45,ATIF Holdings Limited Ordinary Shares
ETX,186785845.0,17.16,Eaton Vance Municipal Income 2028 Term Trust Common Shares o
SRI,186254367.0,6.53,Stoneridge Inc. Common Stock
AREC,186130013.0,1.74,American Resources Corporation Class A Common Stock
CNTN,185657571.0,2.33,Canton Strategic Holdings Inc. Common Stock
ADAG,184944463.0,2.8,Adagene Inc. American Depositary Shares
NUCL,184873738.0,6.25,Eagle Nuclear Energy Corp. Common stock
HLP,184604713.0,2.47,Hongli Group Inc. Class A Ordinary Shares
AMPY,183652074.0,4.43,Amplify Energy Corp. Common Stock
STRW,183620648.0,12.97,Strawberry Fields REIT Inc. Common Stock
VTN,183557922.0,9.42,Invesco Trust for Investment Grade New York Municipals Commo
EPSN,183519701.0,6.06,Epsilon Energy Ltd. Common Share
ECBK,183054857.0,20.95,ECB Bancorp Inc. Common Stock
TORO,182127669.0,5.27,Toro Corp. Common Shares
BVFL,181863868.0,21.47,BV Financial Inc. Common Stock
RC,181710091.0,1.1,Ready Capital Corporation Common Stock
WHG,181606183.0,19.03,Westwood Holdings Group Inc Common Stock
FNWD,181552784.0,41.9,Finward Bancorp Common Stock
SBFG,181399298.0,29.01,SB Financial Group Inc. Common Stock
MINE,181273939.0,2.7,Mayfair Gold Corp. Common Shares
NKTX,181210721.0,2.53,Nkarta Inc. Common Stock
HNVR,181183288.0,25.68,Hanover Bancorp Inc. Common Stock
BSET,181159499.0,20.94,Bassett Furniture Industries Incorporated Common Stock
ATOM,180291074.0,4.62,Atomera Incorporated Common Stock
CIA,180289464.0,3.56,Citizens Inc. Class A Common Stock ($1.00 Par)
QTRX,180186578.0,3.81,Quanterix Corporation Common Stock
ANNA,180053536.0,2.69,AleAnna Inc. Class A Common Stock
NAKA,179844177.0,10.05,Nakamoto Inc. Common Stock
MITT,179053564.0,5.63,TPG Mortgage Investment Trust Inc. Common Stock
DFDV,178435721.0,5.47,DeFi Development Corp. Common Stock
GPJA,177820800.0,19.2,Georgia Power Company Series 2017A 5.00% Junior Subordinated
PAAC,177410563.0,10.01,Proem Acquisition Corp I Ordinary Shares
AMBR,177237472.0,1.88,Amber International Holding Limited American Depositary Shar
SIDU,177144321.0,1.75,Sidus Space Inc. Class A Common Stock
MNSB,177029949.0,24.86,MainStreet Bancshares Inc. Common Stock
CUE,176961125.0,24.36,Cue Biopharma Inc. Common Stock
MNSBP,176745106.0,24.82,MainStreet Bancshares Inc. Depositary Shares
FT,176677215.0,7.03,Franklin Universal Trust Common Stock
IPHA,176486548.0,1.58,Innate Pharma S.A. ADS
NEOV,174679211.0,2.96,NeoVolta Inc. Common Stock
MDWD,174417856.0,13.51,MediWound Ltd. Ordinary Shares
DTIL,174165806.0,6.31,Precision BioSciences Inc. Common Stock
HTLM,173993750.0,1.94,HomesToLife Ltd Ordinary Shares
RDCM,173747657.0,10.41,Radcom Ltd. Ordinary Shares
CURI,173267042.0,2.92,CuriosityStream Inc. Class A Common Stock
LODE,173264147.0,2.28,Comstock Inc. Common Stock
CHRS,173041082.0,1.12,Coherus Oncology Inc. Common Stock
MPV,172277625.0,16.25,Barings Participation Investors Common Stock
SJT,171986457.0,3.69,San Juan Basin Royalty Trust Common Stock
PED,171865728.0,12.93,Pedevco Corp. Common Stock
HSDT,171794356.0,2.65,Solana Company Class A Common Stock (DE)
MSLE,170792334.0,8.05,Satellos Bioscience Inc. Common Stock
SITC,170020098.0,3.24,SITE Centers Corp. Common Stock
UIS,169165016.0,2.32,Unisys Corporation New Common Stock
AOMR,168307858.0,7.25,Angel Oak Mortgage REIT Inc. Common Stock
STIM,167633888.0,2.2,Neuronetics Inc. Common Stock
EDRY,167609576.0,58.47,EuroDry Ltd. Common Shares 
ALXO,167315166.0,1.21,ALX Oncology Holdings Inc. Common Stock
OZ,167112381.0,41.23,Belpointe PREP LLC Class A Units
BNR,166895878.0,15.82,Burning Rock Biotech Limited American Depositary Shares
EBMT,166557162.0,20.91,Eagle Bancorp Montana Inc. Common Stock
CMTG,166479363.0,1.18,Claros Mortgage Trust Inc. Common Stock
ENGS,166321966.0,3.07,Energys Group Limited Ordinary Shares
ORGO,165990167.0,1.29,Organogenesis Holdings Inc. Class A Common Stock
DMRC,164995551.0,6.1,Digimarc Corporation Common Stock
PLG,164971794.0,1.29,Platinum Group Metals Ltd. Ordinary Shares (Canada)
MRT,164341607.0,1.91,Marti Technologies Inc. Class A Ordinary Shares
OPRX,164249493.0,8.72,OptimizeRx Corporation Common Stock
PEPG,163452460.0,2.36,PepGen Inc. Common Stock
FLWS,163030144.0,2.54,1-800-FLOWERS.COM Inc. Common Stock
GLND,162239020.0,3.71,Greenland Energy Company Common Stock
SANG,162212489.0,4.84,Sangoma Technologies Corporation Common Shares
ONEW,161156536.0,9.67,OneWater Marine Inc. Class A Common Stock
GRX,160503016.0,9.39,The Gabelli Healthcare & Wellness Trust Common Shares of Ben
VRXA,159790829.0,1.13,Veraxa Biotech AG Ordinary Shares
CRDL,159271787.0,1.32,Cardiol Therapeutics Inc. Class A Common Shares
MRLN,158676421.0,1.57,Merlin Inc. Common Stock
JRVR,158634200.0,3.43,James River Group Holdings Inc. Common Stock
NERV,158521896.0,3.32,Minerva Neurosciences Inc Common Stock
INGN,157637722.0,5.94,Inogen Inc Common Stock
LEE,157604751.0,7.07,Lee Enterprises Incorporated Common Stock
GNT,157595495.0,8.53,GAMCO Natural Resources Gold & Income Trust
ADCT,157031265.0,1.23,ADC Therapeutics SA Common Shares
NBP,156919101.0,1.36,NovaBridge Biosciences American Depositary Shares
EGAN,156243658.0,5.97,eGain Corporation Common Stock
MENS,155856717.0,2.05,Jyong Biotech Ltd. Ordinary Shares
DLTH,155820504.0,4.1,Duluth Holdings Inc. Class B Common Stock
SKYX,155745643.0,1.15,SKYX Platforms Corp. Common Stock
ELME,155501295.0,1.75,Elme Communities Common Stock
TARA,155421133.0,2.63,Protara Therapeutics Inc.  Common Stock
SEVN,154971185.0,6.84,Seven Hills Realty Trust Common Stock
ABOS,154035817.0,2.13,Acumen Pharmaceuticals Inc. Common Stock
FINW,152987134.0,11.02,FinWise Bancorp Common Stock
JELD,152703552.0,1.76,JELD-WEN Holding Inc. Common Stock
AVXL,152486305.0,1.65,Anavex Life Sciences Corp. Common Stock
WQEY,152262217.0,13.4,WISeQey Corp Ordinary Shares
CDXS,152213013.0,1.39,Codexis Inc. Common Stock
RRGB,152175204.0,8.05,Red Robin Gourmet Burgers Inc. Common Stock
NIU,152166011.0,1.94,Niu Technologies American Depositary Shares
WHF,151838650.0,7.07,WhiteHorse Finance Inc. Common Stock
VYGR,151580152.0,2.46,Voyager Therapeutics Inc. Common Stock
BIPI,151251324.0,15.96,BIP Bermuda Holdings I Limited 5.125% Perpetual Subordinated
AGPU,150568701.0,12.99,Axe Compute Inc. Common Stock
TRAK,150313557.0,8.08,ReposiTrak Inc. Common Stock
OCC,150225988.0,16.99,Optical Cable Corporation Common Stock
HUCK,150045354.0,3.19,Huckleberry.ai Inc. Class B Common Stock
COOK,149537091.0,53.44,Traeger Inc. Common Stock
PIM,149252580.0,2.97,Franklin Master Intermediate Income Trust Shares of Benefici
EML,149175263.0,24.79,Eastern Company (The) Common Stock
WW,148681561.0,14.87,WW International Inc.  Common Stock
SSTK,148160213.0,4.01,Shutterstock Inc. Common Stock
VNCE,148023205.0,11.44,Vince Holding Corp. Common Stock
OWLT,147861686.0,5.06,Owlet Inc. Class A Common Stock
SRBK,147206710.0,18.56,SR Bancorp Inc. Common stock
MOLN,147043759.0,3.92,Molecular Partners AG American Depositary Shares
KRRO,146814691.0,9.97,Korro Bio Inc. Common Stock
MRDN,146471706.0,11.55,Meridian Holdings Inc. Common Stock
NXG,145722001.0,56.01,NXG NextGen Infrastructure Income Fund Common Shares of Bene
KZIA,145382009.0,9.35,Kazia Therapeutics Limited American Depositary Shares
HURC,144875323.0,22.37,Hurco Companies Inc. Common Stock
KLXE,144777720.0,1.37,KLX Energy Services Holdings Inc. Common Stock
ASBH,144305168.0,17.91,American Savings Bank N.A. Common Stock
VRA,144017093.0,5.02,Vera Bradley Inc. Common Stock
FGBI,143890118.0,8.7,First Guaranty Bancshares Inc. Common Stock
SIF,143844944.0,23.0,SIFCO Industries Inc. Common Stock
BANX,143259966.0,20.17,ArrowMark Financial Corp. Common Stock
EPM,143013125.0,3.56,Evolution Petroleum Corporation Inc. Common Stock
BRLT,142551913.0,1.4,Brilliant Earth Group Inc. Class A Common Stock
LSBK,141917949.0,18.07,Lake Shore Bancorp Inc. Common Stock
CAAS,141802299.0,4.7,China Automotive Systems Inc. Ordinary Share
DOUG,141789138.0,1.56,Douglas Elliman Inc. Common Stock
NLOP,141770698.0,9.57,Net Lease Office Properties Common Shares of Beneficial Inte
CLLS,141743459.0,1.41,Cellectis S.A. American Depositary Shares
EGG,141453616.0,5.08,Enigmatig Limited Class A Ordinary Shares
NYXH,141102669.0,1.41,Nyxoah SA Ordinary Shares
TLYS,141007292.0,4.61,Tilly's Inc. Common Stock
ABLV,140813106.0,2.55,Able View Global Inc. Class B Ordinary Shares
GRO,139378984.0,2.25,Brazil Potash Corp. Common Shares
HOFT,139105483.0,13.01,Hooker Furnishings Corporation Common Stock
KRMD,138977425.0,3.01,KORU Medical Systems Inc. Common Stock (DE)
BYND,138583366.0,8.06,Beyond Meat Inc. Common Stock
TNXP,138408764.0,8.07,Tonix Pharmaceuticals Holding Corp. Common Stock
AIRS,137701849.0,1.91,AirSculpt Technologies Inc. Common Stock
EARN,137466654.0,3.66,Ellington Credit Company Common Shares of Beneficial Interes
DLNG,136796361.0,3.76,Dynagas LNG Partners LP Common Units
OXSQ,136788874.0,1.27,Oxford Square Capital Corp. Common Stock
TUSK,136682341.0,2.84,Mammoth Energy Services Inc. Common Stock
RNA,136331975.0,7.97,Atrium Therapeutics Inc. Common Stock
TLSA,136167270.0,1.07,Tiziana Life Sciences Ltd. Common Shares
ARMP,136086043.0,3.66,Armata Pharmaceuticals Inc. Common Stock
NEN,135966189.0,49.01,New England Realty Associates Limited Partnership Class A De
DIBS,135469631.0,4.03,1stdibs.com Inc. Common Stock
GGZ,135386216.0,15.26,Gabelli Global Small and Mid Cap Value Trust (The) Common Sh
CEPL,135338094.0,4.15,Capstone Energy Plus Inc. Common Stock
ONL,134625525.0,2.36,Orion Properties Inc. Common Stock
MX,134421230.0,3.54,Magnachip Semiconductor Corporation Common Stock
PMVP,134417469.0,1.78,PMV Pharmaceuticals Inc. Common Stock
HYNE,134247232.0,16.58,Hoyne Bancorp Inc. Common Stock
RTB,132982612.0,8.89,RTB Digital Inc. Common Stock
HCAT,132451231.0,1.76,Health Catalyst Inc Common Stock
AIIO,132129489.0,1.11,Robo.ai Inc. Class B Ordinary Shares
CLAR,132094135.0,3.45,Clarus Corporation Common Stock
DOYU,131881614.0,4.37,DouYu International Holdings Limited ADS
LFMD,131106277.0,2.72,LifeMD Inc. Common Stock
SPRB,130537670.0,45.42,Spruce Biosciences Inc. Common Stock
MED,130478804.0,11.67,MEDIFAST INC Common Stock
TISI,130071471.0,28.38,Team Inc. Common Stock
RGP,129782869.0,3.74,Resources Connection Inc. Common Stock
BEBE,129343500.0,10.05,TGE Value Creative Solutions Corp Class A Ordinary Shares
SUIG,129028825.0,1.68,Sui Group Holdings Limited Common Stock
SEER,129016795.0,2.33,Seer Inc. Class A Common Stock
SHIM,128554410.0,3.11,Shimmick Corporation Common Stock
CBUS,128400660.0,1.68,Cibus Inc. Class A Common Stock
CRBU,127576940.0,1.19,Caribou Biosciences Inc. Common Stock
AMTX,127018485.0,1.76,Aemetis Inc. (DE) Common Stock
CTW,126672000.0,2.03,CTW Class A Ordinary Shares
KVHI,126261096.0,6.96,KVH Industries Inc. Common Stock
ZJK,125692107.0,1.95,ZJK Industrial Co. Ltd. Class A Ordinary Shares
FLYX,125560550.0,1.23,flyExclusive Inc. Class A Common Stock
ENGN,125320511.0,1.87,enGene Therapeutics Inc. Common Stock
LGCY,125313468.0,9.78,Legacy Education Inc. Common Stock
BGM,124860947.0,9.35,BGM Group Ltd. Class A Ordinary Shares
SAMG,124638509.0,10.52,Silvercrest Asset Management Group Inc. Class A Common Stock
UP,124426135.0,3.43,Wheels Up Experience Inc. Class A Common Stock
NRXP,124258851.0,2.87,NRX Pharmaceuticals Inc. Common Stock
BOTJ,124214861.0,27.34,Bank of the James Financial Group Inc. Common Stock
GHI,123467552.0,5.24,Greystone Housing Impact Investors LP Beneficial Unit Certif
PLBY,123401919.0,1.03,Playboy Inc. Common Stock
ACNT,123249317.0,13.68,Ascent Industries Co. Common Stock
AIB,123086735.0,1.62,AIB Data Centers Inc. Common Stock
OESX,122883044.0,30.05,Orion Energy Systems Inc. Common Stock
CODA,122760139.0,10.88,Coda Octopus Group Inc. Common stock
CVGI,121898046.0,3.0,Commercial Vehicle Group Inc. Common Stock
MGYR,121038431.0,18.75,Magyar Bancorp Inc. Common Stock
RVSB,120762072.0,5.99,Riverview Bancorp Inc Common Stock
USDEW,120710853.0,4.44,StablecoinX Inc. Warrants
IMDX,120098122.0,3.67,Insight Molecular Diagnostics Inc. Common Stock
WSBK,120096258.0,12.92,Winchester Bancorp Inc. Common Stock
JHS,119959826.0,10.3,John Hancock Income Securities Trust Common Stock
BOOM,119959142.0,5.84,DMC Global Inc. Common Stock
VTVT,119922636.0,30.33,vTv Therapeutics Inc. Class A Common Stock
IMSRW,119706837.0,1.13,Terrestrial Energy Inc. Warrant
UFI,119340334.0,6.42,Unifi Inc. New Common Stock
HURA,119168774.0,1.87,TuHURA Biosciences Inc. Common Stock
INO,118907146.0,1.15,Inovio Pharmaceuticals Inc. Common Stock
FHTX,118770630.0,2.0,Foghorn Therapeutics Inc. Common Stock
BEEP,118531000.0,2.87,Mobile Infrastructure Corporation Common Stock
STXS,118238570.0,1.18,Stereotaxis Inc. Common Stock
KULR,118014821.0,2.55,KULR Technology Group Inc. Common Stock
WSHP,117937438.0,4.87,WeShop Holdings Limited Class A Ordinary Shares
WYHG,117778843.0,3.31,Wing Yip Food Holdings Group Limited American Depositary Sha
GNLX,117637871.0,2.6,Genelux Corporation Common Stock
AKA,117604331.0,10.7,a.k.a. Brands Holding Corp. Common Stock
LAKE,116891942.0,11.77,Lakeland Industries Inc. Common Stock
UNCY,116713527.0,4.19,Unicycive Therapeutics Inc. Common Stock
SMID,116436102.0,21.95,Smith-Midland Corporation Common Stock
CBAT,116126045.0,1.31,CBAK Energy Technology Limited Ordinary Shares
BSBK,115872722.0,9.08,Bogota Financial Corp. Common Stock
FGCPP,115336568.0,24.5,FG Communities Holdings Inc. 8.00% Cumulative Preferred Stoc
WTF,114322809.0,2.37,Waton Financial Limited Ordinary Shares
AARD,114238896.0,5.22,Aardvark Therapeutics Inc. Common Stock
BMHL,114075057.0,4.47,Bluemount Holdings Limited Class B Ordinary Shares
SWVL,113999134.0,3.8,Swvl Holdings Corp Class A Common Shares
COYA,113770568.0,4.85,Coya Therapeutics Inc. Common Stock
TP,113721819.0,8.9,Ticketplus Ltd. Ordinary Shares
PROV,113645054.0,18.23,Provident Financial Holdings Inc. Common Stock
QUCY,113492059.0,1.35,Quantum Cyber N.V. Ordinary Shares
UNB,113408753.0,22.93,Union Bankshares Inc. Common Stock
CRBP,113146564.0,5.85,Corbus Pharmaceuticals Holdings Inc. Common Stock
LENZ,112799031.0,3.59,LENZ Therapeutics Inc. Common Stock
AXR,112780302.0,21.18,AMREP Corporation Common Stock
BXBL,112440744.0,3.25,BOXABL Inc. Common stock
HUHU,112172496.0,4.4,HUHUTECH International Group Inc. Ordinary Shares
CANG,111579750.0,2.72,Cango Inc. Class A Ordinary Shares
EP,111494274.0,2.68,Empire Petroleum Corporation Common Stock
MXCT,111462702.0,1.08,MaxCyte Inc. Common Stock
BDTX,111460269.0,1.94,Black Diamond Therapeutics Inc. Common Stock
FLX,111157463.0,1.52,BingEx Limited American Depositary Shares
SFBC,110554251.0,43.05,Sound Financial Bancorp Inc. Common Stock
NINE,110483921.0,7.92,Nine Energy Service Inc. Common Stock
SSTI,110161060.0,8.32,SoundThinking Inc. Common Stock
IMUX,110110849.0,8.07,Immunic Inc. Common Stock
VANI,110048094.0,1.22,Vivani Medical Inc. Common Stock (DE)
GGT,109867646.0,3.99,Gabelli Multi-Media Trust Inc. (The) Common Stock
APYX,109522460.0,2.6,Apyx Medical Corporation Common Stock
HOVR,109412024.0,1.63,New Horizon Aircraft Ltd. Class A Ordinary Share
OPHC,108553242.0,8.6,OptimumBank Holdings Inc. Common Stock
BYFC,107723907.0,11.61,Broadway Financial Corporation Class A Common Stock
VIVO,107498345.0,3.36,VivoPower PLC Class A Ordinary Shares
ULBI,107144820.0,6.43,Ultralife Corporation Common Stock
NICM,107036570.0,5.4,Nicola Mining Inc. American Depositary Shares
VIRC,107036304.0,6.79,Virco Manufacturing Corporation Common Stock
SOTK,107030884.0,6.81,Sono-Tek Corporation Common Stock
HOVNP,106972874.0,17.95,Hovnanian Enterprises Inc Dep Shr Srs A Pfd
OKUR,106505293.0,2.63,OnKure Therapeutics Inc. Class A Common Stock
BHR,106452943.0,1.55,Braemar Hotels & Resorts Inc. Common Stock
CPIX,106230229.0,7.09,Cumberland Pharmaceuticals Inc. Common Stock
GSIW,106052750.0,9.9,Garden Stage Limited Class A Ordinary Shares
STHO,105953290.0,8.77,Star Holdings Shares of Beneficial Interest
PYPD,105621183.0,5.2,PolyPid Ltd. Ordinary Shares
GLU,105410968.0,17.66,Gabelli Global Utility Common Shares of Beneficial Ownership
ZSTK,105174940.0,4.82,ZeroStack Corp. Common Stock
JHI,105022009.0,12.01,John Hancock Investors Trust Common Stock
INSE,104906321.0,3.98,Inspired Entertainment Inc. Common Stock
DAVA,103765722.0,1.91,Endava plc American Depositary Shares (each representing one
BZFD,103628290.0,1.16,BuzzFeed Inc. Class A Common Stock
PLYX,103181206.0,2.07,Polaryx Therapeutics Inc. Common Stock
TCX,102651788.0,9.18,Tucows Inc. Class A Common Stock
ANIX,102553216.0,2.95,Anixa Biosciences Inc. Common Stock
ILLU,102442145.0,9.98,Illumination Acquisition Corp I Class A Ordinary Shares
VIOT,101655812.0,1.51,Viomi Technology Co. Ltd American Depositary Shares
JYNT,101618561.0,7.18,The Joint Corp. Common Stock
VATE,101495483.0,7.44,INNOVATE Corp. Common Stock
HMR,101466235.0,1.72,Heidmar Maritime Holdings Corp. Common Stock
ZKIN,101442785.0,1.77,ZK International Group Co. Ltd Ordinary Share
UPXI,101405226.0,1.15,Upexi Inc. Common Stock
RDZN,101346425.0,1.19,Roadzen Inc. Ordinary Shares
GHG,100897325.0,1.0,GreenTree Hospitality Group Ltd. American depositary shares 
PAL,100709994.0,3.59,Proficient Auto Logistics Inc. Common Stock
CSTE,100619288.0,2.91,Caesarstone Ltd. Ordinary Shares
PARK,100288897.0,21.09,Park Dental Partners Inc. Common Stock
